12,0,15,0,8933,171,73,40,4,1,1,45,410.1,0
8,0,25,0,1035,31,10,10,2,1,1,25,92.97,0
11,0,28,0,2359,14,53,0,3,1,2,30,0.0,1
4,0,13,2,1568,21,10,11,3,1,1,30,103.56,1
5,0,45,0,3425,66,2,1,2,1,2,25,127.199,1
17,0,19,0,6098,137,71,29,2,2,1,25,600.075,0
29,0,38,1,3063,35,32,0,3,1,1,25,120.169,1
16,0,22,0,4027,30,0,20,3,1,2,25,184.504,1
21,0,35,7,10320,87,0,38,4,2,1,45,260.175,0
0,0,36,0,2190,11,455,5,3,1,1,30,1908.04,0
11,0,20,3,2600,42,56,31,3,1,1,30,329.68,0
3,0,14,2,2547,39,24,17,3,1,1,30,199.44,0
10,1,37,0,3484,31,36,12,3,1,2,30,233.018,1
17,0,25,0,2117,18,44,7,5,1,2,45,132.263,1
0,0,40,1,293,8,12,6,5,1,1,55,22.515,0
14,1,20,0,1380,11,57,32,3,1,2,45,372.713,1
0,0,22,0,0,0,11,0,4,1,2,45,27.5,0
0,0,33,0,510,5,0,7,2,1,2,25,23.175,0
34,0,39,0,2170,0,32,14,2,1,2,25,257.332,1
2,0,13,0,1276,49,35,0,2,1,2,25,136.148,1
5,0,40,2,1417,54,11,0,3,1,2,25,115.363,1
6,1,37,0,6123,57,58,17,3,1,1,30,73.529,1
0,0,38,0,1388,44,0,0,3,1,1,45,213.112,1
0,0,32,0,1886,19,64,2,2,1,1,30,569.834,1
9,0,33,4,7090,114,267,30,3,2,1,30,1356.16,0
5,1,45,0,1568,20,45,0,2,1,2,25,302.199,1
8,0,43,0,0,0,76,0,2,1,2,25,36.983,1
20,0,35,1,14720,213,15,26,2,1,1,25,739.485,0
10,0,10,0,8932,165,65,39,4,1,1,45,389.925,0
20,0,37,3,14950,225,79,34,3,1,1,30,923.0,0
13,1,43,3,5759,3,15,9,3,1,2,25,39.253,1
0,0,32,0,0,0,0,0,4,1,2,45,0.0,1
0,1,27,0,2425,25,0,8,2,1,2,25,110.25,1
16,1,33,0,2433,40,62,0,3,1,1,45,129.731,1
4,0,8,1,1892,24,1,5,3,1,1,30,80.64,1
25,0,36,10,11035,103,22,57,5,2,1,55,200.07,0
0,1,36,0,123,22,23,7,3,1,1,25,372.551,1
8,1,30,0,5558,88,11,18,2,1,1,25,303.57,1
0,0,34,0,7088,115,345,37,2,1,1,25,1876.635,0
1,0,36,0,3293,50,0,18,1,1,1,15,183.865,0
7,0,38,1,4515,83,2,25,3,1,1,30,191.92,0
2,0,36,0,3718,82,2,28,2,1,1,25,180.0,0
10,1,20,0,2515,9,33,0,3,1,2,45,308.047,1
0,0,36,0,0,26,10,6,4,1,2,30,58.615,1
6,0,37,0,1780,49,36,19,3,1,2,30,217.16,0
0,0,35,0,0,0,25,0,3,1,2,30,100.0,1
9,0,40,0,6123,0,49,10,3,2,2,30,137.964,1
0,0,35,0,0,0,0,0,2,1,2,25,0.0,1
29,1,9,0,3253,14,40,0,2,1,2,25,353.496,1
0,1,44,0,2098,58,7,6,5,1,2,30,334.866,1
2,0,36,0,2870,66,4,11,2,1,1,25,150.12,0
11,0,34,0,1864,20,3,34,3,1,2,25,153.242,1
9,0,12,0,5908,127,67,35,1,2,1,15,700.425,0
10,0,37,0,5693,100,30,27,2,1,1,25,395.685,1
9,1,36,0,2840,13,32,7,2,1,1,45,0.0,1
5,0,40,0,1295,26,39,17,3,1,2,30,208.84,0
18,0,30,0,535,35,0,11,2,1,2,25,25.65,1
0,0,38,1,1901,10,39,9,3,1,1,25,349.236,1
10,0,37,0,2160,51,54,25,3,1,2,30,304.44,0
2,0,37,0,595,8,0,4,2,1,2,25,27.135,0
11,0,35,0,4675,71,4,18,2,1,1,25,231.57,0
5,0,36,0,305,6,7,2,2,1,2,25,45.495,1
0,0,35,3,3931,21,9,0,2,2,1,30,119.732,1
0,0,33,0,13288,155,0,37,3,1,1,30,537.72,0
7,0,17,3,2447,40,13,21,3,1,1,30,151.48,0
6,1,37,0,2143,46,38,34,3,1,2,30,239.56,1
12,0,14,3,3078,49,28,17,3,1,1,30,237.08,0
7,0,28,0,4583,29,10,11,2,1,2,30,81.082,1
0,0,12,1,1877,26,37,13,3,1,1,25,238.729,1
6,0,37,1,1725,47,43,22,3,1,1,30,242.88,0
0,0,31,0,2420,10,0,8,3,1,1,30,97.2,0
10,1,34,0,1296,25,33,6,3,1,2,30,267.747,1
27,0,38,3,15330,226,63,35,3,1,1,30,874.24,0
19,0,31,0,280,41,23,25,3,1,1,25,295.523,1
1,0,37,0,7263,124,382,43,2,1,1,25,2051.415,0
0,0,7,0,3895,33,199,5,3,1,1,30,953.12,0
3,0,42,0,29,24,29,27,2,1,2,30,86.618,1
11,0,40,0,2990,47,17,17,3,1,2,30,189.48,1
4,0,31,3,6785,108,260,28,2,2,1,25,1480.185,0
3,1,9,0,1908,0,204,35,2,1,1,25,0.0,1
0,0,41,0,0,18,12,0,3,1,1,30,103.116,1
0,0,36,0,6798,116,359,43,2,1,1,25,1926.63,0
5,0,38,0,1845,52,49,25,3,1,2,30,271.88,0
0,0,37,0,5208,84,0,12,2,1,1,25,238.14,0
2,0,32,0,4255,73,0,19,3,1,1,30,173.12,0
1,0,37,1,6255,83,184,26,3,1,1,30,989.52,0
10,0,31,0,1665,35,1,16,2,1,2,45,10.935,1
34,0,33,6,16980,254,28,97,2,2,1,25,901.53,0
8,0,43,1,1429,19,27,0,3,1,1,25,0.0,1
0,0,36,0,2790,21,476,6,3,1,1,30,2016.44,0
0,0,32,0,6015,72,168,19,3,1,1,30,915.48,0
18,1,43,1,3444,7,63,0,3,1,1,30,402.445,1
28,0,34,0,3793,47,31,11,3,1,1,30,153.706,1
4,0,35,0,2683,52,32,10,3,1,1,30,246.554,1
1,0,32,0,13388,161,0,38,3,1,1,30,541.96,0
7,0,14,4,3148,49,45,32,3,1,1,30,307.88,0
16,0,17,1,6392,141,85,42,2,2,1,25,676.485,0
0,0,29,0,2355,8,0,7,3,1,1,30,94.52,0
5,0,28,0,1130,16,28,5,4,1,2,45,98.65,0
8,0,43,1,7768,137,399,49,3,1,1,30,1912.2,0
20,0,29,2,15770,232,0,78,2,1,1,25,720.09,0
0,0,23,0,2320,45,0,6,3,1,1,30,94.6,0
15,0,27,1,1530,38,26,15,2,1,1,25,187.56,0
2,1,42,0,1918,19,32,2,3,1,1,45,156.61,1
0,0,3,0,4085,28,200,7,2,1,1,25,1085.085,0
13,0,18,0,6268,143,89,45,1,2,1,15,842.105,0
10,1,45,0,1846,21,19,0,3,1,2,25,414.672,1
8,0,34,0,8695,109,105,37,3,1,1,30,772.16,0
9,0,38,0,13963,170,9,47,3,1,1,30,601.32,0
2,0,36,2,3723,55,61,0,3,1,2,25,205.385,1
7,0,35,0,3185,58,176,21,2,1,1,25,937.935,0
2,1,42,0,3391,66,8,0,3,1,1,30,158.072,1
16,1,39,0,1827,7,11,0,3,1,2,45,76.624,1
1,0,45,0,712,27,70,3,3,2,2,30,0.0,1
1,0,34,1,4013,86,16,41,2,1,1,25,256.455,0
1,0,38,0,2148,55,0,33,1,1,1,15,121.165,0
18,0,38,2,6123,104,33,26,2,1,1,25,428.715,0
8,0,19,1,2405,37,36,14,2,1,1,25,271.89,0
9,0,11,2,4885,47,231,15,3,1,1,30,1121.28,0
8,0,25,0,738,59,22,22,2,1,2,25,156.292,1
16,0,45,0,2632,11,76,2,2,1,1,30,0.0,1
3,0,22,1,1775,28,38,18,2,1,1,25,252.135,0
11,1,25,0,1486,41,2,8,2,1,1,25,210.509,1
5,0,36,0,3893,60,0,33,1,1,1,15,217.415,0
6,1,37,0,1338,18,17,4,4,1,2,45,76.4,1
4,0,38,0,11340,156,15,50,3,1,1,30,519.84,0
2,0,38,0,710,14,13,8,3,1,2,30,80.96,0
2,0,36,1,1681,44,8,15,3,1,1,45,248.683,1
3,0,41,0,433,10,5,3,3,1,2,30,37.72,0
5,0,32,1,699,23,4,6,4,1,1,30,154.223,1
31,1,37,2,1320,56,28,21,3,1,1,30,167.04,1
23,0,22,2,6878,155,103,49,2,2,1,25,779.985,0
2,0,40,0,180,8,11,5,2,1,2,25,57.96,1
6,0,34,1,6538,67,97,32,2,1,1,25,733.725,0
9,1,39,0,2945,45,17,20,3,1,2,30,187.6,1
9,0,35,1,2905,51,171,20,2,1,1,25,902.52,0
7,0,11,2,4695,46,222,12,3,1,1,30,1077.64,0
0,0,36,0,1478,24,0,3,3,1,1,30,60.08,0
23,0,42,0,1778,17,6,25,3,1,2,25,169.671,1
0,0,38,0,2495,17,462,7,3,1,1,30,1948.48,0
18,0,39,3,16390,198,178,47,2,1,1,25,1547.46,0
0,0,30,0,0,0,0,0,2,1,2,25,0.0,0
1,1,39,0,3345,18,35,0,3,1,1,30,218.039,1
0,0,13,0,1695,20,20,13,2,1,1,25,167.175,0
34,0,29,0,1433,0,0,3,2,1,2,25,157.61,1
6,0,19,0,2487,18,9,0,2,1,2,45,73.699,1
0,0,37,0,2170,39,310,20,3,1,1,30,1328.36,0
3,0,9,1,1487,19,0,7,3,1,1,30,60.24,1
8,0,16,3,2852,45,31,19,3,1,1,30,239.88,0
9,0,33,0,3775,76,24,27,2,1,1,25,281.295,0
0,0,38,0,3493,78,5,30,2,1,1,25,183.195,0
3,1,38,0,2611,0,10,1,3,1,1,30,70.894,1
26,0,38,9,10740,99,8,44,5,1,1,55,174.585,0
17,0,36,6,9835,83,0,27,4,1,1,45,247.95,0
8,1,3,0,1331,10,14,1,3,1,2,30,265.925,1
12,0,45,0,2870,17,43,17,3,1,1,30,58.804,1
7,1,31,3,406,16,43,2,2,1,1,45,263.618,1
5,0,34,0,5838,93,0,8,2,1,1,25,266.895,0
28,0,34,0,2037,34,7,34,3,1,2,25,146.241,1
1,0,34,3,201,20,22,9,2,2,2,30,86.489,1
21,1,36,8,10435,93,1,42,5,1,1,55,159.42,0
4,1,41,0,2648,54,70,9,2,1,2,45,263.363,1
17,0,44,3,4160,90,49,34,3,1,1,30,366.0,0
13,0,43,1,6403,109,25,19,3,1,1,30,360.48,0
19,1,16,0,2369,18,25,48,4,1,2,30,50.252,1
4,0,42,0,2701,0,19,0,2,1,1,55,199.079,1
8,0,33,0,3090,29,52,2,2,1,2,45,66.027,1
6,0,31,0,1034,28,40,0,4,1,2,25,307.463,1
0,0,36,0,438,6,0,1,4,1,2,45,11.1,1
2,0,12,0,0,39,19,4,4,1,2,30,191.715,1
4,1,40,0,496,26,43,21,3,1,1,25,107.165,1
17,0,44,1,3858,0,7,31,4,1,2,45,29.731,1
0,0,36,0,0,0,0,0,3,1,2,30,0.0,1
6,0,34,0,7813,127,383,44,2,1,1,25,2080.8,0
4,0,27,1,1315,36,193,11,2,2,1,25,929.295,0
8,0,35,1,2714,64,0,0,3,1,2,25,84.976,1
33,0,40,0,2203,53,80,26,3,1,2,30,289.277,1
0,1,33,0,5709,73,26,9,3,1,2,25,133.225,1
30,0,35,3,169,24,23,43,3,1,2,30,116.323,1
1,0,30,0,2520,43,160,17,2,1,1,25,835.335,0
1,1,37,1,3291,58,62,0,2,1,2,30,41.276,1
0,0,35,0,3183,49,0,33,1,1,1,15,177.76,0
13,1,32,0,0,22,0,5,2,1,1,30,99.017,1
0,0,31,0,0,0,0,0,3,1,1,30,0.0,0
0,0,32,0,2100,29,270,12,3,1,1,30,1165.16,0
2,0,37,3,1770,15,51,0,3,1,2,25,135.462,1
27,0,33,0,4407,36,7,5,4,1,2,25,177.014,1
23,0,26,2,16075,232,0,79,2,1,1,25,733.815,0
14,0,44,3,11770,166,26,50,4,1,1,45,363.4,0
31,1,33,0,1863,87,8,10,2,1,1,25,72.16,1
16,1,38,1,2577,15,14,4,2,2,2,30,82.434,1
2,0,34,1,971,4,32,0,3,1,2,25,187.813,1
0,0,38,0,0,0,4,0,2,1,2,25,18.0,1
2,0,10,1,2468,37,14,13,3,1,1,30,156.2,0
1,0,35,1,743,9,5,1,5,1,1,55,18.78,0
20,0,38,0,2496,16,14,0,2,1,2,30,247.736,1
2,1,45,0,2120,0,40,3,3,1,1,30,215.7,1
25,0,13,0,2587,50,16,0,3,1,2,45,248.771,1
20,0,28,1,15655,226,0,74,2,1,1,25,714.645,0
11,0,40,2,3590,34,499,13,3,1,1,30,2140.96,0
13,0,32,0,3280,37,14,2,2,1,2,25,382.282,1
31,0,35,2,2471,1,24,0,3,1,1,30,225.469,1
12,0,40,3,3298,74,30,50,2,1,1,25,286.74,0
0,0,4,0,4390,34,207,9,3,1,1,30,1004.96,0
14,1,12,3,2502,36,15,9,3,1,1,30,161.52,1
0,0,36,0,0,100,10,0,3,1,2,25,127.025,1
13,0,18,4,3158,51,38,21,3,2,1,30,280.36,0
12,0,30,0,3177,39,8,0,3,1,2,45,316.923,1
3,0,32,2,6905,113,266,31,2,2,1,25,1512.81,0
12,0,37,0,2643,61,368,27,3,1,1,30,1580.16,0
14,0,29,1,760,28,15,9,3,1,1,30,91.52,0
7,0,35,2,7013,79,122,50,2,1,1,25,868.14,0
9,1,35,0,1183,11,28,10,3,1,1,30,34.162,1
14,0,18,0,9113,179,84,45,4,1,1,45,442.3,0
15,1,45,2,5217,17,44,1,3,1,2,30,303.866,1
9,0,36,0,15370,176,118,26,2,1,1,25,1230.57,0
0,0,31,0,5880,81,0,5,4,1,1,45,149.025,0
0,0,30,0,1795,23,263,10,3,1,1,30,1124.72,0
0,0,36,0,133,2,0,2,3,1,2,30,5.4,1
0,0,31,0,2416,31,35,0,3,1,2,25,195.967,1
0,0,19,0,520,4,6,2,4,1,2,45,28.1,0
4,0,36,0,7913,132,385,41,2,1,1,25,2094.525,0
9,0,37,0,15485,182,150,30,2,1,1,25,1380.015,0
2,0,38,0,7103,122,366,45,3,1,1,30,1753.0,0
6,0,9,3,4990,50,236,25,3,1,1,30,1145.6,0
13,1,36,0,2868,54,55,46,3,1,2,30,336.88,1
7,0,38,2,11580,160,43,51,4,1,1,45,401.0,0
11,0,42,0,1333,22,22,6,3,1,2,30,142.2,0
5,0,38,0,438,8,7,4,3,1,2,30,45.84,1
6,0,34,1,6805,86,185,27,3,1,1,30,1015.64,0
16,0,16,0,6278,135,53,38,1,2,1,15,644.215,0
29,0,35,1,918,41,65,1,4,1,2,45,404.42,1
21,0,19,2,6698,147,92,44,2,2,1,25,722.025,0
25,1,39,0,1086,0,30,0,3,1,2,30,402.715,1
17,0,39,2,4485,93,40,28,3,1,1,30,343.12,0
21,0,41,2,5213,83,16,37,1,1,1,15,379.28,0
2,0,37,0,1065,15,9,14,2,1,2,25,89.1,0
11,1,43,0,5281,6,36,16,2,2,2,25,230.414,1
16,1,33,0,2802,12,0,8,3,1,2,45,107.493,1
0,0,26,0,0,0,0,0,2,1,2,25,0.0,0
4,0,26,0,998,1,19,0,2,1,2,25,341.575,1
10,0,22,2,2060,35,40,18,3,1,1,30,243.8,0
1,0,32,0,6500,80,178,25,3,1,1,30,975.2,0
5,0,5,0,513,31,6,2,3,1,1,30,0.0,1
2,1,32,0,513,23,14,0,3,1,1,25,229.112,1
0,0,35,0,6005,79,170,21,3,1,1,30,923.36,0
7,1,17,0,525,61,17,0,2,1,2,45,255.334,1
3,0,22,0,1488,37,20,64,4,1,1,45,88.125,0
0,0,34,0,0,0,0,0,3,1,2,30,0.0,1
26,1,35,0,1070,52,14,16,3,1,2,30,100.88,1
6,0,36,0,3470,76,25,26,2,1,1,25,272.07,0
7,0,35,0,2393,57,354,22,2,1,1,25,1703.25,0
6,0,33,0,2930,38,4,14,2,1,2,25,151.56,1
12,0,39,1,15600,187,148,29,2,1,1,25,1376.415,0
1,0,31,0,4065,59,0,14,2,1,1,25,185.58,0
9,0,37,1,245,0,68,23,3,1,2,30,28.981,1
13,0,38,2,12175,165,19,47,4,1,1,45,356.0,0
9,0,29,2,1620,42,200,13,3,2,1,30,866.48,0
11,0,37,1,4495,69,7,14,3,1,1,30,210.56,0
0,0,31,0,4210,71,0,22,3,1,1,30,171.24,0
5,0,39,1,2567,75,10,0,3,1,2,45,169.375,1
14,1,37,0,3295,47,16,18,3,1,2,30,197.68,1
0,1,11,0,0,87,42,0,2,1,1,25,2.992,1
28,1,30,0,1048,45,2,15,3,2,2,30,106.81,1
1,1,30,0,1914,3,56,21,2,1,1,25,519.626,1
8,0,41,2,1240,23,12,15,2,1,1,25,110.835,0
7,0,37,1,11465,154,11,47,4,1,1,45,317.975,0
2,0,38,1,2905,26,474,5,3,1,1,30,2013.24,0
13,0,18,4,3157,51,38,21,3,1,1,30,280.32,0
18,0,40,0,2633,14,0,3,2,1,2,25,306.036,1
3,0,41,0,5613,95,8,11,3,1,1,30,260.32,0
9,0,40,1,2665,45,292,20,3,1,1,30,1276.4,0
3,0,41,0,7463,131,392,47,2,1,1,25,2105.73,0
1,0,36,0,1668,25,0,6,3,1,1,30,67.72,0
30,0,40,3,547,24,52,1,2,1,2,30,152.709,1
12,1,16,2,606,13,36,4,3,1,2,30,33.797,1
1,1,9,1,5714,27,0,0,2,2,1,25,548.798,1
16,0,39,3,9175,124,149,45,3,1,1,30,967.96,0
6,0,34,1,3756,0,25,7,3,1,1,30,129.82,1
10,0,36,3,3745,38,28,31,3,1,1,30,263.32,0
10,0,38,1,2568,66,391,28,3,1,1,30,1669.36,0
1,0,34,0,2997,42,26,21,3,1,1,25,295.38,1
23,0,40,0,3805,19,39,10,2,1,1,30,274.383,1
7,0,38,1,6313,70,90,39,2,1,1,25,692.235,0
0,0,39,0,1060,12,60,0,3,1,2,45,98.181,1
6,0,38,0,1310,24,34,23,3,1,2,30,189.36,0
0,0,22,0,1203,30,18,64,4,1,1,45,75.825,0
8,0,30,0,2109,8,28,23,3,2,2,25,305.361,1
24,1,38,0,1067,3,44,15,2,1,1,30,198.936,1
16,0,34,7,10130,87,0,40,4,1,1,45,255.425,0
4,0,12,1,4570,48,226,15,3,1,1,30,1088.72,0
20,0,40,4,4680,98,60,45,3,1,1,30,431.12,0
0,0,37,0,0,0,0,0,2,1,2,25,0.0,1
8,0,25,0,640,22,5,5,2,1,2,25,52.29,0
7,1,36,0,2618,54,38,5,2,1,2,30,80.672,1
20,0,43,3,6123,110,41,27,3,1,1,30,413.32,0
29,0,34,0,802,73,34,0,2,1,2,30,145.383,1
8,1,35,1,1000,3,68,0,3,1,2,25,541.825,1
16,0,42,2,4735,80,17,21,3,1,1,30,260.6,0
2,0,21,0,860,23,7,9,2,1,1,25,71.235,0
0,0,6,0,472,2,0,5,2,1,1,25,21.33,1
7,0,40,2,2908,40,37,0,3,1,2,25,206.657,1
3,0,38,0,4016,46,7,22,2,1,2,30,323.33,1
0,0,36,0,2790,21,476,6,3,1,1,30,2016.44,0
7,1,28,0,0,0,19,3,2,1,2,30,396.688,1
1,0,33,0,2380,35,10,0,2,1,2,25,377.252,1
8,0,37,0,14178,174,1,42,3,1,1,30,578.08,0
18,0,22,2,6392,147,93,43,2,2,1,25,712.755,0
0,0,38,0,990,20,32,15,2,1,2,25,189.45,0
13,0,39,2,7023,81,115,39,2,1,1,25,837.18,0
19,1,29,0,3403,20,28,0,4,1,2,25,90.195,1
11,0,16,1,6203,141,110,44,2,2,1,25,780.48,0
8,0,40,0,3068,16,31,3,2,1,2,25,114.774,1
5,0,27,0,2930,57,7,10,3,1,1,30,147.48,0
2,0,29,0,1005,18,32,8,4,1,2,45,105.575,0
0,0,34,0,0,0,0,0,5,1,1,55,0.0,0
22,0,44,0,2835,16,0,19,3,1,2,25,414.276,1
0,0,31,0,6480,91,7,20,4,1,1,45,181.775,0
12,0,35,0,2002,2,40,0,2,1,1,25,87.594,1
0,1,43,0,609,55,8,33,2,1,2,30,38.828,1
7,1,38,4,7045,118,281,37,2,2,1,25,1586.835,0
6,0,29,1,3239,17,67,45,2,1,1,25,261.132,1
0,0,44,1,2243,35,13,0,3,1,1,45,81.872,1
2,0,36,0,4210,77,0,23,3,1,1,30,171.48,0
16,1,31,0,460,40,0,12,2,1,2,25,22.5,1
9,0,39,3,7170,105,31,28,5,1,1,55,155.625,0
9,0,28,1,1873,45,37,70,5,1,1,55,84.27,0
10,0,25,0,1225,32,19,13,2,1,1,25,142.065,0
3,1,40,0,2436,41,3,2,3,1,2,30,53.432,1
8,0,39,1,7813,133,391,45,3,1,1,30,1881.84,0
2,0,36,0,0,0,33,11,3,1,2,25,0.0,1
0,0,33,0,760,28,10,3,3,1,2,30,71.52,0
7,1,44,0,124,11,18,0,4,1,1,30,190.175,1
0,0,36,2,771,46,31,11,4,1,2,25,0.0,1
0,0,33,0,5433,81,0,5,2,1,1,25,248.13,0
4,0,45,0,1685,37,79,0,3,1,1,30,157.636,1
26,1,35,1,1015,50,21,19,3,1,1,30,126.6,1
0,0,30,0,3950,67,0,17,3,1,1,30,160.68,0
0,0,40,0,2201,43,188,0,3,1,2,45,32.389,1
30,0,40,4,15445,231,61,34,3,2,1,30,871.04,0
20,1,34,0,2165,68,0,6,4,1,2,55,232.55,1
4,0,30,2,1359,39,51,0,2,1,1,30,389.555,1
4,0,33,0,985,23,68,3,3,1,1,25,67.454,1
13,1,40,0,2344,48,39,0,3,1,1,30,224.486,1
17,1,34,1,2250,91,36,1,2,2,2,25,336.824,1
15,0,39,1,2758,66,366,26,3,1,1,30,1576.96,0
8,1,43,0,0,53,28,6,3,1,1,25,37.709,1
19,1,42,0,6053,0,41,13,4,1,2,30,80.99,1
4,1,37,0,638,66,0,13,3,1,2,25,345.266,1
11,0,40,0,3903,62,7,22,1,1,1,15,256.575,0
5,1,45,2,1859,79,16,2,3,1,1,45,297.022,1
0,0,20,0,0,0,6,0,4,1,2,45,15.0,0
0,0,32,0,954,2,46,0,2,1,1,25,529.713,1
31,1,40,0,6123,38,6,14,4,1,2,30,258.647,1
5,0,14,0,5377,124,53,40,1,2,1,15,594.055,0
0,0,31,0,1668,19,0,5,3,1,1,30,67.48,0
6,0,35,2,6845,100,19,24,5,1,1,55,132.675,0
16,0,30,7,10175,83,0,36,4,1,1,45,256.45,0
0,0,30,0,6365,85,0,16,4,1,1,45,161.25,0
25,0,35,1,3607,16,34,0,4,1,2,25,241.077,1
21,0,41,4,9480,130,156,47,3,1,1,30,1008.4,0
0,0,31,0,405,2,0,5,2,1,2,25,18.315,0
32,0,37,0,5686,35,14,18,2,1,1,30,5.105,1
3,0,37,0,4180,71,30,19,3,1,1,30,290.04,0
4,0,35,0,1674,4,5,32,3,1,2,30,229.709,1
7,0,38,2,833,11,20,7,5,1,1,55,42.66,0
19,0,37,2,6528,109,34,24,2,1,1,25,451.665,0
11,0,39,0,2158,56,345,11,3,1,1,30,1468.56,0
3,0,28,1,885,13,26,5,4,1,1,45,87.45,0
27,1,33,0,1498,0,7,30,3,1,1,25,0.0,1
0,0,26,0,2275,6,0,6,3,1,1,30,91.24,0
1,0,33,0,2725,16,0,10,3,1,1,30,109.64,0
17,0,46,2,14338,185,22,52,3,1,1,30,668.92,0
1,0,36,0,1989,44,82,0,4,1,2,25,189.803,1
11,1,33,1,5638,90,15,19,2,1,1,25,325.26,1
5,0,35,0,305,6,7,2,4,1,2,45,25.275,1
16,0,38,0,2524,0,86,0,3,1,2,25,347.169,1
12,0,40,1,2298,57,13,19,3,1,1,30,146.2,0
8,0,25,1,1540,40,190,9,3,2,1,30,823.2,0
0,0,9,1,4200,39,206,7,3,1,1,30,993.56,0
17,1,32,0,689,13,26,4,2,1,2,25,176.137,1
2,0,44,0,1250,48,11,0,3,1,1,25,244.869,1
0,0,33,0,6353,66,96,33,2,1,1,25,720.855,0
18,0,3,0,1555,6,29,1,3,1,2,25,105.337,1
0,0,34,0,0,0,0,0,2,1,2,25,0.0,1
3,0,8,0,1979,10,41,2,2,1,2,30,319.871,1
0,1,28,0,0,51,43,0,3,1,2,25,112.494,1
0,0,36,0,2715,27,32,0,2,1,2,25,100.628,1
10,0,39,1,4313,72,33,39,1,1,1,15,422.675,0
0,0,29,0,520,10,22,2,4,1,2,45,68.25,0
7,1,40,1,6123,56,16,0,3,1,2,45,321.319,1
1,0,38,0,2203,57,0,30,1,1,1,15,124.3,0
2,0,15,1,1704,55,6,0,2,1,1,25,64.195,1
9,0,33,0,2373,58,349,20,2,1,1,25,1679.895,0
5,0,38,1,4270,80,0,25,3,1,1,30,174.0,0
0,0,3,0,3825,24,193,2,2,1,1,25,1041.705,0
0,0,32,0,1169,37,35,36,2,1,2,45,186.593,1
0,0,30,0,3805,55,0,9,2,1,1,25,173.7,0
11,0,39,2,3890,88,64,32,3,1,1,30,415.12,0
11,0,36,1,13998,173,7,42,3,1,1,30,594.84,0
2,1,24,0,961,0,24,18,2,1,2,30,276.258,1
8,0,33,0,3285,45,23,29,2,1,2,25,253.35,1
3,1,37,0,371,50,5,7,3,1,2,45,59.071,1
23,1,45,0,2202,16,48,23,3,1,1,25,129.264,1
0,1,31,0,706,76,5,17,3,1,2,25,324.294,1
18,0,34,0,1005,37,25,10,3,1,2,30,141.68,0
1,1,36,2,2293,0,3,15,4,1,2,25,442.545,1
22,1,40,0,4777,2,44,0,3,1,2,25,182.458,1
16,1,32,0,1890,43,1,0,3,1,2,25,73.32,1
5,0,35,0,1015,14,12,9,2,1,2,25,100.305,0
0,0,34,0,0,0,0,0,2,1,2,25,0.0,0
0,0,36,0,1488,42,0,16,1,1,1,15,84.15,0
12,0,38,0,4217,15,9,28,2,1,2,25,236.011,1
5,0,9,0,2769,59,0,0,4,1,2,25,987.255,1
29,0,33,3,697,43,3,25,2,1,2,45,132.994,1
1,0,37,0,13063,158,0,44,3,1,1,30,528.84,0
21,0,37,0,541,5,34,2,3,1,2,30,65.92,1
0,0,33,0,0,0,0,0,4,1,1,45,0.0,0
0,0,36,0,650,11,8,6,2,1,2,25,65.745,0
8,0,37,1,6718,75,108,37,2,1,1,25,791.685,0
6,1,29,0,3066,13,17,0,4,1,2,25,122.14,1
8,0,42,0,1836,0,19,5,3,1,1,25,244.451,1
30,1,26,0,2043,0,25,0,2,1,2,25,15.933,1
21,0,40,3,14915,221,57,34,3,1,1,30,833.44,0
11,1,41,0,1985,41,40,6,4,1,2,25,92.992,1
29,0,29,0,2847,13,12,23,3,1,1,30,189.769,1
10,0,44,0,698,18,22,10,3,1,2,30,116.64,1
2,0,35,0,11160,148,4,45,3,1,1,30,468.32,0
1,0,37,2,2542,29,43,0,4,1,1,30,337.231,1
16,0,15,2,9533,181,94,55,5,1,1,55,286.71,0
11,0,39,3,1808,45,0,3,3,1,2,25,384.779,1
0,0,13,0,1210,12,10,7,2,1,1,25,99.99,0
3,0,20,0,740,18,1,6,2,1,1,25,38.61,0
6,0,37,0,2147,10,22,11,3,1,2,30,46.459,1
0,1,5,0,1123,10,0,3,2,1,2,25,50.985,1
2,0,31,0,11205,144,0,41,3,1,1,30,453.96,0
2,0,30,3,2896,40,15,0,3,1,1,45,272.399,1
30,0,30,3,1375,3,9,0,2,1,2,30,0.0,1
2,0,43,0,2223,39,4,16,2,1,2,30,261.582,1
11,0,13,3,3157,45,30,20,3,1,1,30,248.08,0
26,1,32,0,1080,45,12,14,3,1,2,30,93.0,1
3,0,35,0,1665,44,38,20,3,1,2,30,220.36,0
8,0,39,0,3085,38,204,18,2,1,2,30,395.149,1
4,1,45,0,0,5,70,4,4,1,2,25,0.0,1
8,1,30,0,348,37,36,0,3,1,2,30,79.365,1
2,0,36,0,6008,64,83,37,2,1,1,25,646.74,0
12,1,32,0,3295,41,8,17,3,1,2,30,165.44,1
7,0,34,0,4290,69,0,13,2,1,1,25,196.155,0
19,0,19,2,6507,146,83,41,2,2,1,25,672.885,0
2,1,40,0,521,50,25,2,4,2,2,45,195.789,1
21,1,41,0,1161,56,1,0,2,1,2,25,351.79,1
1,1,10,0,6123,28,42,0,3,1,2,30,145.059,1
7,1,33,0,2088,36,23,26,3,1,2,30,176.96,1
8,0,25,0,980,29,17,13,2,1,1,25,121.905,0
13,0,40,1,4313,71,0,34,1,1,1,15,241.12,0
11,0,37,2,8925,120,135,40,3,1,1,30,901.8,0
0,0,27,1,5935,5,0,15,3,1,1,30,459.856,1
26,0,12,0,2563,41,39,3,2,1,2,25,157.438,1
5,0,38,0,13583,168,0,41,3,1,1,30,550.04,0
9,0,41,3,3515,39,522,14,4,1,1,45,1393.85,0
0,0,24,0,663,23,2,51,4,1,1,45,22.15,0
0,0,35,1,148,4,29,4,5,1,1,55,45.78,0
13,0,15,0,6333,138,80,40,1,2,1,15,795.905,0
0,1,40,0,0,13,34,22,3,1,1,30,427.432,1
26,0,35,0,669,17,33,34,3,1,2,45,0.0,1
19,1,41,0,1306,45,24,1,4,1,2,30,309.813,1
0,0,41,0,405,14,14,7,3,1,2,30,72.76,0
8,0,35,1,8810,115,137,41,3,1,1,30,905.0,0
0,1,15,2,6123,34,11,5,3,1,2,25,200.749,1
10,0,35,1,9000,116,146,44,3,1,1,30,948.64,0
1,0,30,0,1665,38,30,19,3,1,2,30,188.12,0
3,0,34,0,1550,38,6,16,3,1,2,30,87.52,0
16,0,28,0,890,25,7,5,2,1,2,25,72.675,0
6,0,39,2,6560,89,191,28,3,1,1,30,1029.96,0
0,1,17,0,2024,0,31,16,3,1,2,45,304.751,1
0,0,35,0,513,1,0,3,4,1,2,45,12.85,1
0,0,27,0,1100,28,16,12,3,1,2,30,109.12,0
18,0,37,7,10310,95,5,45,4,2,1,45,272.625,0
13,1,30,1,276,65,0,36,2,2,1,30,93.454,1
3,0,44,1,0,33,9,8,4,1,2,25,134.593,1
4,0,31,0,15225,172,135,24,2,1,1,25,1300.365,0
17,1,32,0,24,41,0,11,3,1,2,30,38.558,1
14,1,41,0,2376,37,11,4,3,1,2,25,295.027,1
11,0,28,0,815,31,42,11,3,1,2,30,201.84,0
9,0,35,0,2153,38,2,27,3,1,2,30,95.64,1
13,0,41,0,1725,31,28,10,3,1,2,30,182.24,0
33,1,34,0,1078,0,63,0,3,1,2,25,161.717,1
15,0,42,2,7203,89,126,44,2,1,1,25,895.14,0
8,0,38,0,2945,32,79,0,2,1,2,45,38.488,1
13,0,30,0,880,33,21,12,2,1,2,25,135.585,0
33,0,35,5,16440,247,12,84,2,2,1,25,804.915,0
0,1,30,1,280,3,0,17,3,1,2,25,119.169,1
23,1,41,0,0,58,26,24,3,1,2,30,151.204,1
1,0,23,1,3520,65,22,36,3,1,1,30,231.4,0
1,1,36,0,0,1,38,5,3,1,2,30,177.408,1
16,0,35,2,5943,96,22,21,2,1,1,25,370.755,1
20,1,39,0,3283,61,49,33,4,1,2,45,206.1,1
5,0,36,0,873,10,11,4,4,1,2,45,49.575,1
2,0,29,1,793,28,3,6,4,1,2,25,266.31,1
5,0,37,0,2375,48,157,25,2,1,1,25,815.535,0
13,0,43,3,1242,46,0,1,3,1,1,30,110.024,1
4,0,37,2,6865,99,24,26,5,1,1,55,140.46,0
20,0,29,2,15770,232,0,78,2,1,1,25,720.09,0
0,0,29,0,14920,166,128,22,2,1,1,25,1254.87,0
1,0,38,0,2795,26,8,18,3,1,1,30,144.84,0
0,0,17,0,2427,0,13,2,4,1,1,25,11.682,1
0,0,44,0,1778,71,70,22,2,1,2,30,286.945,1
4,0,38,0,3847,33,7,5,3,1,1,30,187.578,1
10,0,42,0,2318,56,18,21,3,1,2,30,166.96,0
5,0,32,0,1421,0,43,0,2,1,1,30,93.939,1
13,0,41,5,7270,128,286,36,3,2,1,30,1439.92,0
29,0,42,0,2579,39,17,2,3,1,1,30,0.0,1
5,0,43,0,1758,67,27,0,3,1,2,30,140.493,1
5,0,39,0,1180,20,7,13,2,1,2,25,85.5,0
7,0,35,0,4673,0,41,36,2,1,2,25,324.451,1
5,0,36,0,2263,60,384,26,3,1,1,30,1628.92,0
26,0,35,4,16155,240,10,84,2,1,1,25,782.775,0
0,0,39,0,3413,82,3,27,3,1,1,30,151.8,0
5,0,9,1,4635,43,217,10,3,1,1,30,1055.12,0
0,1,7,2,2824,25,37,3,2,1,2,30,292.345,1
5,0,34,0,305,6,7,2,4,1,2,45,25.275,1
30,1,44,0,2417,55,115,3,4,1,1,45,96.945,1
0,0,29,0,1888,44,337,16,2,1,1,25,1603.44,0
9,1,44,0,2954,4,20,17,3,1,1,25,333.362,1
3,1,8,0,1373,13,0,3,2,1,1,25,62.37,1
16,0,39,0,475,19,9,12,4,1,2,30,106.87,1
6,0,21,0,440,15,0,1,2,1,2,25,20.475,0
27,0,42,10,10820,101,18,48,5,1,1,55,190.815,0
0,1,29,0,3049,100,22,6,3,2,2,30,207.977,1
5,0,42,2,3175,29,493,12,3,1,1,30,2100.16,0
14,0,28,1,15060,221,0,78,2,1,1,25,687.645,0
17,0,42,2,2603,63,20,21,4,1,1,45,116.65,0
6,0,27,3,2938,46,10,1,3,1,1,25,353.482,1
12,0,37,1,4180,87,33,26,3,1,1,30,302.68,0
3,0,5,1,216,0,8,14,2,1,1,25,4.746,1
9,1,40,1,1409,27,33,2,2,1,2,30,93.077,1
0,0,43,0,1309,22,83,45,3,1,2,25,0.0,1
0,0,37,0,875,14,0,11,2,1,2,25,40.005,0
17,0,32,0,245,36,0,17,2,1,2,25,12.645,1
30,0,38,1,11340,109,29,59,5,1,1,55,215.235,0
26,0,32,0,1108,3,7,6,3,1,2,30,33.975,1
8,1,36,1,2741,64,35,5,3,1,2,30,119.633,1
0,0,33,0,1488,17,0,1,3,1,1,30,60.2,0
6,1,38,2,1715,0,12,0,2,1,1,25,384.631,1
11,0,36,4,7270,122,278,35,3,2,1,30,1407.68,0
5,0,40,1,6680,94,197,31,3,1,1,30,1058.96,0
5,0,30,1,2885,18,7,10,3,1,1,30,144.12,0
9,1,45,0,6076,62,21,2,3,1,2,25,94.483,1
5,0,34,0,305,6,7,2,3,1,2,30,40.44,1
16,0,26,1,1935,43,27,13,2,1,1,25,210.51,0
14,1,41,0,2658,66,47,23,4,1,2,45,185.6,0
14,0,40,0,2768,0,44,40,3,1,2,30,58.693,1
0,0,35,0,0,0,0,0,3,1,2,30,0.0,1
20,0,40,2,16500,199,165,32,2,1,1,25,1493.955,0
15,1,32,0,3662,3,0,10,3,1,1,25,171.133,1
24,1,41,0,1957,0,5,0,3,1,2,25,206.88,1
0,0,42,1,6123,10,16,18,2,1,2,25,477.952,1
6,0,35,0,4190,63,0,12,3,1,1,30,170.12,0
3,0,18,0,920,20,4,10,1,1,1,15,73.7,0
9,0,39,0,6423,71,94,24,2,1,1,25,715.23,0
16,1,41,0,2753,58,52,38,4,1,2,45,200.275,1
0,0,36,0,405,8,6,6,2,1,2,25,45.585,0
0,0,7,0,3485,24,187,21,3,1,1,30,888.36,0
0,0,35,0,570,8,0,9,2,1,2,25,26.01,0
7,0,38,1,4515,83,2,25,3,1,1,30,191.92,0
10,0,37,0,2453,60,359,24,3,1,1,30,1536.52,0
15,0,18,1,5987,136,67,44,2,2,1,25,577.035,0
4,0,31,0,1002,23,20,4,2,1,1,25,43.087,1
19,0,31,2,1065,34,22,11,3,1,1,30,131.96,0
2,1,45,0,1812,0,0,5,3,1,2,25,77.997,1
1,0,40,0,0,13,52,3,3,1,1,25,132.12,1
6,0,37,0,1853,50,338,9,2,1,1,25,1606.635,0
16,0,40,2,4080,88,39,30,3,1,1,30,322.72,0
6,1,39,0,0,0,69,3,3,1,1,45,154.663,1
4,0,37,0,3488,55,0,35,1,1,1,15,194.865,0
11,0,37,2,8870,118,142,43,3,1,1,30,927.52,0
16,0,36,3,9240,119,140,40,3,1,1,30,934.36,0
4,0,41,1,3718,88,10,29,3,1,1,30,192.24,0
0,0,40,0,88,6,8,6,3,1,2,30,35.76,1
18,0,36,1,1648,42,26,0,4,1,2,25,0.0,1
2,1,42,0,3974,73,24,39,3,1,1,25,245.477,1
9,0,45,0,1015,26,28,11,3,1,2,30,153.64,0
5,1,40,0,436,33,7,33,3,1,1,30,311.21,1
0,0,36,0,3465,55,0,10,2,1,1,25,158.4,0
11,0,38,1,3085,59,182,25,2,1,1,25,960.48,0
0,0,36,0,0,0,0,0,4,1,2,45,0.0,1
5,0,32,0,2700,51,165,19,2,1,1,25,866.295,0
15,0,40,1,4503,72,8,37,1,1,1,15,295.625,0
10,0,40,2,4575,86,7,27,3,1,1,30,214.44,0
7,1,43,0,6123,0,60,3,3,1,2,25,446.975,1
3,0,39,1,2840,28,8,15,3,1,1,30,146.72,0
13,0,21,0,2361,25,3,4,3,1,2,30,167.992,1
20,1,37,0,2145,0,22,0,3,1,1,25,64.178,1
0,0,8,0,74,38,18,7,3,1,1,30,169.974,1
4,0,34,0,1963,38,27,29,3,1,2,30,188.04,1
15,0,34,0,912,57,13,0,4,1,2,45,259.332,1
0,1,7,0,1372,14,2,8,2,1,1,25,71.37,1
6,1,39,2,2391,0,79,0,2,1,1,45,410.246,1
3,0,35,0,5381,5,19,29,2,1,2,25,226.065,1
12,0,26,2,2260,42,50,22,3,1,1,30,292.08,0
18,0,36,2,14645,218,38,27,3,1,1,30,746.52,0
3,0,38,1,193,5,5,4,3,1,1,30,27.92,1
7,1,41,0,2715,0,69,5,3,1,1,25,99.966,1
0,0,35,0,5595,70,158,9,3,1,1,30,858.6,0
4,0,26,0,1568,39,30,68,4,1,1,45,115.175,0
11,0,38,1,3085,59,182,25,2,1,1,25,960.48,0
8,1,34,0,2563,48,48,44,3,1,2,30,296.44,1
9,0,43,0,1195,28,31,15,3,1,2,30,172.92,0
6,0,38,1,1974,14,17,5,3,1,2,25,506.068,1
0,0,37,2,1423,43,23,4,3,1,1,30,117.666,1
23,0,38,0,4242,53,10,8,2,1,2,30,128.362,1
10,0,35,0,4642,0,8,17,4,1,1,45,0.0,1
18,0,40,3,12480,171,26,49,4,1,1,45,381.275,0
22,0,23,2,9498,187,95,48,5,1,1,55,287.775,0
0,0,30,0,0,0,0,0,4,1,1,45,0.0,0
1,1,33,0,4325,47,19,2,3,1,1,25,252.906,1
33,0,31,0,2178,0,0,0,2,1,2,25,162.674,1
12,0,3,0,2946,20,16,0,5,1,1,25,106.978,1
0,0,40,0,785,50,29,3,4,1,2,25,231.093,1
7,0,37,2,8108,137,405,58,3,1,1,30,1949.8,0
0,0,35,0,0,0,0,0,2,1,2,25,0.0,1
4,0,38,1,1516,11,13,0,3,1,2,25,256.057,1
21,0,32,1,2889,33,29,12,4,1,2,25,1.439,1
3,0,45,0,0,31,8,13,2,1,1,25,238.017,1
23,0,35,3,14960,217,43,27,3,1,1,30,779.08,0
0,0,35,0,570,8,0,9,2,1,2,25,26.01,0
5,1,12,0,4146,0,8,36,2,1,2,30,261.19,1
5,1,44,0,3141,22,38,21,3,1,1,25,177.407,1
0,0,31,0,0,0,0,0,2,1,2,25,0.0,1
1,0,37,0,378,1,30,3,3,1,2,25,235.653,1
26,0,42,0,1469,30,61,9,3,1,1,30,165.727,1
12,0,39,2,11770,160,18,49,4,1,1,45,343.25,0
14,1,38,0,2678,28,44,14,4,1,2,30,392.338,1
1,0,34,0,2840,22,0,14,3,1,1,30,114.48,0
18,1,43,0,1615,0,32,28,4,1,1,25,267.2,1
8,0,43,1,0,38,9,7,4,1,2,45,448.067,1
6,0,32,1,2825,49,167,19,2,1,1,25,880.83,0
14,1,34,0,2604,51,39,0,2,1,2,45,280.352,1
2,0,37,1,3833,88,34,32,3,1,1,30,292.84,0
2,1,45,0,1720,56,43,0,2,1,2,25,190.758,1
4,0,38,0,2360,39,285,18,3,1,1,30,1235.96,0
28,0,37,0,1836,18,33,0,3,1,2,30,25.822,1
6,0,38,0,6123,30,10,18,3,1,2,25,31.311,1
10,1,40,0,294,31,51,4,2,1,2,30,0.0,1
7,0,38,0,13773,169,0,44,3,1,1,30,557.68,0
9,0,34,0,2321,40,0,2,4,1,2,30,20.731,1
15,1,37,0,3440,27,41,9,2,1,2,25,400.847,1
17,0,16,0,9123,171,48,38,4,1,1,45,352.35,0
6,0,30,0,2828,100,12,0,2,1,2,25,146.945,1
6,0,32,0,6718,69,100,36,2,1,1,25,755.415,0
18,0,42,2,6078,108,41,30,2,1,1,25,462.87,0
28,0,38,9,10930,100,17,47,5,1,1,55,190.95,0
11,1,41,0,3308,0,43,7,3,1,2,30,459.385,1
13,0,37,2,9115,121,144,43,3,1,1,30,945.44,0
17,0,17,1,9237,177,80,42,5,1,1,55,261.21,0
10,1,35,1,4452,0,38,17,5,1,1,25,18.622,1
28,1,45,0,5826,45,1,11,2,1,2,30,220.378,1
1,1,36,0,2188,43,79,0,4,1,2,25,74.617,1
8,0,32,0,273,51,40,12,4,1,2,25,182.114,1
8,0,36,0,2970,54,184,26,2,1,1,25,964.08,0
0,0,30,0,780,14,29,7,4,1,2,45,92.35,0
0,0,30,0,2395,45,158,17,2,1,1,25,820.8,0
9,1,40,0,3031,0,80,1,3,1,1,25,258.642,1
9,0,33,1,15530,178,142,26,2,1,1,25,1345.86,0
0,1,35,0,1491,23,6,7,3,1,2,30,407.274,1
4,1,45,0,2108,18,18,4,3,1,1,55,50.851,1
5,0,39,0,4245,73,9,20,2,1,1,25,234.81,0
19,0,44,0,425,54,21,1,3,1,2,30,448.457,1
0,1,45,2,2768,0,2,24,4,1,1,25,131.637,1
18,1,39,0,2491,33,7,20,2,1,2,30,104.56,1
7,0,30,1,2255,7,0,8,2,1,1,30,0.0,1
8,1,12,0,859,0,16,8,3,1,1,25,107.569,1
3,0,40,0,13548,165,3,46,3,1,1,30,560.52,0
9,0,29,0,1595,5,35,0,2,2,2,25,128.491,1
4,0,36,0,1743,49,334,24,2,1,1,25,1583.64,0
10,0,42,0,1970,56,53,23,4,1,2,45,183.15,0
16,0,33,0,960,35,25,13,3,1,2,30,139.8,0
13,0,38,3,232,25,6,19,3,1,2,25,235.516,1
14,1,17,1,6148,138,83,42,1,2,1,15,802.23,0
7,0,43,0,933,19,24,7,4,1,2,45,83.8,1
2,0,33,0,569,10,41,38,2,1,1,25,323.732,1
9,0,30,1,3710,75,26,30,3,1,1,30,255.4,0
17,0,30,1,1710,46,37,20,2,1,1,25,245.52,0
8,1,38,0,3169,46,32,1,5,1,1,25,338.118,1
8,0,43,2,683,14,19,8,3,1,1,30,103.88,0
29,0,29,3,16300,242,7,78,2,1,1,25,775.89,0
9,0,44,2,3355,37,498,14,3,1,1,30,2127.68,0
14,0,34,7,9940,86,0,37,4,1,1,45,250.65,0
3,0,37,0,2655,55,179,26,2,1,1,25,927.45,0
10,0,38,1,8990,123,148,46,3,1,1,30,956.52,0
17,0,40,0,1845,8,9,0,2,1,2,30,108.644,1
0,0,24,0,1263,33,23,66,4,1,1,45,89.9,0
8,0,36,1,2585,43,282,16,3,1,1,30,1233.12,0
0,1,18,0,2573,20,77,29,3,1,1,30,589.337,1
7,0,28,1,1628,42,35,70,4,1,1,45,129.25,0
2,0,33,0,2360,33,277,17,3,1,1,30,1203.72,0
3,0,37,3,6660,116,272,32,2,2,1,25,1528.92,0
0,0,34,0,1608,22,0,4,3,1,1,30,65.2,0
7,1,32,0,2375,0,42,4,3,1,1,30,0.0,1
5,0,31,2,1395,38,203,15,2,2,1,25,977.985,0
12,0,33,0,4956,0,7,0,2,1,2,30,318.358,1
6,0,32,0,1615,41,6,0,3,1,2,30,62.728,1
1,0,33,3,652,17,31,0,2,2,2,30,279.17,1
20,1,33,0,1872,25,53,0,3,1,2,45,313.195,1
0,0,40,3,4191,35,6,21,2,1,2,30,82.82,1
0,1,39,1,0,78,34,3,4,1,2,25,180.843,1
12,0,41,2,14193,181,39,50,3,1,1,30,730.96,0
25,0,37,2,15025,219,22,28,3,1,1,30,697.76,0
10,0,34,1,11770,154,10,48,3,1,1,30,516.96,0
10,0,39,1,3370,77,14,30,3,1,1,30,193.88,0
18,0,38,2,6123,104,33,26,2,1,1,25,428.715,0
8,0,20,0,1225,26,11,12,2,1,1,25,105.795,0
8,0,39,4,6965,122,279,34,3,2,1,30,1399.48,0
6,0,7,1,4615,44,212,8,3,1,1,30,1034.36,0
7,0,42,0,0,69,80,0,2,1,2,30,245.877,1
27,1,42,0,1904,42,15,12,3,1,2,30,147.066,1
7,0,42,0,3766,19,17,0,2,1,1,25,0.0,1
18,0,17,1,6638,144,87,42,2,2,1,25,696.69,0
5,0,37,1,11220,151,9,47,3,1,1,30,490.84,0
6,0,39,0,1032,70,42,3,3,1,1,45,55.291,1
5,0,24,0,305,6,18,2,4,1,2,45,52.775,0
0,0,35,0,0,0,0,0,2,1,2,25,0.0,0
0,0,28,0,2920,61,9,22,3,1,1,30,155.24,0
0,1,33,0,0,0,0,0,2,1,2,25,0.0,1
1,0,9,1,1297,18,0,4,3,1,1,30,52.6,1
11,1,15,0,1600,11,36,15,2,1,2,25,221.773,1
6,0,41,0,2964,56,38,3,2,2,2,25,343.92,1
4,0,37,0,2245,33,253,14,3,1,1,30,1103.12,0
9,0,36,1,4493,70,15,48,1,1,1,15,333.465,0
11,0,38,2,3014,0,10,9,3,1,2,25,53.009,1
4,1,43,2,1635,4,42,48,2,1,2,30,0.0,1
9,1,41,0,2050,52,55,26,4,1,2,45,190.05,0
7,0,37,0,6323,100,8,10,2,1,1,25,325.035,0
3,0,31,0,6458,65,93,31,2,1,1,25,712.035,0
22,0,38,2,1792,29,9,3,2,1,2,30,466.435,1
17,0,40,2,1712,4,20,0,3,1,1,30,464.47,1
9,1,36,0,893,46,13,0,2,1,1,25,7.494,1
0,1,32,1,3878,4,38,1,3,1,2,30,212.468,1
5,0,38,0,6593,77,112,40,2,1,1,25,804.15,0
4,0,31,0,2068,52,342,18,2,1,1,25,1634.4,0
21,0,41,1,3489,1,9,0,3,1,2,30,101.462,1
10,1,13,0,6123,0,43,2,3,1,2,45,95.347,1
0,0,37,1,2905,27,508,10,3,1,1,30,2149.28,0
3,0,34,0,4604,23,34,0,4,1,1,45,166.98,1
13,0,36,1,2578,58,355,21,3,1,1,30,1525.44,0
27,0,40,0,3274,78,46,0,3,1,1,30,48.421,1
14,1,37,0,3295,47,16,18,3,1,2,30,197.68,1
2,0,42,0,2209,8,12,0,3,1,1,30,428.642,1
0,0,33,0,2703,65,0,26,2,1,1,25,124.56,0
19,0,37,3,2569,27,9,0,4,1,1,25,183.445,1
1,1,44,0,1430,0,33,27,2,1,1,45,50.38,1
10,0,32,0,1994,0,0,6,3,1,1,25,429.542,1
32,0,39,0,3899,0,2,0,3,1,2,45,108.15,1
1,1,15,0,1748,21,11,24,4,1,2,25,130.618,1
6,0,34,1,3943,86,7,26,3,1,1,30,189.16,0
22,0,29,2,16015,235,0,78,2,1,1,25,731.25,0
4,0,44,0,73,57,38,1,3,1,2,25,0.0,1
2,0,29,0,2981,75,58,2,4,1,2,25,0.0,1
12,0,44,1,14033,179,15,50,3,1,1,30,628.48,0
15,0,38,0,6123,58,54,35,3,1,2,45,467.205,1
4,0,37,3,3472,44,12,7,2,1,1,45,524.944,1
8,0,35,1,15780,186,164,43,2,1,1,25,1456.47,0
0,0,43,0,2588,83,37,0,3,1,2,25,55.802,1
9,0,10,2,2197,30,8,7,3,1,1,30,121.08,1
1,0,39,1,1140,0,20,24,3,1,2,25,474.234,1
0,0,15,0,1275,14,0,8,2,1,1,25,58.005,0
9,0,37,1,6043,93,7,9,3,1,1,30,273.44,0
15,0,23,1,15510,222,0,72,2,1,1,25,707.94,0
34,1,36,0,1970,64,31,19,3,2,2,30,205.36,1
0,0,42,0,2497,47,45,0,3,1,1,45,253.554,1
14,0,35,0,2212,54,73,3,2,1,2,25,409.67,1
18,1,8,0,1219,38,72,0,3,1,2,25,72.244,1
10,1,40,0,2348,46,44,35,3,1,2,30,271.76,1
34,1,31,0,540,15,86,0,3,1,2,25,310.204,1
1,1,40,3,557,2,31,9,4,1,2,55,221.674,1
18,0,45,3,4080,94,47,31,3,1,1,30,354.96,0
12,0,34,0,917,58,14,2,2,1,2,30,0.0,1
12,0,37,3,1096,68,0,17,2,1,1,30,0.0,1
3,1,38,0,533,12,42,6,3,1,2,30,35.144,1
4,0,38,0,3960,61,8,0,3,1,2,45,413.688,1
5,0,32,1,3763,78,7,24,2,1,1,25,204.345,0
12,0,28,0,451,53,34,7,4,1,1,30,127.585,1
20,0,32,7,10355,91,0,38,4,1,1,45,261.15,0
8,1,31,0,2348,33,6,4,2,1,2,25,55.615,1
0,0,29,0,452,67,83,0,2,1,2,25,169.074,1
1,0,34,0,2475,47,168,21,2,1,1,25,869.49,0
8,0,36,0,2584,14,56,6,3,2,2,30,4.188,1
25,0,39,4,15255,231,86,36,3,1,1,30,963.44,0
4,0,35,0,11405,151,6,45,3,1,1,30,486.24,0
9,0,40,2,3400,33,490,10,3,1,1,30,2097.32,0
14,0,37,0,2458,44,9,29,3,1,2,30,136.08,1
7,1,39,0,4281,10,12,4,4,1,1,45,71.211,1
8,0,39,0,1833,49,0,19,3,1,2,30,75.28,0
7,0,13,0,8627,165,66,38,4,1,1,45,384.8,0
0,0,36,0,2333,55,0,31,1,1,1,15,131.34,0
12,0,40,2,4820,89,9,27,3,1,1,30,232.36,0
9,0,35,0,2009,26,66,0,3,1,1,25,117.798,1
7,0,42,0,1360,28,18,18,2,1,2,25,143.46,0
1,0,36,0,2133,42,55,31,3,1,1,30,1.49,1
6,1,35,0,3181,36,19,1,3,1,2,30,504.216,1
2,1,12,0,0,22,28,6,4,1,2,30,348.837,1
9,0,34,0,4118,64,0,31,1,1,1,15,230.01,0
7,1,36,0,2023,41,32,31,3,1,1,30,210.56,1
30,0,40,4,15445,231,61,34,3,2,1,30,871.04,0
7,0,38,0,2328,62,363,27,2,1,1,25,1741.05,0
15,0,8,1,2003,23,8,16,3,1,1,30,428.673,1
4,0,43,1,1419,0,5,5,3,1,1,25,116.665,1
4,0,34,0,1110,22,18,0,3,1,2,25,216.309,1
8,0,41,1,6673,79,116,41,2,1,1,25,825.84,0
0,1,16,0,1022,4,16,2,3,1,2,45,220.409,1
5,0,36,1,6123,43,5,5,2,1,2,30,259.943,1
1,1,37,1,3939,0,30,28,4,2,1,25,92.063,1
0,0,35,0,0,0,0,0,2,1,2,25,0.0,1
0,0,34,1,92,18,42,0,3,1,1,45,987.255,1
0,0,35,0,10560,138,0,30,3,1,1,30,427.92,0
7,1,44,0,2726,41,23,7,2,1,2,30,340.879,1
2,0,18,0,1695,26,28,14,2,1,1,25,203.445,0
9,1,11,0,576,0,39,0,4,1,1,25,498.082,1
1,0,36,0,5613,89,0,10,2,1,1,25,256.59,0
1,0,41,0,357,0,22,5,4,1,1,30,41.791,1
33,1,40,0,945,18,29,12,2,1,2,30,92.188,1
4,0,41,0,13468,169,1,43,3,1,1,30,549.48,0
0,0,36,0,405,8,6,6,2,1,2,25,45.585,0
2,0,35,1,2915,19,472,3,3,1,1,30,2005.36,0
1,1,42,0,2451,70,23,5,3,1,2,25,114.974,1
28,0,35,0,1260,53,23,19,3,1,2,30,144.52,1
12,1,33,0,3352,68,7,16,3,2,1,30,109.623,1
0,0,39,0,128,4,0,1,2,1,2,25,5.94,0
12,0,43,0,3821,40,10,35,4,1,1,45,21.988,1
11,0,36,0,2858,65,360,22,2,1,1,25,1751.535,0
2,0,45,0,2307,19,16,4,4,1,1,30,82.039,1
17,1,44,0,0,47,43,9,3,1,1,25,260.467,1
6,0,38,0,2550,40,294,21,3,1,1,30,1279.6,0
16,0,20,5,3218,54,43,23,3,2,1,30,302.88,0
1,0,5,0,4310,38,205,6,3,1,1,30,993.92,0
6,0,42,1,1928,35,15,12,4,1,1,45,86.575,0
4,0,16,1,2253,35,10,4,3,1,1,30,131.52,0
0,0,40,0,2168,54,5,35,1,1,1,15,149.71,0
11,1,36,0,2458,45,43,34,3,1,2,30,272.12,1
0,0,45,0,1137,8,36,13,4,1,2,30,369.574,1
0,0,36,0,215,7,0,3,2,1,2,25,9.99,0
5,0,35,1,4335,75,0,20,3,1,1,30,176.4,0
12,1,36,0,1590,45,35,5,3,1,1,30,257.596,1
0,1,33,1,1989,69,79,0,3,1,1,25,214.366,1
0,0,32,0,1588,23,0,2,3,1,1,30,64.44,0
0,0,40,0,470,16,0,3,3,1,1,30,300.711,1
20,0,36,2,14835,219,47,30,3,1,1,30,790.16,0
2,0,30,0,15180,170,135,27,2,1,1,25,1298.25,0
6,1,37,1,1818,9,36,0,2,1,2,45,204.614,1
6,0,37,1,6473,72,106,37,2,1,1,25,771.525,0
5,1,7,1,1070,0,6,0,3,1,2,30,348.465,1
3,0,35,0,1558,33,9,31,3,1,2,30,99.64,1
11,0,34,0,2455,28,15,34,2,1,2,25,987.255,1
8,0,36,1,3335,29,16,19,3,1,1,30,198.56,0
17,0,37,5,7980,133,286,35,3,2,1,30,1468.52,0
11,0,42,1,3040,63,190,29,2,1,1,25,994.635,0
0,1,37,0,1775,23,22,22,3,1,2,30,331.225,1
4,0,36,0,13713,166,0,42,3,1,1,30,555.16,0
3,0,32,0,1204,50,31,16,2,1,2,25,328.037,1
17,0,30,0,5142,0,6,5,2,1,1,30,925.577,1
0,0,37,0,1650,28,260,18,3,1,1,30,1107.12,0
8,0,33,0,5398,86,0,18,2,1,1,25,246.78,1
0,0,18,0,0,0,0,0,4,1,2,45,0.0,0
11,0,39,0,3599,78,13,0,3,1,1,25,54.352,1
0,1,34,0,3332,10,71,37,3,1,2,25,415.257,1
8,0,33,0,4198,60,0,34,1,1,1,15,234.19,0
0,0,23,0,0,0,0,0,4,1,2,45,0.0,0
0,0,12,1,1182,19,1,6,3,1,1,30,52.04,1
3,0,27,0,1163,34,12,70,4,1,1,45,59.925,0
2,0,24,1,6123,4,75,15,2,1,1,25,333.4,1
7,0,36,1,8405,110,119,43,3,1,1,30,816.6,0
9,0,38,1,3530,79,30,28,3,1,1,30,264.36,0
0,0,33,0,7143,118,372,39,2,1,1,25,2000.745,0
0,0,37,0,743,13,41,8,4,1,2,45,121.4,1
11,1,36,0,4094,48,12,4,3,1,2,45,89.47,1
0,0,41,0,2063,1,9,5,2,1,1,30,295.057,1
10,0,37,2,4640,81,7,22,3,1,1,30,216.84,0
0,0,34,0,1475,44,63,22,3,1,2,30,312.76,0
0,0,32,0,0,27,4,2,3,1,2,30,112.485,1
9,0,21,0,1145,30,9,9,2,1,1,25,93.375,0
4,1,28,0,897,0,18,0,3,1,2,25,157.979,1
1,0,35,1,2955,28,32,18,3,1,1,30,247.32,0
6,0,29,0,1748,47,41,73,4,1,1,45,147.375,0
0,0,27,0,420,5,3,5,4,1,2,45,18.125,0
19,0,6,0,2378,80,7,2,3,1,2,25,174.084,1
19,1,40,1,2748,0,30,31,3,1,1,30,272.872,1
5,0,38,1,4325,82,0,22,3,1,1,30,176.28,0
14,0,40,3,7515,103,201,28,3,1,1,30,1108.72,0
8,0,44,1,2653,68,17,39,2,1,1,25,198.945,0
13,0,17,0,8638,167,59,27,5,1,1,55,220.575,0
12,0,25,1,1470,35,21,13,2,1,1,25,162.225,0
10,0,40,1,6898,83,119,42,2,1,1,25,849.645,0
4,0,26,0,1425,20,42,18,4,1,2,45,141.125,0
11,1,39,2,806,11,13,0,3,1,1,30,53.935,1
3,0,29,0,8550,105,122,35,3,1,1,30,834.2,0
11,0,41,0,2418,62,19,22,3,1,2,30,175.2,0
19,0,33,0,355,37,0,2,2,1,2,25,17.64,1
5,0,39,0,305,6,7,2,2,1,2,25,45.495,1
13,0,26,0,1694,16,21,8,3,1,2,30,68.533,1
19,0,42,3,6203,106,43,30,3,1,1,30,424.36,0
1,0,34,0,1636,45,77,0,2,1,2,45,366.998,1
1,0,30,0,886,26,7,33,3,1,2,30,289.019,1
23,0,15,0,2382,12,42,23,4,1,2,25,92.865,1
5,0,14,2,2793,42,26,17,3,1,1,30,217.4,0
11,0,8,2,2805,5,72,18,4,1,2,45,9.587,1
14,0,25,2,1825,42,40,28,2,1,1,25,264.015,0
10,0,43,1,2878,72,20,40,2,1,1,25,222.75,0
2,0,39,0,2206,61,0,44,2,1,2,30,448.036,1
13,0,22,4,3113,55,46,25,3,1,1,30,310.72,0
0,0,38,0,1443,21,3,8,3,1,1,30,70.56,0
2,0,40,0,1753,76,34,0,2,1,2,25,345.415,1
0,0,30,0,1673,38,0,9,3,1,2,30,68.44,0
9,1,39,0,905,16,28,17,2,1,2,25,167.445,1
15,1,18,0,1604,9,9,2,3,1,2,30,124.536,1
24,0,39,3,6833,115,41,26,3,1,1,30,441.92,0
0,0,37,0,0,0,0,0,2,1,2,25,0.0,0
31,1,32,2,5565,0,5,3,4,1,2,25,297.164,1
6,0,37,0,5803,89,0,8,2,1,1,25,265.14,0
34,0,32,1,2388,38,73,1,2,1,2,25,266.761,1
17,1,26,0,3763,33,37,0,3,1,2,45,277.982,1
4,0,36,0,2590,52,166,20,2,1,1,25,865.89,0
0,1,8,0,305,41,40,7,2,1,2,25,412.204,1
2,1,38,3,1730,28,30,4,2,1,1,45,143.396,1
5,0,34,0,0,0,35,0,4,1,2,25,3.707,1
7,0,44,0,970,24,28,14,3,1,2,30,151.76,0
15,1,41,0,3375,49,26,22,3,1,2,30,240.96,1
3,1,29,0,2605,33,0,10,2,1,2,25,118.71,1
2,0,36,0,2180,43,154,8,2,1,1,25,793.035,0
11,1,38,1,0,0,41,0,3,1,2,25,0.0,1
3,0,39,0,1219,40,29,7,2,1,2,25,489.735,1
0,0,36,3,2203,56,23,32,4,1,2,25,40.377,1
0,0,28,0,1883,17,40,0,3,2,2,25,270.488,1
8,0,36,1,3320,31,480,6,3,1,1,30,2054.04,0
3,0,31,1,1319,35,40,10,4,1,1,25,402.022,1
15,0,38,1,16195,193,158,30,2,1,1,25,1448.46,0
24,1,32,3,15670,233,0,82,2,1,1,25,715.635,0
17,0,18,2,9353,183,112,46,5,1,1,55,311.04,0
6,0,39,2,2088,37,39,12,4,1,1,45,150.625,0
0,1,35,0,1299,65,3,23,3,1,1,25,86.282,1
9,0,37,2,2423,30,41,0,2,1,2,45,126.748,1
5,1,8,2,1776,0,33,9,4,1,1,45,279.815,1
0,0,33,0,653,8,0,4,3,1,1,30,26.44,0
7,0,40,1,2475,44,283,17,3,1,1,30,1232.76,0
0,0,34,0,2285,46,159,18,2,1,1,25,820.395,0
12,0,44,2,4775,93,17,31,3,1,1,30,262.72,0
0,0,32,0,3353,73,0,24,2,1,1,25,154.17,0
12,1,32,0,5738,96,16,20,2,1,1,25,334.53,1
5,0,29,0,1245,7,35,7,3,2,2,25,54.25,1
5,1,37,0,2765,37,12,18,2,1,2,25,180.09,1
6,0,29,0,5513,86,11,21,2,1,1,25,301.455,1
5,0,34,1,11285,146,0,42,4,1,1,45,285.775,0
0,0,34,0,0,0,0,0,2,1,2,25,0.0,1
8,1,38,0,1222,19,1,25,2,1,2,25,243.139,1
5,0,40,0,1665,50,46,21,4,1,2,45,157.875,0
28,0,31,0,122,48,26,8,3,1,2,30,121.463,1
11,0,40,1,4485,76,3,16,3,1,1,30,194.44,0
0,0,18,0,1003,23,8,60,4,1,1,45,45.65,0
0,0,29,0,0,0,0,0,2,1,2,25,0.0,1
8,1,30,0,6041,21,12,4,3,1,2,25,425.732,1
11,0,41,1,2533,62,369,28,3,1,1,30,1579.8,0
15,0,30,6,10050,85,0,36,4,1,1,45,253.375,0
4,1,36,0,1989,24,10,12,2,1,2,30,441.749,1
5,0,12,1,1668,27,11,12,3,1,1,30,111.8,1
6,0,35,0,15425,179,145,28,2,1,1,25,1354.68,0
0,0,42,0,2543,37,13,16,3,1,1,30,122.796,1
16,0,30,0,757,0,3,0,5,1,2,25,288.006,1
5,1,37,0,517,95,18,16,3,1,1,25,34.418,1
7,0,38,0,605,1,43,0,4,1,1,30,302.433,1
6,0,9,0,5828,125,63,34,1,2,1,15,673.915,0
5,0,32,4,7260,120,285,46,2,2,1,25,1614.6,0
22,1,39,0,3942,16,32,4,3,1,2,25,197.924,1
2,0,35,2,3236,32,10,0,4,2,1,25,180.931,1
1,0,33,0,3885,57,0,10,2,1,1,25,177.39,0
0,1,16,1,3585,20,45,0,2,1,1,25,194.223,1
2,0,41,2,338,10,12,3,5,1,1,55,23.22,0
11,0,39,0,1148,19,15,4,3,1,2,30,106.68,1
0,0,24,0,1120,14,35,16,4,1,2,45,115.85,0
6,0,43,1,2360,45,293,19,4,1,1,45,792.625,0
9,0,40,1,6033,100,5,11,3,1,1,30,265.32,0
9,0,38,1,14018,172,7,44,3,1,1,30,595.6,0
28,0,28,3,16380,238,0,81,2,1,1,25,747.81,0
4,1,27,1,1315,36,193,11,2,2,1,25,929.295,1
5,0,33,1,6545,82,178,22,3,1,1,30,977.08,0
7,0,43,1,489,81,32,0,4,1,2,30,426.005,1
31,0,37,5,16460,246,17,86,2,1,1,25,828.27,0
4,0,44,0,5182,9,56,15,3,1,1,55,18.142,1
6,0,25,0,395,19,3,5,2,1,2,25,32.13,0
23,0,26,0,3788,25,43,1,2,1,2,30,346.004,1
34,0,33,0,712,0,32,6,3,1,2,25,142.094,1
6,0,36,1,7633,125,380,40,3,1,1,30,1830.32,0
34,1,41,0,1610,18,37,7,3,1,1,25,12.794,1
28,1,35,0,1260,53,23,19,3,1,2,30,144.52,1
6,0,38,0,5918,95,7,12,3,1,1,30,268.52,0
1,0,37,0,55,31,0,17,3,1,2,30,230.522,1
14,0,31,0,2085,28,29,9,2,1,2,30,29.752,1
8,0,40,0,4220,79,7,12,3,1,1,30,199.96,0
0,0,3,0,1182,7,0,4,2,1,1,25,53.505,1
1,0,45,1,3875,32,20,28,4,2,1,25,199.291,1
5,0,38,0,955,17,15,8,3,1,2,30,98.88,0
1,0,45,1,240,41,61,3,5,1,2,30,65.313,1
2,0,10,2,4505,46,247,14,3,1,1,30,1170.04,0
26,0,35,0,4932,0,20,4,3,1,2,30,130.234,1
16,0,38,2,5933,103,24,23,2,1,1,25,379.62,0
5,1,44,0,2003,42,41,2,2,1,2,30,343.565,1
23,0,45,0,2563,35,12,37,2,1,2,25,251.218,1
3,0,36,0,4065,65,0,15,2,1,1,25,185.85,0
12,0,42,1,2453,66,367,25,3,1,1,30,1568.76,0
22,0,29,0,875,45,6,13,2,1,2,25,68.4,1
16,0,44,2,3345,69,197,31,2,1,1,25,1040.13,0
13,0,37,0,3563,34,56,0,2,2,2,30,211.521,1
26,1,37,3,15545,230,55,30,3,1,1,30,851.0,0
0,0,34,0,4150,74,0,21,3,1,1,30,168.96,0
3,0,37,1,6500,86,186,26,3,1,1,30,1007.44,0
9,0,43,2,7893,135,401,49,3,1,1,30,1925.12,0
5,0,37,0,305,6,7,2,3,1,2,30,40.44,0
5,0,38,0,3423,78,7,15,3,1,1,30,168.04,0
5,0,17,1,1820,24,24,11,3,1,1,30,169.76,0
0,0,12,0,1435,16,13,8,2,1,1,25,123.795,0
6,0,27,0,1000,28,22,15,2,1,1,25,145.26,0
0,1,36,0,0,0,0,0,2,1,2,25,0.0,1
3,0,34,0,3030,23,9,17,3,1,1,30,158.12,0
6,1,40,0,2771,0,31,0,3,1,2,25,202.887,1
0,0,39,1,33,4,5,1,5,1,1,55,8.055,0
18,1,32,0,2292,42,26,10,2,1,1,30,171.131,1
5,0,20,1,1755,29,33,16,2,1,1,25,228.78,0
5,1,30,1,494,40,26,11,3,1,2,55,480.398,1
3,0,36,0,5803,90,9,13,2,1,1,25,305.685,0
3,0,38,0,743,12,7,3,4,1,2,45,36.375,1
5,0,36,1,305,6,7,2,5,1,1,55,15.165,0
34,1,29,0,2804,11,27,40,2,1,2,30,4.039,1
1,1,34,0,5720,7,67,17,4,1,2,25,200.755,1
6,0,32,1,155,3,58,13,2,1,2,25,0.0,1
0,0,36,0,2790,21,476,6,3,1,1,30,2016.44,0
13,0,38,1,3965,83,41,31,3,1,1,30,325.92,0
12,0,38,2,0,17,46,6,3,1,2,45,252.938,1
9,0,30,3,1735,48,232,17,3,2,1,30,999.32,0
1,0,32,0,6233,61,90,30,2,1,1,25,688.23,0
6,0,30,0,4956,35,19,4,3,1,2,45,315.23,1
5,0,35,0,2148,54,352,22,2,1,1,25,1683.09,0
9,0,44,0,712,36,59,0,4,1,1,25,300.556,1
18,0,42,0,955,20,32,0,2,1,2,45,434.068,1
0,0,34,0,10450,137,0,45,3,1,1,30,423.48,0
10,0,42,2,6718,81,116,38,2,1,1,25,827.955,0
0,0,34,0,14470,165,118,28,2,1,1,25,1189.575,0
5,0,40,0,2620,12,38,0,3,1,2,25,267.628,1
13,0,46,2,2958,74,24,41,2,1,1,25,244.44,0
9,1,36,0,3105,47,41,20,3,1,2,30,290.08,1
0,1,27,1,2670,23,58,40,2,1,1,55,410.082,1
0,1,39,0,2135,47,27,0,3,1,1,25,447.445,1
5,0,33,0,8750,112,132,39,3,1,1,30,882.48,0
23,0,33,0,955,47,16,17,2,1,2,25,117.09,1
0,0,26,1,6400,100,249,25,2,2,1,25,1413.0,0
0,0,36,0,878,51,35,4,3,1,2,45,288.461,1
5,0,34,2,3440,32,21,29,3,1,1,30,222.88,0
1,0,44,1,4393,0,12,1,2,1,2,55,24.289,1
8,1,11,2,1792,25,7,9,3,1,1,30,100.68,1
3,0,44,0,1643,59,33,4,3,1,1,25,171.717,1
2,0,45,0,937,26,204,1,4,1,2,25,54.677,1
0,1,43,0,3439,17,35,6,3,1,2,45,0.0,1
0,1,32,0,2812,14,41,3,3,1,2,25,320.651,1
18,0,41,2,14788,186,15,46,3,1,1,30,658.96,0
2,1,33,0,2495,34,0,11,2,1,2,25,113.805,1
14,0,14,1,6213,133,74,37,2,2,1,25,618.57,0
5,0,14,2,2737,40,33,20,3,1,1,30,243.08,0
34,0,28,1,2719,0,77,0,3,1,2,25,265.722,1
29,0,34,0,341,51,0,36,5,1,2,45,187.806,1
3,0,39,0,2475,53,176,22,2,1,1,25,905.76,0
16,0,40,2,4080,88,39,30,3,1,1,30,322.72,0
9,1,38,0,2426,17,34,23,3,1,2,25,511.942,1
10,0,28,0,295,20,0,9,3,1,2,30,12.6,0
9,0,45,0,3577,0,0,0,3,1,1,45,216.522,1
21,0,18,1,6583,141,60,40,1,2,1,15,699.82,0
2,0,26,1,3340,67,40,27,3,1,1,30,296.28,0
10,0,39,1,8003,134,400,48,3,1,1,30,1925.48,0
0,0,38,0,0,0,0,0,2,1,2,25,0.0,0
0,0,31,0,2790,15,468,5,3,1,1,30,1984.2,0
5,1,5,0,1533,15,7,3,3,1,1,30,89.92,1
2,0,38,0,710,14,13,8,3,1,2,30,80.96,0
25,1,36,0,1135,55,27,22,2,1,2,25,175.05,1
4,0,32,0,3813,58,0,29,1,1,1,15,212.905,0
28,0,35,3,15445,225,53,33,3,1,1,30,838.8,0
0,0,34,0,3150,60,4,0,3,1,2,25,198.381,1
29,0,31,5,16675,248,21,95,2,1,1,25,856.035,0
12,1,13,2,6123,61,9,3,4,1,2,25,144.239,1
6,0,35,0,0,62,12,9,3,1,1,45,38.065,1
10,0,42,0,2712,30,3,41,3,1,2,25,293.237,1
0,0,28,0,6300,83,0,15,4,1,1,45,159.575,0
0,0,31,0,254,9,55,0,3,1,2,30,118.408,1
16,0,34,7,10130,87,0,40,4,1,1,45,255.425,0
32,0,37,0,458,20,60,0,2,1,2,45,131.407,1
8,1,40,0,3181,19,14,19,2,1,2,45,177.276,1
0,0,7,0,992,12,0,2,2,1,1,25,45.18,1
2,0,39,0,508,6,16,7,2,1,2,25,95.13,0
0,0,9,1,4145,37,213,10,3,1,1,30,1019.28,0
6,0,16,0,621,31,39,18,2,1,2,55,78.388,1
26,0,37,8,10625,93,7,40,4,1,1,45,285.45,0
6,1,34,0,3749,0,54,4,3,1,1,30,131.323,1
6,0,39,0,13368,164,0,46,3,1,1,30,541.28,0
0,0,40,1,6195,86,187,25,3,1,1,30,999.24,0
4,0,38,0,900,15,22,11,3,1,2,30,124.6,0
15,0,39,0,0,43,10,0,3,1,1,25,13.775,1
9,0,36,0,2438,32,30,19,4,1,2,30,279.261,1
10,0,39,2,6995,93,202,31,3,1,1,30,1091.52,0
7,0,36,1,3771,55,14,4,2,1,1,25,296.859,1
9,1,45,0,2017,20,62,1,3,1,2,25,224.247,1
5,1,43,1,1025,47,15,27,3,2,1,30,127.914,1
1,0,37,1,1783,31,32,10,4,1,1,45,125.35,0
20,0,33,2,1790,48,41,21,2,1,1,25,267.21,0
3,0,38,0,462,0,6,6,2,1,2,30,0.0,1
14,0,41,0,1991,0,42,12,4,1,1,25,0.0,1
12,0,37,2,3855,39,15,16,3,1,1,30,215.76,0
16,0,42,1,15970,196,168,37,2,1,1,25,1483.47,0
5,0,35,1,3843,80,7,25,3,1,1,30,184.92,0
0,0,33,0,4030,69,0,18,3,1,1,30,163.96,0
15,1,45,0,0,97,1,14,2,1,2,45,99.838,1
20,0,44,0,4123,47,204,0,3,1,2,30,148.308,1
6,0,34,0,13693,167,0,40,3,1,1,30,554.4,0
10,0,38,0,1973,40,20,18,3,1,2,30,160.52,1
9,0,40,2,0,29,41,6,3,1,2,25,226.153,1
21,0,41,0,3360,23,1,7,3,1,2,30,223.061,1
10,0,39,1,3070,50,293,18,3,1,1,30,1296.8,0
0,0,34,0,6080,74,147,20,3,1,1,30,834.16,0
6,0,38,0,15360,184,154,33,2,1,1,25,1392.48,0
2,1,45,0,1915,55,23,1,2,1,2,25,146.012,1
7,1,35,0,2265,54,59,35,3,1,2,30,328.76,1
0,1,3,0,935,50,65,0,3,1,1,25,541.488,1
0,0,32,0,2345,15,0,9,3,1,1,30,94.4,0
0,0,22,0,3045,53,0,18,3,1,1,30,123.92,0
8,0,32,0,5282,27,40,8,2,1,2,45,157.246,1
20,0,38,2,6313,105,42,29,2,1,1,25,477.81,0
4,0,37,0,3279,57,28,17,2,1,1,45,2.74,1
3,0,41,1,1668,31,8,7,4,1,1,45,62.475,0
6,0,3,1,2057,8,82,0,2,1,2,30,171.23,1
4,1,44,0,1506,74,29,3,2,1,2,30,136.758,1
0,0,34,0,323,1,2,2,4,1,2,45,13.1,1
1,0,38,0,415,56,30,8,2,1,2,30,0.0,1
1,0,14,2,2357,38,15,14,3,1,1,30,155.8,0
0,0,36,0,0,0,0,0,2,1,2,25,0.0,1
4,0,38,0,2360,39,285,18,3,1,1,30,1235.96,0
6,0,26,0,1758,40,39,71,4,1,1,45,142.45,0
6,1,39,0,4689,48,45,27,4,1,2,25,37.894,1
16,0,17,1,6393,141,85,42,2,2,1,25,676.53,0
10,0,45,0,565,16,22,8,3,1,2,30,111.24,1
2,0,25,0,3225,61,8,23,3,1,1,30,163.44,0
4,0,37,0,2048,54,33,19,3,1,2,30,216.08,0
12,1,30,0,0,0,12,0,2,1,1,45,8.694,1
13,0,20,1,6087,141,86,41,2,2,1,25,667.26,0
0,0,29,0,3623,46,17,19,2,1,2,25,281.348,1
2,0,25,0,3225,61,8,23,3,1,1,30,163.44,0
9,0,28,1,1873,45,37,70,5,1,1,55,84.27,0
2,0,32,0,13513,159,0,38,3,1,1,30,546.88,0
0,0,25,0,2980,58,6,23,3,1,1,30,145.52,0
31,0,35,0,0,28,11,7,2,1,2,30,0.0,1
12,0,17,0,5793,131,64,27,1,2,1,15,677.82,0
0,0,32,0,0,0,0,0,5,1,1,55,0.0,0
1,0,37,0,7318,126,375,40,2,1,1,25,2022.48,0
5,0,37,0,3516,29,64,0,2,1,2,25,438.8,1
0,1,9,0,888,9,0,3,3,1,1,30,35.88,1
3,0,34,1,3441,24,11,2,2,1,2,25,168.799,1
5,0,38,0,1065,14,7,9,2,1,2,25,80.055,0
11,1,26,0,0,66,16,9,2,1,2,30,0.0,1
3,0,45,0,2252,22,43,2,3,1,1,45,262.646,1
10,0,25,0,995,29,24,20,2,1,2,25,154.08,0
12,1,45,0,0,15,4,40,2,1,2,25,164.337,1
32,0,45,5,15445,237,69,35,3,2,1,30,903.28,0
4,0,20,0,395,13,0,4,2,1,2,25,18.36,0
8,0,30,1,1907,36,55,0,4,1,2,25,160.852,1
4,0,29,0,3329,49,23,7,3,1,1,25,20.866,1
6,1,30,0,2856,0,23,15,3,1,2,30,355.231,1
8,0,32,0,2453,54,351,23,2,1,1,25,1692.315,0
6,0,34,0,878,43,3,0,3,1,2,30,18.165,1
7,0,41,0,443,63,17,11,3,1,2,30,143.448,1
0,0,31,0,6480,91,7,20,4,1,1,45,181.775,0
0,0,36,0,628,7,9,4,4,1,2,45,38.375,1
34,0,32,0,4213,60,20,3,2,2,1,30,72.342,1
34,1,44,0,441,0,43,0,3,1,1,45,37.431,1
28,0,37,4,15265,223,50,29,3,2,1,30,819.52,0
23,0,24,3,6697,153,100,45,2,2,1,25,758.25,0
18,0,39,3,9420,127,151,45,3,1,1,30,985.88,0
8,0,31,0,4074,1,17,0,2,1,2,30,381.154,1
1,0,35,0,1548,44,331,7,2,1,1,25,1561.14,0
3,0,15,3,2663,45,56,21,3,1,1,30,332.32,0
2,0,24,1,1135,28,182,6,2,2,1,25,871.335,0
0,0,10,0,1130,10,6,6,2,1,1,25,78.3,0
10,1,41,0,1886,16,15,3,3,1,1,30,148.835,1
9,0,27,0,728,0,75,12,2,1,1,25,186.695,1
4,0,34,0,15065,170,111,24,2,1,1,25,1185.075,0
2,0,35,0,5379,0,0,2,3,1,2,30,49.995,1
15,0,41,2,5818,104,34,25,3,1,1,30,372.88,0
0,0,34,0,2813,66,0,11,2,1,1,25,129.555,0
32,0,32,1,3357,39,56,16,2,1,2,30,460.214,1
12,0,34,5,9530,77,0,25,4,1,1,45,240.175,0
0,0,23,0,0,0,10,0,4,1,2,45,25.0,0
6,0,41,0,2126,12,11,0,3,2,1,45,270.431,1
0,0,21,0,2860,52,0,19,3,1,1,30,116.48,0
0,1,38,0,2512,37,10,0,2,1,1,25,124.158,1
0,0,22,0,830,22,175,4,2,2,1,25,825.84,0
34,0,36,0,3036,22,28,2,2,1,2,25,121.473,1
1,1,36,0,6123,75,33,0,2,1,2,30,91.524,1
11,0,40,1,6223,101,14,14,3,1,1,30,308.96,0
4,0,28,1,3175,41,47,0,4,1,1,30,112.655,1
15,0,37,2,9360,124,146,43,3,1,1,30,963.36,0
2,0,35,0,4095,71,0,19,3,1,1,30,166.64,0
11,0,43,1,2845,53,303,25,3,1,1,30,1327.92,0
0,0,41,0,2066,4,25,10,2,1,1,25,93.733,1
0,0,34,0,6059,51,21,4,2,1,2,25,135.14,1
17,0,32,2,1530,44,34,16,2,1,1,25,223.83,0
1,0,45,0,1033,51,25,33,2,1,1,30,300.699,1
9,0,13,0,8817,166,75,41,4,1,1,45,412.075,0
0,0,34,0,1363,19,0,4,3,1,1,30,55.28,0
8,0,42,0,4325,75,13,21,3,1,1,30,228.0,0
7,0,42,2,2053,33,17,12,4,1,1,45,94.65,0
7,1,30,0,2990,35,1,15,2,1,2,25,140.625,1
0,0,35,0,7203,121,377,41,2,1,1,25,2026.08,0
5,0,39,0,1180,20,7,13,2,1,2,25,85.5,0
17,0,35,2,9340,125,141,41,3,1,1,30,942.6,0
24,0,40,4,10130,138,159,45,3,1,1,30,1046.72,0
3,0,36,0,4065,65,0,15,2,1,1,25,185.85,0
5,0,33,0,920,10,7,7,2,1,2,25,73.35,0
11,0,15,0,6087,135,78,40,1,2,1,15,771.21,0
2,0,31,0,1585,42,28,16,3,1,2,30,177.08,0
20,0,39,3,9610,128,160,48,3,1,1,30,1029.52,0
9,0,44,2,2778,66,19,39,2,1,1,25,213.48,0
4,0,36,0,13658,164,2,45,3,1,1,30,560.88,0
12,0,45,0,2616,29,34,6,4,1,1,30,242.427,1
7,0,24,1,1955,36,43,20,3,1,1,30,251.64,0
18,0,36,0,5591,22,8,3,3,1,2,30,336.099,1
5,0,38,0,471,0,66,0,3,1,2,25,25.649,1
0,0,37,0,0,0,0,0,2,1,2,25,0.0,0
8,0,29,0,1957,0,29,5,3,1,1,25,87.443,1
17,0,40,1,4693,73,17,40,1,1,1,15,355.63,0
13,0,40,1,6413,102,23,17,3,1,1,30,352.6,0
0,0,33,0,2610,13,465,1,3,1,1,30,1964.92,0
0,1,31,0,332,0,11,10,2,1,2,45,0.0,1
2,1,43,0,629,71,27,4,3,1,2,30,223.572,1
14,0,31,0,2040,21,23,14,4,1,2,30,0.0,1
8,0,33,1,6763,71,100,33,2,1,1,25,757.53,0
0,1,36,0,1140,26,27,0,2,1,2,25,76.967,1
23,0,45,0,510,53,1,0,3,1,2,25,97.05,1
7,0,32,0,15485,176,142,29,2,1,1,25,1343.745,0
35,0,39,5,16640,254,22,88,2,2,1,25,859.23,0
2,1,30,0,1929,0,29,0,3,1,2,25,284.996,1
16,0,36,0,14235,209,26,15,3,1,1,30,681.76,0
0,0,30,1,6600,107,259,29,2,2,1,25,1467.315,0
7,1,39,0,0,33,40,5,2,1,2,45,309.762,1
0,0,36,0,2088,52,0,31,1,1,1,15,117.7,0
18,0,33,1,3724,0,10,16,3,1,2,30,222.299,1
6,0,25,0,395,19,3,5,2,1,2,25,32.13,0
0,1,45,0,2632,53,72,2,2,2,2,45,236.432,1
11,1,40,4,7225,126,286,39,3,2,1,30,1438.04,0
4,0,28,0,3405,69,19,28,3,1,1,30,214.96,0
18,0,26,2,15590,224,0,73,2,1,1,25,711.63,0
5,1,14,0,957,28,73,33,3,1,2,45,266.909,1
0,0,25,0,1010,30,186,9,2,2,1,25,883.8,0
9,0,41,0,15440,186,158,34,2,1,1,25,1414.17,0
3,0,35,0,1742,37,42,0,4,1,1,25,103.519,1
0,0,34,0,0,0,0,0,3,1,2,30,0.0,1
12,0,37,3,7318,85,129,52,2,1,1,25,913.635,0
17,0,33,0,1085,33,27,13,3,1,2,30,152.72,0
5,0,38,0,438,8,7,4,3,1,2,30,45.84,1
9,0,28,1,1873,45,37,70,5,1,1,55,84.27,0
14,1,37,0,3295,47,16,18,3,1,2,30,197.68,1
0,0,33,0,2650,22,25,16,3,1,1,30,206.88,0
11,0,39,0,6108,95,7,10,2,1,1,25,310.635,0
0,0,7,0,4275,35,217,11,3,1,1,30,1040.4,0
16,1,39,0,2690,0,41,4,4,1,1,25,12.547,1
11,0,31,0,831,43,34,5,4,1,2,45,472.388,1
0,0,7,0,4085,34,208,8,3,1,1,30,996.76,0
26,0,38,9,10740,99,8,44,5,2,1,55,174.585,0
3,0,39,1,935,17,5,13,2,1,1,25,65.34,0
34,0,38,0,2351,23,11,0,2,2,1,25,120.823,1
0,1,7,0,2749,15,22,7,2,1,2,30,100.77,1
5,0,40,0,305,6,7,2,2,1,2,25,45.495,0
36,0,41,5,16155,242,69,34,3,2,1,30,931.88,0
7,0,26,0,3167,1,0,43,4,1,1,30,155.879,1
1,0,39,1,564,0,204,4,2,1,2,25,37.203,1
0,0,29,0,5935,70,164,18,3,1,1,30,896.2,0
3,0,33,0,3713,52,0,28,1,1,1,15,207.075,0
0,0,32,0,1851,43,7,0,4,1,2,25,204.077,1
32,1,31,0,861,92,52,31,3,1,1,25,78.274,1
14,0,40,2,3145,62,187,27,2,1,1,25,985.815,0
0,0,31,0,5613,83,0,9,2,1,1,25,256.32,0
2,0,25,0,3225,61,8,23,3,1,1,30,163.44,0
4,0,38,1,3095,27,483,8,3,1,1,30,2056.88,0
10,1,43,3,2496,100,0,11,4,1,2,25,205.343,1
6,0,36,1,3145,28,7,16,3,1,1,30,154.92,0
25,0,32,4,16190,244,32,84,2,2,1,25,883.53,0
1,0,26,0,2820,56,0,25,3,1,1,30,115.04,0
3,0,40,1,4290,79,5,27,3,1,1,30,194.76,0
3,1,3,0,2571,17,42,24,5,1,1,25,404.596,1
26,0,39,3,386,34,23,0,4,1,2,25,118.78,1
3,0,35,0,1950,2,38,0,2,1,2,45,35.975,1
1,1,45,0,1075,26,12,2,3,1,2,30,207.227,1
3,0,39,0,990,19,0,10,2,1,2,25,45.405,0
1,0,44,1,300,96,34,0,3,1,2,30,175.326,1
0,0,25,0,1378,39,55,70,4,1,1,45,172.925,0
4,0,40,0,4145,67,8,19,2,1,1,25,225.54,0
13,1,42,0,3474,5,14,2,4,1,1,45,28.839,1
7,0,39,2,4138,94,41,34,3,1,1,30,333.28,0
21,0,14,0,1541,20,33,0,3,1,2,25,246.156,1
7,0,12,2,2773,43,21,15,3,1,1,30,196.64,0
4,1,44,3,1921,7,4,0,2,2,2,25,93.694,1
9,0,40,2,3400,33,490,10,3,1,1,30,2097.32,0
23,0,28,3,15895,230,0,75,2,1,1,25,725.625,0
10,0,39,0,15190,178,136,17,2,1,1,25,1303.56,0
32,0,38,5,16380,250,15,83,2,2,1,25,815.85,0
2,0,36,0,13468,163,0,42,3,1,1,30,545.24,0
11,1,35,0,3180,42,18,19,3,1,2,30,200.88,1
2,0,21,0,6123,59,35,3,2,1,2,25,228.556,1
1,0,35,0,4937,73,10,4,2,1,2,30,191.889,1
0,0,35,0,1170,18,14,24,2,1,2,25,116.46,0
10,0,34,1,4243,62,7,31,2,1,1,25,225.225,0
10,0,40,1,13833,172,5,46,3,1,1,30,580.2,0
0,1,44,0,1937,42,1,3,2,1,2,25,82.399,1
6,0,35,1,8620,114,128,38,3,1,1,30,861.36,0
7,1,33,1,430,44,8,26,2,2,1,30,103.596,1
5,0,23,0,920,26,12,11,2,1,1,25,96.57,0
0,0,40,0,433,11,39,8,3,1,2,30,173.76,0
10,0,16,3,1792,31,15,10,3,1,1,30,132.92,1
2,1,38,1,1767,11,8,35,3,1,1,45,840.569,1
0,0,35,0,6195,80,179,24,3,1,1,30,967.0,0
7,0,35,0,2338,55,361,25,2,1,1,25,1732.185,0
16,0,28,0,353,30,17,0,4,1,1,30,18.049,1
2,0,43,0,1657,50,26,22,3,1,2,30,485.739,1
7,0,32,0,4526,29,204,14,2,1,2,30,394.529,1
32,1,3,1,2701,0,0,34,3,1,1,55,206.131,1
7,0,9,0,8673,161,58,34,4,1,1,45,365.85,0
30,1,41,0,2770,41,27,1,2,1,2,30,52.419,1
30,1,39,0,169,63,0,31,2,1,2,30,14.687,1
12,0,34,2,6113,102,40,37,2,1,1,25,459.675,0
33,0,3,0,1169,42,40,29,4,1,1,25,129.362,1
15,0,39,0,2948,65,16,17,3,1,2,30,184.52,0
10,0,14,0,1893,34,14,9,3,1,1,45,247.969,1
28,0,43,0,3450,23,20,9,3,1,1,30,409.717,1
5,0,37,0,5221,65,55,0,4,1,2,25,136.797,1
9,1,41,0,4194,58,40,3,3,1,1,45,527.838,1
8,0,25,0,585,20,12,8,2,1,2,25,81.225,0
8,0,15,3,4775,48,232,16,3,1,1,30,1120.92,0
6,1,10,0,496,11,87,15,3,1,2,25,173.854,1
1,0,45,0,4226,45,40,23,3,1,2,30,176.259,1
0,0,34,0,6493,110,352,41,2,1,1,25,1881.135,0
2,0,45,1,930,1,35,0,3,1,2,30,341.827,1
0,0,41,0,1486,20,29,4,3,1,2,45,152.744,1
5,0,41,0,2573,66,13,38,1,1,1,15,216.645,0
11,0,41,2,7873,136,396,47,3,1,1,30,1904.36,0
0,0,35,0,6603,111,356,26,2,1,1,25,1904.13,0
5,0,6,1,4695,40,214,11,3,1,1,30,1045.4,0
11,0,39,2,6778,78,113,39,2,1,1,25,817.02,0
3,0,32,2,6850,111,273,34,2,2,1,25,1541.745,0
0,0,35,0,958,14,0,6,3,1,1,30,38.88,0
19,0,43,4,9500,129,161,49,3,1,1,30,1029.16,0
0,0,13,1,1837,28,0,17,3,1,1,30,74.6,0
5,0,40,0,2098,54,7,20,2,1,1,25,128.34,0
1,0,36,0,5613,89,0,10,2,1,1,25,256.59,0
16,0,46,2,6483,111,29,20,3,1,1,30,379.76,0
4,0,39,2,3046,57,29,6,3,1,2,30,116.717,1
1,0,37,0,3805,72,0,25,3,1,1,30,155.08,0
9,0,41,0,2568,55,37,0,3,1,2,25,293.902,1
12,0,36,1,4595,75,7,15,3,1,1,30,214.8,0
6,0,15,2,1258,32,31,0,4,1,1,25,451.208,1
0,0,30,0,0,0,0,0,2,1,2,25,0.0,1
4,0,39,0,3898,90,13,33,2,1,1,25,237.96,0
11,0,42,2,3405,38,22,22,4,1,1,45,141.075,0
3,1,40,0,947,38,46,9,3,1,1,25,0.0,1
20,0,36,2,14835,219,47,30,3,1,1,30,790.16,0
0,0,41,0,0,0,8,0,2,1,2,25,36.0,1
2,1,45,0,2034,30,7,7,2,1,1,25,916.894,1
6,0,36,0,935,18,10,6,3,1,2,30,78.12,0
5,0,33,1,7553,123,376,39,2,1,1,25,2037.42,0
0,0,36,1,338,4,4,2,5,1,1,55,11.13,0
5,0,45,0,1771,18,51,10,4,1,1,25,186.397,1
4,0,39,0,918,15,28,19,3,1,2,30,149.32,0
13,0,43,2,3085,65,190,26,3,1,1,30,886.0,0
0,1,31,0,1220,11,6,1,3,1,1,25,48.95,1
13,1,35,0,3590,51,30,31,3,1,2,30,265.64,1
6,1,24,1,2799,45,10,26,3,1,2,25,295.196,1
0,0,39,0,585,16,17,11,2,1,2,25,103.545,0
21,0,5,2,1291,0,31,1,4,1,2,45,453.106,1
12,0,39,4,7405,102,214,43,3,1,1,30,1156.28,0
4,0,33,0,2685,35,2,14,2,1,2,25,131.4,1
3,0,32,1,2324,3,29,4,3,1,1,30,11.06,1
17,1,40,0,211,11,32,5,4,1,1,45,419.196,1
4,0,40,3,896,43,20,4,3,1,2,25,236.695,1
14,1,35,0,1445,13,30,3,3,1,2,25,460.295,1
9,0,38,1,4705,84,11,28,3,1,1,30,235.56,0
28,0,37,1,2586,50,57,0,3,1,1,30,44.181,1
2,0,32,0,2450,9,52,31,2,1,1,25,464.541,1
6,1,44,0,158,47,35,4,3,1,2,25,55.434,1
11,0,29,0,1840,27,36,5,4,1,2,45,136.675,0
22,1,35,0,724,11,4,6,3,1,2,45,54.727,1
2,1,10,1,1082,14,0,9,3,1,1,30,43.84,1
9,0,25,2,2000,38,43,17,3,1,1,30,253.52,0
16,0,39,3,9230,126,142,42,3,1,1,30,942.24,0
3,0,23,1,791,28,25,10,3,1,2,30,42.184,1
0,0,30,0,1828,42,0,25,1,1,1,15,102.85,0
8,1,31,0,2037,10,47,0,2,1,2,45,148.899,1
28,1,37,0,1410,28,9,15,3,1,1,30,0.0,1
12,0,38,2,8710,116,126,45,3,1,1,30,857.04,0
30,1,12,1,5084,56,3,17,3,1,1,30,102.096,1
11,0,34,1,3820,78,24,24,3,1,1,30,251.92,0
10,0,27,1,2278,50,38,68,4,1,1,45,153.2,0
3,0,41,0,1626,41,16,9,3,1,1,45,127.659,1
10,1,38,0,2571,100,22,27,2,1,1,25,434.651,1
2,0,13,1,4345,44,223,14,3,1,1,30,1067.56,0
5,0,32,1,305,6,7,2,3,1,1,30,40.44,0
4,0,43,0,1948,16,8,20,3,2,2,30,463.492,1
3,0,13,0,8028,155,45,23,4,1,1,45,317.075,0
20,1,33,0,1198,0,76,0,3,1,2,25,145.522,1
13,0,24,1,1350,30,15,10,2,1,1,25,129.6,0
4,0,31,1,2196,24,26,1,3,1,1,25,161.259,1
1,0,28,2,6705,106,256,27,2,2,1,25,1458.495,0
9,0,23,1,1520,36,33,26,2,1,1,25,218.52,0
15,0,40,2,9295,129,155,48,3,1,1,30,996.96,0
2,0,31,0,2456,43,0,5,2,1,1,25,264.468,1
14,0,31,7,9950,79,0,35,4,1,1,45,250.725,0
28,0,33,4,16135,241,5,82,2,1,1,25,759.42,0
5,0,39,3,758,16,43,8,5,1,1,55,76.11,0
5,0,38,0,305,6,7,2,5,1,1,55,15.165,0
0,0,39,0,0,0,3,0,2,1,2,25,13.5,1
0,0,34,0,0,0,0,0,2,1,2,25,0.0,1
12,1,43,1,2212,51,55,3,4,1,1,30,314.006,1
7,0,29,2,1430,41,191,10,3,2,1,30,822.84,0
15,0,42,0,2418,18,23,0,3,1,1,25,143.365,1
5,1,30,0,5678,66,11,10,2,1,1,25,277.35,1
15,0,45,0,4063,0,7,31,2,1,1,30,230.239,1
14,0,35,1,6223,103,27,22,2,1,1,25,406.17,0
0,0,26,1,1125,36,218,13,2,2,1,25,1033.245,0
3,0,34,0,2720,50,170,21,2,1,1,25,889.65,0
4,0,36,0,733,12,21,17,3,1,2,30,113.8,1
22,0,14,0,2663,48,40,0,2,1,1,45,242.981,1
9,0,37,1,11655,155,20,50,4,1,1,45,345.25,0
17,0,17,1,9237,177,80,42,5,1,1,55,261.21,0
1,1,45,3,2082,68,52,28,3,1,1,45,87.315,1
10,1,11,2,1982,26,16,12,3,1,1,30,144.32,1
2,0,33,0,2088,51,347,20,2,1,1,25,1657.755,0
21,1,33,0,334,17,4,25,2,1,2,25,317.301,1
7,0,40,1,3550,78,35,30,3,1,1,30,285.12,0
14,1,35,0,0,56,47,0,4,1,2,25,321.478,1
14,1,33,0,2475,47,23,16,3,1,2,30,91.741,1
10,1,35,0,2673,49,35,29,3,1,2,30,248.88,1
23,0,38,3,14895,222,52,32,3,1,1,30,812.68,0
7,0,33,3,7385,107,35,37,5,1,1,55,164.88,0
0,1,40,0,4595,1,57,4,4,1,1,25,71.948,1
0,0,36,0,0,0,0,0,2,1,2,25,0.0,0
6,0,38,3,6920,120,279,37,2,2,1,25,1572.3,0
3,0,38,0,13173,159,0,29,3,1,1,30,533.28,0
8,0,17,0,8708,167,76,42,4,1,1,45,411.875,0
12,0,38,1,4443,69,7,35,1,1,1,15,286.66,0
4,0,38,1,3095,27,483,8,3,1,1,30,2056.88,0
14,0,41,0,1866,0,1,4,3,1,2,25,451.983,1
29,1,41,0,2065,0,22,20,3,1,2,25,249.837,1
25,0,27,3,16120,234,7,76,2,1,1,25,767.43,0
10,1,3,2,1811,0,11,0,3,1,2,45,219.983,1
13,0,29,4,2220,52,221,28,3,2,1,30,974.88,0
0,0,28,0,0,0,0,0,3,1,2,30,0.0,1
0,0,41,0,2088,58,3,32,2,1,1,25,110.07,0
14,0,42,2,11950,168,29,54,4,1,1,45,375.45,0
26,0,41,1,0,62,42,0,2,1,2,25,133.948,1
9,0,41,0,3757,35,20,4,2,1,1,25,452.17,1
7,0,42,0,485,14,18,7,2,1,2,25,103.455,1
0,0,35,0,5813,59,80,20,2,1,1,25,624.24,0
16,1,43,0,2574,65,34,2,3,1,2,25,0.0,1
7,0,23,0,1873,39,29,69,4,1,1,45,120.3,0
6,0,33,0,2532,55,4,0,2,1,1,30,124.26,1
8,0,29,0,178,56,4,0,3,1,1,45,118.251,1
0,0,16,0,1635,23,23,12,2,1,1,25,178.11,0
15,0,17,1,9047,176,71,39,5,1,1,55,244.845,0
7,0,20,1,2000,32,35,16,3,1,1,30,221.28,0
16,0,38,2,5878,101,31,26,2,1,1,25,408.555,0
5,0,11,2,4450,43,220,12,3,1,1,30,1059.72,0
2,0,36,0,13468,163,0,42,3,1,1,30,545.24,0
6,0,25,2,3825,71,29,38,3,1,1,30,271.84,0
8,0,41,1,2153,39,18,13,4,1,1,45,99.8,0
16,0,17,1,6392,141,85,42,2,2,1,25,676.485,0
4,1,40,1,0,66,24,0,3,1,2,55,513.811,1
6,0,45,0,703,13,24,10,3,1,2,30,124.64,0
7,0,36,1,2618,62,7,31,2,1,1,25,152.1,0
10,0,25,0,1393,31,0,0,3,1,2,30,369.992,1
20,0,32,0,3142,6,0,1,3,1,1,30,344.62,1
10,0,33,6,9420,76,0,40,4,1,1,45,237.4,0
26,0,42,4,15220,227,64,36,3,2,1,30,873.88,0
0,1,38,0,130,52,33,34,3,1,1,30,63.144,1
19,1,37,0,1795,0,35,1,3,1,1,45,149.112,1
1,0,28,0,3102,58,30,0,3,1,1,45,430.209,1
9,0,39,2,8890,117,147,45,3,1,1,30,948.28,0
4,0,41,2,6580,88,196,30,3,1,1,30,1050.72,0
11,0,23,0,745,21,7,3,2,1,2,25,65.97,0
4,0,35,0,1818,42,0,11,3,1,2,30,74.4,0
10,1,40,0,1221,11,18,0,2,1,2,30,155.68,1
7,0,31,2,0,39,10,10,4,1,2,25,162.114,1
20,1,32,1,662,61,6,0,2,1,2,30,286.861,1
0,0,36,0,3610,67,0,8,3,1,1,30,147.08,0
13,1,6,0,1777,34,30,6,2,1,1,30,26.873,1
4,0,33,0,1973,25,0,7,3,1,1,30,79.92,0
4,0,27,1,1683,45,62,72,5,1,1,55,118.92,0
10,0,34,1,3005,57,172,21,2,1,1,25,911.79,0
5,0,37,1,305,6,7,2,5,1,1,55,15.165,0
0,0,36,0,2615,18,3,16,3,1,1,30,117.32,0
1,1,12,2,1679,63,11,22,2,1,2,25,36.181,1
15,0,40,3,6823,111,35,29,3,1,1,30,417.36,0
6,0,40,0,15180,182,151,29,2,1,1,25,1370.79,0
3,1,36,0,1164,53,49,4,3,1,2,25,0.0,1
0,0,43,0,587,80,66,0,2,1,2,30,394.997,1
2,0,36,1,11275,154,36,49,4,1,1,45,375.725,0
8,0,11,1,1935,0,71,0,3,1,2,25,0.0,1
6,1,36,1,0,33,32,20,4,1,2,30,145.391,1
25,1,14,0,1121,15,25,28,2,1,2,25,310.446,1
4,0,33,0,2600,45,164,18,2,1,1,25,857.025,0
0,0,41,1,3361,48,21,29,2,1,2,30,227.885,1
27,0,38,3,15385,228,56,32,3,1,1,30,848.52,0
0,0,40,0,0,0,0,0,3,1,2,30,0.0,0
8,0,30,0,6118,50,14,2,4,1,2,45,48.417,1
0,0,37,0,0,0,0,0,3,1,2,30,0.0,1
0,0,22,0,210,15,0,11,2,1,1,25,10.125,0
1,0,12,0,7917,154,41,38,4,1,1,45,304.275,0
6,0,40,0,2735,57,183,27,2,1,1,25,949.14,0
5,0,42,0,888,17,24,10,4,1,2,45,82.625,1
0,0,8,0,777,8,0,7,3,1,1,30,31.4,1
30,0,45,0,3858,5,32,25,3,1,2,25,115.01,1
0,0,35,0,3355,54,0,15,2,1,1,25,153.405,0
0,0,37,0,520,14,38,10,3,1,2,30,173.36,0
9,0,20,1,2190,33,44,19,3,1,1,30,264.92,0
10,0,33,3,1700,44,210,17,3,2,1,30,909.76,0
8,0,36,2,8925,121,169,45,3,1,1,30,1037.84,0
12,1,37,0,3753,50,13,0,3,1,1,45,5.235,1
6,0,39,1,6033,101,39,16,3,1,1,30,401.36,0
15,0,33,0,1979,5,15,1,2,1,2,25,14.753,1
13,0,37,2,9115,121,144,43,3,1,1,30,945.44,0
0,0,37,0,1440,40,41,22,3,1,2,30,223.2,0
3,0,36,0,1780,50,70,24,4,1,2,45,220.75,0
1,0,25,0,1200,31,195,12,2,2,1,25,932.895,0
0,0,37,0,1683,47,0,33,1,1,1,15,95.15,0
13,0,37,0,2493,25,20,22,2,1,1,30,327.318,1
12,0,40,1,14078,175,7,46,3,1,1,30,598.12,0
23,0,19,2,6887,148,101,47,2,2,1,25,771.075,0
21,0,26,0,2758,29,59,7,3,1,1,30,144.417,1
3,1,37,1,4134,6,0,2,3,1,2,30,308.847,1
7,0,11,2,4695,46,222,12,3,1,1,30,1077.64,0
14,0,42,0,2463,0,53,0,4,1,2,25,122.24,1
14,0,35,3,1880,52,215,19,3,2,1,30,937.28,0
11,0,17,1,3177,27,33,13,4,1,1,30,218.226,1
8,1,45,0,2069,57,15,1,2,1,2,45,361.364,1
9,0,40,0,2223,48,42,35,3,1,2,30,258.84,1
27,1,33,0,1555,57,37,32,3,1,2,30,212.48,1
14,1,44,0,2498,64,23,23,3,1,2,30,194.48,0
0,0,35,0,3500,66,0,23,3,1,1,30,142.64,0
20,1,12,0,3808,2,0,0,4,1,1,25,144.371,1
0,0,38,0,128,5,32,6,3,1,2,30,133.32,0
19,0,19,5,3867,62,46,21,3,1,1,30,341.16,0
2,0,41,0,628,13,17,5,4,1,2,45,58.525,1
5,0,36,0,3795,67,14,5,3,1,1,30,87.838,1
15,1,37,0,2978,55,42,31,3,1,2,30,289.32,1
7,0,10,1,4580,40,190,8,3,1,1,30,944.8,0
0,1,28,3,2905,29,24,0,2,1,1,25,171.971,1
5,0,10,0,8448,157,55,33,4,1,1,45,352.625,0
11,0,24,0,1630,37,20,11,2,1,1,25,165.015,0
4,0,41,0,890,22,24,13,3,1,2,30,132.48,0
9,0,27,0,1758,39,7,66,4,1,1,45,62.425,0
0,0,30,0,372,52,27,0,4,1,2,30,315.039,1
3,0,38,2,453,9,2,1,5,1,1,55,9.93,0
0,0,35,0,7393,122,386,44,2,1,1,25,2075.175,0
13,0,18,4,3157,51,38,21,3,1,1,30,280.32,0
3,0,32,0,4110,61,0,11,2,1,1,25,187.695,0
3,0,9,1,1488,19,0,7,3,1,1,30,60.28,1
11,0,37,1,15730,185,152,30,2,1,1,25,1400.175,0
7,1,33,0,2238,48,0,16,3,1,2,30,91.44,0
1,0,35,0,2590,53,200,25,2,1,1,25,1018.935,0
22,1,35,0,3794,50,7,12,2,1,2,25,163.608,1
2,0,25,0,2820,13,10,31,3,1,1,30,305.463,1
2,0,36,0,1743,47,0,12,3,1,2,30,71.6,0
0,0,37,0,1263,20,0,8,4,1,1,45,32.075,0
13,0,38,3,9230,127,176,47,3,1,1,30,1078.28,0
1,0,37,0,3313,77,0,30,3,1,1,30,135.6,0
2,0,33,0,1753,40,0,10,3,1,2,30,71.72,0
3,0,10,2,2593,35,16,13,3,1,1,30,169.12,0
18,0,20,1,6573,149,96,47,2,2,1,25,734.49,0
0,0,37,0,770,52,45,8,2,1,1,30,468.148,1
15,0,41,2,4618,78,40,41,1,1,1,15,478.28,0
9,0,32,0,0,67,11,5,2,1,2,25,438.784,1
22,0,41,3,4790,99,47,30,3,1,1,30,383.56,0
3,1,35,0,6123,53,22,3,2,1,2,30,216.247,1
19,0,20,1,9418,185,91,47,5,1,1,55,280.545,0
10,0,42,2,6985,100,204,33,3,1,1,30,1099.4,0
19,0,37,0,1856,6,33,5,3,1,1,30,427.209,1
0,0,34,0,1363,19,0,4,3,1,1,30,55.28,0
6,0,35,1,3654,29,73,18,2,1,2,45,191.568,1
13,0,40,3,3265,55,313,35,4,1,1,45,865.5,0
2,0,15,2,2142,34,6,19,3,1,1,30,111.04,0
1,0,32,0,2077,20,30,6,3,1,2,30,351.262,1
12,0,40,1,14078,175,7,46,3,1,1,30,598.12,0
30,0,33,4,16380,244,7,82,2,2,1,25,779.58,0
10,0,35,0,1230,10,6,35,3,1,1,30,12.389,1
0,0,36,0,2278,53,4,34,1,1,1,15,150.205,0
8,0,17,4,2968,51,63,23,3,2,1,30,372.76,0
1,1,45,1,617,27,30,48,2,1,2,30,34.5,1
1,1,32,0,2051,0,30,4,3,1,2,30,521.424,1
1,0,31,0,11080,146,0,41,3,1,1,30,449.04,0
20,0,15,1,6618,145,82,40,2,2,1,25,673.335,0
9,0,38,1,8218,138,392,43,3,1,1,30,1902.24,0
9,0,38,0,1848,4,14,2,4,1,2,25,141.171,1
16,0,31,2,1610,40,36,19,2,1,1,25,236.25,0
7,0,46,0,623,17,22,7,3,1,2,30,113.6,0
21,1,33,0,710,44,14,17,2,1,1,25,96.93,1
13,0,45,3,7065,102,208,34,4,1,1,45,699.175,0
0,0,9,0,3790,30,194,23,3,1,1,30,928.8,0
34,0,41,0,1557,52,12,0,2,1,2,25,275.476,1
10,0,40,3,7090,109,29,25,5,1,1,55,151.485,0
13,0,35,0,0,7,32,22,2,1,1,45,187.047,1
0,1,45,1,1608,69,13,0,3,1,2,25,163.532,1
3,1,34,3,1661,9,38,1,2,1,1,25,118.581,1
15,0,36,1,4000,86,29,26,3,1,1,30,279.44,0
4,1,37,0,5618,17,17,36,3,1,2,45,285.8,1
18,1,40,0,2078,2,63,5,3,2,1,25,398.505,1
21,0,37,9,10550,99,33,46,5,1,1,55,209.235,0
5,1,9,1,1733,22,7,7,3,1,1,30,98.2,1
4,0,31,0,3470,70,17,25,2,1,1,25,235.8,0
10,0,32,2,1953,47,47,74,5,1,1,55,100.5,0
0,0,34,0,0,0,0,0,4,1,2,45,0.0,1
4,0,35,0,8210,105,116,26,3,1,1,30,796.6,0
0,0,30,0,1827,43,6,0,3,1,2,45,314.39,1
0,0,35,0,1223,37,0,15,3,1,2,30,50.4,0
10,0,39,0,2393,50,38,9,3,1,2,30,0.0,1
14,0,23,1,1450,36,16,11,2,1,1,25,138.87,0
0,0,33,0,1605,41,33,18,3,1,2,30,197.84,0
13,0,28,3,2473,55,58,85,5,1,1,55,124.92,0
24,0,15,0,3774,46,26,26,3,1,2,30,240.028,1
0,0,35,0,290,2,0,2,2,1,2,25,13.14,0
0,0,33,0,1253,27,2,29,3,1,2,30,59.2,1
18,0,40,4,9535,133,183,49,3,1,1,30,1118.72,0
4,0,37,0,3181,21,15,15,4,1,2,25,69.85,1
0,1,36,0,1068,34,33,9,3,1,2,30,51.062,1
0,1,25,0,1010,30,186,9,2,2,1,25,883.8,1
1,0,38,0,6123,4,37,23,3,1,1,25,63.395,1
0,0,3,0,0,4,17,0,2,1,1,45,227.451,1
9,0,38,0,1533,23,37,21,4,1,2,45,131.4,1
0,0,31,0,2503,11,14,0,3,1,2,45,256.191,1
28,0,41,9,10920,107,19,49,5,2,1,55,193.905,0
13,0,40,1,4675,77,12,19,3,1,1,30,238.08,0
0,0,37,0,342,38,32,3,3,1,2,25,395.766,1
0,1,35,0,3129,0,61,13,3,1,1,30,61.074,1
0,0,23,0,2730,54,0,18,3,1,1,30,111.36,0
2,0,36,0,0,48,13,0,4,1,1,25,119.813,1
22,0,12,0,3197,6,11,2,2,1,2,25,55.73,1
5,1,39,0,3366,14,15,18,3,1,2,25,123.233,1
0,0,33,0,6185,87,0,7,4,1,1,45,156.8,0
4,1,42,0,938,18,31,0,3,1,2,30,483.113,1
3,0,39,0,5793,97,11,15,2,1,1,25,314.55,0
27,1,44,0,625,61,59,0,3,1,2,25,219.465,1
9,0,28,0,1730,26,49,20,4,1,2,45,166.4,0
5,0,23,0,920,26,12,11,2,1,1,25,96.57,0
0,1,38,1,2808,5,16,23,3,1,1,30,315.075,1
1,0,36,0,5613,89,0,10,2,1,1,25,256.59,0
2,1,41,0,4260,16,10,5,2,1,2,25,247.306,1
0,0,24,0,1263,33,23,66,4,1,1,45,89.9,0
0,0,24,0,520,4,14,1,4,1,2,45,48.1,0
5,1,35,0,305,6,7,2,3,1,2,30,40.44,1
14,0,33,0,975,13,40,12,2,1,2,25,145.806,1
9,0,37,0,8515,111,123,28,3,1,1,30,837.04,0
2,1,34,0,4585,30,204,6,3,2,1,25,251.666,1
1,0,42,0,2349,73,41,3,4,1,2,45,18.936,1
14,0,30,0,1132,35,13,0,3,1,2,30,397.196,1
7,1,40,0,3483,2,8,39,3,1,2,30,182.235,1
5,1,34,0,224,15,63,18,2,1,2,25,362.497,1
4,0,31,0,3145,22,0,15,3,1,1,30,126.68,0
0,0,35,0,0,0,0,0,2,1,2,25,0.0,0
7,0,43,0,438,14,15,5,3,1,2,30,78.08,1
5,0,37,0,1644,53,31,13,2,1,1,30,230.013,1
0,0,26,0,635,9,12,1,4,1,2,45,46.1,0
3,0,25,2,1610,40,207,24,2,2,1,25,1005.75,0
0,0,37,0,2203,58,27,35,2,1,1,25,223.245,0
19,0,33,0,3564,31,0,8,3,1,2,25,2.219,1
5,0,9,1,1677,20,9,10,3,1,1,30,103.88,1
28,0,40,4,15200,228,59,34,3,1,1,30,853.12,0
16,0,44,2,15790,194,165,33,3,1,1,30,1299.36,0
8,1,41,0,2864,9,6,1,2,1,1,30,163.467,1
6,0,38,0,1585,25,8,11,2,1,2,25,108.45,0
2,0,9,1,4390,40,215,10,3,1,1,30,1037.2,0
4,0,34,0,2070,49,39,18,3,1,2,30,240.76,0
0,0,36,0,1609,31,0,13,3,1,2,30,158.26,1
32,0,43,4,15625,239,72,39,3,1,1,30,922.56,0
9,0,31,3,7270,116,270,34,2,2,1,25,1547.37,0
0,0,34,0,2028,49,0,29,1,1,1,15,114.235,0
10,0,38,0,4198,66,1,35,1,1,1,15,240.02,0
14,0,38,5,7330,125,283,37,3,2,1,30,1430.2,0
0,0,35,0,815,11,0,9,2,1,2,25,37.17,0
6,0,42,0,1549,40,40,2,3,1,2,30,310.944,1
17,1,37,1,3568,43,17,6,2,1,2,25,75.506,1
15,0,30,3,2330,53,208,13,3,2,1,30,927.32,0
8,1,40,2,993,16,21,8,4,1,1,45,77.725,1
0,0,31,1,5950,99,239,31,2,2,1,25,1347.705,0
18,1,31,0,650,41,9,15,2,1,2,25,71.595,1
0,0,40,0,4085,32,25,0,3,1,1,45,351.51,1
2,0,38,0,710,14,13,8,3,1,2,30,80.96,0
0,0,37,0,0,0,0,0,2,1,2,25,0.0,1
21,0,32,0,1378,6,13,11,2,1,2,45,279.921,1
16,0,39,1,15980,189,166,35,2,1,1,25,1474.605,0
12,0,40,1,14078,175,7,46,3,1,1,30,598.12,0
7,1,35,0,3414,27,85,0,2,1,1,25,98.715,1
16,0,43,0,2294,12,16,0,2,1,2,45,15.483,1
0,0,33,0,0,0,0,0,2,1,2,25,0.0,0
3,1,30,0,3073,24,77,0,3,1,2,45,231.202,1
0,1,38,0,2855,100,10,0,2,1,2,25,82.925,1
3,1,35,0,3304,0,26,1,2,1,2,25,126.386,1
8,0,38,3,3695,37,504,23,3,1,1,30,2165.28,0
3,1,41,0,2035,10,55,24,4,1,1,30,312.66,1
0,0,18,1,132,38,41,16,3,1,1,30,987.255,1
4,0,35,0,15180,176,143,28,2,1,1,25,1334.52,0
1,0,32,2,321,23,45,27,3,1,1,45,8.633,1
0,0,32,0,875,8,0,10,2,1,2,25,39.735,0
15,0,17,1,8993,174,78,42,5,1,1,55,254.505,0
5,0,19,3,2547,45,32,18,3,1,1,30,231.68,0
11,0,37,0,1102,9,204,27,3,1,1,25,289.524,1
0,1,31,1,1040,26,17,5,2,1,2,45,200.317,1
5,1,32,0,5453,89,14,20,2,1,1,25,312.39,1
1,1,43,0,6123,63,16,8,3,1,1,30,11.185,1
1,0,27,0,1226,62,9,17,2,1,1,30,79.185,1
10,0,23,0,620,23,0,3,2,1,2,25,28.935,0
4,0,34,0,1963,38,27,29,3,1,2,30,188.04,1
13,0,29,0,5789,14,24,5,2,1,2,30,0.0,1
15,0,39,1,2758,66,366,26,3,1,1,30,1576.96,0
33,0,16,0,1721,26,26,0,2,1,1,25,68.565,1
9,0,33,0,238,18,38,1,2,1,2,30,95.829,1
15,0,27,1,1530,38,26,15,2,1,1,25,187.56,0
13,0,43,2,3775,88,40,29,3,1,1,30,314.52,0
14,0,46,2,2925,55,307,26,4,1,1,45,842.0,0
6,0,36,0,2780,53,175,23,2,1,1,25,914.985,0
7,0,35,1,3550,33,8,14,3,1,1,30,175.32,0
11,1,33,0,6123,17,1,13,2,1,1,55,242.224,1
13,0,40,3,7138,87,147,43,3,1,1,30,877.0,0
1,0,32,0,3638,80,0,24,2,1,1,25,167.31,0
5,0,28,0,1130,16,28,5,4,1,2,45,98.65,0
6,0,35,4,7080,122,303,37,3,2,1,30,1500.08,0
0,0,15,0,1515,18,17,9,2,1,1,25,145.485,0
2,1,39,0,2759,30,57,6,3,1,2,25,0.0,1
3,0,35,0,4123,87,3,26,2,1,1,25,202.95,0
11,0,38,2,14373,179,21,59,3,1,1,30,666.08,0
0,0,33,0,1035,17,9,30,4,1,1,30,110.135,1
7,0,38,0,4726,43,18,3,3,1,1,45,104.774,1
0,0,26,0,3100,63,12,26,3,1,1,30,174.52,0
4,0,26,0,1200,30,161,7,2,2,1,25,779.85,0
3,0,37,1,6500,86,186,26,3,1,1,30,1007.44,0
9,1,33,0,654,13,16,3,4,1,2,45,75.748,1
10,0,11,0,6008,133,68,36,1,2,1,15,711.755,0
11,0,27,3,4130,77,36,40,3,1,1,30,312.28,0
10,0,37,0,2695,37,7,3,3,1,2,30,137.28,1
0,0,34,0,1438,43,327,22,2,1,1,25,1538.145,0
0,0,36,0,685,14,25,13,2,1,2,25,143.955,0
10,0,39,2,11580,159,9,46,4,1,1,45,315.975,0
16,0,43,0,0,51,6,6,2,1,2,45,126.121,1
0,0,35,0,6385,81,188,27,3,1,1,30,1010.64,0
28,1,34,0,1145,47,7,15,2,1,2,25,85.14,1
0,0,21,0,3295,22,30,1,2,1,1,30,192.298,1
12,1,35,4,7675,127,279,33,3,2,1,30,1428.08,0
0,1,35,0,932,42,3,9,4,1,2,25,340.727,1
0,0,6,0,4335,26,42,28,3,1,1,30,21.204,1
3,0,39,0,1400,2,4,0,2,1,2,25,238.33,1
12,0,36,0,0,0,12,0,4,1,1,45,193.96,1
11,0,37,0,3338,12,23,2,4,1,2,30,358.199,1
5,1,38,0,933,13,16,6,4,1,2,45,63.65,1
3,0,43,1,50,50,1,3,2,1,2,25,0.0,1
29,1,34,0,1665,58,24,17,3,1,2,30,164.92,1
34,1,42,0,706,5,15,0,2,1,2,25,0.0,1
14,0,38,0,15675,182,125,28,2,1,1,25,1276.065,0
10,1,37,0,1115,39,24,0,3,1,2,25,73.847,1
1,0,44,0,1440,52,36,20,3,1,1,25,4.179,1
12,1,34,0,2834,30,6,40,3,1,1,30,219.697,1
0,1,44,0,2520,68,22,1,2,2,1,25,306.564,1
6,0,24,0,280,13,0,1,2,1,2,25,13.185,0
5,1,38,0,1877,23,18,14,2,1,1,25,68.378,1
26,0,38,3,2069,22,7,0,3,1,2,30,258.354,1
19,0,42,3,4140,91,44,32,3,1,1,30,345.24,0
3,0,45,0,2991,39,5,8,2,1,2,30,409.494,1
2,0,28,0,2685,29,0,13,2,1,2,25,122.13,1
2,0,32,2,2368,0,16,0,2,1,2,45,35.686,1
5,0,32,0,1249,64,70,4,3,1,2,30,208.375,1
7,0,29,2,1375,39,198,13,3,2,1,30,848.56,0
0,0,35,0,0,0,0,0,2,1,2,25,0.0,1
0,0,29,0,0,0,0,0,2,1,2,25,0.0,1
7,0,15,2,4650,50,230,16,3,1,1,30,1108.0,0
7,0,26,0,3394,20,15,0,4,1,1,25,249.989,1
18,0,38,0,3173,60,62,48,4,1,2,45,235.825,1
3,0,41,0,6123,43,14,0,2,1,2,25,258.778,1
19,0,40,0,574,0,30,20,3,1,1,25,50.607,1
0,0,36,0,7318,127,409,45,3,1,1,30,1933.8,0
7,0,44,0,803,19,25,11,3,1,2,30,132.88,0
22,0,36,2,15080,222,49,30,3,1,1,30,808.08,0
9,0,38,0,1038,18,28,19,3,1,2,30,154.24,1
20,1,34,2,3381,0,0,0,3,1,2,30,177.116,1
4,1,34,0,1963,38,27,29,3,1,2,30,188.04,1
0,1,34,0,1110,26,18,48,2,1,1,30,65.112,1
32,1,41,0,408,12,0,17,3,1,2,25,256.183,1
7,0,35,0,2745,38,7,16,3,1,1,30,139.32,1
1,1,43,0,398,7,17,8,3,1,2,30,84.2,1
10,0,40,0,2150,58,56,27,3,1,2,30,312.32,0
12,1,44,0,619,44,29,13,3,1,2,25,70.252,1
23,1,42,0,1207,22,64,1,2,1,2,25,309.677,1
2,0,25,2,0,57,22,36,3,1,2,25,106.715,1
3,0,36,2,3390,31,497,21,3,1,1,30,2124.84,0
0,0,36,0,0,0,0,0,5,1,1,55,0.0,0
9,1,34,0,403,8,6,27,4,1,2,25,308.295,1
12,0,36,1,15610,180,146,27,2,1,1,25,1367.55,0
14,1,38,0,2573,50,41,33,4,1,2,45,168.075,1
16,0,27,1,4811,0,26,0,3,1,2,25,126.99,1
9,0,38,1,5593,94,29,26,2,1,1,25,386.415,1
5,0,41,0,4065,71,6,16,3,1,1,30,189.44,0
10,0,38,1,4615,74,7,17,3,1,1,30,215.56,0
2,1,34,0,1717,0,36,0,2,1,2,25,88.372,1
3,0,32,0,1968,46,341,17,2,1,1,25,1625.13,0
4,1,41,2,1146,24,65,25,2,1,1,30,128.64,1
14,0,35,1,2678,64,356,22,3,1,1,30,1533.68,0
0,0,33,0,1170,37,22,15,3,1,2,30,136.28,0
10,0,39,0,3070,43,19,20,3,1,2,30,200.52,1
0,0,43,0,273,9,15,8,2,1,2,25,80.19,0
2,0,39,1,518,12,15,7,5,1,1,55,30.45,0
18,0,21,2,9318,179,90,46,5,1,1,55,277.455,0
6,0,35,0,15370,177,152,31,2,1,1,25,1383.615,0
18,0,29,0,1195,32,26,12,3,1,2,30,153.08,0
0,0,14,0,1330,17,16,10,2,1,1,25,132.615,0
2,0,33,0,2004,0,25,15,4,1,2,30,51.549,1
3,1,35,0,2995,30,1,18,4,1,2,30,430.005,1
1,0,36,0,2300,36,280,16,3,1,1,30,1213.44,0
11,1,28,0,2054,7,7,1,3,1,1,25,107.961,1
17,0,38,0,3494,6,6,15,3,1,2,25,227.029,1
5,0,42,2,6500,92,194,27,3,1,1,30,1039.68,0
19,0,38,0,2727,0,26,2,3,1,2,30,124.353,1
16,0,30,2,3644,11,29,2,2,1,2,30,76.916,1
8,0,37,0,1970,50,45,22,3,1,2,30,260.8,0
4,0,39,2,3210,33,515,12,4,1,1,45,1368.575,0
0,1,38,0,3188,2,32,0,3,1,2,25,180.876,1
10,1,34,1,2454,13,50,7,4,1,2,45,0.0,1
29,0,39,0,3201,9,27,4,2,1,2,30,167.653,1
0,0,34,0,0,0,0,0,5,1,1,55,0.0,0
0,0,32,0,1451,47,204,12,3,1,2,30,350.831,1
0,0,37,1,521,52,20,0,4,1,1,30,228.309,1
11,0,39,0,605,52,40,6,3,1,2,45,0.0,1
0,0,37,0,630,11,0,11,2,1,1,25,28.845,0
11,1,38,0,2428,55,17,20,3,1,2,30,167.32,0
6,0,43,2,3095,33,491,9,4,1,1,45,1305.7,0
1,0,30,0,905,12,31,7,4,1,2,45,100.425,0
0,0,36,0,3528,81,0,25,2,1,1,25,162.405,0
0,0,18,0,1505,25,19,11,2,1,1,25,154.35,0
17,0,27,1,15710,229,0,76,2,1,1,25,717.255,0
0,0,30,0,570,2,0,8,2,1,2,25,25.74,0
14,0,42,2,6283,104,19,16,3,1,1,30,331.48,0
2,1,32,0,3267,16,19,0,4,1,2,25,450.134,1
1,0,30,0,4259,8,0,31,2,1,2,30,154.685,1
21,0,23,2,6653,151,100,48,2,2,1,25,756.18,0
0,0,37,0,223,2,0,6,4,1,2,45,5.625,1
0,1,34,0,0,0,0,0,3,1,2,30,0.0,1
17,0,34,1,6043,102,23,22,2,1,1,25,380.025,0
3,0,36,1,2655,43,299,31,3,1,1,30,1303.92,0
7,0,42,1,3978,92,17,34,3,1,1,30,230.8,0
6,1,34,0,2814,17,164,5,3,1,2,25,390.97,1
8,0,35,2,7090,103,21,24,5,1,1,55,139.395,0
23,0,45,4,9680,137,166,51,3,1,1,30,1056.68,0
33,1,34,0,1364,9,16,1,2,1,2,45,389.522,1
1,0,35,0,1475,43,29,17,3,1,2,30,176.72,0
8,0,30,0,395,25,11,6,3,1,2,30,60.8,0
31,1,31,0,1866,12,32,0,2,2,2,30,100.949,1
18,0,37,1,6008,98,7,22,2,1,1,25,306.27,1
0,0,31,3,2562,39,32,0,2,1,1,30,146.667,1
7,0,31,0,8730,113,127,37,3,1,1,30,861.72,0
18,0,29,2,1590,41,31,17,2,1,1,25,212.895,0
20,0,33,0,5986,63,4,6,3,1,2,45,88.687,1
15,1,45,0,255,22,32,3,3,1,2,45,324.407,1
2,0,38,0,2170,38,276,15,3,1,1,30,1192.32,0
1,0,9,0,378,73,1,14,2,1,1,25,214.605,1
16,0,37,0,2148,25,17,2,3,1,2,30,75.988,1
25,0,34,3,15185,221,46,28,3,1,1,30,800.24,0
8,1,37,0,4573,39,21,5,2,1,1,30,587.551,1
0,1,40,0,2590,44,25,19,3,1,1,30,25.154,1
2,0,42,0,446,31,15,9,5,1,2,30,531.407,1
6,0,38,1,1973,31,7,8,4,1,1,45,67.6,0
1,0,42,0,6123,77,35,40,3,1,1,30,93.308,1
16,0,38,1,3163,71,367,24,3,1,1,30,1597.36,0
27,0,22,3,449,38,9,19,3,1,2,25,33.167,1
20,0,45,2,3018,76,381,32,3,1,1,30,1647.76,0
0,0,30,0,3333,74,0,22,2,1,1,25,153.315,0
0,0,39,0,318,5,7,4,2,1,2,25,46.035,0
11,1,38,0,3170,49,20,21,3,1,2,30,208.76,1
1,1,31,1,2274,9,0,6,4,1,1,45,191.501,1
11,0,39,0,1213,50,38,32,3,1,2,25,0.0,1
12,0,32,0,237,6,70,5,3,1,1,25,82.594,1
5,1,34,3,1259,23,26,4,4,1,2,25,0.0,1
7,0,35,0,0,28,26,16,4,1,2,30,339.837,1
0,0,29,0,1405,34,23,14,3,1,2,30,149.56,0
11,0,40,1,6223,101,14,14,3,1,1,30,308.96,0
10,0,34,0,5703,93,28,25,2,1,1,25,386.82,1
0,0,19,0,1570,28,32,17,2,1,1,25,215.91,0
15,1,41,2,3429,0,14,3,3,1,2,45,49.571,1
32,0,33,0,851,27,2,0,3,1,2,45,412.0,1
6,0,32,0,325,31,32,13,3,1,2,30,85.232,1
8,0,39,0,2960,61,186,28,2,1,1,25,972.945,0
2,0,36,3,6740,112,274,35,2,2,1,25,1541.34,0
5,0,38,2,643,10,11,4,5,1,1,55,26.295,0
20,0,36,0,650,47,17,16,3,1,2,30,95.88,1
17,0,45,0,2335,7,47,3,4,1,2,30,126.767,1
2,1,38,0,2533,11,204,18,2,1,2,45,30.441,1
3,0,40,3,2528,6,36,0,3,1,2,45,0.0,1
17,0,39,2,3795,70,190,25,2,1,1,25,1028.925,0
6,0,41,1,3275,35,494,13,3,1,1,30,2108.4,0
0,0,44,0,915,50,65,0,4,1,1,25,569.755,1
11,0,28,1,2063,46,46,73,5,1,1,55,100.635,0
4,0,9,0,2447,14,37,27,3,1,1,45,18.592,1
9,0,40,1,11645,162,22,52,4,1,1,45,350.175,0
3,0,32,0,1853,46,0,11,3,1,2,30,75.96,0
15,0,37,0,0,94,80,0,3,1,2,30,397.201,1
10,0,44,3,6805,98,201,29,4,1,1,45,675.075,0
0,0,43,3,2123,37,28,1,2,1,1,25,144.211,1
12,0,40,3,11885,166,50,53,4,1,1,45,426.275,0
0,1,36,1,1920,26,43,9,4,1,1,25,66.397,1
2,0,32,0,1584,32,11,3,3,1,2,25,410.858,1
5,1,17,1,4891,17,46,9,4,1,2,45,478.059,1
3,0,31,1,1542,10,21,0,3,1,2,25,112.953,1
14,0,44,2,4755,79,22,23,3,1,1,30,281.36,0
10,1,26,0,1769,61,22,0,3,1,2,45,0.0,1
16,1,37,0,2539,48,11,1,4,1,1,30,455.774,1
8,0,34,0,402,49,9,0,4,1,2,25,0.0,1
0,0,35,0,0,0,0,0,2,1,2,25,0.0,1
4,1,41,3,388,35,39,6,3,1,1,45,172.833,1
12,0,33,1,9035,119,134,39,3,1,1,30,902.16,0
6,0,39,0,1963,44,35,30,3,1,2,30,220.28,1
7,0,42,0,13728,173,8,48,3,1,1,30,588.04,0
0,0,3,0,1103,11,0,1,2,1,1,25,50.13,1
16,1,42,0,3295,53,24,19,3,1,2,30,229.92,1
11,1,44,0,120,39,48,23,3,1,2,30,83.223,1
0,1,42,0,4918,62,13,23,2,1,1,30,476.637,1
3,0,42,0,2348,62,10,37,1,1,1,15,187.55,0
6,0,43,2,5553,17,38,18,3,1,1,30,200.84,1
29,0,36,3,15365,229,51,30,3,1,1,30,827.76,0
9,1,43,0,2839,50,78,15,2,1,2,25,25.498,1
7,1,9,3,2088,29,21,22,3,1,1,30,168.68,1
14,0,38,0,2680,61,53,22,4,1,2,45,201.025,0
3,1,26,1,4479,0,0,48,3,1,1,30,301.904,1
4,0,18,3,2628,41,34,21,3,1,1,30,242.76,0
6,0,27,0,1170,31,41,0,3,1,2,25,255.653,1
3,0,43,3,122,66,7,13,3,1,1,30,308.421,1
7,0,40,0,2148,60,360,23,3,1,1,30,1528.32,0
5,0,39,0,1180,20,7,13,2,1,2,25,85.5,0
8,0,41,0,1925,54,53,26,3,1,2,30,291.16,0
12,0,21,0,1764,53,23,0,2,1,1,25,0.0,1
5,0,26,1,1720,41,194,9,2,2,1,25,952.245,0
0,0,36,0,2055,33,278,16,3,1,1,30,1195.52,0
0,0,11,0,1390,14,13,11,2,1,1,25,121.68,0
13,0,41,1,3955,90,43,33,3,1,1,30,333.8,0
8,1,43,0,3100,0,13,1,2,1,2,45,279.429,1
0,0,22,0,2210,44,0,21,3,1,1,30,90.16,0
0,0,35,0,3008,71,0,28,2,1,1,25,138.555,0
9,0,16,3,4695,52,230,13,3,1,1,30,1109.88,0
13,0,39,1,14483,180,8,44,3,1,1,30,618.52,0
2,0,44,0,1979,4,32,0,4,1,2,25,81.754,1
10,0,40,2,8810,121,145,42,3,1,1,30,937.24,0
13,0,36,1,5818,98,26,24,2,1,1,25,383.22,1
21,0,33,3,15850,234,3,82,2,1,1,25,737.28,0
3,1,3,0,6123,34,0,10,3,1,1,25,233.595,1
1,0,35,2,3641,32,31,30,3,1,1,25,180.996,1
30,0,44,4,15400,235,69,38,3,1,1,30,901.4,0
0,0,31,0,0,0,0,0,4,1,2,45,0.0,1
30,0,25,0,277,27,18,0,3,1,1,25,180.112,1
0,0,31,0,628,1,1,3,4,1,2,45,18.225,1
17,0,42,1,2938,74,377,31,3,1,1,30,1628.48,0
8,0,34,1,4415,67,7,13,3,1,1,30,207.28,0
0,0,44,0,3099,9,14,12,2,1,2,30,27.003,1
0,0,30,0,3458,72,0,22,2,1,1,25,158.85,0
7,0,40,0,3198,29,50,1,3,2,2,45,258.947,1
11,0,35,1,11690,158,8,45,4,1,1,45,316.2,0
9,1,43,0,3846,50,15,13,2,1,2,25,396.81,1
10,1,35,0,2713,47,4,9,3,1,2,25,0.0,1
4,0,39,1,6493,71,111,39,2,1,1,25,794.88,0
0,0,39,0,0,0,1,0,3,1,2,30,4.0,1
0,0,36,0,0,0,0,0,2,1,2,25,0.0,0
9,0,41,1,4695,91,13,30,3,1,1,30,243.44,0
8,0,26,1,3935,72,16,23,3,1,1,30,224.28,0
0,0,35,0,6195,80,179,24,3,1,1,30,967.0,0
1,0,31,1,1829,19,37,7,3,1,2,30,836.696,1
20,0,6,3,345,1,40,0,4,1,1,45,262.086,1
12,0,41,0,6011,0,62,0,2,1,2,45,131.842,1
14,1,39,0,2688,56,73,37,4,1,2,45,251.1,1
12,0,35,0,262,21,13,15,3,1,1,45,214.11,1
14,1,44,0,1597,61,19,0,3,1,2,30,448.97,1
6,0,36,2,6625,84,182,23,3,1,1,30,996.36,0
5,0,37,0,818,7,7,2,4,1,2,45,38.125,1
3,0,37,3,112,29,38,1,3,1,1,25,290.465,1
1,0,8,0,3342,20,72,12,2,1,2,30,167.019,1
31,1,39,4,15850,236,62,32,3,1,1,30,891.44,0
0,0,34,0,2650,21,0,11,3,1,1,30,106.84,0
13,0,10,0,1208,25,204,15,2,1,2,55,0.0,1
9,1,32,0,561,7,8,12,2,1,1,30,83.412,1
2,1,13,1,2970,0,36,20,3,1,1,45,331.141,1
11,0,35,0,2863,10,88,13,3,2,2,30,0.066,1
0,0,34,0,2859,2,1,11,3,1,2,30,31.569,1
10,0,41,0,4550,79,16,22,3,1,1,30,249.16,0
12,1,37,0,3755,51,9,4,3,1,2,30,9.391,1
12,0,43,0,3655,15,26,25,2,1,2,25,291.699,1
5,0,40,0,420,12,39,6,3,1,2,30,173.28,1
24,0,35,9,10560,91,7,39,5,1,1,55,170.265,0
0,0,35,1,6560,93,17,24,4,1,1,45,208.825,0
11,0,42,1,15485,188,158,31,2,1,1,25,1416.285,0
0,0,37,0,0,0,0,0,2,1,2,25,0.0,0
1,0,30,0,3210,66,10,20,2,1,1,25,192.42,0
5,1,40,0,839,28,31,10,3,1,1,30,140.736,1
0,0,32,1,3135,26,14,27,3,1,1,30,182.44,0
17,0,21,1,9193,181,88,46,5,1,1,55,272.61,0
2,1,36,1,1818,30,56,0,4,1,1,25,36.194,1
2,0,17,0,1580,20,0,10,2,1,1,25,72.0,0
9,0,39,0,2338,90,9,8,2,1,1,25,245.698,1
13,0,37,1,4323,64,7,32,1,1,1,15,279.785,0
12,0,30,2,1933,48,42,72,5,1,1,55,92.715,0
0,0,38,0,470,9,0,13,2,1,2,25,21.555,0
0,0,3,0,4130,30,200,4,3,1,1,30,966.4,0
7,1,35,0,1561,16,8,9,4,1,2,30,214.335,1
21,0,38,1,14540,215,33,17,3,1,1,30,722.2,0
1,0,33,1,6540,94,12,22,4,1,1,45,195.85,0
0,1,41,0,2871,10,66,0,2,1,2,45,0.0,1
5,0,6,0,2454,4,88,0,2,1,2,30,5.517,1
0,1,42,1,1818,33,9,28,4,1,1,30,71.351,1
14,0,35,1,14125,208,22,30,2,1,1,25,743.985,0
0,0,40,0,3911,2,71,7,2,1,2,45,343.75,1
0,1,8,1,1646,9,18,31,2,1,2,25,327.978,1
9,0,27,0,510,24,1,4,2,1,2,25,28.53,0
1,0,33,3,6775,116,296,35,2,2,1,25,1642.095,0
0,0,20,0,2740,47,0,16,3,1,1,30,111.48,0
21,0,33,0,765,46,7,14,2,1,2,25,67.995,1
25,0,19,4,7298,157,113,59,2,2,1,25,843.975,0
19,1,10,0,2947,23,112,26,2,1,2,45,175.826,1
21,1,40,0,1749,27,9,5,4,1,2,30,0.0,1
34,0,40,0,5479,18,58,7,3,1,2,30,366.328,1
14,0,30,0,2283,34,60,0,2,1,1,30,411.444,1
0,0,34,0,0,0,0,0,2,1,2,25,0.0,0
11,0,42,2,2758,67,14,37,2,1,1,25,190.125,0
2,0,24,0,3110,55,0,19,3,1,1,30,126.6,0
1,0,41,0,80,2,10,4,2,1,2,25,48.69,1
13,0,15,0,6277,136,87,43,1,2,1,15,831.215,0
9,0,26,0,820,27,1,15,2,1,1,25,42.615,0
5,0,37,0,7698,128,393,46,2,1,1,25,2120.67,0
0,1,12,0,297,0,35,0,2,1,2,45,38.316,1
7,0,38,0,13773,169,0,44,3,1,1,30,557.68,0
9,0,29,2,1620,42,200,13,3,2,1,30,866.48,0
9,0,41,0,13953,177,11,49,3,1,1,30,609.2,0
6,1,37,1,3446,13,9,29,3,1,2,25,209.506,1
0,0,45,0,358,27,30,5,3,1,2,25,547.802,1
0,1,38,1,1627,50,13,24,3,1,2,30,192.569,1
0,0,24,0,2515,50,0,23,3,1,1,30,102.6,0
32,0,33,4,16570,245,16,85,2,2,1,25,828.675,0
2,0,35,0,2073,30,1,4,3,1,1,30,88.12,0
2,0,29,0,2362,57,21,41,4,1,2,30,268.399,1
0,0,38,0,1793,48,0,18,1,1,1,15,101.255,0
5,0,39,1,2422,0,33,0,4,1,1,25,0.0,1
26,0,25,3,6958,157,107,50,2,2,1,25,801.675,0
25,1,31,3,16075,238,0,80,2,1,1,25,734.085,0
10,0,29,0,1180,36,27,17,2,1,1,25,176.22,0
0,1,34,0,0,0,0,0,4,1,2,45,0.0,1
2,0,36,0,1260,39,20,22,3,1,2,30,131.96,0
5,0,35,0,6490,93,7,9,5,1,1,55,109.245,0
28,0,35,1,0,32,31,21,3,1,1,25,0.0,1
20,0,46,2,4763,82,23,43,1,1,1,15,392.975,0
2,0,19,1,1810,32,60,18,3,1,1,30,313.68,0
0,0,33,0,11100,145,0,43,3,1,1,30,449.8,0
0,0,26,0,825,10,21,3,4,1,2,45,73.375,0
10,0,36,1,6143,99,7,10,3,1,1,30,277.68,0
9,1,36,0,2061,20,22,0,2,1,2,45,75.71,1
0,0,30,0,2475,13,0,10,3,1,1,30,99.52,0
28,0,43,10,10740,105,16,45,5,2,1,55,186.675,0
9,0,16,0,8808,173,77,43,4,1,1,45,417.025,0
2,1,41,0,5156,27,2,0,2,1,1,25,288.977,1
0,0,37,0,2583,3,85,0,4,1,2,25,140.358,1
14,0,32,1,1749,32,24,0,3,1,1,45,496.822,1
6,0,33,0,2610,52,0,23,5,1,2,45,467.467,1
12,0,42,2,3165,61,192,29,2,1,1,25,1009.17,0
27,0,43,4,15140,231,62,33,3,1,1,30,862.84,0
5,0,33,0,13773,163,0,43,3,1,1,30,557.44,0
15,0,36,1,6008,99,35,27,2,1,1,25,432.315,1
11,0,43,0,2647,28,13,0,3,1,2,30,108.551,1
11,0,38,3,5115,93,23,40,3,1,1,30,300.32,0
16,1,38,0,2763,51,50,36,4,1,2,45,195.35,1
2,0,39,0,4112,5,32,0,2,1,2,30,125.288,1
3,0,34,2,6900,103,46,26,5,1,1,55,174.045,0
10,0,37,1,13898,167,7,41,3,1,1,30,590.6,0
12,0,13,0,3376,97,20,0,3,1,2,25,265.983,1
11,0,34,3,1620,48,208,14,3,2,1,30,898.72,0
11,0,35,3,7155,116,246,31,2,2,1,25,1434.195,0
0,0,16,0,1390,20,21,12,2,1,1,25,157.95,0
8,0,38,1,2163,32,16,11,4,1,1,45,94.875,0
13,0,22,0,1530,32,18,14,2,1,1,25,151.29,0
0,0,35,0,570,8,0,9,2,1,2,25,26.01,0
19,0,25,1,15690,230,0,74,2,1,1,25,716.4,0
24,1,38,1,3495,49,10,0,2,1,1,30,208.915,1
8,0,37,0,2263,59,350,21,3,1,1,30,1492.88,0
3,0,23,0,1235,34,183,7,2,2,1,25,880.605,0
0,0,38,2,48,9,10,8,2,1,2,25,290.204,1
18,0,38,2,6123,104,33,26,2,1,1,25,428.715,0
11,1,39,0,2519,3,26,24,4,1,1,30,331.353,1
4,0,33,0,5918,89,0,11,2,1,1,25,270.315,0
9,0,38,1,2895,58,173,22,2,1,1,25,911.385,0
10,0,29,2,2344,11,13,43,3,1,2,45,519.815,1
9,0,39,0,3592,98,13,0,2,1,2,25,526.271,1
19,0,35,0,410,47,12,7,2,1,2,45,4.643,1
20,0,31,0,895,44,11,15,2,1,2,25,91.755,1
6,1,42,0,1013,15,26,10,4,1,2,45,90.7,1
6,1,36,0,2023,28,32,0,3,1,2,25,322.132,1
3,0,38,0,3915,73,0,10,3,1,1,30,159.52,0
4,0,36,0,2535,50,173,23,2,1,1,25,894.825,0
8,0,39,1,3325,36,18,21,3,1,1,30,206.44,0
20,0,17,3,6993,151,106,57,2,2,1,25,798.48,0
29,0,39,1,1041,94,43,26,2,1,2,45,383.998,1
0,0,31,0,1330,10,9,26,3,1,2,30,167.384,1
18,0,33,2,14655,211,36,25,3,1,1,30,738.64,0
0,0,36,0,133,2,0,2,3,1,2,30,5.4,1
1,1,44,0,912,48,26,0,3,1,1,25,104.354,1
0,0,36,0,2600,20,467,3,3,1,1,30,1972.8,0
7,1,39,0,2501,51,25,11,3,1,1,25,294.326,1
10,0,35,1,4820,83,1,26,3,1,1,30,200.12,0
9,1,15,3,1873,27,17,13,3,1,1,30,144.0,1
0,0,22,0,21,0,14,5,2,1,2,25,219.036,1
0,0,37,0,0,0,0,0,2,1,2,25,0.0,0
24,1,37,0,1035,49,26,21,3,1,2,30,147.36,1
24,1,33,1,2110,20,38,41,3,1,1,30,2.536,1
1,0,30,1,1010,36,194,10,2,2,1,25,920.07,0
9,0,33,0,3085,53,174,24,2,1,1,25,924.21,0
5,0,36,0,1668,34,13,16,3,1,2,30,120.08,1
10,0,33,0,0,7,32,5,4,1,1,25,206.981,1
17,0,34,1,14775,216,42,28,2,1,1,25,863.595,0
7,0,35,1,3400,27,482,9,3,1,1,30,2065.08,0
7,1,31,0,324,13,9,48,3,1,1,25,56.65,1
6,0,35,0,3355,70,0,22,2,1,1,25,154.125,0
5,0,15,0,2000,26,27,15,2,1,1,25,212.67,0
0,0,38,0,465,11,11,8,2,1,1,25,70.92,0
2,0,37,3,1411,10,5,1,3,1,2,30,310.923,1
5,0,32,0,11465,148,3,46,3,1,1,30,476.52,0
6,0,40,1,3100,32,15,20,3,1,1,30,185.28,0
11,0,37,3,7150,106,26,26,5,1,1,55,147.84,0
9,0,41,2,2780,51,324,24,4,1,1,45,880.775,0
6,0,39,0,2228,56,362,26,2,1,1,25,1731.78,0
12,0,30,1,1225,38,27,14,2,1,1,25,178.335,0
11,0,35,0,2773,39,53,1,4,1,1,30,139.757,1
12,0,40,0,3480,78,18,15,3,1,1,30,214.32,0
0,0,33,0,795,12,0,7,2,1,2,25,36.315,0
5,0,18,0,30,94,54,6,4,1,2,25,337.79,1
6,1,38,0,2685,41,10,15,3,1,2,30,149.04,1
0,1,45,0,1551,15,79,0,3,1,2,45,483.058,1
9,0,42,2,11465,160,19,48,4,1,1,45,338.125,0
3,1,42,1,5582,31,43,0,4,1,2,45,216.728,1
9,0,37,0,4775,76,23,15,2,1,1,25,321.795,0
23,0,31,3,15885,237,0,77,2,1,1,25,725.49,0
0,0,37,0,418,20,37,4,2,1,1,25,23.546,1
4,0,34,0,2298,4,63,16,3,1,2,45,267.953,1
29,0,37,0,1812,31,33,22,3,1,1,25,95.226,1
11,0,33,2,1873,51,45,71,5,1,1,55,96.36,0
9,1,34,0,2875,35,0,12,2,1,2,25,130.95,1
5,0,41,0,623,11,14,6,3,1,2,30,81.36,0
7,0,45,0,3919,35,44,0,4,1,2,25,251.222,1
17,0,43,1,4683,80,19,42,1,1,1,15,366.465,0
16,0,39,1,4908,77,9,35,1,1,1,15,323.675,0
5,0,39,0,1048,19,48,10,4,1,2,45,146.675,1
14,0,39,1,5080,82,30,17,3,1,1,30,326.48,0
16,0,36,0,1155,46,26,14,3,1,2,30,213.145,1
5,0,39,0,553,14,39,8,3,1,2,30,178.68,1
14,0,39,2,11960,161,27,52,4,1,1,45,370.525,0
15,0,40,1,4503,72,8,37,1,1,1,15,295.625,0
33,0,32,3,2561,53,6,25,3,1,2,25,266.005,1
11,1,38,0,3003,41,39,6,5,1,1,25,323.919,1
6,1,34,0,2153,39,36,32,3,1,2,30,231.68,1
0,0,39,0,7283,123,387,45,2,1,1,25,2074.77,0
0,0,36,1,0,0,0,0,5,1,1,55,0.0,0
24,1,29,0,2102,1,30,9,3,1,1,25,541.054,1
0,1,44,0,3129,62,1,2,2,1,2,30,114.94,1
6,0,37,2,3260,34,39,20,4,1,1,45,179.85,0
9,0,41,1,4203,96,20,35,3,1,1,30,251.96,0
8,0,40,3,703,13,16,6,5,1,1,55,34.74,0
0,0,35,1,2580,3,15,9,2,1,2,25,0.071,1
15,0,41,0,564,18,19,0,2,1,2,30,149.288,1
15,0,39,2,7213,82,124,42,2,1,1,25,886.275,0
5,0,31,1,2430,12,9,43,4,1,1,25,213.391,1
13,1,39,0,1760,1,11,12,2,2,2,45,120.036,1
5,0,40,0,607,38,31,1,3,1,2,45,117.395,1
2,0,44,1,0,44,31,4,2,1,2,30,209.603,1
2,0,38,1,2850,24,481,8,3,1,1,30,2038.96,0
2,0,44,0,318,11,15,5,3,1,2,30,73.16,0
6,0,42,0,5209,9,0,4,2,1,2,45,243.991,1
0,1,39,1,3979,58,14,19,2,1,2,30,48.462,1
17,0,28,2,1208,27,30,0,3,1,2,30,0.0,1
15,0,39,1,2758,66,366,26,3,1,1,30,1576.96,0
19,1,41,0,3754,4,11,0,3,1,2,30,118.997,1
0,1,37,0,1230,28,2,0,3,1,2,25,128.775,1
34,0,32,0,3342,26,63,0,3,1,1,25,392.683,1
0,0,38,0,750,16,4,14,2,1,2,25,52.47,0
6,0,23,1,3450,65,7,21,3,1,1,30,168.6,0
0,0,42,2,402,30,68,12,4,1,1,45,185.332,1
7,0,12,0,8513,159,34,34,4,1,1,45,301.8,0
0,0,33,0,3605,0,23,0,2,1,2,45,341.976,1
0,1,44,0,3255,67,41,0,2,1,1,25,534.233,1
7,0,33,1,11510,150,7,43,4,1,1,45,309.0,0
4,0,39,2,3290,16,14,17,3,1,2,30,130.647,1
0,0,31,0,0,0,0,0,2,1,2,25,0.0,0
0,0,32,2,2964,21,33,0,3,1,2,25,60.759,1
3,0,35,0,1958,53,343,19,2,1,1,25,1633.995,0
0,0,35,0,0,0,0,0,4,1,1,45,0.0,0
7,1,43,0,3573,43,59,0,2,1,1,45,400.244,1
8,0,30,2,1190,19,33,7,4,1,1,45,112.725,0
4,0,33,1,3317,13,35,0,3,1,2,45,278.084,1
7,1,29,0,1311,19,62,2,2,1,2,25,177.985,1
5,0,41,0,2956,45,24,47,3,1,2,25,265.042,1
13,0,40,1,4675,77,12,19,3,1,1,30,238.08,0
10,0,34,0,5758,95,21,22,2,1,1,25,357.885,1
18,0,31,1,14835,213,39,29,2,1,1,25,852.66,0
2,0,36,0,3718,82,2,28,2,1,1,25,180.0,0
25,1,38,1,793,46,20,7,4,1,2,45,341.018,1
7,0,39,0,3965,66,0,19,3,1,1,30,161.24,0
3,0,34,0,3410,73,20,24,2,1,1,25,246.735,0
6,0,36,1,14068,173,14,57,3,1,1,30,625.64,0
21,1,40,8,10390,97,9,46,5,2,1,55,170.805,0
2,0,35,0,14990,175,134,25,2,1,1,25,1285.425,0
5,0,37,1,11275,153,2,44,4,1,1,45,290.7,0
4,0,33,0,3290,68,14,21,2,1,1,25,214.11,0
7,0,36,1,4665,75,19,30,2,1,1,25,298.8,0
9,0,44,0,3783,22,92,6,4,1,1,25,244.106,1
0,0,35,0,0,0,0,0,4,1,2,45,0.0,1
0,0,41,0,304,0,26,21,3,1,2,30,43.863,1
4,0,36,1,2900,25,5,16,3,1,1,30,137.0,0
2,1,28,1,0,48,19,0,2,1,1,45,235.369,1
22,1,39,5,10020,137,172,60,3,1,1,30,1094.28,0
0,1,41,0,2770,3,12,1,3,1,1,25,357.707,1
2,1,40,1,2609,32,67,44,2,1,2,30,366.916,1
0,0,34,0,6660,99,18,25,4,1,1,45,213.975,0
25,1,33,0,1200,50,18,17,3,1,2,30,122.0,1
0,0,39,2,1742,16,21,0,3,1,2,45,0.0,1
12,0,19,1,6168,137,88,44,1,2,1,15,830.775,0
22,0,32,2,15950,240,4,83,2,1,1,25,746.55,0
15,0,44,1,4458,76,16,41,1,1,1,15,337.37,0
7,0,32,0,2810,33,0,11,3,1,2,30,113.72,1
11,0,40,1,2855,46,301,23,3,1,1,30,1320.04,0
0,1,33,2,2943,0,8,32,2,1,2,25,76.334,1
7,0,41,0,1130,26,52,14,3,1,2,30,254.24,0
11,0,36,1,5628,97,17,21,2,1,1,25,334.125,1
3,0,35,0,2437,0,51,0,2,1,1,30,394.613,1
3,0,34,1,0,60,0,3,3,1,1,25,0.0,1
6,0,32,0,3515,72,17,22,2,1,1,25,237.915,0
13,1,45,0,3187,45,36,20,4,1,2,30,165.919,1
11,0,15,4,2978,43,27,16,3,1,1,30,228.84,0
1,0,39,0,1788,7,40,0,3,1,1,25,0.0,1
11,1,34,3,4397,32,17,5,2,1,1,25,78.084,1
1,0,41,0,2055,39,286,17,3,1,1,30,1227.76,0
6,0,30,1,7090,97,13,23,4,1,1,45,212.175,0
0,0,35,0,0,0,0,0,5,1,1,55,0.0,0
0,0,21,0,1083,25,12,61,4,1,1,45,57.7,0
0,1,37,0,503,9,13,7,4,1,2,45,45.3,1
0,1,45,0,3433,55,204,15,3,1,2,45,147.626,1
16,0,13,1,9158,175,70,38,5,1,1,55,244.995,0
2,0,29,0,1963,32,19,28,3,1,2,30,155.8,1
11,0,28,6,9870,77,0,34,4,2,1,45,248.675,0
9,0,31,0,2141,19,15,1,3,1,1,45,5.173,1
1,0,34,0,7328,119,373,38,2,1,1,25,2013.615,0
18,0,39,8,10130,93,2,41,5,1,1,55,156.345,0
0,0,29,0,6153,59,86,29,2,1,1,25,666.54,0
6,0,35,0,2698,58,1,34,1,1,1,15,157.08,0
0,1,36,0,3003,9,0,0,2,1,2,45,53.61,1
7,0,35,1,6725,90,183,24,3,1,1,30,1004.6,0
11,1,41,0,2268,50,42,32,4,1,2,45,162.95,1
16,0,30,0,2492,36,32,0,4,1,1,30,139.3,1
7,1,31,0,3701,47,35,24,2,1,1,30,93.006,1
7,1,45,2,2935,35,34,4,4,1,1,25,181.337,1
5,0,36,0,3893,60,0,33,1,1,1,15,217.415,0
5,0,25,0,305,6,17,2,4,1,2,45,50.275,0
12,0,16,1,9048,177,105,44,5,1,1,55,295.875,0
7,0,27,1,3530,67,15,25,3,1,1,30,203.88,0
21,1,39,0,2418,26,33,0,2,1,1,25,70.517,1
13,0,45,0,2798,52,31,3,2,1,2,30,192.104,1
0,0,37,0,875,14,0,11,2,1,2,25,40.005,1
10,0,34,5,7565,126,292,48,2,2,1,25,1660.095,0
5,0,33,0,4023,82,1,29,2,1,1,25,189.225,0
9,0,35,1,2748,64,373,37,2,1,1,25,1805.04,0
1,0,41,0,1063,5,67,0,4,1,2,30,5.267,1
11,0,18,4,2967,50,29,18,3,1,1,30,236.68,0
5,0,34,1,3140,23,475,4,3,1,1,30,2026.52,0
2,0,7,0,8368,155,51,32,4,1,1,45,340.575,0
6,0,34,3,6965,116,271,33,2,2,1,25,1538.145,0
8,0,34,1,6975,97,7,20,4,1,1,45,194.3,0
10,0,29,2,3590,70,20,27,3,1,1,30,226.4,0
21,0,31,2,460,0,2,15,3,1,2,25,157.364,1
0,0,41,2,2834,58,0,0,2,1,2,25,123.515,1
0,0,32,0,0,0,0,0,2,1,2,25,0.0,1
6,0,25,3,2044,7,16,2,2,2,2,25,210.482,1
7,0,37,0,4400,77,0,21,3,1,1,30,179.08,0
1,0,39,0,2970,29,487,11,3,1,1,30,2067.96,0
6,1,36,0,2178,51,3,15,3,1,2,30,101.16,0
6,0,39,0,923,24,84,0,2,1,2,30,193.164,1
0,0,37,0,0,0,0,0,2,1,2,25,0.0,1
5,0,36,1,6965,105,25,27,5,1,1,55,143.55,0
9,0,37,0,2123,48,0,13,3,1,2,30,86.84,0
9,0,33,2,1575,46,208,17,3,2,1,30,896.84,0
6,0,38,1,1973,31,7,8,4,1,1,45,67.6,0
6,0,30,0,8810,109,129,40,3,1,1,30,872.76,0
0,0,31,0,6240,76,171,20,3,1,1,30,936.64,0
24,1,30,0,745,20,10,20,2,1,2,45,0.0,1
14,0,12,0,6392,135,77,41,1,2,1,15,782.485,0
5,0,40,0,6123,16,20,21,4,1,2,45,355.987,1
15,0,41,3,4110,44,498,10,4,1,1,45,1348.85,0
16,0,30,0,108,20,159,26,2,1,2,30,208.625,1
5,0,39,0,5513,90,0,14,3,1,1,30,224.12,0
9,0,36,0,2375,55,46,20,3,1,2,30,281.2,0
21,0,32,2,1086,25,35,41,2,1,2,45,169.544,1
3,0,39,1,2690,22,465,10,3,1,1,30,1968.48,0
0,0,41,0,1731,17,0,8,4,1,2,25,108.845,1
34,0,38,0,4773,2,52,0,3,1,1,25,259.31,1
21,1,40,0,3473,0,37,0,3,1,1,45,76.612,1
17,1,37,0,1777,23,41,6,3,1,1,30,74.376,1
4,0,26,0,1568,39,30,68,4,1,1,45,115.175,0
0,0,31,0,177,36,36,0,3,1,1,30,118.36,1
9,0,39,1,1655,69,6,10,2,1,2,25,142.111,1
31,0,37,1,357,0,0,19,2,1,1,30,256.81,1
5,1,37,1,2220,40,30,0,3,1,2,30,219.318,1
7,0,36,0,0,53,16,2,2,1,1,30,276.037,1
19,0,37,2,14430,214,29,32,3,1,1,30,701.76,0
0,0,43,0,1982,32,32,0,3,1,2,25,8.493,1
4,0,41,0,3809,0,9,23,3,1,1,25,69.879,1
3,0,34,0,1180,14,0,12,2,1,2,25,53.73,0
2,1,43,0,2526,18,24,10,2,1,2,25,250.495,1
5,0,22,0,305,6,13,2,4,1,2,45,40.275,0
12,0,14,0,8818,165,41,36,4,1,1,45,327.075,0
6,0,26,1,1813,42,32,68,4,1,1,45,126.375,0
7,0,33,0,1130,22,36,6,4,1,2,45,118.8,0
0,0,32,2,4926,48,11,1,2,1,1,25,335.391,1
12,0,40,2,4820,89,9,27,3,1,1,30,232.36,0
10,0,25,0,1225,32,19,13,2,1,1,25,142.065,0
12,0,25,0,1415,33,28,16,2,1,1,25,191.16,0
4,0,25,0,3415,62,17,26,3,1,1,30,207.08,0
14,0,39,0,1843,65,33,16,2,1,1,30,0.0,1
13,0,36,0,690,48,10,18,3,1,2,30,293.469,1
16,0,45,0,2543,66,23,20,4,1,2,45,122.725,0
23,1,7,0,5951,29,25,3,2,1,2,55,213.144,1
5,1,41,0,2798,22,10,4,4,1,2,30,156.038,1
3,1,41,0,0,0,37,3,3,1,2,25,145.695,1
2,0,36,0,4210,77,0,23,3,1,1,30,171.48,0
10,0,38,2,7270,111,32,29,5,1,1,55,158.715,0
9,0,38,2,7210,97,194,26,3,1,1,30,1068.28,0
0,1,28,0,0,0,0,0,4,1,1,45,0.0,1
1,1,39,0,2173,96,38,2,3,2,1,30,214.746,1
6,0,18,2,2295,36,49,29,2,1,1,25,325.395,0
4,0,37,0,600,10,21,15,2,1,2,25,121.95,1
8,0,42,2,4595,85,12,29,3,1,1,30,235.2,0
0,0,30,0,2945,27,43,10,2,1,2,45,418.56,1
8,0,37,0,1863,39,16,33,3,1,2,30,140.08,1
15,0,44,3,7023,87,123,40,3,1,1,30,776.4,0
12,0,38,2,2045,11,86,2,3,1,2,30,258.72,1
7,0,20,1,2000,32,35,16,3,1,1,30,221.28,0
8,0,40,2,498,11,12,6,3,1,1,30,68.36,1
0,0,30,0,1283,17,0,5,3,1,1,30,52.0,0
20,0,36,0,1150,55,5,16,4,1,1,45,292.95,1
22,1,9,0,0,7,37,20,2,1,1,30,0.0,1
12,0,37,1,5413,93,8,26,2,1,1,25,283.77,1
2,0,40,0,479,10,24,15,2,1,2,55,20.795,1
3,0,43,0,2991,18,0,3,4,1,1,30,182.956,1
7,0,24,1,1620,36,192,12,2,2,1,25,938.52,0
18,0,32,0,765,47,41,19,3,1,2,30,196.48,1
16,0,30,0,1120,37,49,13,3,1,2,30,242.28,0
3,0,33,1,6785,97,14,22,5,1,1,55,124.23,0
3,0,13,1,2433,33,0,13,3,1,1,30,98.64,0
5,0,39,0,5153,34,79,5,2,1,1,25,397.387,1
0,0,40,0,7203,127,385,42,3,1,1,30,1833.2,0
0,0,35,0,3528,82,27,30,3,1,1,30,252.4,0
25,0,40,1,5278,79,38,0,2,1,2,30,356.645,1
0,0,37,2,453,10,36,6,5,1,1,55,60.945,0
5,0,37,0,1120,17,7,11,2,1,2,25,82.665,0
15,0,27,0,1300,35,31,22,3,1,2,30,177.4,0
0,0,33,0,0,0,0,0,2,1,2,25,0.0,1
4,0,32,0,1978,44,0,11,3,1,2,30,80.88,0
0,1,11,0,0,0,4,31,3,1,2,30,128.452,1
0,0,39,0,3129,55,84,27,3,1,1,30,192.004,1
1,0,7,1,0,55,27,44,5,1,2,45,130.445,1
0,0,18,0,1095,16,7,6,2,1,1,25,81.495,0
32,1,40,4,15635,232,70,37,3,1,1,30,914.68,0
3,0,36,0,5858,92,2,10,2,1,1,25,276.75,0
19,0,36,8,10190,90,0,42,4,1,1,45,257.0,0
0,0,30,0,2530,11,461,7,3,1,1,30,1945.64,0
6,0,24,0,5196,0,0,5,2,1,2,45,136.243,1
6,1,45,0,3164,71,51,2,3,1,1,30,119.315,1
5,0,7,0,2185,37,43,20,2,1,2,25,40.877,1
0,0,26,0,580,7,19,3,4,1,1,45,62.175,0
0,0,37,0,258,2,2,2,2,1,2,25,20.7,0
17,0,41,2,6933,112,22,14,3,1,1,30,369.8,0
7,1,36,0,2303,66,8,7,2,1,1,30,133.762,1
3,1,39,0,359,19,21,3,3,1,1,30,399.607,1
17,1,39,2,3355,50,21,20,3,1,1,30,220.2,1
8,1,11,2,1793,25,7,9,3,1,1,30,100.72,1
9,0,39,0,3793,61,0,37,1,1,1,15,211.97,0
9,1,43,0,2798,92,23,17,3,1,2,45,138.577,1
19,1,38,0,2811,41,9,1,3,1,1,30,516.714,1
0,1,30,0,2064,31,72,6,2,1,1,25,322.0,1
8,0,45,0,1066,38,6,1,2,1,1,25,49.221,1
24,0,33,8,10740,93,0,43,4,1,1,45,270.825,0
9,0,38,1,15600,188,182,34,2,1,1,25,1529.46,0
4,0,37,0,6118,65,87,22,2,1,1,25,669.735,0
3,1,35,1,198,0,22,1,2,1,1,25,394.499,1
34,0,3,0,1925,9,8,0,2,1,2,30,283.268,1
1,0,25,0,1255,33,188,9,2,2,1,25,903.96,0
6,0,34,0,85,26,39,1,3,1,1,25,209.345,1
11,0,40,0,1615,30,41,25,3,1,2,30,229.8,0
12,0,26,0,1105,30,11,5,2,1,2,25,100.575,0
0,0,43,0,1102,43,39,10,3,1,2,30,455.767,1
0,1,35,0,295,4,14,13,2,1,2,25,76.455,1
6,0,37,0,843,13,8,2,3,1,2,30,66.24,1
11,0,32,1,1324,0,75,13,3,1,2,25,98.674,1
18,0,39,3,9420,127,151,45,3,1,1,30,985.88,0
34,1,33,0,582,19,34,3,3,1,1,30,135.015,1
6,0,32,0,1210,18,38,9,4,1,2,45,125.7,0
9,0,42,1,279,0,58,6,3,1,2,30,260.781,1
1,0,41,0,879,10,17,4,2,1,1,25,441.751,1
14,0,46,3,3660,43,505,16,4,1,1,45,1355.075,0
9,0,40,1,2665,45,292,20,3,1,1,30,1276.4,0
16,0,40,4,5420,99,30,42,3,1,1,30,340.76,0
0,0,35,0,2070,42,150,23,2,1,1,25,770.04,0
0,0,33,0,2085,25,0,9,2,1,2,25,94.95,1
15,0,37,2,9305,122,153,46,3,1,1,30,989.08,0
4,0,37,0,2980,21,451,4,3,1,1,30,1924.04,0
7,0,30,0,5433,90,9,18,2,1,1,25,289.035,1
0,0,35,0,1099,51,11,39,2,1,2,45,586.171,1
5,0,30,2,6885,114,261,29,2,2,1,25,1489.455,0
6,1,43,0,0,67,33,7,3,1,1,55,83.25,1
6,0,37,0,6123,0,13,23,3,1,2,30,0.0,1
15,1,41,0,1440,0,37,0,3,1,1,25,40.113,1
8,1,11,2,1792,25,7,9,3,1,1,30,100.68,1
12,0,39,2,2683,42,15,8,4,1,1,45,105.625,0
7,0,28,0,1320,17,37,8,4,1,2,45,125.925,0
4,0,11,0,8568,162,61,36,4,1,1,45,370.75,0
9,0,36,1,7123,80,109,35,2,1,1,25,814.635,0
4,0,43,0,6123,0,154,18,4,1,1,30,247.706,1
6,0,36,0,2780,53,175,23,2,1,1,25,914.985,0
2,0,34,1,6380,92,0,24,5,1,1,55,97.08,0
0,1,3,0,1228,9,0,1,2,1,1,25,55.665,1
34,1,14,0,2134,0,45,2,2,1,2,45,156.615,1
7,0,15,0,5488,125,57,25,1,2,1,15,622.215,0
10,0,37,1,6908,76,117,40,2,1,1,25,840.78,0
4,1,30,0,2008,34,19,25,3,1,2,30,157.68,1
0,0,39,0,323,7,10,3,4,1,2,45,33.25,1
8,0,35,1,8810,115,137,41,3,1,1,30,905.0,0
20,1,10,0,2601,12,16,21,2,1,2,25,339.795,1
11,0,45,2,2665,51,300,21,4,1,1,45,817.9,0
7,0,12,3,4810,52,254,16,3,1,1,30,1210.48,0
7,0,37,1,11465,154,11,47,4,1,1,45,317.975,0
2,0,40,0,3682,10,74,6,3,1,2,30,141.899,1
24,1,40,0,4066,13,9,21,2,1,2,30,45.082,1
9,1,39,0,2353,60,40,21,3,1,2,30,256.52,0
10,0,41,1,15565,184,160,34,2,1,1,25,1428.705,0
16,1,34,1,908,60,21,0,3,1,1,45,184.134,1
2,0,39,0,808,15,20,9,4,1,2,45,70.575,1
0,0,16,0,1390,20,21,12,2,1,1,25,157.95,0
8,0,41,1,3470,82,33,27,3,1,1,30,274.08,0
0,0,29,0,1363,13,0,3,3,1,1,30,55.04,0
14,0,29,0,815,30,8,6,3,1,2,30,65.8,0
0,0,16,0,1390,20,21,12,2,1,1,25,157.95,0
21,0,40,3,6183,107,38,28,3,1,1,30,403.6,0
12,0,46,0,1275,30,35,16,3,1,2,30,192.2,0
11,1,33,0,2710,42,4,20,2,1,1,30,277.623,1
2,0,34,1,6365,106,250,18,2,2,1,25,1416.195,0
1,0,10,1,3985,35,197,12,3,1,1,30,948.8,0
13,0,32,6,10070,84,0,38,4,1,1,45,253.85,0
1,0,37,0,1358,0,34,39,2,1,2,25,302.271,1
4,1,33,0,2685,35,2,14,2,1,2,25,131.4,1
0,0,25,0,820,29,177,6,2,2,1,25,834.705,0
4,1,35,0,760,12,41,24,2,1,2,30,506.472,1
5,0,33,0,0,31,26,8,2,1,1,25,204.474,1
7,0,40,2,3210,32,481,7,3,1,1,30,2053.68,0
11,0,42,1,3730,86,40,32,3,1,1,30,312.64,0
11,0,37,0,3660,76,0,24,2,1,1,25,168.12,0
24,1,34,0,792,14,41,0,4,1,2,30,31.396,1
0,0,37,0,213,6,8,5,5,1,1,55,15.285,0
16,0,39,4,12370,170,39,64,4,1,1,45,411.0,0
14,1,40,0,1159,32,26,32,3,1,1,30,0.0,1
13,1,44,0,2498,34,0,0,2,1,1,30,28.538,1
14,1,41,0,3250,51,24,22,3,1,2,30,228.04,1
9,0,39,1,3103,69,10,33,2,1,1,25,187.74,0
13,1,36,1,5818,98,26,24,2,1,1,25,383.22,1
22,0,38,4,6723,114,54,41,3,1,1,30,489.48,0
0,0,33,0,0,0,0,0,2,1,2,25,0.0,1
0,1,11,1,1263,15,3,9,3,1,1,30,63.12,1
20,1,18,0,2644,37,22,2,3,1,2,45,109.365,1
7,1,19,0,88,0,59,0,3,1,2,25,120.34,1
32,0,34,0,372,48,20,0,3,1,1,45,186.729,1
13,0,39,4,7450,130,289,40,3,2,1,30,1459.2,0
0,0,37,0,275,4,0,1,2,1,2,25,12.555,0
16,1,32,1,4390,41,11,4,3,1,1,30,0.0,1
0,1,34,0,323,1,2,2,4,1,2,45,13.1,1
0,0,34,0,2595,19,0,14,3,1,1,30,104.56,0
6,0,37,1,6528,74,99,34,2,1,1,25,742.59,0
0,0,35,0,6440,83,181,24,3,1,1,30,984.92,0
2,1,35,0,554,16,35,11,3,1,2,30,188.651,1
7,0,40,1,5623,91,7,17,3,1,1,30,256.56,0
7,0,31,0,50,2,0,1,2,1,2,25,2.34,1
7,0,38,2,2267,32,65,14,4,1,1,30,1.625,1
9,1,34,0,2628,22,9,26,2,1,1,25,163.731,1
5,0,37,1,7753,130,386,43,3,1,1,30,1859.32,0
0,0,19,0,0,0,0,0,2,1,2,25,0.0,0
15,0,38,3,3685,69,203,40,2,1,1,25,1082.43,0
13,1,25,0,390,31,0,9,2,1,2,25,18.945,1
0,0,31,0,7248,117,369,37,2,1,1,25,1991.925,0
14,0,39,1,3057,39,17,11,3,1,1,30,64.36,1
11,1,43,0,2818,0,15,14,2,1,2,45,232.574,1
0,0,37,0,613,9,21,17,2,1,2,25,122.49,0
12,0,44,2,4283,98,24,36,3,1,1,30,271.24,0
17,0,41,0,1798,18,55,48,3,1,1,30,196.595,1
1,0,34,0,630,12,3,4,2,1,2,25,42.39,0
14,1,23,0,3842,32,40,0,2,1,1,45,297.739,1
4,1,20,0,2667,9,15,0,2,1,1,25,138.774,1
0,0,41,0,2085,10,17,16,3,1,1,45,33.722,1
3,0,40,0,1457,0,19,25,2,1,1,25,338.963,1
8,1,31,0,1509,0,0,25,3,1,1,25,244.771,1
15,0,42,0,2794,38,7,0,3,1,2,30,55.878,1
8,0,38,0,1955,14,42,0,3,1,2,25,143.416,1
10,0,34,0,1390,26,43,11,4,1,2,45,142.9,0
0,0,33,1,48,0,3,8,3,1,2,25,257.979,1
9,0,18,0,8627,171,74,39,5,1,1,55,242.97,0
2,1,39,0,2506,35,52,14,4,1,1,30,174.214,1
2,1,30,0,2505,27,0,9,2,1,2,25,113.94,1
1,1,38,0,0,37,48,9,3,1,2,30,116.871,1
7,1,19,0,1256,67,74,7,3,1,2,25,152.817,1
23,1,36,0,1497,0,33,1,3,1,1,45,45.957,1
0,0,36,0,0,0,25,0,2,1,2,25,112.5,1
26,0,30,3,16480,243,1,78,2,1,1,25,757.035,0
0,0,21,0,825,4,13,2,4,1,2,45,53.225,0
14,0,40,2,3835,85,37,30,3,2,1,30,304.8,0
6,0,16,3,2662,44,22,16,3,1,1,30,196.24,0
7,1,7,1,1713,23,7,5,3,1,1,30,97.44,1
5,1,5,0,2507,31,0,31,3,1,2,30,188.799,1
0,0,27,0,6525,87,0,16,4,1,1,45,165.3,0
0,0,35,0,380,7,0,6,2,1,2,25,17.415,0
3,0,13,1,1443,23,8,11,3,1,1,30,90.64,1
7,0,41,0,1113,21,27,11,4,1,2,45,95.85,1
13,1,35,0,1086,17,35,0,3,1,2,30,204.792,1
1,0,36,0,1280,19,1,9,2,1,2,25,62.955,0
12,0,40,0,2633,68,370,29,3,1,1,30,1588.04,0
0,0,38,0,0,0,3,0,3,1,2,30,12.0,1
13,0,27,0,945,28,12,7,3,1,2,30,86.92,0
8,0,42,2,4103,90,19,34,3,1,1,30,243.72,0
0,0,35,0,1717,1,71,0,3,1,2,30,54.782,1
4,0,38,0,5673,92,5,12,2,1,1,25,281.925,0
14,0,43,2,5000,97,20,32,3,1,1,30,283.88,0
7,1,35,0,2800,40,0,13,3,1,2,30,113.6,1
15,0,40,2,2873,72,398,30,3,1,1,30,1709.8,0
15,0,38,3,4375,92,53,43,3,1,1,30,390.68,0
27,0,38,0,1491,7,65,4,4,1,2,45,0.0,1
6,0,36,1,3145,28,7,16,3,1,1,30,154.92,0
0,0,40,0,2414,55,15,0,2,1,1,25,100.809,1
8,0,43,0,0,42,28,3,2,1,2,25,305.601,1
4,0,25,0,1453,33,0,64,4,1,1,45,37.15,0
4,1,40,0,2259,0,3,19,2,1,1,25,87.006,1
9,0,35,0,1355,0,14,17,3,1,2,25,280.497,1
8,1,42,0,4039,13,1,18,2,1,1,30,85.152,1
28,1,35,0,1260,53,23,19,3,1,2,30,144.52,1
5,0,34,2,3550,13,35,0,3,1,2,30,469.339,1
10,0,32,3,7190,120,268,31,3,2,1,30,1364.4,0
4,1,40,0,531,16,41,44,3,1,1,25,194.539,1
0,0,33,0,0,0,0,0,3,1,2,30,0.0,1
0,0,34,0,0,0,0,0,2,1,2,25,0.0,1
2,1,40,0,1909,19,42,6,3,1,2,30,27.228,1
1,1,29,0,2579,13,21,18,4,1,1,30,40.063,1
9,1,38,1,711,16,46,16,3,1,1,25,187.801,1
25,1,31,0,3573,46,43,0,3,1,2,25,358.6,1
0,0,33,0,0,0,0,0,4,1,1,45,0.0,0
1,0,44,0,3625,28,35,0,3,1,1,30,0.0,1
0,1,45,0,3667,42,21,0,2,1,2,30,90.765,1
32,0,36,0,1826,21,70,14,3,1,2,30,206.155,1
13,0,37,2,16085,192,171,45,2,1,1,25,1501.965,0
33,1,42,0,3014,21,69,4,4,1,1,25,321.789,1
22,1,38,0,3986,4,77,5,2,1,1,45,0.0,1
1,1,31,0,2625,32,0,12,2,1,2,25,119.565,1
3,1,34,0,1210,6,17,0,3,1,1,30,73.585,1
1,0,29,0,1263,39,31,67,4,1,1,45,110.05,0
27,0,37,9,11145,104,9,42,5,2,1,55,182.235,0
10,0,35,2,7280,104,30,27,5,1,1,55,155.76,0
4,0,30,1,3225,67,16,24,3,1,1,30,195.68,0
0,0,37,0,0,0,0,0,2,1,2,25,0.0,1
8,1,34,0,1924,0,31,0,4,1,2,25,309.259,1
1,0,37,0,3377,7,40,0,2,1,2,25,383.952,1
30,1,44,2,91,31,13,23,3,1,1,25,91.778,1
0,1,30,0,1821,62,21,2,2,1,2,25,130.726,1
15,0,37,0,4076,59,32,0,3,1,1,45,383.553,1
0,0,32,0,0,0,0,0,2,1,2,25,0.0,1
9,0,15,3,3257,50,32,17,3,1,1,30,260.28,0
0,0,33,0,0,0,0,0,3,1,2,30,0.0,1
5,0,42,1,2440,41,295,22,3,1,1,30,1279.24,0
5,0,34,1,2438,54,7,29,1,1,1,15,175.56,0
0,0,24,0,300,19,161,9,2,2,1,25,738.855,0
12,1,38,1,2328,47,39,33,3,1,1,30,251.0,1
20,0,30,3,15885,238,25,82,2,1,1,25,838.035,0
10,0,34,0,3395,46,10,14,3,1,2,30,177.64,1
0,0,34,1,1963,29,14,19,3,1,1,30,135.68,0
12,0,44,0,2280,29,59,18,2,1,2,30,70.926,1
24,1,38,9,10495,96,6,44,5,2,1,55,167.865,0
12,0,37,0,3854,6,75,0,3,1,2,25,353.102,1
7,1,31,3,216,33,29,0,2,1,2,30,414.426,1
8,0,32,0,484,7,8,0,2,1,2,30,143.499,1
22,0,23,3,6778,149,102,48,2,2,1,25,770.715,0
15,0,45,2,4675,83,20,20,3,1,1,30,270.32,0
0,1,39,0,2907,34,37,2,3,1,2,30,0.0,1
0,0,37,0,248,8,32,6,3,1,2,30,138.24,1
0,1,32,0,0,0,0,0,2,1,2,25,0.0,1
7,0,43,0,2950,7,27,20,2,1,2,25,0.0,1
30,1,33,0,2880,59,55,2,3,1,2,25,0.0,1
4,0,24,0,515,21,0,13,2,1,1,25,24.12,0
8,1,5,0,600,0,38,0,2,1,2,30,242.138,1
0,0,10,0,4265,42,219,13,3,1,1,30,1048.28,0
11,0,37,0,153,0,33,0,3,1,1,30,0.0,1
0,0,30,0,6195,74,171,23,3,1,1,30,934.76,0
5,0,27,1,3285,64,13,25,3,1,1,30,185.96,0
7,0,26,2,1440,34,189,8,3,2,1,30,814.96,0
13,0,40,1,5605,37,2,0,3,1,2,30,316.447,1
5,0,34,1,305,6,7,2,5,1,1,55,15.165,0
0,0,26,0,825,10,21,3,4,1,2,45,73.375,0
9,1,25,0,1860,51,10,14,2,1,1,30,348.429,1
3,0,39,0,1620,48,46,24,3,1,2,30,250.72,0
0,0,32,0,1935,6,0,2,3,1,1,30,77.64,0
23,0,20,1,2549,1,14,0,4,1,2,30,244.194,1
0,1,36,0,2746,8,31,0,4,1,2,45,245.664,1
4,0,22,0,215,11,0,3,2,1,2,25,10.17,0
0,0,17,0,1505,26,53,16,2,1,1,25,307.395,0
2,0,34,0,1773,37,18,26,3,1,2,30,144.4,1
20,0,38,0,2862,0,11,19,2,1,2,30,363.105,1
12,1,39,0,3820,60,34,7,4,1,1,25,191.58,1
13,0,40,1,5773,102,34,28,2,1,1,25,417.375,0
5,0,35,1,2509,33,0,0,4,1,1,25,79.871,1
7,0,13,0,8627,165,66,38,4,1,1,45,384.8,0
7,1,43,0,1068,20,49,0,3,1,2,45,187.371,1
7,0,34,1,4560,79,7,21,3,1,1,30,213.56,0
18,1,45,1,2182,16,33,3,2,1,2,45,108.504,1
11,0,43,2,83,69,0,0,3,1,1,25,137.278,1
10,0,34,3,2276,1,16,11,4,1,2,25,86.257,1
6,0,37,1,2895,59,207,27,2,1,1,25,1064.43,0
16,0,43,0,542,19,51,1,3,1,2,30,264.708,1
6,0,32,1,8630,107,126,36,3,1,1,30,853.48,0
9,0,34,0,3235,27,13,9,2,1,2,30,171.935,1
10,0,39,2,3805,38,491,8,3,1,1,30,2117.72,0
0,0,36,0,2088,52,0,31,1,1,1,15,117.7,0
8,1,40,0,53,44,0,7,2,1,2,30,97.892,1
34,1,32,0,62,24,0,5,2,1,1,25,66.615,1
9,0,33,0,1789,33,30,26,3,1,2,45,375.827,1
2,0,31,0,825,16,29,4,4,1,2,45,93.525,0
14,0,17,4,3562,56,39,19,3,2,1,30,300.72,0
5,0,35,0,3778,54,0,29,1,1,1,15,210.76,0
0,0,25,0,710,4,0,1,4,1,2,45,17.85,0
8,0,40,1,2698,64,9,35,2,1,1,25,164.79,0
7,0,41,0,2478,54,41,25,2,2,1,25,433.922,1
2,0,43,0,1827,30,22,1,3,1,2,30,248.526,1
3,0,17,0,2100,31,29,12,2,1,1,25,226.395,0
11,1,37,0,2500,100,80,0,2,1,2,45,54.942,1
24,0,4,0,3159,0,84,5,2,1,1,25,0.0,1
3,0,30,0,1883,36,17,25,3,1,2,30,144.76,1
7,0,40,2,3155,30,488,10,3,1,1,30,2079.4,0
2,1,41,1,1357,41,22,0,3,1,2,25,78.247,1
0,1,35,0,202,12,28,14,4,1,1,25,209.551,1
0,0,18,0,1450,23,26,14,2,1,1,25,183.285,0
0,0,38,0,7383,129,388,46,2,1,1,25,2084.04,0
13,0,37,2,9115,121,144,43,3,1,1,30,945.44,0
0,0,30,0,2521,44,29,1,3,1,1,45,82.278,1
4,1,32,0,2570,29,0,10,2,1,2,25,116.955,1
5,0,39,0,563,8,9,4,3,1,2,30,58.84,0
20,0,19,2,9298,180,85,44,5,1,1,55,269.67,0
8,0,32,0,2188,42,24,27,3,1,2,30,185.2,1
1,0,41,2,1371,0,44,0,3,1,1,30,244.927,1
13,1,36,2,1169,9,124,10,2,1,2,30,170.914,1
3,0,31,0,851,16,32,3,3,1,1,30,324.051,1
0,0,45,0,3088,0,38,0,3,1,2,30,442.584,1
26,0,40,0,680,0,11,0,2,1,2,30,202.356,1
9,0,32,0,734,12,10,27,4,1,2,45,132.496,1
6,0,12,3,1727,33,5,6,3,1,2,25,63.798,1
0,0,4,0,1003,5,0,4,2,1,1,25,45.36,1
0,0,27,1,6660,104,256,30,2,2,1,25,1456.38,0
4,0,42,0,2216,63,63,0,3,1,2,30,353.766,1
0,0,42,0,13,5,8,3,3,1,2,30,32.72,0
0,0,32,0,6060,100,243,16,2,2,1,25,1370.7,0
6,0,41,0,1933,54,9,16,3,1,2,30,115.48,0
10,1,37,2,4405,10,18,17,2,1,2,30,338.733,1
31,0,44,10,11000,109,23,50,5,1,1,55,201.135,0
0,0,35,0,4903,78,0,10,2,1,1,25,224.145,0
15,0,40,0,2270,48,31,13,4,1,1,30,382.482,1
2,0,9,1,4390,40,215,10,3,1,1,30,1037.2,0
1,0,17,0,229,5,66,1,3,1,1,25,57.475,1
21,0,19,2,6697,147,92,44,2,2,1,25,721.98,0
16,0,41,0,2893,60,48,4,4,1,2,25,195.977,1
11,0,40,1,6223,101,14,14,3,1,1,30,308.96,0
13,0,45,2,6223,107,22,15,3,1,1,30,341.2,0
3,1,33,0,4512,85,14,1,2,1,1,30,213.31,1
5,0,36,0,4255,66,7,18,2,1,1,25,225.945,0
4,0,37,0,1475,24,21,26,2,1,2,25,161.955,0
2,0,43,0,4800,12,10,31,3,1,1,30,201.624,1
5,1,38,0,305,6,7,2,3,1,2,30,40.44,1
4,1,45,0,2197,41,11,0,2,1,2,25,117.981,1
5,0,34,1,3085,25,7,14,3,1,1,30,152.4,0
3,0,37,0,1115,19,14,6,2,1,2,25,114.03,0
7,0,37,0,1092,44,74,8,3,1,2,25,119.854,1
6,0,38,1,3340,30,485,8,3,1,1,30,2074.8,0
5,0,32,1,305,6,7,2,5,1,1,55,15.165,1
0,0,36,0,1333,38,0,4,3,1,2,30,54.84,0
13,1,38,0,4644,12,39,0,2,1,2,45,50.757,1
2,0,39,0,1422,56,4,4,4,1,1,25,214.027,1
12,0,16,5,3453,55,52,34,3,1,1,30,348.32,0
0,1,41,0,1412,69,36,16,2,1,2,25,0.0,1
5,0,35,1,305,6,7,2,5,1,1,55,15.165,0
0,0,16,0,1200,19,12,9,2,1,1,25,108.855,0
7,0,34,1,13818,165,7,40,3,1,1,30,587.32,0
12,0,15,0,8932,171,73,40,4,1,1,45,410.075,0
3,0,36,0,7393,121,352,39,2,1,1,25,1922.13,0
5,0,30,1,1648,41,40,72,4,1,1,45,142.225,0
2,0,9,1,4390,40,215,10,3,1,1,30,1037.2,0
0,0,33,0,3538,74,0,23,2,1,1,25,162.54,0
21,0,32,0,0,27,8,10,3,1,2,30,243.012,1
0,0,39,0,318,5,7,4,2,1,2,25,46.035,0
0,1,38,0,2171,27,27,39,2,1,1,25,0.0,1
6,1,30,1,1495,44,204,16,2,2,1,25,987.255,1
2,1,22,2,1196,9,204,3,3,1,2,30,320.39,1
7,1,40,3,2289,51,38,14,4,1,1,30,403.067,1
2,1,45,0,287,6,61,31,4,1,2,30,280.345,1
6,0,6,1,1792,19,0,8,3,1,1,30,72.44,1
0,0,36,0,0,0,1,0,2,1,2,25,4.5,1
0,0,25,0,2625,51,0,8,3,1,1,30,107.04,0
5,0,23,1,0,6,40,15,3,1,2,30,78.365,1
2,0,40,0,3673,86,10,32,2,1,1,25,214.155,0
0,0,39,0,0,0,0,0,2,1,2,25,0.0,1
0,0,31,0,1300,35,26,16,3,1,2,30,157.4,0
0,1,24,0,765,7,16,1,4,1,2,45,59.3,1
8,1,34,0,5513,92,19,22,2,1,1,25,337.725,1
10,0,40,1,1124,54,3,8,2,1,1,25,184.253,1
0,0,37,0,0,0,0,0,2,1,2,25,0.0,1
14,0,39,0,3149,74,60,6,3,1,1,30,201.841,1
7,0,40,1,2420,42,290,20,3,1,1,30,1258.48,0
4,0,42,0,2876,26,5,2,3,1,1,45,254.553,1
2,0,35,0,2180,31,274,13,3,1,1,30,1184.44,0
3,1,38,0,59,58,74,0,4,1,2,30,215.679,1
16,0,43,0,1795,41,13,5,3,1,2,25,0.0,1
10,0,28,2,2025,47,201,11,3,2,1,30,886.88,0
0,0,36,0,12868,153,0,27,3,1,1,30,520.84,0
0,0,32,0,1975,24,0,14,2,1,2,25,89.955,1
9,0,39,0,1780,30,28,28,2,1,2,25,207.45,0
21,1,28,0,955,41,8,16,2,1,2,25,80.82,1
2,0,34,0,8100,104,112,41,3,1,1,30,776.16,0
10,0,27,0,0,0,71,0,2,1,1,25,120.588,1
6,0,39,2,6615,91,184,25,3,1,1,30,1004.24,0
0,0,30,0,13208,153,0,36,3,1,1,30,534.44,0
0,0,28,0,2455,14,0,8,3,1,1,30,98.76,0
5,0,42,0,738,17,46,10,3,1,2,30,214.2,0
3,0,28,0,940,15,19,2,4,1,2,45,71.375,0
2,0,29,0,300,0,31,2,2,1,1,30,93.069,1
9,0,29,2,1620,42,200,13,3,2,1,30,866.48,0
9,0,38,0,0,21,30,0,2,1,1,25,363.943,1
5,0,35,0,13593,161,0,39,3,1,1,30,550.16,0
10,0,36,0,15890,187,151,28,2,1,1,25,1402.965,0
0,0,24,0,0,0,0,0,2,1,2,25,0.0,0
16,0,26,0,650,35,1,14,2,1,2,25,35.325,1
0,0,40,1,2870,23,486,10,3,1,1,30,2059.72,0
8,1,45,0,2148,53,71,29,4,1,1,45,119.256,1
13,0,45,0,4705,3,34,0,3,1,2,25,172.647,1
15,0,42,2,14138,178,12,48,3,1,1,30,620.64,0
23,1,43,0,1820,0,48,8,3,1,2,30,303.304,1
7,0,13,0,8628,165,66,38,4,1,1,45,384.825,0
9,0,44,0,6123,45,16,0,3,1,2,45,106.667,1
0,0,24,0,0,0,5,0,4,1,2,45,12.5,0
6,1,32,0,81,21,35,4,4,1,1,45,150.065,1
4,0,34,3,6720,113,269,33,2,2,1,25,1517.985,0
1,0,40,0,1623,29,8,10,3,1,1,30,98.08,0
34,0,45,1,989,24,85,0,4,1,1,45,36.384,1
21,1,36,8,10435,93,1,42,5,2,1,55,159.42,0
29,1,40,10,10800,102,13,46,5,2,1,55,183.03,0
9,0,38,1,4760,86,7,25,3,1,1,30,221.84,0
5,0,38,0,2583,59,11,36,1,1,1,15,205.81,0
0,0,41,3,1758,12,37,0,4,1,2,30,204.68,1
9,1,45,0,2394,3,12,2,4,1,2,30,75.571,1
0,0,39,2,6123,0,5,21,3,1,2,45,115.232,1
10,0,31,1,1380,71,68,3,3,1,1,30,63.646,1
3,0,36,0,14775,171,125,30,2,1,1,25,1235.07,0
0,1,40,0,920,2,21,0,3,1,2,30,25.883,1
8,0,37,0,1970,50,45,22,3,1,2,30,260.8,0
13,1,39,0,6123,31,4,13,3,1,1,25,68.07,1
5,1,44,1,7,16,22,0,2,1,1,25,34.917,1
11,0,31,0,655,29,18,11,2,1,2,25,111.78,0
6,1,34,0,2208,41,29,29,3,1,2,30,205.96,1
5,0,17,2,2728,47,35,22,3,1,1,30,251.0,0
3,0,36,0,3703,59,0,30,2,1,1,25,169.29,0
9,0,37,1,11710,157,13,47,4,1,1,45,329.175,0
12,0,29,0,405,21,7,2,3,1,2,30,45.04,0
0,0,34,0,3603,77,4,29,2,1,1,25,183.6,0
8,0,39,0,11170,150,7,34,4,1,1,45,300.5,0
3,0,40,0,0,27,2,27,3,1,1,30,55.496,1
10,0,38,2,6518,105,28,27,3,1,1,30,376.92,0
3,1,13,0,3789,0,8,0,4,1,2,25,299.208,1
7,0,42,1,4470,87,10,29,3,1,1,30,222.28,0
13,0,38,0,918,55,5,7,3,1,1,25,199.214,1
10,1,37,1,3448,15,24,3,3,1,2,25,191.517,1
34,1,37,0,1731,0,32,34,3,1,2,30,59.353,1
0,1,39,0,5252,45,11,0,4,1,2,30,102.176,1
0,0,38,0,0,0,0,0,2,1,2,25,0.0,1
5,0,36,1,6213,99,21,25,2,1,1,25,378.54,0
12,0,40,2,4820,89,9,27,3,1,1,30,232.36,0
0,0,34,0,1875,37,147,6,2,1,1,25,747.54,0
4,0,36,0,4455,80,0,23,3,1,1,30,181.4,0
0,0,36,0,405,8,6,6,2,1,2,25,45.585,0
12,1,30,0,3365,35,11,5,3,1,2,30,28.938,1
0,0,27,0,2535,10,0,11,3,1,1,30,101.8,0
6,0,43,0,385,8,17,6,2,1,2,25,94.185,1
25,0,32,2,2116,59,66,22,2,1,2,25,246.503,1
16,0,21,1,6348,145,93,46,2,2,1,25,710.685,0
9,0,41,2,6798,77,118,41,2,1,1,25,840.375,0
3,0,30,0,2148,48,344,21,2,1,1,25,1646.82,0
12,1,39,2,1860,0,25,2,3,1,1,25,259.197,1
8,0,35,2,4251,0,4,7,3,1,2,45,189.706,1
0,0,32,0,2415,44,163,19,2,1,1,25,844.155,0
6,1,11,2,1602,24,0,6,3,1,1,30,65.04,1
6,0,39,0,488,25,23,5,2,1,1,25,40.462,1
5,0,13,0,8437,164,57,35,4,1,1,45,357.525,0
7,0,35,0,2058,46,0,12,3,1,2,30,84.16,0
12,0,37,1,2698,63,361,24,3,1,1,30,1554.44,0
5,0,42,0,393,12,15,8,3,1,2,30,76.2,1
1,0,43,0,3986,11,81,17,3,1,2,25,233.473,1
7,0,23,0,1110,27,21,14,2,1,1,25,145.665,0
12,1,41,1,1442,20,0,0,2,1,2,45,232.644,1
9,0,37,0,2383,50,66,35,4,1,2,45,225.825,1
3,1,9,1,1487,19,0,7,3,1,1,30,60.24,1
9,0,26,1,1743,15,43,0,2,1,2,25,74.863,1
0,0,14,0,1948,29,3,2,3,1,1,30,91.08,0
7,0,31,1,3485,71,23,29,3,1,1,30,234.24,0
19,0,42,0,543,23,21,7,4,1,2,25,287.341,1
0,0,39,0,0,20,41,31,3,1,2,30,97.669,1
0,0,25,0,635,10,46,5,4,1,2,45,131.125,0
6,0,38,1,11060,149,0,49,4,1,1,45,280.225,0
5,0,32,0,305,6,7,2,4,1,2,45,25.275,1
2,0,40,0,1055,22,11,16,2,1,2,25,97.965,0
10,0,38,0,4560,72,14,20,3,1,1,30,241.28,0
0,0,29,0,6943,111,362,35,2,1,1,25,1946.43,0
0,0,35,0,1478,25,25,8,4,1,1,45,100.075,0
0,0,42,0,2789,50,26,0,3,1,2,25,410.262,1
4,0,30,0,1523,43,38,72,4,1,1,45,134.15,0
31,1,29,2,2215,0,32,0,4,1,1,25,41.641,1
0,1,41,3,6123,44,10,28,3,1,1,45,259.52,1
9,1,35,0,2990,41,9,16,3,1,2,30,157.24,1
23,0,41,0,2269,0,25,0,4,1,2,45,180.78,1
7,0,39,0,4073,68,5,38,1,1,1,15,255.255,0
12,0,35,0,2543,54,7,18,3,1,2,30,131.88,0
3,0,39,0,1848,33,11,11,3,1,1,30,119.24,0
5,1,38,0,1148,12,11,20,4,1,1,25,241.689,1
0,0,24,0,710,5,23,4,4,1,2,45,75.375,0
6,1,33,2,2975,0,47,3,3,1,1,30,174.573,1
0,0,29,0,1280,36,21,14,3,1,2,30,136.64,0
26,1,32,0,3371,0,1,5,3,1,2,30,228.016,1
5,1,40,0,4009,54,45,26,4,1,1,30,52.902,1
15,1,38,2,2831,51,4,5,2,1,2,25,217.773,1
0,1,40,2,1172,57,20,18,3,1,1,30,284.24,1
23,0,41,9,10435,99,9,43,5,2,1,55,171.51,0
3,0,9,0,3700,32,0,24,3,1,2,25,143.957,1
14,0,36,1,4423,70,7,33,2,1,1,25,233.685,0
0,0,19,0,1263,27,15,65,4,1,1,45,69.75,0
0,0,41,0,749,12,10,4,3,1,2,45,139.215,1
5,0,23,1,1360,32,185,7,2,2,1,25,895.14,0
0,0,7,0,4085,34,208,8,3,1,1,30,996.76,0
24,0,21,3,6758,150,97,46,2,2,1,25,747.36,0
15,0,40,1,4503,72,8,37,1,1,1,15,295.625,0
7,0,44,0,1180,26,15,14,3,1,2,30,108.24,0
14,0,40,2,15905,194,189,36,3,1,1,30,1399.96,0
5,0,38,0,3588,20,39,40,2,1,2,30,100.612,1
9,0,38,4,1243,20,32,19,5,1,1,55,66.945,0
0,0,34,0,0,0,6,0,5,1,1,55,9.0,0
5,0,20,1,1400,22,14,2,2,1,1,25,126.99,0
2,0,33,0,3095,21,475,7,3,1,1,30,2024.64,0
32,1,40,0,6123,28,27,2,3,1,1,25,478.103,1
13,0,28,0,3069,0,0,0,3,1,2,45,323.529,1
13,0,44,2,14158,177,17,50,3,1,1,30,641.4,0
3,0,29,0,1143,0,34,0,3,1,2,25,265.817,1
0,0,40,0,0,53,2,20,3,1,1,30,119.079,1
0,0,22,0,2805,49,0,17,3,1,1,30,114.16,0
6,0,16,3,2608,42,29,19,3,1,1,30,222.0,0
13,0,41,3,7350,113,36,30,5,1,1,55,165.945,0
33,0,42,5,15505,234,66,36,3,2,1,30,893.56,0
26,0,33,2,15780,234,7,67,2,1,1,25,752.13,0
6,0,33,0,2875,36,11,17,2,1,2,25,180.495,1
8,0,41,0,6098,103,18,17,3,1,1,30,320.04,0
6,0,31,1,1568,45,38,69,5,1,1,55,81.195,0
30,0,33,4,16380,244,7,82,2,2,1,25,779.58,0
8,0,34,0,2273,52,348,19,3,1,1,30,1485.0,0
7,0,37,0,13658,163,0,40,3,1,1,30,552.84,0
22,0,35,8,10840,98,2,40,4,1,1,45,278.45,0
0,0,35,0,1345,22,253,16,3,1,1,30,1066.68,0
15,0,38,0,2643,60,334,22,2,1,1,25,1624.635,0
17,0,42,0,3946,50,41,0,2,1,1,25,247.222,1
33,0,14,2,0,32,85,10,3,1,2,30,342.945,1
17,0,27,1,1720,39,35,18,2,1,1,25,236.655,0
4,0,26,0,1568,39,30,68,4,1,1,45,115.175,0
0,0,35,0,4867,16,18,1,4,1,2,45,170.408,1
7,0,37,0,15240,179,148,30,2,1,1,25,1359.855,0
13,0,38,0,1817,0,25,2,3,1,2,25,90.738,1
13,0,41,2,4790,83,44,23,3,1,1,30,370.92,0
4,1,37,0,2250,16,32,41,3,1,2,30,126.536,1
11,0,37,0,15675,183,159,33,2,1,1,25,1429.11,0
14,0,37,1,2261,36,32,10,5,1,1,25,182.871,1
9,0,12,2,4977,1,8,0,4,1,1,25,284.29,1
0,0,38,0,1760,29,264,3,3,1,1,30,1127.56,0
1,0,45,3,3488,69,5,0,2,1,1,30,467.725,1
0,0,31,0,6480,91,7,20,4,1,1,45,181.775,0
3,0,38,0,2148,43,55,23,4,1,2,30,380.207,1
13,0,38,1,2191,18,54,34,3,1,2,30,357.207,1
21,1,29,1,3025,17,51,6,3,2,2,30,156.557,1
16,0,29,0,1005,31,17,9,3,1,2,30,109.44,0
4,0,38,0,3770,61,0,2,2,1,1,25,172.395,0
5,1,37,0,641,46,39,0,2,1,1,45,285.773,1
16,0,29,0,1005,31,17,9,3,1,2,30,109.44,0
6,1,36,1,24,13,6,6,4,1,1,25,549.876,1
0,0,20,0,1470,22,31,16,2,1,1,25,206.64,0
27,0,10,0,1737,86,5,0,3,1,2,30,463.622,1
0,0,8,1,421,9,16,33,3,1,1,45,72.034,1
7,0,44,0,305,12,15,3,3,1,2,30,72.68,1
7,0,28,1,1683,44,28,67,5,1,1,55,67.905,0
16,0,33,0,2776,5,15,10,2,1,2,30,197.806,1
30,0,32,3,16265,238,7,78,2,1,1,25,774.135,0
8,0,38,0,4008,65,0,32,1,1,1,15,224.015,0
8,0,42,0,2737,7,31,22,3,1,2,30,987.255,1
4,0,14,2,4390,46,223,11,3,1,1,30,1069.44,0
0,0,33,0,1248,13,0,3,3,1,1,30,50.44,0
13,0,44,1,4630,81,20,23,3,1,1,30,268.44,0
1,1,26,0,5323,44,0,8,2,1,2,25,261.511,1
4,0,43,0,293,0,73,2,2,1,2,45,0.0,1
28,1,40,0,1941,73,14,3,2,1,1,30,0.0,1
18,0,45,3,7283,91,130,45,2,1,1,25,916.83,0
4,0,36,1,6905,91,187,24,3,1,1,30,1027.84,0
0,1,33,0,454,5,26,0,2,1,1,30,310.035,1
13,1,26,0,2010,10,19,22,2,1,1,30,983.725,1
0,0,24,0,520,4,14,1,4,1,2,45,48.1,0
17,1,42,2,1331,15,17,23,4,1,1,30,199.623,1
1,0,31,1,6545,104,232,27,2,2,1,25,1343.205,0
19,1,42,0,531,22,39,2,3,1,2,30,0.0,1
9,0,43,1,13773,175,8,45,3,1,1,30,589.92,0
6,0,43,0,1260,22,17,17,2,1,2,25,134.19,0
17,0,45,2,4503,78,16,38,1,1,1,15,339.955,0
0,0,31,0,490,6,0,5,2,1,2,25,22.32,0
0,1,30,0,0,0,0,0,4,1,2,45,0.0,1
11,0,10,0,2700,32,0,14,4,2,1,25,248.165,1
0,1,44,0,1509,24,13,15,3,1,1,25,376.04,1
3,1,45,0,1852,17,20,2,3,1,1,45,145.571,1
31,0,9,0,6085,39,46,3,2,1,2,30,339.332,1
0,0,27,0,715,26,172,1,2,2,1,25,807.345,0
9,0,28,1,1505,36,168,9,2,2,1,25,825.345,0
1,1,32,2,2405,21,53,11,4,1,1,30,76.277,1
8,0,40,0,13478,165,7,31,3,1,1,30,573.72,0
8,0,34,0,2158,52,0,13,3,1,2,30,88.4,0
11,0,36,1,4740,87,7,23,3,1,1,30,221.08,0
5,1,30,0,3337,99,0,0,3,1,1,30,0.0,1
24,0,40,0,674,7,31,21,2,1,1,45,78.654,1
0,0,5,0,4025,31,203,6,3,1,1,30,974.24,0
11,0,37,3,12065,164,32,62,4,1,1,45,385.725,0
0,0,32,1,6595,97,39,24,5,1,1,55,158.88,0
0,0,40,0,2422,6,11,21,3,1,2,25,22.497,1
4,0,38,1,1783,30,0,5,4,1,1,45,45.325,0
0,0,27,0,940,16,53,7,4,1,2,45,156.4,0
1,1,40,0,2471,21,38,10,3,1,2,45,135.359,1
11,0,38,1,3775,82,32,28,3,1,1,30,282.28,0
14,0,22,5,3238,53,48,25,3,2,1,30,323.64,0
9,0,41,0,2415,30,15,0,3,1,2,30,150.158,1
15,1,40,0,3735,24,56,3,4,2,2,45,100.938,1
0,0,34,0,695,6,0,6,2,1,2,25,31.545,0
4,0,34,3,6775,115,262,30,2,2,1,25,1489.05,0
2,1,39,0,1816,47,1,4,3,1,1,25,287.588,1
5,1,14,0,1994,1,35,5,4,1,2,30,112.57,1
4,0,35,0,5738,87,0,7,3,1,1,30,233.0,0
11,0,36,4,7270,122,278,35,3,2,1,30,1407.68,0
0,0,33,0,2130,11,0,14,3,1,1,30,85.64,0
18,0,39,3,9420,127,151,45,3,1,1,30,985.88,0
19,0,16,2,6518,139,81,39,2,2,1,25,664.065,0
3,0,37,0,1528,43,0,17,3,1,2,30,62.84,0
8,0,38,0,4370,71,5,17,3,1,1,30,197.64,0
0,0,31,0,5851,52,62,0,4,1,2,25,194.306,1
3,0,34,0,6298,63,69,31,2,1,1,25,596.745,0
12,1,30,0,851,60,6,3,2,1,1,25,344.578,1
11,1,34,0,1350,0,11,0,3,1,2,45,23.543,1
16,0,37,0,535,23,12,3,3,1,1,25,13.248,1
2,0,35,0,1874,52,9,24,4,1,1,30,332.616,1
0,0,20,0,1183,31,13,62,4,1,1,45,62.85,0
3,0,37,1,6500,86,186,26,3,1,1,30,1007.44,0
1,0,34,0,1873,45,0,13,3,1,2,30,76.72,0
0,0,32,0,2535,16,0,12,3,1,1,30,102.04,0
8,0,34,3,7155,117,280,36,2,2,1,25,1587.24,0
13,0,40,0,172,72,5,12,3,1,2,25,4.588,1
8,0,15,0,8333,161,52,25,4,1,1,45,342.35,0
7,0,16,0,1789,35,80,0,3,2,1,25,88.802,1
5,0,30,0,0,59,62,0,3,1,2,30,488.723,1
5,0,42,2,598,14,19,8,5,1,1,55,37.68,0
15,1,33,0,3816,0,9,33,2,1,1,30,204.564,1
13,0,36,1,9000,115,112,39,3,1,1,30,812.6,0
0,1,43,3,0,47,14,0,2,1,2,30,812.412,1
14,1,42,0,2528,54,49,37,4,1,2,45,187.05,1
3,1,40,2,1514,100,61,0,2,1,1,25,253.899,1
9,0,13,0,8873,168,68,38,4,1,1,45,396.025,0
14,0,28,0,358,15,24,23,3,1,2,30,201.711,1
11,0,8,0,3885,9,15,16,3,1,2,30,74.295,1
32,1,36,4,16560,252,18,87,2,2,1,25,837.54,0
8,0,44,0,1095,22,30,14,3,1,2,30,164.68,0
9,1,39,0,2723,34,45,0,3,1,2,45,20.059,1
1,1,27,1,2628,18,12,13,2,1,2,25,41.901,1
2,0,26,0,1378,38,21,65,4,1,1,45,87.9,0
5,0,37,1,3500,32,484,6,3,1,1,30,2077.28,0
21,0,28,2,2240,49,34,15,2,1,1,25,256.005,0
5,0,39,0,305,6,7,2,2,1,2,25,45.495,1
4,0,36,0,0,0,55,9,3,1,1,45,489.827,1
5,0,24,1,3350,59,7,20,3,1,1,30,164.36,0
14,0,20,1,8932,177,81,41,5,1,1,55,258.135,0
1,1,31,0,1185,41,17,16,3,1,2,25,159.362,1
19,0,33,8,10255,85,0,37,5,1,1,55,155.1,0
4,0,34,0,2621,18,14,13,3,1,1,25,25.69,1
28,0,12,0,119,0,2,31,2,1,2,45,171.287,1
0,0,36,0,1898,51,0,28,1,1,1,15,107.195,0
2,0,39,0,825,20,45,12,3,1,2,30,213.8,0
10,1,27,0,1632,14,9,22,3,1,2,30,497.876,1
1,0,24,0,1508,36,25,66,4,1,1,45,101.1,0
11,0,29,1,1305,34,29,17,2,1,1,25,190.755,0
12,0,34,0,15790,182,149,31,2,1,1,25,1389.24,0
4,1,40,0,4061,50,35,7,4,1,1,30,302.978,1
1,0,36,0,3035,24,478,6,3,1,1,30,2034.36,0
0,0,44,0,1398,46,17,0,4,2,2,30,68.122,1
14,0,41,2,3408,75,17,35,2,1,1,25,233.235,0
2,1,39,0,5291,0,4,0,4,1,2,30,111.486,1
10,0,35,0,14078,169,0,45,3,1,1,30,569.88,0
0,0,35,0,0,0,2,0,2,1,2,25,9.0,1
12,0,39,3,8413,143,412,60,3,1,1,30,1990.24,0
7,0,33,0,1890,48,35,18,3,1,2,30,217.52,0
4,1,40,0,788,40,8,27,3,1,1,30,105.436,1
13,0,21,2,2710,43,43,16,3,1,1,30,282.12,0
10,0,37,0,2453,60,359,24,3,1,1,30,1536.52,0
9,0,44,1,1824,28,29,0,3,1,2,45,281.852,1
0,0,45,0,2618,0,58,0,2,1,2,25,64.783,1
17,0,39,4,7623,91,136,54,2,2,1,25,959.13,0
10,0,30,0,3299,0,204,0,3,1,2,25,0.0,1
6,1,31,0,880,20,34,3,3,1,2,55,79.097,1
6,0,42,0,518,10,17,8,3,1,2,30,89.12,1
15,1,36,3,2302,18,24,1,3,1,1,25,207.81,1
0,0,32,0,0,0,0,0,2,1,2,25,0.0,0
6,1,45,1,2420,9,20,5,4,1,2,25,130.061,1
2,0,22,0,1315,30,185,10,2,2,1,25,893.025,0
14,0,15,1,9178,174,75,40,5,1,1,55,252.78,0
5,1,40,0,5624,0,22,16,3,1,1,30,199.966,1
0,1,36,0,3061,40,39,0,4,1,2,30,268.108,1
3,1,41,1,4272,0,37,0,3,1,1,45,0.0,1
11,0,15,0,6087,135,78,40,1,2,1,15,771.21,0
8,1,45,0,2921,15,69,6,3,1,1,45,221.305,1
9,0,32,1,1828,49,45,74,5,1,1,55,95.655,0
4,0,27,1,1315,36,193,11,2,2,1,25,929.295,0
4,1,35,0,1721,66,26,33,2,1,1,30,169.805,1
17,1,42,0,3591,0,31,5,2,1,2,30,16.789,1
13,0,19,5,3273,57,70,25,4,1,1,45,258.25,0
1,0,40,0,3197,0,12,30,4,1,2,25,265.278,1
0,1,16,0,618,2,0,16,3,1,1,25,209.015,1
16,0,40,0,583,3,67,0,3,1,1,25,107.127,1
7,1,45,0,2764,28,34,14,2,1,2,45,0.0,1
1,0,32,2,6660,110,264,31,2,2,1,25,1492.65,0
6,0,33,0,11385,152,1,43,3,1,1,30,465.48,0
4,0,33,0,1252,1,4,16,3,1,2,25,228.903,1
1,1,40,0,1755,24,2,29,3,1,2,30,244.674,1
0,1,43,0,2059,6,31,8,3,1,1,30,135.227,1
1,0,35,0,6223,68,92,32,2,1,1,25,697.095,0
16,0,41,3,4195,94,71,34,3,1,1,30,455.56,0
11,0,40,0,15665,190,161,35,2,1,1,25,1437.975,0
13,0,27,1,1285,35,24,15,2,1,1,25,167.4,0
10,0,32,0,250,60,10,31,2,1,2,25,214.39,1
0,0,27,0,700,12,25,6,4,1,2,45,80.3,0
0,0,34,0,2240,12,0,4,3,1,1,30,90.08,0
0,0,29,0,2840,16,0,13,3,1,1,30,114.24,0
0,0,31,0,2055,27,270,15,3,1,1,30,1163.28,0
0,0,40,2,4060,18,14,1,3,1,2,30,251.369,1
4,0,38,0,1735,37,22,2,3,1,2,45,387.407,1
0,1,34,0,0,0,0,0,3,1,2,30,0.0,1
4,0,42,0,2959,9,59,0,2,1,2,25,35.303,1
1,0,13,0,0,49,1,0,3,1,1,25,321.903,1
1,0,42,0,3487,4,15,0,3,1,2,25,440.174,1
0,0,42,0,1606,25,38,2,3,1,2,25,121.288,1
2,1,37,0,837,17,44,18,2,1,2,30,189.382,1
25,0,38,3,3868,4,10,26,2,1,1,30,91.297,1
7,0,31,1,7010,101,11,20,5,1,1,55,123.165,0
10,0,42,1,7993,141,402,50,3,1,1,30,1933.36,0
0,0,35,0,2675,15,444,2,3,1,1,30,1883.6,0
6,0,42,1,1993,27,21,12,2,1,2,30,8.787,1
11,0,40,0,1890,31,15,13,2,1,2,25,153.945,0
8,0,10,1,1678,19,7,5,3,1,1,30,95.88,1
6,0,38,0,4180,70,0,14,3,1,1,30,170.0,0
26,1,45,0,2973,23,15,1,2,1,2,30,11.558,1
26,0,36,0,1152,1,41,0,4,1,2,25,157.93,1
6,0,38,0,3598,56,0,20,1,1,1,15,200.97,0
0,0,35,0,7203,121,377,41,2,1,1,25,2026.08,0
3,0,36,0,6123,8,20,33,2,1,2,30,137.484,1
20,0,29,0,1605,41,38,24,3,1,2,30,217.84,0
11,0,31,1,0,0,0,9,2,1,2,25,149.374,1
7,0,37,3,7100,96,207,41,3,1,1,30,1115.84,0
0,0,31,0,0,0,0,0,2,1,2,25,0.0,1
18,0,41,3,5530,100,17,27,4,1,1,45,183.25,0
7,0,38,0,1609,13,204,6,2,1,2,45,447.66,1
10,0,44,3,3480,35,500,14,4,1,1,45,1337.875,0
0,0,17,0,2660,45,0,15,3,1,1,30,108.2,0
4,0,31,0,2780,47,167,22,2,1,1,25,878.715,0
13,0,27,0,890,26,19,10,2,1,2,25,126.72,0
9,1,38,3,1670,0,6,0,2,1,2,30,455.065,1
13,1,38,0,1383,14,9,5,4,1,1,25,445.359,1
3,0,10,2,1603,25,32,11,3,1,1,30,193.12,1
0,0,36,0,1540,46,42,23,3,1,2,30,231.44,0
17,1,44,0,698,27,85,0,3,1,1,25,345.825,1
7,0,21,1,1275,60,16,2,3,1,2,25,210.912,1
3,0,41,0,1172,30,44,26,3,1,1,25,230.614,1
4,0,36,0,4400,78,4,26,3,1,1,30,195.12,0
14,0,34,2,2133,55,52,76,5,1,1,55,110.82,0
5,0,35,0,2148,54,352,22,2,1,1,25,1683.09,0
5,0,36,0,3893,60,0,33,1,1,1,15,217.415,0
11,1,33,0,2508,0,15,6,2,1,1,30,186.657,1
3,1,35,0,4090,32,28,29,2,1,2,45,389.893,1
10,0,40,0,1943,50,7,4,3,1,2,30,107.72,0
0,0,33,1,1898,0,13,31,3,1,1,30,283.066,1
23,0,33,0,3807,0,14,7,2,1,2,25,65.827,1
0,0,33,0,1360,38,31,18,3,1,2,30,179.92,0
1,0,41,1,2790,27,484,7,3,1,1,30,2048.68,0
1,1,38,0,2948,46,19,2,3,1,2,45,234.456,1
4,0,4,0,6123,24,10,12,2,1,2,25,19.364,1
10,0,35,1,9055,118,139,41,3,1,1,30,922.92,0
0,0,34,0,1995,30,273,14,3,1,1,30,1173.0,0
5,0,41,0,623,11,14,6,3,1,2,30,81.36,0
3,0,33,1,6785,97,14,22,5,1,1,55,124.23,0
22,0,45,1,2723,8,15,2,3,1,1,25,0.0,1
16,0,33,1,6123,98,25,25,2,1,1,25,392.445,1
10,1,36,0,0,53,39,48,2,1,2,30,0.0,1
16,0,34,7,10130,87,0,40,4,1,1,45,255.425,0
1,0,42,0,3432,41,0,0,3,1,1,30,463.294,1
4,0,19,0,840,24,2,7,2,1,1,25,47.88,0
15,0,43,2,15870,190,167,36,2,1,1,25,1474.2,0
17,1,38,0,1483,3,27,3,3,1,1,45,0.0,1
0,1,38,0,3503,28,17,15,4,1,1,45,248.353,1
0,0,33,0,1908,44,0,26,1,1,1,15,107.36,0
1,0,13,0,1163,1,6,2,2,1,2,30,236.389,1
5,0,35,1,1552,41,41,0,2,1,2,25,310.158,1
0,0,32,0,0,0,0,0,4,1,1,45,0.0,0
21,1,45,0,0,18,13,36,2,1,2,25,130.817,1
2,1,28,1,394,81,23,0,4,1,1,30,283.213,1
1,0,37,0,5150,38,67,0,2,1,2,25,170.624,1
4,0,36,0,3908,83,11,31,2,1,1,25,229.095,0
25,0,31,3,16075,238,0,80,2,1,1,25,734.085,0
7,0,33,3,7370,121,272,31,2,2,1,25,1561.095,0
19,0,34,0,842,37,44,0,4,1,2,25,54.785,1
15,0,17,0,2302,37,13,44,3,1,2,30,339.407,1
1,0,4,0,1487,13,0,6,2,1,1,25,67.5,1
14,0,30,0,2735,37,21,11,3,1,2,45,67.936,1
10,0,40,2,4630,88,0,24,3,1,1,30,188.72,0
34,1,22,0,1951,62,69,8,2,1,2,25,90.77,1
11,0,36,1,1147,67,55,0,3,1,1,25,0.0,1
6,0,40,0,3973,62,4,37,2,1,1,25,199.575,0
5,1,34,0,2015,65,46,11,2,1,2,25,81.887,1
15,0,30,1,14575,209,32,24,2,1,1,25,809.28,0
0,0,42,0,0,0,8,0,2,1,2,25,36.0,1
28,1,39,0,1215,57,31,23,3,1,2,30,174.88,1
0,0,32,0,1975,31,268,12,3,1,1,30,1152.24,0
1,1,3,0,0,12,31,16,3,1,1,30,189.076,1
32,1,17,0,2828,5,13,7,3,1,1,30,0.0,1
10,0,37,0,2453,60,359,24,3,1,1,30,1536.52,0
23,1,35,0,1530,56,73,16,2,1,1,25,121.559,1
0,0,37,0,2385,16,458,8,3,1,1,30,1928.04,0
0,0,26,0,605,25,168,11,2,2,1,25,784.35,0
8,0,40,1,2698,64,9,35,2,1,1,25,164.79,0
32,0,39,10,11450,110,16,44,5,1,1,55,197.4,0
1,0,35,0,1553,19,0,2,3,1,1,30,62.88,0
0,0,36,1,338,4,4,2,5,1,1,55,11.13,0
12,1,34,0,3115,39,7,13,3,1,2,30,154.16,1
0,0,29,0,6420,88,2,18,4,1,1,45,167.7,0
0,1,34,0,0,0,0,0,2,1,2,25,0.0,1
5,0,39,0,15260,178,153,32,2,1,1,25,1383.21,0
1,0,39,2,1496,10,1,35,3,1,2,30,272.716,1
12,1,7,0,0,33,28,0,3,1,2,25,218.648,1
21,0,40,2,3468,77,374,26,3,1,1,30,1637.8,0
7,0,36,0,1926,47,10,17,2,1,2,30,262.264,1
2,0,34,0,11045,142,0,41,3,1,1,30,447.48,0
10,0,24,0,1110,26,0,9,2,1,1,25,51.12,0
22,1,41,0,455,47,0,3,2,1,2,25,434.462,1
3,1,32,0,1063,90,48,0,3,1,2,25,103.26,1
1,0,37,0,5728,95,32,14,3,1,1,30,360.92,0
5,0,40,0,7688,135,395,48,2,1,1,25,2129.535,0
25,0,42,3,15095,229,62,36,3,1,1,30,860.96,0
10,0,40,1,2888,65,18,38,2,1,1,25,213.885,0
0,0,8,1,4200,40,240,12,3,1,1,30,1129.6,0
5,0,28,0,1130,16,28,5,4,1,2,45,98.65,0
5,0,33,0,4515,77,0,24,3,1,1,30,183.68,0
14,0,36,2,9520,126,145,41,3,1,1,30,965.84,0
2,0,42,0,665,18,21,12,3,1,2,30,111.32,0
11,0,33,2,2882,27,14,9,2,1,1,45,95.36,1
3,0,45,0,2259,49,204,0,2,1,2,25,98.972,1
1,0,28,0,6785,91,6,21,4,1,1,45,186.9,0
24,1,40,0,2274,0,52,0,3,1,2,30,218.874,1
6,0,38,0,710,11,8,2,2,1,2,25,68.445,1
0,0,34,0,3223,75,0,23,2,1,1,25,148.41,0
4,0,31,1,1270,40,201,15,2,2,1,25,963.45,0
2,0,37,0,3660,60,0,17,2,1,1,25,167.4,0
0,0,7,0,1428,16,0,5,3,1,1,30,57.76,1
25,1,28,1,0,14,5,4,3,1,1,30,50.7,1
16,0,18,2,6508,147,117,46,2,2,1,25,825.975,0
20,0,32,0,6123,63,55,2,2,1,1,25,451.873,1
8,1,39,0,2087,45,40,6,2,1,1,25,106.248,1
4,0,36,3,938,14,25,17,5,1,1,55,51.78,0
6,0,35,0,3030,22,7,12,3,1,1,30,150.08,0
1,1,36,0,3658,28,41,18,2,1,2,45,238.98,1
1,1,21,0,375,40,42,21,2,1,1,30,387.477,1
5,0,26,0,1070,13,23,3,4,1,2,45,84.575,0
9,0,35,0,1304,67,5,11,3,1,2,30,362.361,1
0,0,36,0,2055,33,278,16,3,1,1,30,1195.52,0
0,0,36,0,0,0,0,0,2,1,2,25,0.0,0
5,0,40,0,415,10,7,2,3,1,2,30,45.0,0
4,0,21,0,1875,34,39,19,2,1,1,25,261.405,0
6,0,36,0,3470,76,25,26,2,1,1,25,272.07,0
8,0,41,2,2813,70,41,39,2,1,1,25,314.235,0
0,0,31,0,3718,76,0,27,2,1,1,25,170.73,0
3,0,38,1,688,10,14,6,4,1,1,45,52.45,1
28,0,40,4,15255,230,52,31,3,1,1,30,827.4,0
18,1,38,0,1714,45,30,3,3,1,1,25,506.004,1
0,0,34,0,568,4,4,2,4,1,2,45,24.3,1
15,1,42,0,2653,52,51,37,4,1,2,45,195.125,1
3,0,38,2,6615,92,218,30,3,1,1,30,1140.28,0
23,1,37,0,910,51,24,21,2,1,2,25,151.245,1
0,0,8,1,2288,29,9,11,3,1,1,30,128.68,0
26,1,34,0,2641,29,20,7,2,1,2,30,987.255,1
34,1,30,0,1142,100,14,7,3,2,2,25,147.811,1
0,0,25,0,3035,60,0,20,3,1,1,30,123.8,0
5,0,35,1,4555,31,55,11,3,1,1,45,291.806,1
10,0,5,0,2603,35,60,5,2,1,2,45,0.0,1
10,0,3,1,1674,0,6,1,3,1,2,30,494.559,1
27,1,42,2,3124,45,8,7,3,1,2,25,144.035,1
0,1,36,0,1477,22,6,0,2,1,1,45,121.436,1
8,0,34,0,1710,16,39,22,2,1,2,45,362.613,1
0,0,34,0,0,0,0,0,4,1,1,45,0.0,0
14,0,43,3,7103,83,125,43,2,1,1,25,885.87,0
2,0,31,0,1783,30,16,24,3,1,2,30,136.52,1
6,0,31,1,3394,13,5,2,2,1,2,30,306.285,1
5,0,39,0,305,6,7,2,2,1,2,25,45.495,1
10,0,44,2,2745,47,302,24,4,1,1,45,824.8,0
9,0,32,0,1368,12,7,0,2,1,1,30,233.21,1
0,1,34,0,1363,28,6,14,3,1,2,30,79.64,1
12,0,37,1,3050,44,14,18,3,1,1,30,179.76,1
4,0,36,1,2955,27,0,13,3,1,1,30,119.28,0
15,0,27,1,1530,38,26,15,2,1,1,25,187.56,0
15,0,41,0,2045,27,23,33,2,1,1,30,320.526,1
0,0,45,0,2430,16,51,0,3,1,2,30,313.084,1
0,0,6,0,3970,28,176,4,2,1,1,25,971.91,0
5,0,32,1,526,59,13,0,2,1,2,25,409.703,1
0,1,43,0,2436,21,56,3,2,1,2,25,66.168,1
25,1,42,0,3902,16,66,0,3,1,2,30,180.367,1
14,0,40,1,14268,176,16,49,3,1,1,30,641.76,0
18,0,32,0,1185,39,28,14,3,1,2,30,160.96,0
0,1,41,0,2409,50,29,19,3,1,1,25,364.603,1
14,1,40,0,2543,60,15,19,3,1,2,30,164.12,0
0,0,34,0,1173,18,0,1,3,1,1,30,47.64,0
6,1,37,1,3588,0,36,15,2,1,2,25,406.743,1
16,0,34,2,9420,121,143,44,3,1,1,30,953.64,0
0,1,36,0,628,7,9,4,4,1,2,45,38.375,1
5,1,40,2,1809,33,39,13,2,1,2,25,264.11,1
13,0,28,2,4240,78,23,25,3,1,1,30,264.72,0
0,1,41,0,0,18,16,10,2,1,2,25,131.611,1
1,0,36,0,3350,42,38,3,2,1,2,30,185.133,1
10,0,36,2,4070,86,46,41,3,1,1,30,350.24,0
0,1,35,0,2258,19,0,13,3,1,2,30,515.009,1
0,0,20,0,0,0,4,0,4,1,2,45,10.0,0
8,0,35,1,8810,115,137,41,3,1,1,30,905.0,0
8,1,33,0,1721,25,4,12,2,1,2,25,113.732,1
9,0,43,3,6885,94,203,32,3,1,1,30,1091.16,0
11,0,40,1,4430,74,10,19,3,1,1,30,220.16,0
10,0,36,0,2338,54,327,20,2,1,1,25,1579.14,0
2,0,40,0,5693,91,10,14,2,1,1,25,305.28,0
0,0,45,0,1134,31,45,43,2,1,1,30,402.287,1
0,0,25,0,1903,20,165,8,2,2,1,25,829.035,0
0,0,33,0,3298,70,0,22,2,1,1,25,151.56,0
11,0,36,4,7270,122,278,35,3,2,1,30,1407.68,0
3,0,41,1,378,8,12,6,3,1,1,30,63.44,0
0,0,19,0,2840,53,0,17,3,1,1,30,115.72,0
0,1,35,0,3812,19,9,19,3,1,2,45,332.74,1
4,0,42,0,2315,43,293,22,3,1,1,30,1266.32,0
5,1,10,0,811,7,33,0,2,1,1,45,79.842,1
22,0,34,3,15770,238,1,79,2,1,1,25,724.86,0
2,0,35,0,11160,148,4,45,3,1,1,30,468.32,0
13,0,40,1,4258,69,6,37,1,1,1,15,270.985,0
0,0,31,0,1825,5,0,12,3,1,1,30,73.2,0
10,0,45,1,1230,47,69,12,2,1,1,30,84.707,1
2,0,29,0,6705,95,4,18,4,1,1,45,180.0,0
3,0,23,0,730,25,3,8,2,1,1,25,47.475,0
7,0,38,0,628,9,16,7,3,1,2,30,89.48,1
6,0,43,0,2832,8,29,7,2,1,2,30,179.899,1
15,1,30,1,2754,22,38,0,3,1,2,30,0.0,1
15,0,38,1,0,20,39,1,3,1,2,25,455.669,1
8,0,34,0,5513,92,19,22,2,1,1,25,337.725,1
9,1,33,0,3183,0,27,4,2,1,1,55,8.753,1
9,0,40,2,2033,34,12,10,4,1,1,45,81.675,0
8,0,36,0,3660,77,34,29,2,1,1,25,321.165,0
14,0,29,6,10130,81,0,39,4,1,1,45,255.275,0
19,0,39,3,3358,76,387,41,3,1,1,30,1685.36,0
0,0,33,0,710,8,5,7,2,1,2,25,54.81,0
16,0,35,1,995,0,31,5,3,1,1,30,359.409,1
4,0,41,0,2601,52,14,7,2,1,2,25,344.162,1
8,0,36,3,7205,109,53,28,5,1,1,55,189.21,0
0,0,23,0,950,27,181,7,2,2,1,25,858.465,0
14,0,29,0,4218,13,26,14,2,1,2,30,161.184,1
11,0,27,0,700,25,10,7,2,1,2,25,77.625,0
24,0,34,2,15060,223,44,28,3,1,1,30,787.32,0
10,0,38,0,4198,66,1,35,1,1,1,15,240.02,0
12,1,37,0,990,0,54,5,2,1,2,30,450.648,1
31,0,29,1,3963,80,15,0,3,1,2,30,0.0,1
11,0,29,2,1810,43,209,16,3,2,1,30,910.12,0
23,0,31,3,15830,235,0,80,2,1,1,25,722.925,0
9,0,31,0,3035,37,7,12,3,1,2,30,150.88,1
9,1,36,0,5218,88,5,9,2,1,1,25,261.27,1
5,1,43,1,8,17,40,15,3,1,2,25,293.152,1
7,0,40,0,1015,20,20,10,3,1,2,30,121.4,0
6,0,16,1,1920,30,25,12,2,1,1,25,200.25,0
10,0,36,2,11590,152,7,44,4,1,1,45,311.05,0
0,0,28,0,3153,66,0,20,2,1,1,25,144.855,0
24,0,43,0,6123,30,32,34,4,1,2,30,0.0,1
5,0,35,0,2148,54,352,22,2,1,1,25,1683.09,0
23,0,29,0,1000,43,8,13,2,1,2,25,82.935,1
19,0,33,0,5310,39,15,6,3,1,2,45,288.683,1
0,0,34,0,3122,19,38,20,3,1,1,25,83.138,1
5,0,40,1,770,17,18,10,3,1,1,30,103.48,0
17,0,45,3,12030,170,33,55,4,1,1,45,387.5,0
5,0,37,0,835,12,9,5,3,1,2,30,69.88,0
23,0,34,0,1821,0,29,0,2,1,2,25,318.804,1
11,1,36,1,5573,95,24,24,2,1,1,25,363.06,1
30,1,40,0,1260,59,31,20,3,1,2,30,176.76,1
29,0,42,0,2953,0,36,0,2,1,1,25,23.992,1
1,1,34,0,2346,60,27,3,2,1,1,30,224.669,1
6,0,38,0,4125,68,3,17,2,1,1,25,202.185,0
6,0,33,0,2098,0,17,5,3,1,2,30,136.606,1
8,1,42,0,2044,43,18,4,4,1,2,25,488.217,1
0,0,20,0,1010,24,178,8,2,2,1,25,847.53,0
7,1,40,1,695,48,0,15,2,1,1,30,355.379,1
0,0,32,0,1303,16,0,2,3,1,1,30,52.76,0
11,0,31,0,2239,16,36,3,3,1,2,25,399.365,1
7,0,38,1,4023,88,9,30,3,1,1,30,200.44,0
8,0,39,2,6805,92,193,28,3,1,1,30,1047.88,0
1,0,36,0,1668,25,0,6,3,1,1,30,67.72,0
0,0,34,0,428,6,14,15,3,1,2,30,73.36,1
0,0,37,0,1073,29,11,0,3,1,2,30,29.6,1
27,0,20,3,7407,158,100,44,2,2,1,25,790.425,0
16,1,43,0,2723,68,26,24,3,1,2,30,215.64,0
1,0,27,0,1443,41,34,71,4,1,1,45,122.1,0
2,1,38,0,872,54,0,18,3,1,2,30,13.573,1
0,0,37,0,0,0,0,0,2,1,2,25,0.0,0
17,0,16,1,6797,146,86,40,1,2,1,15,854.865,0
3,0,35,0,6413,69,101,35,2,1,1,25,746.19,0
8,0,42,0,1742,11,80,3,2,1,2,25,228.408,1
3,0,38,0,1255,16,48,12,2,1,2,30,67.127,1
13,0,38,1,3275,60,191,28,2,1,1,25,1009.575,0
8,0,34,1,0,31,0,8,3,1,2,30,44.842,1
3,1,45,0,3328,0,39,20,3,1,1,45,325.886,1
19,0,22,2,9237,183,88,43,5,1,1,55,273.3,0
16,0,40,0,3654,17,58,1,3,1,1,25,157.862,1
0,0,27,0,6400,89,0,16,4,1,1,45,162.225,0
16,1,7,2,2809,37,0,6,4,1,2,45,269.236,1
21,0,31,1,15475,228,0,65,2,1,1,25,706.635,0
4,0,33,0,1848,32,0,25,3,1,2,30,75.2,1
1,0,38,0,2204,7,4,16,4,1,2,45,0.0,1
1,1,36,0,5997,65,37,17,2,1,2,45,340.873,1
0,0,25,0,858,28,5,68,4,1,1,45,34.65,0
13,0,37,2,5933,104,58,28,3,1,1,30,473.48,0
12,0,28,0,1405,40,30,18,2,1,1,25,200.025,0
1,1,32,0,1169,67,2,3,3,1,2,25,212.501,1
17,0,21,2,6473,143,95,46,2,2,1,25,725.22,0
8,1,40,0,3380,41,33,0,2,1,1,45,99.525,1
11,0,37,5,7385,128,310,39,3,2,1,30,1540.52,0
8,1,36,0,2973,31,38,13,3,1,2,30,19.436,1
1,0,16,1,1990,30,42,27,2,1,1,25,279.9,0
9,0,39,0,2550,39,260,16,3,1,1,30,1143.56,0
8,1,35,1,5628,98,51,26,2,1,1,25,487.17,1
4,1,32,1,1175,47,0,48,4,1,1,25,357.927,1
7,0,38,2,2993,68,23,48,2,1,1,25,241.245,0
14,1,42,3,1729,29,33,3,4,1,2,25,116.664,1
0,1,36,0,3520,0,27,32,3,1,1,25,164.979,1
6,0,41,0,2540,47,296,23,3,1,1,30,1287.48,0
8,1,31,0,2910,39,0,12,3,1,2,30,117.96,1
0,0,34,0,455,2,0,5,2,1,2,25,20.565,0
8,0,24,1,1793,43,27,66,4,1,1,45,113.4,0
27,0,41,3,15320,233,65,37,3,1,1,30,882.12,0
0,0,32,0,6075,86,0,22,4,1,1,45,154.025,0
8,0,16,3,2852,45,31,19,3,1,1,30,239.88,0
20,0,25,2,15815,228,0,74,2,1,1,25,721.935,0
0,0,31,0,2660,14,0,9,3,1,1,30,106.96,0
25,0,30,2,15960,232,0,76,2,1,1,25,728.64,0
30,0,34,5,16495,250,39,86,2,2,1,25,929.025,0
0,0,31,0,7123,119,367,37,2,1,1,25,1977.39,0
10,0,36,1,6123,100,9,2,3,1,1,30,536.389,1
1,0,32,2,6660,110,264,31,2,2,1,25,1492.65,0
21,1,42,1,1486,39,33,0,2,1,2,25,527.207,1
11,0,36,2,6843,73,104,34,2,1,1,25,779.22,0
0,1,33,2,265,64,5,8,3,1,2,55,38.086,1
1,0,36,0,2980,22,485,9,3,1,1,30,2060.08,0
2,0,45,0,2374,10,36,18,3,1,2,30,186.724,1
16,1,42,5,7530,132,293,41,3,2,1,30,1478.48,0
3,0,36,0,426,31,15,11,4,1,2,45,497.511,1
0,0,20,0,1308,29,15,62,4,1,1,45,70.925,0
4,0,36,0,1228,17,30,19,4,1,2,45,106.125,1
1,0,33,1,6595,96,5,19,5,1,1,55,107.865,0
17,1,40,0,4332,56,71,0,3,1,2,45,98.352,1
6,0,34,3,6965,116,271,33,2,2,1,25,1538.145,0
1,0,34,1,6320,78,175,21,3,1,1,30,955.92,0
5,0,14,0,170,0,6,2,2,1,2,45,310.985,1
0,0,4,0,3905,26,197,3,3,1,1,30,945.24,0
2,0,33,0,3245,27,1,12,3,1,1,30,134.88,0
0,1,34,0,1579,10,66,5,4,1,2,25,309.808,1
3,0,37,0,7508,127,384,43,2,1,1,25,2071.575,0
20,0,43,0,2388,5,8,0,3,1,2,30,0.708,1
14,0,38,0,3410,53,48,22,3,1,2,30,330.52,1
0,0,40,0,485,10,16,10,2,1,2,25,94.275,0
14,0,29,0,0,3,12,22,3,1,2,30,137.694,1
2,0,43,0,1257,49,8,0,3,1,2,25,13.044,1
18,0,31,0,650,41,9,15,2,1,2,25,71.595,1
13,0,39,1,2513,63,364,26,3,1,1,30,1559.04,0
8,0,27,3,1915,46,214,26,2,2,1,25,1051.245,0
4,0,40,1,2477,5,41,33,2,1,1,25,303.884,1
15,0,13,0,6313,139,75,38,1,2,1,15,767.36,0
9,0,43,0,4071,0,9,17,3,1,1,30,475.425,1
17,1,3,0,0,0,46,18,3,1,2,45,136.706,1
16,0,29,0,15170,222,0,63,2,1,1,25,692.64,0
14,1,40,0,3338,49,57,4,2,1,2,25,240.147,1
0,0,37,1,0,64,4,0,4,1,2,30,50.992,1
0,0,30,0,1180,30,20,13,3,1,2,30,128.4,0
15,0,23,5,3157,57,46,22,4,1,1,45,195.35,0
24,0,32,0,1360,52,17,15,2,1,2,25,140.04,1
6,1,36,0,1294,0,37,0,2,1,1,45,125.578,1
3,0,45,2,0,7,83,7,3,1,2,30,1.322,1
0,0,35,0,14580,166,122,13,2,1,1,25,1212.57,0
4,1,36,3,2004,15,80,8,3,1,1,25,88.966,1
2,0,42,0,875,20,8,12,2,1,2,25,76.275,0
3,0,8,1,4795,45,216,8,3,1,1,30,1057.6,0
0,0,35,0,1065,34,17,5,3,1,2,30,111.96,0
0,0,36,1,5920,19,37,0,3,1,1,25,92.458,1
0,0,29,1,1090,32,196,13,2,2,1,25,932.49,0
1,1,40,0,708,9,19,8,4,1,2,45,65.425,1
10,1,45,0,2540,100,5,0,2,1,1,30,29.462,1
3,0,37,1,2876,56,15,0,3,1,1,25,10.232,1
0,0,34,0,513,2,11,5,4,1,2,45,40.375,1
9,0,43,0,3765,64,18,0,3,1,1,45,201.859,1
9,0,37,0,15485,182,150,30,2,1,1,25,1380.015,0
8,0,37,0,2208,57,357,24,2,1,1,25,1708.425,0
3,0,35,0,6413,69,101,35,2,1,1,25,746.19,0
0,1,34,0,1185,30,204,1,4,1,2,30,256.261,1
0,1,41,1,417,100,63,0,3,1,2,30,199.618,1
3,0,40,1,3798,84,12,32,3,1,1,30,203.28,0
8,0,41,1,2780,59,183,24,2,1,1,25,951.255,0
6,0,13,3,2673,37,20,14,3,1,1,30,188.4,0
0,0,37,0,6908,117,363,28,2,1,1,25,1949.625,0
19,0,36,0,4099,1,22,4,3,1,1,30,67.031,1
7,1,39,0,190,13,19,8,2,1,2,30,540.782,1
0,1,37,0,81,66,9,32,3,1,1,30,987.255,1
12,0,17,3,4955,56,237,18,3,1,1,30,1148.44,0
0,0,36,0,3118,72,0,13,2,1,1,25,143.55,0
10,0,16,0,5682,130,60,42,1,2,1,15,649.66,0
0,0,28,0,0,0,0,0,3,1,1,30,0.0,0
16,0,36,0,3027,35,11,18,3,1,1,25,51.783,1
12,1,35,1,3829,59,6,23,2,1,2,30,36.437,1
9,0,40,1,5978,98,12,14,3,1,1,30,291.04,0
3,0,35,0,6413,69,101,35,2,1,1,25,746.19,0
11,1,44,0,1898,29,74,39,4,1,2,25,41.301,1
25,0,37,0,1194,36,7,0,3,1,2,25,149.587,1
0,0,32,0,10980,140,0,40,3,1,1,30,444.8,0
5,1,14,2,1487,25,8,8,3,1,1,30,92.48,1
0,0,36,1,6310,86,211,28,3,1,1,30,1099.84,0
7,0,35,0,6100,28,39,31,2,1,2,30,166.387,1
21,0,45,0,3020,7,26,15,3,1,2,25,70.087,1
0,0,33,0,0,0,0,0,2,1,2,25,0.0,1
6,0,36,0,3470,76,25,26,2,1,1,25,272.07,0
13,0,36,0,2463,58,7,15,3,1,2,30,128.84,0
0,1,38,0,1644,0,16,0,4,1,2,25,124.804,1
1,0,45,0,0,0,72,0,2,1,2,30,305.674,1
23,0,44,3,6383,114,48,32,3,1,1,30,451.88,0
14,0,38,2,4798,76,22,50,1,1,1,15,389.07,0
15,0,31,1,1485,42,34,19,2,1,1,25,221.715,0
0,0,35,0,7013,120,368,38,2,1,1,25,1976.985,0
4,0,38,1,3095,27,483,8,3,1,1,30,2056.88,0
2,0,35,0,11160,148,4,45,3,1,1,30,468.32,0
11,1,35,0,2546,3,29,0,4,1,2,25,444.151,1
6,1,38,1,0,13,29,0,3,1,1,45,134.3,1
0,1,42,0,2693,0,5,11,3,1,2,30,292.451,1
1,0,31,0,2067,39,1,6,2,1,1,25,180.301,1
12,1,40,0,1509,25,16,15,2,1,1,25,173.64,1
4,0,41,1,3555,11,17,0,3,1,1,25,217.118,1
14,0,40,0,2543,60,15,19,3,1,2,30,164.12,0
5,0,38,0,2043,40,37,33,3,1,2,30,231.32,1
3,1,39,0,2266,0,40,6,4,1,2,30,275.197,1
0,0,34,0,3658,79,0,26,2,1,1,25,168.165,0
0,1,29,0,2366,32,41,1,3,1,2,25,151.527,1
24,0,27,2,15995,236,0,76,2,1,1,25,730.395,0
0,0,23,0,3165,58,3,21,3,1,1,30,140.92,0
3,0,39,0,48,47,33,0,2,2,1,55,191.041,1
4,0,36,0,2051,12,83,0,4,2,1,25,212.177,1
34,0,31,0,2556,1,11,4,3,1,2,30,463.253,1
0,1,12,0,2255,21,45,31,3,1,2,25,501.885,1
7,0,42,0,2187,2,34,11,2,2,2,30,301.779,1
13,1,39,0,581,39,2,0,3,1,2,30,110.672,1
0,0,43,1,2481,46,27,8,3,1,2,45,528.567,1
4,0,38,1,1728,28,5,8,4,1,1,45,56.4,0
0,0,24,0,3035,61,33,25,3,1,1,30,255.84,0
2,0,32,0,3406,9,60,0,2,1,1,25,49.976,1
0,0,25,0,6220,81,0,14,4,1,1,45,157.525,0
7,1,37,0,4284,0,38,5,3,1,1,45,189.537,1
12,1,37,0,2570,60,66,37,4,1,2,45,230.75,1
13,0,39,1,2568,65,357,23,3,1,1,30,1533.32,0
0,0,34,0,1363,19,0,4,3,1,1,30,55.28,0
2,0,34,0,2313,56,0,29,1,1,1,15,130.295,0
20,0,41,0,3253,71,23,19,4,1,2,45,140.6,0
11,0,26,0,585,19,0,3,2,1,2,25,27.18,0
10,0,5,1,2745,30,32,24,2,1,1,45,160.841,1
6,0,40,2,2253,0,66,15,3,1,2,25,305.238,1
18,0,43,0,1622,57,40,0,2,2,2,25,158.999,1
1,0,28,0,2900,50,54,7,2,1,1,45,167.214,1
5,0,34,1,1893,29,7,4,4,1,1,45,65.55,0
2,0,39,0,1609,49,33,0,3,1,2,55,262.263,1
0,0,39,0,318,5,7,4,2,1,2,25,46.035,0
21,0,46,3,4340,98,54,36,3,1,1,30,393.52,0
0,0,38,1,1978,13,32,7,3,1,1,25,250.265,1
11,0,25,0,559,0,8,0,3,1,2,30,465.998,1
1,0,3,0,4653,67,11,4,2,1,1,25,122.726,1
6,0,25,0,625,22,0,2,2,1,1,25,29.115,0
7,0,38,0,13773,169,0,44,3,1,1,30,557.68,0
11,0,35,0,3235,44,11,16,3,1,2,30,175.16,1
1,0,35,0,538,7,1,1,3,1,2,30,25.8,1
8,0,32,0,3961,2,15,20,2,1,2,45,263.444,1
0,0,31,0,6725,94,9,20,4,1,1,45,192.975,0
0,0,36,0,5423,88,0,7,2,1,1,25,247.995,0
8,0,32,0,6123,6,23,10,2,1,2,25,80.282,1
12,0,38,0,2383,49,32,30,4,1,2,45,140.8,1
23,0,34,0,1742,5,65,5,2,1,2,30,454.531,1
15,0,43,1,2713,70,374,30,3,1,1,30,1607.32,0
2,1,37,1,5919,12,53,17,4,1,1,25,243.501,1
27,1,31,0,1180,51,13,15,3,1,2,30,101.24,1
8,0,38,1,6690,86,161,24,3,1,1,30,915.04,0
11,0,38,0,476,9,56,1,3,1,2,45,230.76,1
3,0,13,2,4470,42,225,14,3,1,1,30,1080.48,0
11,0,27,0,700,25,10,7,2,1,2,25,77.625,0
8,1,43,0,2656,5,0,30,2,1,1,45,203.459,1
9,0,28,1,6123,55,7,8,3,1,2,30,282.275,1
3,0,34,0,2219,32,29,0,3,1,2,30,289.232,1
1,0,36,0,10755,143,0,47,3,1,1,30,435.92,0
23,0,32,0,5344,29,67,0,3,1,2,25,418.294,1
0,0,29,0,3413,70,0,25,2,1,1,25,156.735,0
5,0,31,0,1710,40,30,16,3,1,2,30,190.0,0
0,0,40,1,276,17,26,0,3,1,2,25,258.765,1
2,1,14,3,1370,14,30,16,2,1,2,30,0.0,1
26,0,38,9,10740,99,8,44,5,1,1,55,174.585,0
28,1,39,0,0,69,7,0,3,1,1,45,333.216,1
0,0,34,0,955,33,13,20,3,1,2,30,91.52,0
5,1,38,0,0,29,25,0,2,1,2,25,261.669,1
8,0,42,0,674,8,35,28,2,1,1,45,439.091,1
0,0,44,0,3598,51,33,18,2,1,2,30,417.27,1
31,0,44,5,15525,233,71,38,3,1,1,30,914.32,0
0,1,35,1,523,0,147,18,2,1,2,25,92.465,1
10,0,37,0,4083,60,0,31,1,1,1,15,227.865,0
7,1,45,0,132,0,33,41,2,1,1,25,24.461,1
7,0,21,2,2115,38,67,20,3,1,1,30,354.12,0
34,0,29,1,712,20,15,15,2,1,2,30,17.33,1
8,0,40,1,2698,64,9,35,2,1,1,25,164.79,0
8,0,43,1,5918,101,15,13,3,1,1,30,300.76,0
0,0,30,0,2760,20,0,10,3,1,1,30,111.2,0
3,0,37,0,7508,127,384,43,2,1,1,25,2071.575,0
5,0,36,3,2248,100,43,1,3,1,1,25,72.972,1
12,1,36,0,1575,39,35,0,3,1,2,25,161.58,1
5,0,27,0,1015,10,7,2,4,1,2,45,43.125,0
9,0,41,1,2451,58,11,6,3,1,1,45,232.969,1
12,0,42,2,2725,48,297,22,4,1,1,45,811.825,0
4,0,29,2,6965,110,263,32,2,2,1,25,1501.875,0
7,0,41,0,3893,66,2,34,1,1,1,15,228.745,0
9,1,12,0,2834,49,32,17,2,1,1,25,215.321,1
12,1,41,0,2541,5,49,1,2,1,1,25,204.056,1
16,0,43,2,2838,68,376,30,3,1,1,30,1620.24,0
11,1,37,0,1158,62,46,10,3,1,1,25,279.953,1
2,1,39,0,1624,9,79,6,3,1,1,25,303.061,1
10,1,36,0,2783,58,7,0,2,2,1,30,223.052,1
6,0,40,1,2453,61,7,35,2,1,1,25,144.63,0
1,0,30,0,6413,63,93,34,2,1,1,25,709.92,0
16,0,40,0,2733,61,24,22,3,1,2,30,207.76,0
11,0,34,1,7023,75,107,38,2,1,1,25,800.91,0
5,0,35,0,4439,7,19,1,3,1,2,30,200.945,1
0,0,41,0,5031,51,10,4,2,1,1,25,217.422,1
0,1,35,0,2439,6,37,4,2,1,1,30,464.537,1
16,1,33,0,1197,4,0,3,3,1,2,25,119.031,1
0,0,29,0,0,0,0,0,3,1,2,30,0.0,1
5,0,33,3,1163,38,16,18,2,1,2,30,447.831,1
7,0,26,0,3415,61,7,21,3,1,1,30,167.04,0
4,0,28,2,1430,42,225,15,3,2,1,30,958.88,0
0,1,35,0,1019,36,4,19,3,1,2,25,251.623,1
18,0,38,2,9305,121,119,41,3,1,1,30,853.04,0
0,0,36,0,628,7,9,4,4,1,2,45,38.375,1
5,1,38,0,3989,16,0,18,3,1,2,30,16.824,1
0,0,36,0,595,9,15,9,2,1,2,25,94.68,0
18,0,46,2,4935,87,27,25,3,1,1,30,308.88,0
24,0,31,0,0,0,18,5,3,1,1,45,133.917,1
2,1,45,0,4117,0,21,12,2,1,1,25,401.623,1
18,0,34,7,10320,88,3,43,4,1,1,45,267.7,0
0,0,32,0,450,4,0,2,2,1,2,25,20.43,0
0,0,37,0,8,4,4,5,3,1,2,30,16.48,1
2,0,26,0,1015,11,30,6,4,1,2,45,100.65,0
0,1,38,0,403,3,12,6,4,1,2,45,40.15,1
3,1,44,2,989,70,21,3,3,1,2,30,208.407,1
9,1,40,0,5901,26,204,0,3,1,2,30,987.255,1
28,1,36,0,1375,59,55,23,3,1,2,30,277.36,1
3,0,33,1,6785,97,14,22,5,1,1,55,124.23,0
7,0,39,1,6078,46,18,8,3,1,2,30,93.101,1
9,0,38,1,4213,89,18,33,3,1,1,30,244.08,0
0,0,33,0,0,0,0,0,3,1,2,30,0.0,1
5,0,33,1,0,67,73,3,3,1,1,25,159.249,1
24,0,35,0,660,43,7,4,3,1,2,30,56.12,1
9,0,22,0,700,19,2,6,2,1,2,25,41.355,0
5,0,35,0,6603,70,110,38,2,1,1,25,795.285,0
0,0,28,0,1360,32,23,17,3,1,2,30,147.68,0
2,0,43,1,3477,1,52,32,2,1,2,25,131.908,1
0,1,31,0,2082,12,26,2,3,1,2,25,566.847,1
12,0,31,0,1466,0,31,34,2,1,1,25,137.169,1
7,0,31,0,1310,24,39,10,4,1,2,45,130.85,0
0,1,44,1,3939,18,16,0,2,1,1,30,139.879,1
15,1,21,0,874,30,32,0,3,1,1,25,254.358,1
11,1,36,0,2000,4,49,0,3,1,2,45,113.92,1
0,0,41,0,93,1,10,6,2,1,2,25,49.23,0
0,1,32,1,3290,1,204,26,2,1,2,30,409.579,1
0,0,23,0,0,0,0,0,4,1,2,45,0.0,0
2,0,38,0,2555,49,178,25,2,1,1,25,918.18,0
2,0,28,0,1103,28,11,5,3,1,2,25,101.645,1
11,0,16,0,8527,166,55,42,5,1,1,55,212.895,0
4,0,35,0,15180,176,143,28,2,1,1,25,1334.52,0
11,0,8,0,125,4,32,0,3,1,2,30,19.983,1
4,1,42,0,2780,37,31,0,3,1,1,45,227.105,1
2,0,39,0,809,49,7,0,2,2,2,30,289.688,1
0,0,25,0,0,0,0,0,4,1,2,45,0.0,0
12,1,35,0,997,8,3,7,3,1,2,30,183.721,1
1,0,42,0,1680,33,20,29,3,1,1,30,201.053,1
2,0,18,0,1695,26,28,14,2,1,1,25,203.445,0
3,0,34,0,831,7,17,0,2,1,2,30,134.515,1
16,0,40,3,14678,185,28,61,3,1,1,30,706.52,0
10,1,41,0,0,45,38,0,2,1,2,30,49.877,1
7,1,32,0,328,0,0,22,2,1,1,30,312.695,1
12,1,36,2,6040,27,0,0,2,1,1,25,402.026,1
27,0,31,3,16265,239,9,83,2,1,1,25,783.18,0
8,0,36,0,3715,79,27,26,3,1,1,30,259.76,0
0,0,44,0,3539,100,41,40,4,1,1,25,49.38,1
22,0,29,2,15960,233,2,81,2,1,1,25,737.685,0
6,1,40,3,1641,0,40,16,2,1,1,30,205.719,1
5,0,40,0,2013,50,11,19,3,1,2,30,126.52,0
18,0,37,0,4391,54,30,11,4,1,1,25,417.683,1
15,0,29,0,0,0,7,5,2,1,1,25,245.059,1
0,1,41,0,2678,63,27,3,3,1,2,30,308.986,1
17,0,44,2,2758,72,374,27,3,1,1,30,1609.2,0
6,0,34,3,6965,116,271,33,2,2,1,25,1538.145,0
8,0,22,0,1045,24,8,8,2,1,1,25,84.105,0
14,1,39,0,2428,54,7,15,3,1,2,30,127.28,0
11,0,27,1,930,28,7,2,2,1,1,25,74.61,0
0,0,11,1,4165,36,218,12,3,1,1,30,1040.04,0
3,0,14,2,2548,39,24,17,3,1,1,30,199.48,0
7,1,41,0,752,48,16,3,3,1,1,30,146.408,1
0,0,40,0,2135,35,288,20,3,1,1,30,1238.8,0
15,1,36,0,3700,52,17,16,3,1,2,30,218.08,1
1,0,21,0,3145,59,0,19,3,1,1,30,128.16,0
2,0,33,0,7428,125,374,39,2,1,1,25,2022.885,0
0,0,32,0,2535,16,0,12,3,1,1,30,102.04,0
8,0,37,0,4255,65,0,13,2,1,1,25,194.4,0
9,0,35,0,2990,41,9,16,3,1,2,30,157.24,1
1,0,42,0,0,17,11,47,4,1,1,30,28.169,1
4,0,11,2,2362,47,42,4,3,1,1,30,222.486,1
0,0,33,0,1550,39,40,21,3,1,2,30,223.56,0
34,1,38,1,371,13,4,42,4,1,1,30,70.892,1
0,0,32,0,7023,113,366,36,2,1,1,25,1968.12,0
2,0,45,0,2522,91,15,0,4,1,2,25,41.738,1
11,0,15,2,2001,0,5,6,3,1,1,25,8.819,1
0,0,37,0,0,0,9,0,2,1,2,25,40.5,0
6,0,11,1,1104,1,5,30,2,1,1,25,35.446,1
0,0,31,0,2817,0,54,4,3,1,2,30,306.822,1
34,1,45,0,573,1,204,25,3,1,2,30,47.04,1
0,1,41,0,0,2,18,9,3,1,2,25,171.046,1
0,1,36,0,3164,17,21,0,3,1,2,25,363.367,1
2,0,36,1,863,42,204,19,3,1,2,30,356.64,1
5,1,33,3,432,13,3,4,2,1,1,55,608.832,1
9,0,24,0,520,17,0,2,2,1,2,25,24.165,0
35,0,46,5,15705,241,76,40,3,1,1,30,941.84,0
2,0,36,0,818,8,18,7,4,1,2,45,65.65,1
9,0,18,2,2558,41,17,6,3,1,1,30,171.96,0
5,0,11,1,4095,36,201,25,3,1,1,30,969.24,0
15,0,43,1,4855,85,23,24,3,1,1,30,289.6,0
4,1,15,0,2669,100,6,11,3,1,1,45,22.214,1
0,0,35,0,530,6,2,3,3,1,2,30,29.44,0
5,0,38,0,13528,166,0,44,3,1,1,30,547.76,0
0,0,38,0,750,10,8,0,3,1,2,30,309.373,1
7,1,36,0,2057,38,52,21,3,1,2,45,306.002,1
9,1,33,0,69,50,74,0,3,1,2,30,112.731,1
0,0,25,0,0,0,0,0,2,1,2,25,0.0,0
11,0,41,0,2552,50,2,0,3,1,2,25,7.923,1
5,1,31,0,1000,18,87,0,2,1,1,45,37.705,1
12,1,40,1,249,56,49,9,4,1,1,25,100.767,1
6,0,39,1,7623,132,382,42,3,1,1,30,1838.2,0
7,0,39,1,3233,49,14,0,3,1,2,25,235.604,1
11,0,45,3,3400,39,498,11,4,1,1,45,1330.975,0
7,0,37,1,2485,37,281,15,3,1,1,30,1224.88,0
0,0,35,0,0,0,0,0,2,1,2,25,0.0,0
6,0,36,0,2780,53,175,23,2,1,1,25,914.985,0
4,0,36,0,1933,48,1,15,3,1,2,30,83.24,0
6,0,39,1,7568,130,389,45,3,1,1,30,1863.92,0
25,0,18,2,6123,13,36,5,4,1,2,25,103.658,1
2,1,43,0,657,19,38,26,3,1,1,25,144.644,1
6,0,34,0,1790,42,34,17,3,1,2,30,209.28,0
23,1,3,3,2644,31,12,0,2,1,2,45,0.0,1
0,1,39,0,3424,65,37,18,4,1,2,30,0.0,1
16,0,44,2,4583,74,18,41,1,1,1,15,355.135,0
10,0,32,0,2103,36,30,11,4,1,1,30,165.681,1
7,0,35,0,2665,39,284,19,3,1,1,30,1244.16,0
2,0,36,1,2688,62,16,46,1,1,1,15,239.25,0
9,1,42,0,2193,58,16,21,3,1,2,30,154.04,0
0,0,34,0,323,1,2,2,4,1,2,45,13.1,1
0,1,33,0,2737,45,35,9,2,1,1,45,521.43,1
7,0,26,0,267,0,61,26,4,1,1,30,69.045,1
6,1,38,0,1106,2,25,8,3,1,2,30,119.066,1
0,0,18,0,2920,49,0,20,3,1,1,30,118.76,0
20,0,31,0,840,42,18,18,2,1,2,25,120.69,1
8,0,37,1,6718,75,108,37,2,1,1,25,791.685,0
7,1,39,0,1348,41,21,0,3,1,2,25,196.223,1
4,1,33,0,1346,0,24,0,3,1,2,25,158.042,1
34,1,44,0,1441,20,2,0,4,1,2,25,415.198,1
4,0,34,0,1566,4,38,0,2,1,2,45,172.321,1
8,0,37,3,7145,124,282,38,2,2,1,25,1596.105,0
0,1,40,2,66,13,0,10,3,1,2,25,2.575,1
3,0,38,1,7623,133,416,47,3,1,1,30,1974.24,0
13,0,37,0,3275,27,4,2,2,1,1,30,547.618,1
8,0,35,2,7090,103,21,24,5,1,1,55,139.395,0
29,1,39,0,1340,55,33,23,3,1,2,30,187.8,1
13,0,17,3,3043,45,7,17,3,1,1,30,151.52,0
34,1,39,0,413,23,16,12,3,1,2,30,51.205,1
6,0,38,0,5918,95,7,12,3,1,1,30,268.52,0
0,0,32,0,5533,87,0,6,2,1,1,25,252.9,0
0,1,42,2,6123,0,8,0,2,1,2,30,504.649,1
11,0,39,3,1353,21,19,4,5,1,1,55,49.11,0
4,0,42,1,3050,31,491,12,3,1,1,30,2087.24,0
7,0,34,0,402,32,45,5,2,1,2,25,0.115,1
25,0,34,8,10660,97,7,40,5,1,1,55,171.855,0
7,0,38,0,2373,61,5,0,2,1,2,45,107.584,1
2,0,23,0,1388,31,19,63,4,1,1,45,82.975,0
22,0,31,0,1250,51,30,30,2,1,2,25,193.545,1
0,0,26,0,6480,85,0,19,4,1,1,45,164.125,0
12,0,40,5,7350,124,288,39,3,2,1,30,1450.96,0
8,0,28,0,575,27,14,10,2,1,2,25,90.09,0
7,0,35,0,5108,87,1,24,2,1,1,25,238.275,1
8,0,38,2,2960,49,306,33,3,1,1,30,1344.36,0
31,0,24,1,1440,35,19,0,5,1,1,30,81.693,1
9,0,20,4,2933,47,41,23,3,1,1,30,283.2,0
0,0,36,0,5790,75,161,26,3,1,1,30,878.6,0
12,1,37,0,3405,80,30,3,3,1,2,45,139.404,1
2,0,32,0,15000,168,132,23,2,1,1,25,1276.56,0
0,0,36,1,93,1,2,2,5,1,1,55,4.41,0
0,0,28,1,6580,108,254,27,2,2,1,25,1443.96,0
11,0,41,1,143,0,41,5,3,1,1,25,119.062,1
0,0,32,0,650,27,6,18,3,1,2,30,51.08,0
20,0,44,4,9420,133,159,46,3,1,1,30,1018.12,0
5,0,36,0,305,6,7,2,3,1,2,30,40.44,1
8,0,37,1,4428,93,10,28,3,1,1,30,220.84,0
25,0,35,3,16030,242,8,84,2,1,1,25,768.24,0
3,0,38,2,398,7,9,4,5,1,1,55,19.575,0
27,1,34,3,16255,246,11,85,2,1,1,25,792.045,0
9,0,43,2,4023,94,17,31,3,1,1,30,232.68,0
4,1,34,0,1188,0,44,13,3,1,2,25,144.162,1
20,0,41,2,6303,112,44,31,2,1,1,25,486.675,0
8,0,33,0,1224,26,8,19,4,1,2,25,0.0,1
0,1,36,0,2154,0,34,0,3,1,1,30,0.0,1
0,0,23,0,0,0,0,0,2,1,1,25,0.0,0
5,0,38,1,1373,21,7,2,4,1,1,45,52.35,0
3,0,35,0,1665,44,38,20,3,1,2,30,220.36,0
13,1,40,2,2166,0,13,21,4,1,2,30,380.105,1
15,1,45,0,1137,0,13,0,2,1,1,30,267.421,1
34,0,3,0,972,62,23,0,2,1,2,25,6.674,1
9,0,37,0,15485,182,150,30,2,1,1,25,1380.015,0
0,0,34,0,2730,18,471,4,3,1,1,30,1993.92,0
0,1,43,1,2130,9,55,14,3,1,1,30,21.168,1
0,0,27,0,3000,57,11,25,3,1,1,30,166.28,0
0,0,7,0,1182,13,0,5,2,1,1,25,53.775,1
4,0,41,0,2003,40,32,0,3,1,2,45,44.162,1
9,1,36,0,2268,44,34,31,3,1,2,30,228.48,1
1,1,28,1,0,39,0,21,3,1,2,25,31.592,1
3,1,38,0,2776,0,37,3,4,1,2,30,400.837,1
17,0,42,0,1365,17,41,9,3,2,1,25,83.169,1
5,0,38,0,1638,44,0,2,3,1,2,30,67.28,0
16,1,43,0,1016,24,0,11,3,1,2,25,92.271,1
6,0,43,0,671,18,12,4,4,1,2,30,0.0,1
4,0,38,0,5728,94,0,9,3,1,1,30,232.88,0
0,0,35,0,2435,17,0,16,3,1,1,30,98.08,0
0,1,36,0,2770,29,30,14,3,1,2,30,192.094,1
0,0,28,0,600,6,24,5,4,1,2,45,75.15,0
9,0,39,0,267,50,11,0,2,1,1,30,195.945,1
33,1,44,0,5273,52,12,0,3,1,1,30,54.248,1
14,0,40,0,2543,60,15,19,3,1,2,30,164.12,0
1,1,14,2,937,0,28,6,3,1,2,25,22.215,1
13,0,43,2,6978,85,123,43,2,1,1,25,871.335,0
8,0,43,1,4098,16,12,24,4,1,2,25,320.74,1
0,0,36,0,4020,76,0,20,3,1,1,30,163.84,0
7,0,37,1,2425,50,10,30,3,1,1,30,240.278,1
14,1,11,0,2090,62,67,2,3,2,1,30,30.912,1
11,1,13,3,1853,28,12,11,3,1,1,30,123.24,1
19,0,40,3,5103,82,29,52,1,1,1,15,444.675,0
0,0,28,0,1343,35,33,70,4,1,1,45,116.95,0
1,0,40,0,213,4,10,6,3,1,2,30,48.68,1
1,0,33,0,2393,52,0,32,1,1,1,15,134.475,0
16,0,13,1,6438,137,77,38,2,2,1,25,642.375,0
20,1,5,0,2979,11,14,8,2,1,2,45,73.814,1
2,0,38,0,6123,66,25,0,2,1,1,30,295.565,1
16,1,37,0,665,0,34,0,4,1,1,25,58.31,1
0,0,16,0,0,0,0,0,2,1,1,25,0.0,0
5,0,35,0,2390,31,0,1,3,1,2,30,96.84,1
10,0,40,2,4083,91,14,32,3,1,1,30,222.96,0
12,1,36,0,1517,14,24,0,3,1,2,30,59.036,1
18,0,39,1,339,1,6,0,2,1,2,30,0.0,1
0,0,29,1,6123,27,13,2,2,1,1,25,64.479,1
22,1,40,0,150,8,60,1,4,1,1,30,312.264,1
19,0,45,2,16050,198,172,38,2,1,1,25,1505.16,0
0,0,12,1,4085,40,216,9,3,1,1,30,1029.0,0
5,0,38,0,933,13,16,6,4,1,2,45,63.65,1
2,0,16,0,2877,47,31,14,3,1,2,30,47.48,1
2,0,42,1,3215,32,64,1,3,1,2,25,55.695,1
0,1,39,1,2824,16,5,5,2,1,2,45,311.955,1
11,0,15,0,701,46,23,2,5,1,1,25,968.684,1
3,0,39,0,1945,0,27,32,3,1,1,30,754.488,1
12,0,39,1,15545,185,155,32,2,1,1,25,1405.35,0
2,0,22,0,1650,30,36,18,2,1,1,25,237.6,0
15,0,14,1,9058,169,69,37,5,1,1,55,241.905,0
1,1,30,0,2854,0,6,4,4,1,2,30,113.318,1
5,0,43,1,2393,64,10,34,2,1,1,25,155.565,0
7,0,36,0,0,40,15,6,4,1,2,25,159.578,1
15,0,41,0,1316,0,36,2,2,1,2,25,213.471,1
4,0,41,1,7588,129,394,47,3,1,1,30,1884.68,0
0,0,43,1,2687,35,42,6,2,1,2,25,223.472,1
1,0,41,1,2739,70,31,0,4,1,2,25,229.08,1
11,1,32,0,1933,24,34,4,3,1,1,45,80.066,1
0,0,34,0,0,0,0,0,5,1,1,55,0.0,0
1,1,40,1,0,5,14,1,4,1,2,30,126.05,1
17,0,36,3,6418,108,47,39,2,1,1,25,505.17,0
10,0,35,1,2062,63,0,0,3,1,2,30,41.659,1
4,0,36,0,409,58,12,2,2,1,2,25,296.89,1
19,1,43,0,3555,57,31,24,3,1,2,30,268.48,1
8,0,38,0,3953,63,0,35,1,1,1,15,220.88,0
9,0,38,2,3205,31,12,18,3,1,1,30,177.44,0
23,0,45,1,6066,27,12,0,4,1,2,30,304.194,1
10,1,30,0,2242,3,8,0,2,1,1,30,216.013,1
13,0,41,2,9070,125,152,47,3,1,1,30,975.8,0
10,0,36,0,1570,44,29,2,3,2,1,25,46.437,1
13,1,23,0,876,26,43,18,3,1,2,25,127.35,1
0,1,40,0,1472,31,47,6,4,1,2,25,10.671,1
3,0,23,0,1130,10,20,4,4,1,2,45,78.5,0
33,0,32,1,3978,16,7,0,4,1,2,45,56.56,1
11,1,39,0,2448,52,45,36,3,1,2,30,280.0,1
6,0,36,2,4318,92,23,43,3,1,1,30,268.4,0
13,0,40,1,4675,77,12,19,3,1,1,30,238.08,0
13,0,38,0,2838,64,29,32,3,1,2,30,232.08,0
11,1,43,0,2580,52,21,8,3,1,1,25,479.696,1
4,1,37,0,2660,50,0,9,4,1,2,25,258.977,1
6,0,14,0,8222,160,48,40,4,1,1,45,329.55,0
4,1,42,1,1301,14,11,1,3,1,1,45,86.683,1
34,0,42,0,2354,61,57,0,3,1,2,25,115.542,1
5,0,32,0,2502,54,66,0,2,1,2,45,234.124,1
4,0,31,0,1388,57,0,2,3,1,1,25,164.07,1
11,1,21,0,1237,7,40,22,3,1,1,25,268.739,1
25,0,38,3,15140,225,54,32,3,1,1,30,830.6,0
5,0,33,1,7030,100,16,22,5,1,1,55,130.95,0
19,0,17,1,9427,178,89,45,5,1,1,55,277.575,0
10,0,45,0,0,56,39,6,3,1,1,30,299.453,1
5,0,34,0,755,10,7,4,3,1,2,30,58.6,0
0,0,36,0,2088,52,0,31,1,1,1,15,117.7,0
34,0,41,0,510,83,15,11,2,1,2,30,299.094,1
0,0,33,0,6123,12,65,12,2,1,2,25,393.421,1
16,1,43,0,2573,56,49,34,4,1,2,45,188.225,1
0,1,30,0,0,0,0,0,2,1,2,25,0.0,1
0,0,35,0,7448,124,379,41,2,1,1,25,2046.24,0
6,1,39,0,1278,0,29,0,3,1,1,30,0.0,1
22,1,40,9,10515,95,11,46,5,1,1,55,175.65,0
16,0,28,0,691,74,8,6,4,1,2,30,0.0,1
3,1,28,0,3273,32,8,3,3,1,2,30,312.359,1
6,0,36,1,3145,28,7,16,3,1,1,30,154.92,0
9,0,40,0,1205,21,29,13,3,1,2,30,165.04,0
23,1,36,0,2194,29,27,3,3,1,2,25,87.911,1
0,0,8,1,1316,0,17,15,2,1,1,25,237.624,1
3,0,34,0,3474,63,87,0,3,2,1,30,149.373,1
13,0,33,0,2930,14,18,1,3,1,1,25,142.821,1
14,1,44,0,2567,78,11,0,3,1,2,30,229.903,1
5,1,44,0,2961,11,41,3,3,1,1,25,253.936,1
17,0,40,0,1305,57,42,0,4,2,2,45,302.573,1
36,0,34,5,17090,255,15,82,2,2,1,25,848.025,0
14,0,37,2,3900,80,28,25,3,1,1,30,271.2,0
13,0,12,3,5405,57,230,12,3,1,1,30,1138.48,0
0,0,34,0,3413,76,0,26,2,1,1,25,157.005,0
3,1,40,0,2209,14,61,4,3,1,2,25,523.146,1
9,0,41,0,1223,21,35,21,3,1,2,30,189.76,0
5,0,40,0,2283,0,43,0,3,1,2,45,503.511,1
1,1,29,0,3120,2,12,8,2,1,1,25,213.818,1
8,0,39,0,967,10,29,0,2,1,2,25,154.147,1
20,0,42,3,9600,135,162,50,3,1,1,30,1037.4,0
10,0,13,3,4755,49,227,14,3,1,1,30,1100.16,0
5,0,35,0,1855,45,47,23,3,1,2,30,264.0,0
3,0,32,2,602,3,4,9,4,1,2,25,104.038,1
5,0,5,1,4435,36,207,6,3,1,1,30,1006.84,0
6,0,34,0,5323,91,10,19,2,1,1,25,288.63,1
15,0,41,2,3375,56,300,20,4,1,1,45,835.775,0
0,0,24,0,895,24,154,5,2,2,1,25,734.355,0
8,0,37,0,1970,50,45,22,3,1,2,30,260.8,0
1,0,32,0,4130,75,0,19,3,1,1,30,168.2,0
11,1,34,0,5029,24,20,11,3,1,2,25,76.564,1
17,0,29,0,2118,33,65,0,3,1,1,30,62.442,1
8,0,37,0,918,45,1,0,3,1,1,30,320.744,1
0,0,31,0,3233,68,0,21,2,1,1,25,148.545,0
2,0,37,1,908,70,6,17,3,1,1,25,223.607,1
6,1,36,0,2865,43,13,19,2,1,2,25,189.36,1
14,0,45,2,14078,181,15,47,3,1,1,30,630.36,0
7,0,39,2,4630,89,34,29,3,1,1,30,324.76,0
3,0,39,1,11240,150,14,49,3,1,1,30,511.6,0
2,0,35,0,13353,157,0,38,3,1,1,30,540.4,0
2,0,35,0,3603,76,0,24,2,1,1,25,165.555,0
11,0,39,2,3200,65,214,29,3,1,1,30,986.6,0
24,0,44,2,2210,54,43,0,4,1,2,25,70.781,1
5,0,25,1,3470,64,10,23,3,1,1,30,181.36,0
4,1,36,0,1143,15,39,0,4,1,1,30,310.045,1
1,1,37,0,2165,7,26,0,3,1,1,30,103.831,1
7,0,38,0,2499,54,35,7,2,1,2,25,96.627,1
0,0,35,0,2760,65,0,26,2,1,1,25,127.125,0
0,1,10,0,1363,21,4,10,2,1,1,25,80.28,1
0,0,24,0,0,0,0,0,4,1,2,45,0.0,0
0,1,30,0,0,0,0,0,4,1,2,45,0.0,1
4,0,35,0,2078,44,59,33,3,1,2,30,320.88,1
11,0,38,0,2483,57,10,17,3,1,2,30,141.6,0
1,0,32,0,2328,59,12,16,2,1,2,25,260.817,1
5,0,41,0,305,6,7,2,3,1,2,30,40.44,0
6,0,36,0,1234,35,30,0,4,1,2,30,293.852,1
5,0,27,1,3340,66,6,22,3,1,1,30,160.24,0
6,0,37,0,136,39,65,4,3,1,2,30,245.668,1
11,0,15,0,6088,135,78,40,1,2,1,15,771.265,0
7,0,38,0,2485,49,161,10,2,1,1,25,838.53,0
6,0,6,0,0,29,0,11,2,1,1,25,291.872,1
4,1,40,0,2020,14,11,29,2,1,1,45,59.429,1
5,0,34,0,2033,48,320,18,2,1,1,25,1533.645,0
19,0,14,1,6697,141,84,43,1,2,1,15,838.09,0
11,1,36,0,2513,47,36,31,3,1,2,30,246.4,1
0,0,41,0,830,18,8,15,2,1,2,25,74.16,0
5,0,22,0,3530,61,7,24,3,1,1,30,171.64,0
0,0,43,0,2717,0,36,0,2,1,2,25,169.353,1
0,0,19,0,750,20,171,3,2,2,1,25,804.15,0
11,0,32,2,1800,50,211,18,3,2,1,30,918.0,0
0,0,36,0,0,0,0,0,3,1,2,30,0.0,1
0,1,35,0,734,36,15,0,3,1,1,25,15.664,1
5,0,40,1,3740,0,28,14,3,1,1,45,260.851,1
7,1,45,2,1811,6,37,1,2,1,2,55,148.482,1
10,0,44,0,1680,44,3,4,4,1,1,30,138.598,1
4,0,43,0,710,20,21,9,3,1,2,30,113.2,0
0,0,23,0,3110,56,10,24,3,1,1,30,166.64,0
18,0,43,2,4260,96,50,35,3,1,1,30,374.24,0
7,0,27,1,3530,67,15,25,3,1,1,30,203.88,0
21,1,30,0,775,39,5,12,2,1,2,25,59.13,1
11,0,39,2,6833,80,106,36,2,1,1,25,788.085,0
6,0,39,0,2113,56,12,20,3,1,2,30,134.76,0
15,0,25,0,925,29,7,5,3,1,2,30,66.16,0
20,0,43,0,3626,42,37,0,2,1,2,25,89.595,1
2,0,40,1,1748,27,10,10,4,1,1,45,69.375,0
17,1,27,0,4818,0,22,1,4,1,2,25,58.088,1
22,0,43,0,3356,7,33,4,4,1,2,45,159.2,1
5,0,36,0,4310,68,0,15,2,1,1,25,197.01,0
2,1,38,0,2483,22,15,5,2,1,2,45,362.103,1
13,1,41,1,2728,38,29,3,4,1,2,25,88.7,1
12,0,39,0,13963,169,7,42,3,1,1,30,593.28,0
4,1,40,2,2945,0,40,3,2,1,2,25,279.699,1
25,0,38,3,15140,225,54,32,3,1,1,30,830.6,0
1,0,24,0,1453,34,32,69,4,1,1,45,117.175,0
11,1,45,0,2412,51,135,47,2,1,1,45,135.383,1
10,0,21,1,1270,28,11,9,2,1,1,25,107.91,0
9,0,40,1,2665,45,292,20,3,1,1,30,1276.4,0
0,0,30,0,2326,12,59,26,3,1,2,25,271.678,1
0,0,34,0,5553,86,0,8,2,1,1,25,253.755,0
0,1,36,0,2337,12,41,0,3,1,2,25,155.225,1
6,1,37,0,1263,27,3,2,3,1,1,25,132.844,1
2,0,31,0,1933,42,0,14,3,1,2,30,79.0,0
12,0,11,1,8978,167,65,36,4,1,1,45,391.125,0
9,1,35,0,3390,0,17,5,3,1,1,30,148.515,1
6,1,32,0,2000,16,15,39,2,1,2,45,198.925,1
0,1,41,3,6123,16,15,23,2,1,1,45,465.604,1
0,0,16,0,1580,21,30,15,2,1,1,25,207.045,0
15,0,29,0,590,38,4,13,2,1,2,25,46.26,1
5,0,37,0,1084,11,7,4,3,1,2,30,209.905,1
0,1,6,0,1068,7,0,1,2,1,1,25,48.375,1
11,1,37,3,2539,23,30,5,4,1,2,45,215.483,1
24,0,37,0,0,28,37,26,3,1,1,45,98.335,1
0,0,39,0,0,0,0,0,2,1,2,25,0.0,0
7,0,37,2,3220,25,479,5,3,1,1,30,2045.8,0
10,0,12,0,8753,163,62,35,4,1,1,45,377.9,0
4,1,41,1,1215,25,7,5,4,1,2,25,68.795,1
4,0,31,0,2695,18,18,0,4,1,2,45,150.581,1
7,0,40,0,1015,20,20,10,3,1,2,30,121.4,0
5,0,38,2,643,10,11,4,5,1,1,55,26.295,0
8,0,37,0,291,16,18,0,2,1,2,30,135.567,1
0,0,31,0,0,0,0,0,5,1,1,55,0.0,0
0,1,43,0,2153,38,204,17,3,1,2,30,150.949,1
34,0,45,2,1883,48,25,9,3,1,1,30,151.498,1
0,0,38,0,1628,41,33,0,2,1,2,45,462.941,1
3,0,35,0,0,11,23,0,2,1,2,30,251.598,1
34,1,40,6,16045,241,82,49,3,2,1,30,979.44,0
22,0,38,0,2314,26,9,17,2,1,2,45,59.196,1
7,0,36,2,6670,112,257,20,3,2,1,30,1299.28,0
15,1,18,0,550,23,4,0,3,1,2,30,26.477,1
4,1,38,0,2319,58,9,32,3,1,1,25,68.041,1
7,0,38,1,4023,88,9,30,3,1,1,30,200.44,0
6,1,26,0,0,39,25,2,3,1,1,30,135.123,1
0,0,35,0,10970,147,0,42,3,1,1,30,444.68,0
0,0,33,0,0,0,0,0,5,1,1,55,0.0,0
18,0,42,2,4563,75,13,39,1,1,1,15,326.59,0
12,1,37,1,2082,23,37,4,4,1,2,25,87.808,1
8,1,43,2,5598,14,7,7,2,1,1,25,385.281,1
7,0,39,0,900,14,7,6,2,1,2,25,72.63,0
5,0,3,0,3219,79,2,29,2,1,2,30,20.787,1
8,0,41,2,3145,34,15,17,4,1,1,45,116.975,0
5,0,37,1,6745,89,188,26,3,1,1,30,1025.36,0
18,0,40,0,3143,70,36,34,3,1,2,30,272.52,0
2,0,42,0,498,13,18,9,2,1,2,25,103.995,0
9,0,38,0,2335,0,34,5,3,1,1,25,0.0,1
7,0,28,2,3645,73,47,29,4,1,1,45,210.45,0
0,0,36,0,165,3,0,11,2,1,2,25,7.56,0
0,0,12,1,2488,36,19,15,3,1,1,30,176.96,0
4,0,44,0,606,0,19,15,2,1,2,30,230.798,1
1,0,19,0,1290,21,10,16,2,1,1,25,103.995,0
26,0,39,10,10855,105,40,48,5,2,1,55,224.4,0
3,1,37,0,1220,46,31,23,2,1,2,25,167.005,1
14,0,31,0,0,4,30,1,3,1,2,30,214.073,1
8,0,38,0,2286,27,39,4,2,1,2,30,110.031,1
7,0,40,1,2860,55,185,27,2,1,1,25,963.675,0
28,0,30,4,16200,236,7,77,2,2,1,25,771.12,0
9,0,34,0,2283,50,7,13,3,1,2,30,121.32,0
5,0,23,0,920,26,12,11,2,1,1,25,96.57,0
1,0,30,1,6605,89,3,17,5,1,1,55,104.91,0
8,0,39,0,1420,25,21,8,3,1,2,30,141.8,0
24,0,38,9,10550,98,0,41,5,1,1,55,159.72,0
14,0,31,0,6123,51,60,19,3,1,2,30,0.152,1
14,0,17,1,6202,140,76,39,2,2,1,25,627.39,0
14,0,24,0,1005,25,9,8,2,1,2,25,86.85,0
0,0,7,0,4330,37,210,8,3,1,1,30,1014.68,0
9,0,38,1,3585,81,23,25,3,1,1,30,238.64,0
5,0,32,0,3938,56,0,29,1,1,1,15,219.67,0
9,1,38,0,2238,54,8,17,3,1,2,30,123.68,0
4,1,43,0,0,2,31,1,2,2,1,30,437.782,1
4,0,40,1,1853,44,33,22,2,1,1,25,346.792,1
6,0,36,2,4810,87,16,38,3,1,1,30,259.88,0
11,0,37,0,4603,71,2,33,1,1,1,15,268.07,0
5,0,38,2,643,10,11,4,5,1,1,55,26.295,0
6,0,34,0,3800,1,37,0,2,1,2,45,0.0,1
0,1,42,0,3081,0,38,0,3,1,2,45,138.875,1
8,0,43,2,1973,37,15,9,4,1,1,45,87.75,0
5,0,25,0,1973,44,31,66,4,1,1,45,127.925,0
4,1,44,0,2739,43,11,21,2,1,1,25,343.702,1
5,0,40,1,6413,75,109,36,2,1,1,25,782.46,0
14,0,38,0,5523,94,12,11,2,1,1,25,306.765,1
0,0,36,0,1423,22,0,6,3,1,1,30,57.8,0
11,0,44,1,6178,105,22,18,3,1,1,30,339.32,0
13,0,14,0,9337,176,74,38,4,1,1,45,422.825,0
0,0,7,0,0,0,0,0,2,1,1,25,0.0,1
5,0,32,0,3390,74,15,22,2,1,1,25,223.38,0
8,0,40,3,6920,98,225,32,4,1,1,45,737.95,0
0,1,7,0,1183,13,0,5,2,1,2,25,53.82,1
12,0,42,3,3460,36,495,12,4,1,1,45,1324.9,0
18,0,34,1,2763,17,14,9,2,1,1,30,314.527,1
8,0,42,1,13853,171,10,48,3,1,1,30,600.96,0
13,0,39,2,5225,94,10,25,3,1,1,30,252.76,0
11,0,43,2,3580,41,501,15,3,1,1,30,2148.84,0
3,0,38,0,2393,58,2,33,1,1,1,15,145.805,0
19,0,19,2,6453,144,90,44,2,2,1,25,701.865,0
5,0,35,0,1100,18,7,9,2,1,2,25,81.81,0
0,0,36,0,760,8,0,7,2,1,2,25,34.56,0
31,1,31,3,2473,5,0,0,3,1,1,30,301.531,1
4,0,38,0,2360,39,285,18,3,1,1,30,1235.96,0
3,0,35,0,3950,59,0,11,2,1,1,25,180.405,0
0,0,39,0,650,10,3,13,2,1,2,25,43.2,0
20,1,34,0,830,49,20,20,2,1,2,25,129.555,1
8,0,31,1,8855,111,129,37,3,1,1,30,874.64,0
4,0,39,0,4390,85,6,28,3,1,1,30,203.0,0
0,0,28,0,0,0,0,0,2,1,2,25,0.0,1
0,0,30,0,0,0,0,0,3,1,1,30,0.0,0
21,1,37,0,1262,23,6,24,3,1,1,30,53.239,1
7,0,38,1,4515,83,2,25,3,1,1,30,191.92,0
3,0,24,1,1863,43,44,81,4,1,1,45,157.65,0
10,1,38,0,6123,5,0,1,4,1,1,25,161.566,1
9,1,45,1,2393,12,11,0,2,1,2,25,0.0,1
17,0,41,2,15850,191,162,34,2,1,1,25,1450.845,0
0,0,26,0,825,10,21,3,4,1,2,45,73.375,1
5,1,42,0,4465,40,14,13,4,1,2,30,0.0,1
17,0,45,0,1446,0,204,18,2,1,1,25,508.535,1
0,1,36,0,4101,100,35,2,4,1,2,25,49.825,1
2,1,33,0,0,8,34,24,4,1,1,45,161.03,1
1,0,32,0,1903,35,22,27,3,1,2,30,165.52,1
1,0,35,0,1033,12,10,2,4,1,2,45,51.125,1
0,0,34,0,0,0,0,0,5,1,1,55,0.0,0
30,0,33,4,16380,244,7,82,2,2,1,25,779.58,0
20,1,32,0,986,15,39,0,3,1,1,25,201.563,1
14,0,39,1,15790,188,157,32,2,1,1,25,1425.51,0
5,0,37,0,305,6,7,2,2,1,2,25,45.495,1
2,1,42,0,1967,54,11,7,4,1,2,25,194.457,1
3,0,34,0,2665,48,177,24,2,1,1,25,918.585,0
6,0,12,0,629,43,6,0,3,1,2,30,198.46,1
13,1,15,3,530,0,33,17,4,1,2,30,0.0,1
22,0,38,7,10140,89,7,29,5,1,1,55,163.935,0
1,0,45,0,38,5,42,1,2,1,2,30,93.68,1
14,0,39,1,15790,188,157,32,2,1,1,25,1425.51,0
5,0,40,0,2065,35,271,5,3,1,1,30,1168.0,0
11,1,42,0,183,7,144,5,3,1,1,25,140.219,1
5,0,32,1,3065,26,7,12,3,1,1,30,151.64,0
1,1,33,0,693,16,5,0,4,2,1,25,194.138,1
0,0,34,0,1553,20,2,7,3,1,1,30,70.92,0
5,0,32,0,305,6,7,2,3,1,2,30,40.44,1
9,0,43,3,1221,9,56,1,4,1,1,30,40.326,1
23,1,34,0,1070,53,48,21,3,1,2,30,236.92,1
0,1,31,0,292,45,38,0,2,1,2,25,0.0,1
0,0,33,0,1765,36,143,21,2,1,1,25,724.545,0
13,0,34,0,2758,60,358,25,2,1,1,25,1737.81,0
1,0,7,2,4685,44,229,23,3,1,1,30,1105.16,0
0,0,24,0,3631,26,50,2,3,1,2,45,392.334,1
20,0,32,2,14880,215,39,26,3,1,1,30,759.8,0
9,0,38,1,2840,56,180,25,2,1,1,25,940.32,0
8,0,35,2,7090,103,21,24,5,1,1,55,139.395,0
0,1,35,0,6123,16,16,2,2,1,1,30,50.757,1
0,0,20,0,5822,59,43,5,3,1,2,25,65.404,1
1,0,41,0,955,16,10,15,2,1,2,25,88.695,0
22,0,36,2,15025,220,56,33,3,1,1,30,833.8,0
14,0,39,1,8820,117,130,30,3,1,1,30,877.48,0
0,1,37,0,0,46,9,5,4,1,1,25,160.145,1
7,0,33,0,764,35,54,2,3,1,1,45,200.367,1
15,0,26,0,1415,32,7,11,2,1,1,25,96.615,0
11,0,18,2,1335,35,12,7,2,1,2,30,458.021,1
4,0,45,0,1797,9,33,0,3,1,2,45,55.077,1
9,0,45,0,0,35,23,2,3,1,2,45,7.853,1
13,0,44,0,2998,16,76,0,4,1,2,30,240.39,1
3,0,33,0,933,7,8,5,4,1,2,45,43.5,1
0,0,39,1,6275,82,189,28,3,1,1,30,1010.28,0
11,0,39,2,2030,53,50,24,4,1,1,45,177.075,0
8,0,26,2,2168,49,51,83,4,1,1,45,182.925,0
7,0,42,0,119,29,59,11,2,1,1,45,87.641,1
10,0,40,1,13888,174,0,43,3,1,1,30,562.48,0
0,1,6,0,605,48,18,24,2,1,2,30,226.614,1
14,0,15,0,9122,172,82,43,4,1,1,45,437.35,0
10,0,39,2,11525,157,16,49,4,2,1,45,332.05,0
6,0,40,0,1028,16,15,4,3,1,2,30,101.76,0
9,0,35,1,3595,74,21,23,3,1,1,30,230.76,0
5,0,38,0,305,6,7,2,4,1,2,45,25.275,1
1,0,33,0,2360,41,136,17,2,1,1,25,720.045,0
30,0,39,3,15330,225,29,30,3,1,1,30,738.2,0
22,0,35,0,597,56,8,12,3,1,1,25,102.148,1
1,0,34,0,1550,30,27,2,4,1,1,25,83.232,1
8,0,38,0,15080,177,132,32,2,1,1,25,1280.565,0
14,0,36,3,7800,114,29,24,5,1,1,55,162.21,0
5,0,35,3,6560,111,253,35,2,2,1,25,1438.695,0
13,0,35,1,15710,186,147,28,2,1,1,25,1376.82,0
17,0,18,6,3758,61,59,36,3,2,1,30,388.76,0
3,0,40,0,2918,0,42,0,2,1,1,30,76.897,1
0,0,38,0,1915,45,29,18,3,1,1,25,283.236,1
9,0,35,0,2990,41,9,16,3,1,2,30,157.24,1
4,0,18,0,1885,27,37,17,2,1,1,25,252.54,0
0,1,36,3,2774,22,31,0,4,1,2,30,106.218,1
0,1,45,0,2006,50,88,4,2,1,2,25,291.094,1
11,0,11,4,5295,56,243,27,3,2,1,30,1186.04,0
22,0,18,2,7102,152,93,42,2,2,1,25,744.93,0
17,0,28,0,1410,36,18,7,3,1,2,30,129.84,0
7,0,40,0,364,36,5,2,2,1,2,25,362.746,1
13,0,41,1,3265,67,193,30,2,1,1,25,1018.44,0
4,1,3,1,3141,29,8,7,3,1,1,25,319.942,1
23,0,39,8,10615,101,12,47,5,1,1,55,178.74,0
7,0,40,2,3225,30,17,20,3,1,1,30,198.2,0
0,0,32,0,0,50,0,37,3,1,1,25,987.255,1
8,0,13,0,6028,132,73,38,1,2,1,15,740.3,0
0,1,45,3,2802,0,41,2,4,1,1,25,168.282,1
25,0,38,3,15140,225,54,32,3,1,1,30,830.6,0
12,0,37,0,2363,52,7,14,3,1,2,30,124.6,0
6,1,42,0,702,0,75,46,5,1,1,25,0.0,1
2,0,32,0,6123,21,36,13,3,1,1,25,170.334,1
3,0,38,0,2414,43,8,15,3,2,2,45,987.255,1
8,0,41,2,0,28,0,1,3,1,2,30,276.208,1
0,0,3,0,0,0,0,0,2,1,1,25,0.0,1
18,1,28,1,3699,0,42,15,3,1,2,25,108.199,1
1,0,31,0,1352,5,67,2,2,1,1,25,121.343,1
0,1,36,0,1948,16,44,0,3,2,1,30,102.214,1
5,0,38,0,438,8,7,4,3,1,2,30,45.84,1
12,1,43,0,1550,22,36,1,2,1,1,30,412.695,1
4,0,39,0,1745,46,48,24,3,1,2,30,263.64,0
3,0,33,1,643,4,3,3,5,1,1,55,14.205,0
12,1,40,0,2353,59,6,16,3,1,2,30,120.48,0
11,1,43,0,3708,37,16,6,3,1,1,30,102.285,1
11,1,39,0,843,71,1,7,3,1,2,45,136.477,1
0,0,36,0,13278,162,0,39,3,1,1,30,537.6,0
12,0,41,3,4935,95,41,31,4,1,1,45,228.25,0
0,0,35,0,0,0,0,0,2,1,2,25,0.0,1
9,0,15,0,5897,134,69,37,1,2,1,15,711.205,0
0,0,36,0,1865,32,269,13,3,1,1,30,1151.88,0
13,0,27,1,1340,37,17,12,2,1,1,25,138.465,0
14,0,40,2,3890,87,30,27,3,1,1,30,279.08,0
1,0,31,0,3832,18,0,1,2,1,1,45,276.127,1
0,0,35,0,1940,27,246,12,3,1,1,30,1062.68,0
11,0,37,0,1745,54,32,6,3,1,1,25,14.995,1
13,0,38,1,3021,75,30,0,2,1,2,45,987.255,1
22,0,34,0,550,42,0,19,3,1,2,30,23.68,1
5,0,22,1,1613,35,22,64,4,1,1,45,96.2,0
4,0,17,0,6123,0,0,0,2,1,2,25,97.975,1
0,0,37,0,5900,76,165,11,3,1,1,30,899.04,0
0,0,31,0,615,4,0,5,2,1,2,25,27.855,0
0,0,37,0,1543,27,4,9,3,1,1,30,78.8,0
5,0,39,0,6205,82,172,13,3,1,1,30,939.48,0
10,0,9,0,766,10,38,14,2,1,1,30,386.061,1
1,0,34,0,2840,22,0,14,3,1,1,30,114.48,0
9,0,35,0,6223,95,6,13,2,1,1,25,311.31,0
8,0,10,2,5100,51,223,10,3,1,1,30,1098.04,0
0,0,21,0,1055,26,178,5,2,2,1,25,849.645,0
0,0,23,0,2920,55,1,21,3,1,1,30,123.0,0
13,0,33,0,5887,16,11,12,3,1,2,25,987.255,1
15,0,40,1,4865,78,21,22,3,1,1,30,281.72,0
5,0,34,1,2405,35,277,14,3,1,1,30,1205.6,0
3,0,38,0,2393,58,2,33,1,1,1,15,145.805,0
0,1,44,2,1761,53,80,33,3,1,1,45,174.948,1
8,0,39,0,2583,58,7,31,1,1,1,15,183.755,0
2,0,32,0,565,19,82,3,3,1,2,30,182.914,1
13,1,34,0,2493,48,31,29,3,1,2,30,225.64,1
0,0,35,0,69,13,10,0,3,1,2,25,333.404,1
1,0,25,0,1230,15,22,1,4,1,2,45,86.125,0
8,0,38,1,6163,98,9,12,3,1,1,30,286.44,0
32,1,35,0,1860,63,44,34,3,1,2,30,252.92,1
5,0,28,0,305,6,7,2,4,1,2,45,25.275,0
7,0,27,0,100,15,0,3,2,1,2,25,5.175,0
2,0,38,0,5318,85,0,15,2,1,1,25,243.135,0
0,1,26,0,0,36,30,1,3,1,2,30,127.606,1
5,0,20,1,1810,31,26,13,3,1,1,30,177.64,0
10,0,42,2,1075,23,25,12,3,1,1,30,143.92,0
14,0,42,1,1410,1,2,10,3,1,2,45,256.35,1
29,1,45,0,529,34,42,6,4,1,2,25,381.169,1
1,0,39,0,3406,42,59,29,2,1,1,25,0.0,1
5,0,31,0,2193,50,344,18,2,1,1,25,1648.935,0
15,0,12,0,9237,171,72,41,4,1,1,45,415.2,0
8,1,41,0,2569,16,36,1,3,1,2,45,60.375,1
13,0,33,2,9160,117,136,39,3,1,1,30,915.08,0
7,0,27,0,2808,63,9,9,3,1,1,30,390.111,1
2,0,36,0,4210,77,0,23,3,1,1,30,171.48,0
0,0,29,0,2102,60,79,0,3,1,2,45,220.659,1
6,0,38,0,5918,95,7,12,3,1,1,30,268.52,0
13,0,40,4,4000,43,511,25,4,1,1,45,1378.575,0
21,0,32,8,10480,89,7,38,5,1,1,55,169.035,0
11,0,11,0,6133,131,70,36,1,2,1,15,729.52,0
11,1,36,0,2881,60,44,0,3,1,1,25,234.677,1
5,0,41,0,623,11,14,6,3,1,2,30,81.36,0
6,1,42,0,2034,45,27,2,3,1,1,45,67.55,1
17,0,38,8,10210,89,4,44,4,2,1,45,267.475,0
4,0,43,0,662,10,20,39,4,1,1,25,256.923,1
25,1,38,0,955,53,24,18,3,1,2,30,136.32,1
1,0,35,0,3031,43,27,2,3,1,2,30,421.315,1
11,1,28,0,3955,3,0,0,3,1,2,30,250.259,1
5,1,37,0,305,6,7,2,3,1,2,30,40.44,1
0,0,38,0,520,13,4,5,3,1,2,30,37.32,0
16,1,40,0,3475,55,27,23,3,1,2,30,249.2,1
0,1,43,0,2957,45,8,0,2,1,2,55,65.698,1
13,1,40,0,630,0,71,4,3,1,2,30,299.798,1
2,0,35,2,6795,90,200,39,3,1,1,30,1075.4,0
6,0,27,0,1535,21,29,3,4,1,2,45,111.4,0
15,1,41,1,0,22,5,3,4,1,2,45,365.117,1
5,0,36,2,2268,35,21,21,4,1,1,45,110.075,0
14,1,38,0,2573,50,41,33,4,1,2,45,168.075,1
16,1,37,0,3485,48,25,21,3,1,2,30,241.32,1
0,0,24,0,1073,32,14,63,4,1,1,45,62.625,0
7,0,36,0,11350,148,0,43,3,1,1,30,459.92,0
8,0,41,2,365,9,12,4,3,1,1,30,62.96,1
11,0,30,0,2909,5,6,15,3,1,2,30,306.332,1
3,1,44,0,3489,41,64,37,3,1,1,45,339.392,1
5,0,8,0,8627,159,58,37,4,1,1,45,364.65,0
4,1,37,0,2823,15,78,4,5,1,2,25,233.607,1
1,1,30,1,0,27,0,29,2,1,1,25,307.597,1
1,0,38,0,1247,44,54,1,3,1,1,25,260.733,1
1,0,35,0,5498,83,0,6,2,1,1,25,251.145,0
10,0,36,1,571,100,22,2,3,1,2,45,93.449,1
0,0,35,0,1973,46,0,27,1,1,1,15,111.045,0
1,0,34,1,3212,24,0,19,3,1,1,30,312.582,1
0,1,39,0,603,45,2,37,3,1,1,25,129.352,1
1,1,43,3,3963,4,32,0,2,1,2,25,83.083,1
1,1,38,0,2194,42,18,16,3,1,2,30,987.255,1
5,0,21,1,3270,57,7,19,3,1,1,30,161.08,0
10,0,27,0,2794,53,22,9,3,1,2,30,228.207,1
13,0,36,4,7460,123,287,38,3,2,1,30,1451.32,0
1,0,40,2,418,6,14,6,5,1,1,55,27.36,0
0,0,38,1,0,0,7,0,5,1,1,55,10.5,0
0,0,7,0,4085,34,208,8,3,1,1,30,996.76,0
0,0,41,0,2732,34,54,6,4,1,1,25,299.185,1
1,0,34,0,2475,47,168,21,2,1,1,25,869.49,0
6,0,37,1,3585,82,57,30,3,1,1,30,374.68,0
5,0,37,1,6690,87,195,29,3,1,1,30,1051.08,0
5,0,37,0,1370,40,24,7,3,1,2,30,152.4,0
15,1,37,1,507,15,38,23,3,1,2,45,471.366,1
15,0,36,6,7870,132,299,50,3,2,1,30,1516.08,0
18,0,24,1,15770,226,0,77,2,1,1,25,719.82,0
3,0,23,0,335,16,0,3,2,1,2,25,15.795,0
3,0,37,0,2278,52,0,29,1,1,1,15,128.15,0
17,0,27,0,3828,66,12,33,3,1,2,45,427.001,1
0,1,45,0,1651,11,16,8,4,1,2,45,234.539,1
2,0,7,0,195,80,40,0,4,1,2,25,69.36,1
7,1,27,0,859,8,15,0,2,1,2,45,119.036,1
2,0,45,0,262,19,39,0,3,1,2,45,153.233,1
0,1,37,0,2380,9,35,30,4,1,2,45,153.955,1
18,1,32,2,256,24,93,22,3,1,1,30,83.97,1
0,0,8,0,3680,29,190,10,3,1,1,30,908.36,0
2,0,27,0,579,63,41,0,2,1,2,25,204.766,1
10,0,44,2,7813,139,399,46,3,1,1,30,1914.08,0
0,0,29,2,653,27,30,15,3,1,1,55,72.255,1
21,0,35,0,1265,41,32,15,3,1,2,30,180.24,0
1,1,17,0,3315,49,14,6,3,1,2,45,340.398,1
8,0,33,0,1714,33,13,22,2,1,2,30,238.778,1
6,0,34,1,5963,91,7,8,3,1,1,30,270.16,0
0,0,34,2,633,8,18,15,5,1,1,55,36.615,0
1,0,36,0,3875,64,0,12,2,1,1,25,177.255,0
23,0,36,8,10625,94,10,45,5,1,1,55,175.785,0
15,0,36,1,6063,101,28,24,2,1,1,25,403.38,0
8,0,38,0,6108,96,16,15,3,1,1,30,312.16,0
0,1,35,0,1773,44,10,26,4,1,1,30,268.063,1
8,0,12,3,2898,41,23,15,3,1,1,30,209.56,0
0,0,29,0,2475,41,160,20,2,1,1,25,833.22,0
0,0,33,0,1315,15,30,22,2,1,1,25,21.257,1
21,0,19,2,6697,147,92,44,2,2,1,25,721.98,0
6,1,32,0,2351,47,0,2,3,1,1,25,116.151,1
3,0,14,2,2547,39,24,17,3,1,1,30,199.44,0
2,0,37,0,13583,169,25,46,3,1,1,30,650.08,0
18,0,31,0,650,41,9,15,2,1,2,25,71.595,1
5,1,34,0,1854,65,14,10,3,1,2,25,507.928,1
0,0,34,0,0,0,0,0,3,1,1,30,0.0,0
3,0,36,0,4065,65,0,15,2,1,1,25,185.85,0
34,0,28,0,2220,41,11,16,5,1,2,25,0.0,1
17,0,40,1,343,9,33,42,4,1,1,25,121.01,1
9,0,36,0,2268,44,34,31,3,1,2,30,228.48,1
19,0,32,1,14755,217,37,26,3,1,1,30,746.88,0
8,0,37,1,6718,75,108,37,2,1,1,25,791.685,0
24,0,29,4,16370,242,14,93,2,1,1,25,810.54,0
34,0,9,1,511,7,24,2,2,1,1,45,125.152,1
3,0,34,0,1937,5,45,0,2,1,2,30,120.529,1
5,0,11,2,4505,45,213,9,3,1,1,30,1034.0,0
4,0,39,0,13648,171,4,47,3,1,1,30,568.76,0
4,0,34,0,4913,82,0,7,2,1,1,25,224.775,1
11,0,13,1,9228,175,87,53,4,1,1,45,452.575,0
10,0,40,1,2635,39,0,11,3,1,2,30,56.268,1
12,1,31,1,2035,32,30,6,2,1,1,25,30.056,1
6,0,37,1,761,18,38,8,4,1,2,25,45.445,1
10,1,43,0,926,5,10,6,3,1,2,55,0.0,1
3,0,29,1,3305,63,18,27,3,1,1,30,206.72,0
28,1,40,0,2087,36,72,0,2,1,2,25,111.42,1
30,1,35,0,1450,54,32,22,3,1,2,30,188.16,1
11,0,38,1,3775,82,32,28,3,1,1,30,282.28,0
5,0,35,0,305,6,7,2,2,1,2,25,45.495,0
11,0,31,0,5818,92,18,23,2,1,1,25,346.95,1
3,0,39,1,218,0,28,4,4,1,1,30,182.761,1
0,0,36,0,1068,15,0,3,3,1,1,30,43.32,0
30,1,45,1,2919,57,46,12,2,1,2,30,376.732,1
0,0,31,0,2088,46,0,30,1,1,1,15,117.37,0
3,0,33,0,1395,8,20,0,2,1,2,25,213.203,1
0,0,20,0,3225,55,0,22,3,1,1,30,131.2,0
24,1,33,0,2432,42,54,0,2,1,2,30,93.538,1
9,0,42,0,876,13,84,0,3,1,2,30,305.291,1
7,0,40,0,1015,20,20,10,3,1,2,30,121.4,0
8,0,32,0,467,0,26,0,5,1,2,25,33.984,1
0,0,38,1,288,98,38,2,4,1,2,30,261.095,1
22,1,37,0,6,55,17,2,3,1,1,25,43.094,1
13,1,45,0,6123,0,4,5,2,1,1,25,258.93,1
19,0,41,0,0,52,3,0,4,1,2,30,0.0,1
9,0,36,4,7080,121,269,32,3,2,1,30,1364.04,0
6,0,25,0,395,19,3,5,2,1,2,25,32.13,0
0,0,37,0,768,32,9,32,3,1,2,25,164.027,1
0,0,31,0,2295,39,157,16,2,1,1,25,811.53,0
7,0,38,0,1123,14,25,9,4,1,2,45,90.925,1
0,0,42,0,2490,50,20,7,2,1,1,25,167.275,1
7,1,31,0,2268,38,26,30,3,1,2,30,196.24,1
0,0,43,0,4155,12,35,0,2,1,2,25,101.692,1
0,0,38,0,0,0,0,0,2,1,2,25,0.0,0
20,1,38,0,4005,58,24,18,3,1,2,30,258.52,1
8,1,17,1,2726,14,10,12,3,1,2,25,100.032,1
0,0,37,0,875,14,0,11,2,1,2,25,40.005,0
8,0,39,1,4485,77,37,21,3,1,1,30,330.48,0
11,0,38,1,5136,36,5,0,3,1,2,25,374.143,1
0,0,35,0,6195,80,179,24,3,1,1,30,967.0,0
0,0,39,0,73,2,5,4,2,1,1,25,25.875,0
1,1,8,0,280,75,36,0,2,1,2,30,129.853,1
2,0,40,0,2746,84,27,25,2,1,2,25,86.397,1
5,0,42,1,7508,133,392,44,3,1,1,30,1873.64,0
4,0,42,1,2473,60,12,37,2,1,1,25,167.985,0
4,0,39,1,2475,45,317,22,4,1,1,45,855.5,0
0,1,37,0,6123,14,0,23,3,1,2,30,187.76,1
15,0,42,3,4880,92,14,29,4,1,1,45,159.3,0
12,0,31,0,490,2,33,1,3,1,1,25,58.649,1
8,0,43,0,38,37,9,10,3,1,2,25,292.185,1
11,0,42,0,1192,0,49,0,3,1,1,45,29.381,1
7,0,6,1,2049,0,43,0,2,1,2,25,0.0,1
7,0,41,0,813,12,23,9,3,1,2,30,125.0,0
3,0,38,0,2393,58,2,33,1,1,1,15,145.805,0
4,0,33,0,2685,35,2,14,2,1,2,25,131.4,1
11,0,35,1,873,2,64,1,4,1,2,30,12.008,1
14,0,39,0,2588,32,21,21,2,1,2,30,160.168,1
14,1,43,1,121,24,12,7,3,1,2,25,371.111,1
2,1,39,0,313,10,11,7,3,1,2,30,56.92,1
22,0,5,0,2277,6,21,8,3,1,1,25,423.59,1
22,0,39,2,15015,227,58,35,3,1,1,30,841.68,0
24,1,38,0,2196,10,35,1,2,1,1,30,0.0,1
0,1,29,0,4032,6,17,10,3,1,1,30,384.062,1
9,1,32,0,2313,40,26,27,3,1,2,30,198.12,1
9,1,40,0,3877,15,35,1,3,1,2,45,96.988,1
0,0,33,0,1360,38,31,18,3,1,2,30,179.92,0
2,0,5,0,1408,17,0,3,3,1,1,30,57.0,1
7,1,41,0,2031,59,41,3,2,1,2,30,332.755,1
11,0,34,1,2831,12,16,2,2,1,1,30,350.013,1
6,0,27,1,1560,39,195,11,2,2,1,25,949.455,0
1,0,35,0,1420,41,36,20,3,1,1,30,202.44,0
2,1,31,0,3451,100,30,0,4,1,2,25,98.014,1
0,0,22,0,0,0,9,0,4,1,2,45,22.5,0
0,0,6,1,4210,32,204,5,3,1,1,30,985.68,0
0,1,37,0,536,40,12,16,4,1,1,25,82.837,1
34,1,14,0,1904,40,27,5,2,1,2,25,22.217,1
18,0,29,2,15580,231,0,75,2,1,1,25,711.495,0
12,0,19,0,8888,175,81,44,4,1,1,45,429.075,0
8,1,36,0,2585,36,0,18,3,1,2,30,104.84,1
11,0,41,3,6865,95,198,30,3,1,1,30,1070.4,0
2,0,36,0,323,3,9,5,3,1,2,30,49.04,1
8,1,36,0,1870,0,0,19,3,1,1,30,138.577,1
20,0,26,0,2963,55,36,0,2,1,2,25,105.979,1
32,0,26,1,2404,16,36,0,3,1,2,30,45.123,1
7,0,37,0,3908,82,7,26,2,1,1,25,211.05,0
7,1,41,0,745,41,12,3,4,1,2,25,16.341,1
15,0,41,3,11830,163,23,51,4,1,1,45,357.325,0
23,0,32,0,840,41,0,13,2,1,2,25,39.645,1
13,0,39,2,4733,99,17,30,3,1,1,30,261.28,0
0,0,29,0,618,72,6,11,3,1,2,25,131.106,1
1,1,37,0,3269,19,26,19,3,1,1,25,92.903,1
6,0,35,2,6900,102,12,21,5,1,1,55,123.03,0
15,0,39,0,2790,48,20,10,3,1,2,30,511.774,1
7,0,43,2,2448,36,26,14,4,1,2,30,88.457,1
8,0,32,0,2065,21,10,8,4,1,2,30,188.111,1
27,0,43,0,3581,16,36,0,4,1,2,30,326.191,1
30,0,38,0,1440,61,34,24,3,1,2,30,196.04,1
2,1,31,3,0,48,10,1,3,2,2,30,277.457,1
23,0,36,8,10680,96,7,42,5,1,1,55,172.14,0
24,0,33,2,4339,9,4,38,3,1,2,25,180.141,1
3,0,28,0,0,24,30,0,2,1,2,25,123.573,1
0,0,37,1,0,0,0,0,5,1,1,55,0.0,0
1,0,32,0,7508,121,376,42,2,1,1,25,2035.305,0
0,0,35,0,1378,41,0,31,1,1,1,15,78.045,0
15,1,41,1,2810,71,42,0,3,1,2,30,236.36,1
0,0,25,0,2456,55,6,10,2,1,1,25,987.255,1
0,1,36,0,1600,36,69,22,3,1,2,25,94.107,1
10,0,15,0,8742,170,64,37,4,1,1,45,382.8,0
6,1,38,0,1645,10,204,21,4,1,2,25,378.084,1
5,0,33,1,6975,98,23,25,5,1,1,55,140.595,0
3,0,35,2,6840,118,275,36,2,2,1,25,1550.61,0
6,0,38,1,2605,42,287,18,3,1,1,30,1253.88,0
2,0,29,0,3180,65,16,27,3,1,1,30,193.8,0
17,0,40,3,5275,87,33,34,3,1,1,30,346.48,0
20,0,34,9,10730,97,15,55,4,1,1,45,308.175,0
2,0,37,0,811,100,14,21,4,1,2,30,282.579,1
14,0,41,3,9195,123,154,47,3,1,1,30,988.72,0
3,0,35,0,1665,44,38,20,3,1,2,30,220.36,0
8,1,41,0,3176,15,37,0,2,1,2,30,196.088,1
13,0,6,0,239,57,18,17,2,1,1,30,339.127,1
2,0,38,0,2115,36,283,18,3,1,1,30,1218.04,0
7,0,42,1,5998,97,17,16,3,1,1,30,311.8,0
1,1,44,0,1110,54,41,9,3,1,1,25,75.551,1
1,0,30,0,3881,0,33,17,3,1,1,45,173.588,1
10,0,21,4,2852,51,39,20,3,1,1,30,272.12,0
16,0,38,0,4264,4,12,3,3,1,2,30,285.008,1
2,1,36,0,2404,6,68,2,2,1,1,25,108.648,1
3,0,41,1,6455,90,194,30,3,1,1,30,1037.8,0
0,0,33,0,6135,77,174,22,3,1,1,30,944.48,0
11,0,38,1,3775,82,32,28,3,1,1,30,282.28,0
17,0,32,0,1797,45,6,0,2,1,2,30,87.998,1
34,1,40,0,6123,37,17,0,4,1,1,25,322.246,1
10,0,39,1,5513,98,27,23,2,1,1,25,373.995,1
6,1,27,1,1505,37,202,14,2,2,1,25,978.39,1
6,0,35,0,2847,21,37,0,2,1,2,30,264.492,1
13,0,43,3,11850,162,28,53,4,1,1,45,370.3,0
6,0,35,2,11760,158,25,60,3,1,1,30,576.72,0
0,1,35,0,1989,50,28,8,2,1,2,30,11.635,1
23,0,33,2,15140,219,46,31,3,1,1,30,798.36,0
3,0,40,0,2408,0,12,0,3,1,2,25,456.962,1
20,0,37,0,1267,47,39,5,2,1,2,25,220.321,1
3,0,27,1,0,0,13,0,4,1,2,45,464.218,1
2,1,27,1,1070,33,191,11,2,2,1,25,909.135,0
5,0,40,1,2800,23,469,9,3,1,1,30,1988.92,0
5,0,38,0,305,6,7,2,2,1,2,25,45.495,1
15,0,15,2,6688,145,99,55,1,2,1,15,920.315,0
5,0,21,0,315,17,0,1,2,1,2,25,14.94,0
5,0,38,0,933,13,16,6,4,1,2,45,63.65,1
0,0,30,1,317,16,10,4,2,1,1,30,0.0,1
13,0,39,2,7023,81,115,39,2,1,1,25,837.18,0
10,0,44,1,2006,49,55,0,4,1,2,45,92.548,1
22,1,34,0,3117,5,32,7,3,1,2,25,305.587,1
8,1,38,0,2662,27,46,3,3,1,2,25,14.574,1
18,0,17,1,6582,142,94,45,2,2,1,25,725.58,0
1,0,6,1,1308,11,0,2,3,1,1,30,52.76,1
5,0,29,1,6830,93,7,18,5,1,1,55,114.345,0
23,0,38,3,14950,224,45,29,3,1,1,30,786.96,0
11,0,40,0,1015,17,15,2,3,1,2,30,101.28,1
5,0,38,0,1538,0,40,0,3,1,2,25,378.218,1
7,1,37,2,6123,18,38,29,4,1,1,25,15.27,1
2,0,18,0,1695,26,28,14,2,1,1,25,203.445,0
0,1,14,0,293,60,43,0,3,1,2,30,534.575,1
22,0,41,3,14835,225,55,31,3,1,1,30,822.4,0
13,1,36,1,5818,98,26,24,2,1,1,25,383.22,1
10,0,34,0,3695,80,22,24,3,1,1,30,239.0,0
12,1,38,0,5370,25,30,0,4,1,2,25,187.363,1
8,0,36,1,3025,56,177,23,2,1,1,25,935.145,0
2,0,35,0,385,46,35,0,2,1,2,30,239.749,1
1,0,36,0,103,3,58,7,2,1,2,25,65.123,1
14,0,43,0,2984,48,13,0,4,1,2,25,136.415,1
10,1,44,0,1193,23,31,12,4,1,2,45,107.9,1
15,0,21,4,3338,59,49,26,3,1,1,30,331.88,0
11,0,32,1,9115,115,136,42,3,1,1,30,913.2,0
18,0,24,5,3418,61,53,27,4,2,1,45,219.475,0
6,0,37,0,1858,25,7,4,3,1,1,30,103.32,0
8,0,41,2,11545,156,21,51,4,1,1,45,345.025,0
26,0,31,0,178,30,51,36,2,1,1,25,89.065,1
7,0,42,0,5770,0,35,4,2,1,1,30,128.421,1
9,1,43,0,3155,0,46,0,2,1,2,45,327.397,1
0,1,33,0,2502,7,54,0,3,1,2,45,0.0,1
10,0,41,0,2408,64,367,28,3,1,1,30,1566.88,0
3,0,28,1,910,31,175,13,2,2,1,25,829.845,0
9,0,44,1,2620,49,300,24,3,1,1,30,1306.76,0
12,0,35,3,9410,125,158,56,3,1,1,30,1013.4,0
0,0,33,2,6255,105,246,33,2,2,1,25,1393.2,0
1,1,19,0,290,28,5,12,3,1,1,30,341.191,1
15,0,42,3,9115,127,152,44,3,1,1,30,977.68,0
32,1,42,3,2350,0,0,44,2,1,2,25,151.356,1
1,0,35,0,2213,50,0,28,1,1,1,15,124.465,0
0,1,21,0,5889,47,8,20,3,2,1,25,51.276,1
0,0,36,0,1972,26,65,39,2,1,2,25,159.251,1
1,0,39,0,2235,41,289,21,3,1,1,30,1247.04,0
0,0,32,0,263,1,0,1,3,1,2,30,10.56,1
30,1,30,0,1443,12,35,14,2,1,1,25,311.394,1
0,0,38,0,6375,88,190,29,3,1,1,30,1018.52,0
3,1,34,0,2280,30,0,16,2,1,2,25,103.95,1
14,0,45,3,4820,95,17,28,4,1,1,45,165.375,0
7,0,14,0,8743,171,98,42,5,1,1,55,280.71,0
7,0,37,1,11465,154,11,47,4,1,1,45,317.975,0
2,0,40,3,6123,38,91,4,4,1,1,25,187.148,1
0,0,33,0,1360,38,31,18,3,1,2,30,179.92,0
4,1,45,0,14,48,35,19,4,1,2,30,0.0,1
2,0,31,0,6333,67,91,31,2,1,1,25,697.5,0
0,0,32,0,2133,48,0,27,1,1,1,15,119.955,0
5,0,37,0,2166,40,4,9,3,1,1,25,2.579,1
25,1,33,0,1145,48,25,20,2,1,2,25,166.185,1
6,0,33,0,4370,65,0,16,2,1,1,25,199.575,0
17,0,30,1,0,0,15,1,3,1,2,25,44.041,1
5,0,18,1,1940,29,30,14,2,1,1,25,223.605,0
0,0,28,0,2215,37,153,15,2,1,1,25,789.84,0
12,0,44,1,2523,12,57,14,3,1,1,30,95.009,1
0,0,32,0,2710,19,466,2,3,1,1,30,1973.16,0
5,0,33,0,305,6,7,2,2,1,2,25,45.495,1
4,0,30,0,2844,19,42,7,2,1,2,30,458.515,1
18,0,37,3,2794,49,56,15,2,1,1,25,67.527,1
2,0,37,1,4325,83,27,27,3,1,1,30,284.32,0
20,0,29,2,15770,232,0,78,2,1,1,25,720.09,0
16,1,41,1,1844,36,13,0,3,1,2,45,114.309,1
0,0,35,0,760,9,2,12,2,1,2,25,43.605,0
6,1,38,0,2483,59,5,45,2,1,2,45,69.271,1
8,0,33,0,15405,180,140,26,2,1,1,25,1331.325,0
4,1,42,0,3241,8,42,3,3,1,2,25,356.611,1
0,0,32,0,325,6,0,2,2,1,2,25,14.895,0
14,1,30,2,1735,0,34,0,3,1,2,30,75.074,1
28,0,37,0,1401,5,30,8,3,1,2,25,250.563,1
18,1,39,1,1859,60,25,8,2,1,2,30,281.853,1
12,1,12,1,2739,10,21,6,4,1,2,25,72.524,1
2,0,40,0,2849,54,14,0,4,1,1,25,313.195,1
1,0,41,2,216,67,39,0,2,1,1,25,430.899,1
10,0,45,2,2698,70,17,36,2,1,1,25,201.06,0
0,0,34,0,0,0,0,0,5,1,1,55,0.0,0
0,0,36,0,383,4,7,4,4,1,1,45,27.175,1
13,0,26,0,75,54,2,2,3,1,1,25,559.875,1
5,0,19,0,965,22,4,7,2,1,1,25,62.415,0
29,1,34,0,2352,0,47,0,2,1,2,25,300.968,1
17,1,44,0,1138,70,61,2,3,1,1,45,178.685,1
8,0,36,1,11870,159,12,45,3,1,1,30,529.16,0
12,0,31,3,1680,45,205,15,3,2,1,30,889.0,0
0,0,40,2,2167,28,204,1,2,1,2,45,29.382,1
10,0,16,3,3098,48,33,19,3,1,1,30,257.84,0
13,0,39,1,1920,46,65,2,3,1,1,25,280.641,1
1,0,41,0,3746,63,7,21,2,1,1,25,447.155,1
2,0,31,2,7080,101,28,35,4,1,1,45,249.525,0
14,0,40,2,8523,144,399,45,3,1,1,30,1942.68,0
5,0,36,1,1913,28,7,6,4,1,1,45,66.025,0
33,0,33,0,3491,7,14,8,2,1,2,30,255.891,1
9,0,39,1,3285,27,458,6,3,1,1,30,1964.48,0
1,0,45,0,2758,9,8,0,2,1,2,45,515.636,1
0,1,45,0,1565,10,16,12,2,1,1,25,334.307,1
0,0,41,0,140,0,16,8,4,1,1,25,4.693,1
0,1,40,1,314,54,8,15,3,1,2,25,444.069,1
16,0,39,1,3965,82,7,26,3,1,1,30,189.88,0
24,1,35,0,1910,6,17,24,3,1,2,25,46.263,1
14,0,44,2,2366,0,47,19,2,1,2,25,0.0,1
5,0,38,2,6785,103,22,23,5,1,1,55,136.32,0
12,0,41,0,4378,74,12,40,1,1,1,15,310.86,0
4,1,38,0,2112,100,0,5,3,1,1,25,377.361,1
14,0,38,0,2545,59,2,0,2,1,2,45,156.5,1
10,0,44,3,903,20,26,10,5,1,1,55,52.845,0
21,0,8,0,6123,0,82,9,3,1,2,25,626.699,1
7,0,20,1,2000,32,35,16,3,1,1,30,221.28,0
11,0,38,3,4623,98,30,45,3,1,1,30,308.84,0
7,0,44,0,913,47,43,8,3,1,2,30,62.376,1
2,0,8,0,4275,34,183,6,3,1,1,30,904.36,0
6,0,30,3,7010,112,263,29,2,2,1,25,1503.99,0
8,0,24,2,2080,34,45,20,3,1,1,30,264.56,0
1,0,23,0,2049,38,32,19,3,2,1,25,101.414,1
5,1,36,2,721,50,41,0,2,1,2,45,210.954,1
13,0,19,1,9013,173,83,44,5,1,1,55,262.29,0
5,0,39,0,7213,123,370,30,3,1,1,30,1773.44,0
0,0,31,0,13468,157,0,41,3,1,1,30,545.0,0
11,0,39,0,1643,24,24,6,4,1,2,45,101.675,1
31,1,32,4,16785,249,8,80,2,1,1,25,802.53,0
10,0,45,0,1440,30,22,19,3,1,2,30,146.8,0
2,0,41,0,133,8,8,3,3,1,2,30,37.64,1
1,0,39,0,351,33,11,12,3,1,1,30,403.557,1
12,0,28,1,5491,0,6,9,3,1,2,30,134.732,1
1,0,36,0,1005,18,27,21,2,1,2,25,167.535,0
6,1,31,2,1281,23,8,6,3,1,2,25,56.8,1
9,0,43,2,4515,89,10,26,3,1,1,30,224.16,0
1,0,12,0,651,14,41,0,3,1,1,25,174.359,1
5,0,8,2,4515,38,211,7,3,1,1,30,1026.12,0
14,0,43,1,15745,192,165,36,2,1,1,25,1459.665,0
6,1,24,0,2222,83,11,23,3,1,2,25,0.0,1
12,0,39,2,11770,160,18,49,4,1,1,45,343.25,0
13,1,45,0,485,0,41,30,3,1,1,45,73.188,1
3,0,37,0,7508,127,384,43,2,1,1,25,2071.575,0
0,1,41,0,2167,32,32,11,2,1,1,25,166.022,1
0,0,29,0,598,17,25,1,3,1,2,30,151.652,1
3,1,39,0,353,10,14,5,4,1,2,25,66.072,1
26,0,42,9,10695,103,16,48,5,2,1,55,185.97,0
8,0,32,1,1195,59,0,15,3,2,2,25,216.003,1
8,0,31,2,3610,69,25,29,3,1,1,30,247.16,0
14,0,36,0,3180,41,7,14,3,1,2,30,156.84,1
15,1,44,0,2623,62,25,23,3,1,2,30,207.4,0
5,1,39,0,1960,7,0,6,4,1,2,30,407.133,1
2,0,26,0,1323,36,28,68,4,1,1,45,103.975,0
2,1,44,0,525,19,0,1,3,1,1,25,118.734,1
14,0,35,1,4080,82,31,29,3,1,1,30,290.48,0
19,0,30,2,15365,227,0,80,2,1,1,25,701.64,0
0,0,29,0,5464,18,15,18,3,1,2,25,77.038,1
0,1,34,0,3814,0,36,2,2,1,1,30,279.198,1
11,0,33,2,3963,59,23,16,2,1,2,30,108.954,1
16,0,41,3,7083,84,120,41,2,1,1,25,862.515,0
12,0,34,0,2905,23,5,0,4,1,2,45,271.637,1
6,1,36,3,315,44,38,25,3,1,1,30,193.802,1
1,0,36,0,2245,34,287,19,3,1,1,30,1239.16,0
5,0,14,1,1740,22,20,10,2,1,1,25,169.29,0
7,0,13,3,425,7,3,12,3,1,2,45,367.12,1
34,0,5,0,3745,1,14,0,4,1,1,30,99.637,1
6,0,31,2,3805,0,81,13,3,1,1,25,212.072,1
9,1,33,0,3753,7,0,22,4,1,1,25,491.107,1
13,0,35,0,1629,0,37,0,3,1,2,30,344.209,1
5,0,28,0,1273,35,16,55,4,1,1,45,72.7,0
12,0,37,1,3490,64,183,23,2,1,1,25,983.43,0
9,1,39,0,4009,20,15,12,4,1,1,25,214.624,1
5,0,39,3,3691,56,82,0,5,1,2,30,400.404,1
0,0,17,0,985,15,3,14,2,1,1,25,58.5,0
11,0,14,0,5973,129,46,36,1,2,1,15,588.61,0
2,1,33,0,4803,81,0,22,2,1,1,25,219.78,1
5,0,39,0,1818,12,12,3,3,1,2,30,201.349,1
0,0,31,0,6670,92,16,23,4,1,1,45,209.05,0
19,0,41,2,5385,88,37,19,3,1,1,30,366.92,0
33,0,39,0,3780,45,39,0,2,1,2,45,37.053,1
5,0,29,0,1245,22,60,9,4,1,2,45,181.675,0
0,0,34,0,3413,76,0,26,2,1,1,25,157.005,0
13,0,38,1,4020,85,34,28,3,1,1,30,300.2,0
0,1,40,1,3188,62,12,0,3,1,1,25,13.549,1
4,1,32,0,0,5,55,11,3,1,2,25,130.727,1
22,0,41,0,1289,43,14,0,4,1,2,30,397.557,1
0,1,34,0,0,0,0,0,3,1,2,30,0.0,1
0,0,21,1,1999,5,10,2,4,1,2,45,0.0,1
12,0,39,2,11770,160,18,49,4,1,1,45,343.25,0
33,1,41,0,1520,63,38,25,3,1,2,30,215.32,1
4,1,34,0,2800,41,34,18,3,1,2,30,249.64,1
1,1,43,0,1741,17,12,0,3,1,1,25,528.614,1
0,0,44,1,1113,66,14,28,3,1,1,25,85.326,1
6,0,42,3,723,12,21,8,5,1,1,55,42.525,0
8,0,39,0,3650,84,36,31,2,1,1,25,330.03,0
2,0,37,0,3264,0,3,22,2,1,2,30,234.481,1
19,1,39,0,2218,19,18,0,2,1,2,25,286.218,1
10,0,37,1,6963,78,110,37,2,1,1,25,811.845,0
7,0,35,1,7733,131,381,41,3,1,1,30,1838.56,0
0,0,40,2,3017,9,16,38,3,1,2,25,235.422,1
0,0,34,0,318,4,0,3,2,1,2,25,14.49,0
12,0,37,0,3105,46,7,15,3,1,2,30,154.04,1
0,0,34,0,4005,62,0,13,2,1,1,25,183.015,0
0,0,34,0,5703,58,76,35,2,1,1,25,601.245,0
8,0,39,2,7045,107,29,28,5,1,1,55,150.78,0
7,1,30,0,1251,17,43,0,3,2,1,30,0.0,1
0,0,34,0,13408,160,0,40,3,1,1,30,542.72,0
34,0,40,0,2506,73,72,1,3,1,2,25,20.807,1
6,0,38,1,3285,28,492,11,3,1,1,30,2100.52,0
0,0,30,0,5353,79,0,4,2,1,1,25,244.44,0
2,0,38,1,1981,6,49,17,4,1,2,30,132.176,1
8,0,34,0,5513,92,19,22,2,1,1,25,337.725,1
0,0,24,0,1263,33,23,66,4,1,1,45,89.9,0
8,1,12,3,1908,31,39,13,3,1,1,30,233.56,1
19,1,44,0,2833,60,56,39,4,1,2,45,212.325,1
0,0,35,0,7203,121,377,41,2,1,1,25,2026.08,0
7,0,14,0,5493,34,79,0,3,1,1,45,67.547,1
0,0,33,0,0,0,0,0,4,1,2,45,0.0,1
3,0,38,1,2081,19,11,18,2,2,2,30,531.427,1
0,0,42,0,728,14,34,36,2,1,2,30,342.078,1
12,0,43,2,11725,164,26,53,4,1,1,45,362.225,0
13,1,38,0,0,0,48,7,2,1,2,25,219.815,1
9,0,38,0,2048,55,341,26,3,1,1,30,1448.12,0
1,1,33,1,1915,67,9,22,2,1,2,45,97.718,1
3,1,42,0,1130,8,13,0,2,1,2,25,189.239,1
2,0,42,1,4297,0,29,7,3,1,1,45,92.527,1
3,0,37,0,10865,144,0,32,3,1,1,30,440.36,0
0,0,23,0,553,22,0,66,4,1,1,45,14.375,0
0,0,7,0,1182,13,0,5,2,1,1,25,53.775,1
18,0,39,3,6238,110,65,30,3,1,1,30,513.92,0
19,0,35,0,730,43,19,19,2,1,2,25,120.285,1
9,1,36,4,7025,119,276,35,3,2,1,30,1389.76,0
1,1,38,0,2689,0,39,19,2,2,2,45,299.525,1
13,0,38,1,6908,75,83,35,2,1,1,25,687.735,0
12,0,38,0,4388,67,10,38,1,1,1,15,300.025,0
7,0,38,0,3175,72,11,13,3,1,1,30,173.88,0
1,0,39,0,2145,0,41,0,2,1,2,45,481.864,1
0,0,35,0,2715,24,4,17,3,1,1,30,125.56,0
0,0,34,0,345,5,1,4,2,1,2,25,20.25,0
14,0,37,2,3053,70,380,39,3,1,1,30,1644.92,0
8,0,20,3,2808,49,39,23,3,1,1,30,270.28,0
0,0,32,0,1245,32,0,14,3,1,2,30,51.08,0
4,1,42,0,3560,13,11,0,2,1,1,25,311.507,1
5,1,44,0,1162,4,40,6,4,1,1,45,0.0,1
4,0,42,0,1132,12,32,48,3,1,2,30,337.361,1
7,0,41,1,11420,158,19,51,4,1,1,45,336.95,0
26,0,40,2,14845,221,40,19,3,1,1,30,762.64,0
0,0,23,0,1385,14,12,0,3,1,1,30,22.231,1
2,0,33,0,6420,84,176,22,3,1,1,30,964.16,0
0,0,15,0,680,9,0,12,2,1,1,25,31.005,0
0,1,29,0,1038,24,8,27,2,1,2,30,251.732,1
2,1,33,0,1960,48,52,33,3,1,2,30,288.32,1
17,0,36,2,6106,48,27,8,2,2,2,30,370.241,1
0,0,30,0,3633,50,0,27,1,1,1,15,202.565,0
0,0,33,0,2078,0,16,18,2,1,1,25,298.333,1
0,0,34,1,993,18,0,7,3,1,2,30,139.977,1
16,0,40,2,4080,88,39,30,3,1,1,30,322.72,0
10,0,38,3,2573,41,28,23,4,1,1,45,135.35,0
32,1,41,0,3815,0,31,0,4,1,2,30,267.07,1
8,0,16,3,2853,45,31,19,3,2,1,30,239.92,0
15,1,40,0,2289,46,57,4,3,1,2,30,206.829,1
2,0,36,0,3718,82,2,28,2,1,1,25,180.0,0
0,0,36,0,0,0,0,0,3,1,1,30,0.0,1
0,0,35,0,2080,10,451,6,3,1,1,30,1887.6,0
0,0,32,0,0,0,0,0,2,1,2,25,0.0,0
0,0,34,0,923,11,23,17,4,1,2,45,80.85,1
14,0,38,0,2573,50,41,33,4,1,2,45,168.075,1
21,0,20,3,6813,153,124,48,2,2,1,25,871.47,0
0,0,28,0,2580,12,0,8,3,1,1,30,103.68,0
8,0,38,0,7698,127,359,41,2,1,1,25,1967.625,0
8,0,39,2,6805,92,193,28,3,1,1,30,1047.88,0
10,0,43,1,4370,77,13,18,3,1,1,30,229.88,0
18,1,27,0,695,37,1,11,2,1,2,25,37.44,1
4,1,34,1,3410,63,5,0,2,1,2,25,268.536,1
12,0,39,1,6628,106,15,12,3,1,1,30,329.36,0
7,0,30,0,2656,39,28,7,3,1,1,45,338.201,1
0,0,13,0,651,23,53,36,3,1,1,25,267.857,1
18,1,40,2,271,49,26,38,2,1,1,25,304.541,1
1,0,32,2,6660,110,264,31,2,2,1,25,1492.65,0
16,0,33,6,10015,81,0,36,4,1,1,45,252.4,0
6,0,37,1,2518,56,7,30,2,1,1,25,147.33,0
10,1,32,0,1093,46,35,0,2,1,2,25,0.0,1
0,0,37,3,1758,46,57,8,4,1,2,25,307.378,1
13,0,17,3,2053,35,22,15,3,1,1,30,171.52,1
16,0,44,2,4035,92,47,34,3,1,1,30,353.08,0
13,0,43,0,2230,60,60,28,4,1,2,45,207.25,0
0,0,12,0,1310,18,11,8,2,1,1,25,109.26,0
7,1,41,0,618,16,18,9,3,1,2,30,97.36,1
15,0,39,0,4388,66,7,33,1,1,1,15,283.47,0
1,1,9,1,1243,16,0,7,3,1,1,30,50.36,1
0,0,37,0,3593,84,6,31,2,1,1,25,192.465,0
3,0,32,0,6670,91,0,18,4,1,1,45,169.025,0
3,1,37,0,642,24,22,36,3,1,2,25,0.0,1
29,0,45,0,5730,47,16,0,2,2,2,30,88.979,1
15,1,42,0,1553,46,39,15,3,1,2,25,254.34,1
7,1,38,0,706,39,2,4,4,1,1,45,50.518,1
0,0,35,0,0,0,0,0,2,1,2,25,0.0,0
8,1,15,2,1748,29,15,13,3,1,1,30,131.08,1
23,1,33,0,955,47,16,17,2,1,2,25,117.09,1
21,0,36,8,10435,93,1,42,5,1,1,55,159.42,0
5,0,35,0,1910,47,40,20,3,1,2,30,238.28,0
2,0,38,1,2920,24,10,18,3,1,1,30,157.76,0
2,1,42,0,3034,3,54,9,3,1,2,30,165.331,1
8,0,36,0,1422,39,7,2,4,1,2,45,315.062,1
2,1,33,0,1561,16,14,2,3,1,2,30,266.332,1
1,1,40,1,3606,32,28,4,2,1,2,25,188.049,1
3,0,36,0,6385,80,154,22,3,1,1,30,874.6,0
13,0,22,0,1088,6,84,3,3,1,1,30,145.279,1
0,1,30,0,2631,30,37,11,2,1,2,30,94.75,1
10,0,15,0,8688,168,71,40,4,1,1,45,398.9,0
