13,0,40,1,4258,69,6,37,1,1,1,15,270.985,0
9,0,27,0,510,24,1,4,2,1,2,25,28.53,0
2,1,31,0,4512,29,30,34,3,1,2,25,83.45,1
4,0,13,2,1568,21,10,11,3,1,1,30,103.56,1
8,1,36,0,923,0,13,7,3,1,2,30,37.166,1
8,0,41,2,2813,70,41,39,2,1,1,25,314.235,0
0,1,8,0,4650,0,34,0,2,1,1,25,205.357,1
0,1,34,1,1889,0,7,27,4,1,1,30,262.446,1
1,0,35,0,1553,19,0,2,3,1,1,30,62.88,0
1,0,36,0,3293,50,0,18,1,1,1,15,183.865,0
11,0,39,0,2158,56,345,11,3,1,1,30,1468.56,0
0,0,36,0,405,8,6,6,2,1,2,25,45.585,0
1,1,26,0,0,41,7,0,3,1,2,30,190.43,1
6,0,25,0,854,0,9,14,4,1,2,45,115.222,1
2,0,42,0,665,18,21,12,3,1,2,30,111.32,0
0,0,26,0,1743,5,25,38,3,1,1,30,0.0,1
3,0,23,0,1235,34,183,7,2,2,1,25,880.605,0
0,0,34,0,13408,160,0,40,3,1,1,30,542.72,0
9,0,28,0,598,0,16,22,3,1,2,25,0.0,1
0,1,38,0,940,0,17,48,2,1,2,30,0.0,1
0,1,29,0,2269,65,0,2,4,1,1,30,68.352,1
12,1,27,0,0,0,11,41,2,1,2,30,135.237,1
8,0,32,0,304,2,14,33,3,1,1,30,86.825,1
11,0,34,0,2735,56,10,24,4,1,2,25,0.0,1
7,0,25,1,1693,37,26,65,5,1,1,55,64.95,0
6,0,32,0,761,0,15,8,2,1,2,25,332.318,1
18,0,43,0,0,0,0,9,4,1,1,25,420.257,1
5,0,35,0,3778,54,0,29,1,1,1,15,210.76,0
0,0,13,0,1695,20,20,13,2,1,1,25,167.175,0
0,0,37,0,2203,58,27,35,2,1,1,25,223.245,0
1,1,27,0,1140,62,17,0,4,1,2,25,320.341,1
2,0,5,0,1408,17,0,3,3,1,1,30,57.0,1
0,0,28,0,0,0,0,0,2,1,2,25,0.0,1
2,1,3,0,44,14,6,4,2,1,2,30,95.762,1
0,1,30,0,0,0,0,0,2,1,2,25,0.0,1
7,0,37,2,8108,137,405,58,3,1,1,30,1949.8,0
0,1,35,0,76,0,0,28,3,1,2,45,216.242,1
0,0,30,0,0,0,0,0,3,1,2,30,0.0,1
1,0,35,0,5498,83,0,6,2,1,1,25,251.145,0
1,0,16,1,1990,30,42,27,2,1,1,25,279.9,0
6,0,38,0,5918,95,7,12,3,1,1,30,268.52,0
6,0,36,0,2780,53,175,23,2,1,1,25,914.985,0
0,0,28,1,2891,14,11,19,4,1,2,30,62.47,1
7,0,35,0,664,0,22,47,4,1,2,45,177.889,1
9,0,38,1,2895,58,173,22,2,1,1,25,911.385,0
0,0,35,0,0,0,25,0,3,1,2,30,100.0,1
8,0,30,0,1168,39,10,27,3,1,2,55,535.792,1
8,0,34,0,5513,92,19,22,2,1,1,25,337.725,1
9,0,36,0,0,0,2,43,2,1,2,30,125.33,1
9,1,38,0,902,1,25,4,4,1,1,30,0.0,1
11,0,13,1,9228,175,87,53,4,1,1,45,452.575,0
6,0,34,0,834,27,23,48,4,1,2,30,67.601,1
0,0,21,0,1083,25,12,61,4,1,1,45,57.7,0
6,1,37,0,2143,46,38,34,3,1,2,30,239.56,1
30,0,25,1,1738,50,33,17,4,1,1,45,30.852,1
18,0,39,3,6238,110,65,30,3,1,1,30,513.92,0
0,1,8,1,1298,19,25,9,3,1,1,30,152.68,1
3,0,37,0,1094,0,34,43,4,1,1,25,69.476,1
11,0,29,2,1810,43,209,16,3,2,1,30,910.12,0
8,0,36,0,6603,69,76,33,2,1,1,25,642.24,0
13,0,34,0,2758,60,358,25,2,1,1,25,1737.81,0
5,1,35,0,305,6,7,2,3,1,2,30,40.44,1
11,0,43,0,520,17,10,24,4,1,2,25,3.091,1
0,0,10,0,4265,42,219,13,3,1,1,30,1048.28,0
7,0,17,3,2447,40,13,21,3,1,1,30,151.48,0
0,1,37,0,503,9,13,7,4,1,2,45,45.3,1
12,0,14,3,3078,49,28,17,3,1,1,30,237.08,0
4,0,29,0,546,5,43,8,2,1,2,30,83.207,1
0,1,39,1,3180,1,7,4,3,1,2,30,65.31,1
5,0,20,1,1755,29,33,16,2,1,1,25,228.78,0
4,0,34,0,15065,170,111,24,2,1,1,25,1185.075,0
10,0,38,0,0,24,33,7,2,1,1,45,298.715,1
6,0,38,1,3285,28,492,11,3,1,1,30,2100.52,0
5,1,36,0,0,1,20,48,3,1,1,25,77.095,1
5,0,38,1,4270,80,0,25,3,1,1,30,174.0,0
0,0,24,0,0,0,5,0,4,1,2,45,12.5,0
30,0,27,0,3532,13,9,7,3,2,1,25,57.103,1
25,1,38,0,955,53,24,18,3,1,2,30,136.32,1
1,0,30,1,6605,89,3,17,5,1,1,55,104.91,0
6,0,33,0,0,0,73,9,2,1,1,45,212.567,1
34,0,32,0,913,42,7,22,3,1,1,25,87.68,1
19,0,37,2,14430,214,29,32,3,1,1,30,701.76,0
8,0,37,3,7145,124,282,38,2,2,1,25,1596.105,0
4,0,36,0,1743,49,334,24,2,1,1,25,1583.64,0
5,0,32,0,3938,56,0,29,1,1,1,15,219.67,0
2,0,38,0,2115,36,283,18,3,1,1,30,1218.04,0
3,1,45,0,1014,0,15,32,4,1,1,25,0.0,1
9,0,28,0,1730,26,49,20,4,1,2,45,166.4,0
0,1,31,0,0,0,0,13,3,1,2,25,48.053,1
6,0,36,0,3470,76,25,26,2,1,1,25,272.07,0
0,0,33,0,13288,155,0,37,3,1,1,30,537.72,0
13,0,28,0,365,0,22,7,3,1,2,25,92.708,1
1,0,43,0,557,24,77,4,2,1,1,30,68.233,1
9,1,36,0,2062,0,24,24,4,1,2,45,35.911,1
0,0,32,0,2008,50,0,27,1,1,1,15,113.19,0
3,0,24,1,1863,43,44,81,4,1,1,45,157.65,0
4,0,26,0,1568,39,30,68,4,1,1,45,115.175,0
0,0,32,0,0,0,0,0,2,1,2,25,0.0,0
16,0,29,0,1005,31,17,9,3,1,2,30,109.44,0
14,1,44,0,2498,64,23,23,3,1,2,30,194.48,0
0,0,35,0,7203,121,377,41,2,1,1,25,2026.08,0
0,0,33,0,760,28,10,3,3,1,2,30,71.52,0
12,0,39,2,11770,160,18,49,4,1,1,45,343.25,0
2,1,35,0,6123,0,49,23,3,1,2,45,116.193,1
4,0,20,0,395,13,0,4,2,1,2,25,18.36,0
0,0,36,0,1540,46,42,23,3,1,2,30,231.44,0
7,1,31,0,913,43,1,6,2,1,2,45,92.224,1
3,0,15,3,2663,45,56,21,3,1,1,30,332.32,0
9,0,38,1,4705,84,11,28,3,1,1,30,235.56,0
8,0,26,0,1876,25,40,0,3,1,2,25,53.266,1
7,0,37,0,6323,100,8,10,2,1,1,25,325.035,0
4,1,7,0,1072,32,9,35,2,1,2,30,78.394,1
34,0,32,1,1958,23,0,7,2,1,2,30,46.582,1
10,0,5,0,0,0,13,27,3,1,1,25,89.257,1
12,0,34,2,6113,102,40,37,2,1,1,25,459.675,0
5,0,23,0,920,26,12,11,2,1,1,25,96.57,0
9,0,40,1,2665,45,292,20,3,1,1,30,1276.4,0
12,0,37,1,3490,64,183,23,2,1,1,25,983.43,0
13,0,39,1,2568,65,357,23,3,1,1,30,1533.32,0
7,1,28,0,1544,6,24,32,4,1,2,45,356.28,1
6,0,3,0,375,63,6,32,3,1,2,25,69.449,1
3,0,22,1,1775,28,38,18,2,1,1,25,252.135,0
0,0,32,2,0,0,8,38,4,1,1,30,59.744,1
20,0,29,2,15770,232,0,78,2,1,1,25,720.09,0
6,0,37,0,843,13,8,2,3,1,2,30,66.24,1
22,0,39,2,15015,227,58,35,3,1,1,30,841.68,0
6,0,38,0,5918,95,7,12,3,1,1,30,268.52,0
2,0,22,1,497,4,4,7,2,1,1,25,298.46,1
6,0,40,1,2508,63,0,32,2,1,1,25,115.695,0
5,0,33,4,3092,31,30,48,4,1,1,30,105.11,1
8,1,40,2,993,16,21,8,4,1,1,45,77.725,1
14,0,37,2,3900,80,28,25,3,1,1,30,271.2,0
2,0,40,0,180,8,11,5,2,1,2,25,57.96,1
0,0,35,0,530,6,2,3,3,1,2,30,29.44,0
3,0,13,1,1443,23,8,11,3,1,1,30,90.64,1
13,0,24,1,1350,30,15,10,2,1,1,25,129.6,0
6,0,36,1,3145,28,7,16,3,1,1,30,154.92,0
19,0,36,8,10245,92,0,39,5,2,1,55,155.055,0
9,1,26,0,331,10,7,36,2,1,2,45,224.824,1
5,0,38,0,1638,44,0,2,3,1,2,30,67.28,0
30,0,38,1,11340,109,29,59,5,1,1,55,215.235,0
0,0,30,0,13208,153,0,36,3,1,1,30,534.44,0
1,1,10,0,2038,0,2,5,2,1,2,30,224.064,1
0,0,21,0,825,4,13,2,4,1,2,45,53.225,0
26,1,33,0,281,47,52,0,3,1,2,45,251.042,1
0,1,26,0,0,3,43,23,2,1,2,30,133.013,1
0,0,14,0,1948,29,3,2,3,1,1,30,91.08,0
0,0,36,0,628,7,9,4,4,1,2,45,38.375,1
0,0,26,0,825,10,21,3,4,1,2,45,73.375,0
8,0,33,0,4198,60,0,34,1,1,1,15,234.19,0
0,0,38,1,0,0,7,0,5,1,1,55,10.5,0
9,1,28,0,1344,22,6,31,2,1,1,30,61.405,1
8,0,39,1,7813,133,391,45,3,1,1,30,1881.84,0
0,0,37,0,6908,117,363,28,2,1,1,25,1949.625,0
0,0,11,0,1154,0,0,48,3,1,2,45,122.404,1
15,0,33,3,9,6,42,9,3,1,2,45,14.604,1
0,0,44,1,564,0,12,36,4,1,1,25,257.922,1
6,0,34,0,13693,167,0,40,3,1,1,30,554.4,0
6,0,33,3,492,0,3,24,5,1,2,25,78.265,1
0,0,34,0,1470,0,55,10,2,1,2,30,164.826,1
0,0,37,0,875,14,0,11,2,1,2,25,40.005,0
0,1,39,0,3176,0,31,27,3,2,2,30,0.0,1
13,0,27,0,945,28,12,7,3,1,2,30,86.92,0
15,0,42,2,7203,89,126,44,2,1,1,25,895.14,0
1,0,37,2,638,0,6,27,4,1,1,25,0.0,1
6,1,31,1,1292,7,61,4,4,1,2,30,119.79,1
2,0,37,0,4191,0,25,48,2,1,1,30,57.247,1
0,1,38,0,0,0,0,28,3,1,1,25,11.128,1
0,0,36,0,438,6,0,1,4,1,2,45,11.1,1
4,1,33,0,1930,0,11,37,2,1,2,30,289.09,1
12,1,30,0,1131,11,7,20,3,1,1,30,5.757,1
8,0,24,3,340,0,12,1,3,1,2,25,64.119,1
0,0,36,0,0,0,0,0,3,1,2,30,0.0,1
24,0,33,8,10740,93,0,43,4,1,1,45,270.825,0
11,0,27,0,700,25,10,7,2,1,2,25,77.625,0
8,0,34,3,3497,0,51,34,4,1,2,25,0.0,1
4,1,34,1,0,14,73,26,2,1,2,25,0.0,1
12,1,26,0,794,0,0,0,2,1,1,45,40.573,1
9,0,34,0,2236,0,15,22,3,1,2,45,66.072,1
0,0,30,0,0,0,0,0,3,1,1,30,0.0,0
10,0,26,0,1054,11,7,7,3,1,1,25,0.0,1
1,0,35,1,743,9,5,1,5,1,1,55,18.78,0
25,1,37,3,1131,67,37,26,2,1,1,30,38.404,1
0,0,33,0,0,0,0,0,2,1,2,25,0.0,0
7,0,15,2,4650,50,230,16,3,1,1,30,1108.0,0
14,0,35,1,803,27,30,16,4,1,2,30,16.684,1
0,1,38,0,1118,0,24,48,3,1,2,30,164.162,1
1,0,28,0,6785,91,6,21,4,1,1,45,186.9,0
32,0,38,5,16380,250,15,83,2,2,1,25,815.85,0
0,0,38,0,1178,0,33,7,4,1,2,25,102.188,1
5,0,35,0,1100,0,40,48,3,1,2,25,32.289,1
13,0,24,0,2849,2,2,0,2,1,1,25,276.024,1
10,0,37,0,5693,100,30,27,2,1,1,25,395.685,1
0,0,20,0,0,0,4,0,4,1,2,45,10.0,0
12,0,37,1,4180,87,33,26,3,1,1,30,302.68,0
34,0,35,3,2072,0,8,15,3,1,1,30,121.851,1
0,0,37,0,2386,0,8,9,2,1,1,30,112.537,1
9,0,34,0,25,0,0,31,2,1,2,30,188.182,1
2,0,34,0,11045,142,0,41,3,1,1,30,447.48,0
16,0,39,1,15980,189,166,35,2,1,1,25,1474.605,0
7,1,28,2,120,0,9,15,5,1,2,45,475.252,1
0,1,35,0,2322,15,8,43,3,1,2,25,95.965,1
18,0,40,0,3143,70,36,34,3,1,2,30,272.52,0
14,0,12,0,6392,135,77,41,1,2,1,15,782.485,0
11,0,39,0,1643,24,24,6,4,1,2,45,101.675,1
0,0,32,1,430,0,18,0,2,1,2,25,163.73,1
18,0,38,2,6123,104,33,26,2,1,1,25,428.715,0
2,0,23,0,512,8,42,22,2,1,1,45,39.503,1
1,0,25,0,1255,33,188,9,2,2,1,25,903.96,0
12,0,38,0,4388,67,10,38,1,1,1,15,300.025,0
5,0,11,2,4450,43,220,12,3,1,1,30,1059.72,0
24,0,36,4,15435,229,68,45,3,2,1,30,898.56,0
0,0,39,0,1593,1,4,5,2,1,2,25,0.0,1
4,0,21,0,1875,34,39,19,2,1,1,25,261.405,0
7,0,41,0,2285,0,2,27,2,1,2,30,87.869,1
0,0,36,0,760,8,0,7,2,1,2,25,34.56,0
0,0,35,0,0,0,0,0,2,1,2,25,0.0,0
12,0,19,0,8888,175,81,44,4,1,1,45,429.075,0
13,1,36,1,5818,98,26,24,2,1,1,25,383.22,1
1,0,30,0,658,21,65,7,3,1,2,30,163.605,1
0,0,27,1,6660,104,256,30,2,2,1,25,1456.38,0
9,0,18,0,8627,171,74,39,5,1,1,55,242.97,0
7,0,37,1,11465,154,11,47,4,1,1,45,317.975,0
2,0,38,0,7103,122,366,45,3,1,1,30,1753.0,0
16,0,15,2,9533,181,94,55,5,1,1,55,286.71,0
4,0,36,0,733,12,21,17,3,1,2,30,113.8,1
2,0,39,0,825,20,45,12,3,1,2,30,213.8,0
18,0,41,2,14788,186,15,46,3,1,1,30,658.96,0
31,1,37,2,1320,56,28,21,3,1,1,30,167.04,1
6,0,34,0,7813,127,383,44,2,1,1,25,2080.8,0
12,0,14,0,8818,165,41,36,4,1,1,45,327.075,0
2,1,13,0,0,23,0,27,3,1,2,25,77.157,1
26,0,38,9,10740,99,8,44,5,1,1,55,174.585,0
0,0,36,1,173,15,2,10,4,1,2,30,68.933,1
6,0,40,0,1028,16,15,4,3,1,2,30,101.76,0
17,0,41,2,6933,112,22,14,3,1,1,30,369.8,0
10,0,37,1,6908,76,117,40,2,1,1,25,840.78,0
4,1,40,1,2355,1,56,10,3,1,1,25,0.0,1
11,1,34,0,808,7,9,32,3,1,2,30,120.731,1
0,0,33,2,6255,105,246,33,2,2,1,25,1393.2,0
0,0,30,1,1941,0,13,29,4,1,2,30,195.972,1
21,0,40,3,6183,107,38,28,3,1,1,30,403.6,0
1,0,32,0,6500,80,178,25,3,1,1,30,975.2,0
3,0,37,2,0,0,46,25,4,1,2,45,34.418,1
21,1,37,0,247,30,0,34,4,1,1,25,97.735,1
6,0,35,1,8620,114,128,38,3,1,1,30,861.36,0
13,1,30,0,2268,4,15,26,3,1,2,30,19.982,1
2,0,31,0,1585,42,28,16,3,1,2,30,177.08,0
0,0,7,0,1182,13,0,5,2,1,1,25,53.775,1
12,0,37,0,3105,46,7,15,3,1,2,30,154.04,1
2,0,9,1,4390,40,215,10,3,1,1,30,1037.2,0
4,0,36,0,4455,80,0,23,3,1,1,30,181.4,0
10,0,34,0,5758,95,21,22,2,1,1,25,357.885,1
5,0,40,0,825,19,11,7,3,1,2,30,77.76,0
3,0,23,0,730,25,3,8,2,1,1,25,47.475,0
24,1,39,0,436,15,74,9,2,1,2,30,247.113,1
6,0,38,0,1585,25,8,11,2,1,2,25,108.45,0
9,0,28,1,1873,45,37,70,5,1,1,55,84.27,0
10,0,37,1,13898,167,7,41,3,1,1,30,590.6,0
3,0,30,0,2148,48,344,21,2,1,1,25,1646.82,0
9,0,40,0,418,30,2,8,3,1,2,30,159.428,1
14,1,37,0,3295,47,16,18,3,1,2,30,197.68,1
7,0,29,0,0,4,24,32,2,1,2,45,49.162,1
0,1,36,0,654,25,23,19,3,1,2,30,225.083,1
5,0,28,0,4360,0,8,11,2,1,2,25,179.85,1
16,0,42,2,4735,80,17,21,3,1,1,30,260.6,0
9,0,37,0,15485,182,150,30,2,1,1,25,1380.015,0
1,0,37,1,6310,85,177,23,3,1,1,30,963.8,0
7,0,11,2,4695,46,222,12,3,1,1,30,1077.64,0
2,0,26,0,0,75,86,3,3,1,2,45,82.882,1
0,0,42,0,13,5,8,3,3,1,2,30,32.72,0
0,0,34,0,3413,76,0,26,2,1,1,25,157.005,0
6,0,42,0,5873,99,15,16,3,1,1,30,298.88,0
2,0,38,0,710,14,13,8,3,1,2,30,80.96,0
3,0,35,0,3537,5,5,24,3,1,2,45,74.693,1
2,1,34,1,589,0,28,45,4,1,1,45,7.477,1
5,1,28,0,340,0,40,48,3,1,1,30,40.824,1
7,0,40,2,3155,30,488,10,3,1,1,30,2079.4,0
1,0,42,0,717,0,82,7,2,1,2,25,0.0,1
13,0,29,4,2220,52,221,28,3,2,1,30,974.88,0
0,0,40,0,433,11,39,8,3,1,2,30,173.76,0
7,1,32,0,172,0,28,6,4,1,2,25,163.732,1
0,1,29,0,1322,0,34,39,3,1,2,30,125.59,1
7,0,38,1,6313,70,90,39,2,1,1,25,692.235,0
5,0,30,0,1285,0,60,35,3,1,2,25,69.257,1
29,0,38,5,15740,235,75,47,3,1,1,30,939.0,0
0,0,29,0,6420,88,2,18,4,1,1,45,167.7,0
10,0,27,0,691,0,23,17,4,1,2,45,32.847,1
16,1,33,0,0,52,20,0,2,1,2,45,0.0,1
0,0,36,0,2790,21,476,6,3,1,1,30,2016.44,0
18,0,20,1,6573,149,96,47,2,2,1,25,734.49,0
34,1,40,6,16045,241,82,49,3,2,1,30,979.44,0
4,1,27,1,1315,36,193,11,2,2,1,25,929.295,1
13,0,15,0,6333,138,80,40,1,2,1,15,795.905,0
0,0,30,0,462,0,26,12,2,1,1,30,303.941,1
10,0,42,0,1970,56,53,23,4,1,2,45,183.15,0
0,0,9,2,1697,0,6,16,4,1,2,30,123.294,1
0,0,29,0,0,0,43,5,4,1,1,30,188.196,1
8,0,35,2,7090,103,21,24,5,1,1,55,139.395,0
0,0,32,0,3353,73,0,24,2,1,1,25,154.17,0
8,0,34,0,5513,92,19,22,2,1,1,25,337.725,1
4,0,25,0,3795,71,10,4,2,1,2,30,86.212,1
1,0,33,1,1495,11,3,8,3,1,1,25,245.146,1
5,0,23,0,920,26,12,11,2,1,1,25,96.57,0
4,1,40,0,0,0,31,8,3,1,2,30,111.853,1
17,1,34,0,2081,71,33,10,3,1,2,30,186.799,1
1,0,30,1,1010,36,194,10,2,2,1,25,920.07,0
13,0,32,0,700,31,18,8,3,1,2,30,101.24,0
9,0,38,1,15600,188,182,34,2,1,1,25,1529.46,0
8,0,40,1,2698,64,9,35,2,1,1,25,164.79,0
9,0,35,0,1575,4,23,29,2,1,2,30,293.66,1
1,0,33,3,6775,116,296,35,2,2,1,25,1642.095,0
2,0,33,0,1018,0,24,16,3,1,1,45,57.631,1
15,0,40,2,2873,72,398,30,3,1,1,30,1709.8,0
6,0,29,0,1748,47,41,73,4,1,1,45,147.375,0
0,0,36,0,405,8,6,6,2,1,2,25,45.585,0
4,1,3,1,1669,0,31,38,3,1,2,45,0.0,1
0,0,35,0,570,8,0,9,2,1,2,25,26.01,0
3,1,31,1,1816,38,12,1,2,1,1,25,958.96,1
1,0,32,0,2289,8,71,9,2,1,2,45,162.668,1
7,1,38,4,7045,118,281,37,2,2,1,25,1586.835,0
2,0,29,0,2074,0,34,48,3,1,2,25,101.383,1
0,1,38,1,0,44,32,42,3,1,1,45,184.341,1
0,0,24,0,1263,33,23,66,4,1,1,45,89.9,0
0,0,35,0,0,0,0,0,2,1,2,25,0.0,1
15,0,43,2,15870,190,167,36,2,1,1,25,1474.2,0
7,0,40,0,1015,20,20,10,3,1,2,30,121.4,0
16,0,17,1,6393,141,85,42,2,2,1,25,676.53,0
8,1,34,0,181,0,25,41,2,1,1,25,64.051,1
8,0,39,1,7813,133,391,45,3,1,1,30,1881.84,0
2,0,36,0,1117,0,7,5,2,1,1,30,342.999,1
12,0,34,5,9530,77,0,25,4,1,1,45,240.175,0
1,0,38,0,809,17,38,0,3,1,2,25,215.621,1
34,1,30,0,354,35,0,3,4,1,2,45,87.003,1
3,0,32,0,1968,46,341,17,2,1,1,25,1625.13,0
7,0,25,0,5771,2,21,28,2,1,2,45,399.953,1
3,1,39,1,60,3,5,2,2,1,1,25,25.335,1
0,0,31,0,0,0,0,0,2,1,2,25,0.0,0
0,0,33,0,623,28,0,43,2,1,2,25,55.967,1
0,0,23,0,2920,55,1,21,3,1,1,30,123.0,0
1,0,25,0,0,0,40,8,3,1,1,25,119.96,1
33,1,28,0,1369,1,19,9,3,1,1,25,113.426,1
3,0,42,0,1698,8,25,5,2,1,1,45,520.266,1
7,0,32,0,80,37,29,27,3,1,1,25,178.376,1
8,1,3,0,388,25,51,21,2,1,1,30,64.799,1
15,0,40,1,4503,72,8,37,1,1,1,15,295.625,0
19,1,32,0,2614,47,10,39,2,1,2,30,159.432,1
2,1,25,0,1290,0,13,3,2,1,1,25,4.764,1
0,0,36,0,523,0,33,13,3,1,2,30,77.183,1
7,0,40,1,5623,91,7,17,3,1,1,30,256.56,0
0,0,37,0,860,0,11,48,4,1,2,25,49.981,1
0,0,30,0,3458,72,0,22,2,1,1,25,158.85,0
3,1,37,0,1124,0,8,3,2,1,2,45,42.242,1
5,1,27,0,489,0,27,25,2,1,1,25,83.193,1
0,0,34,0,5703,58,76,35,2,1,1,25,601.245,0
0,0,29,0,2840,16,0,13,3,1,1,30,114.24,0
14,0,29,1,760,28,15,9,3,1,1,30,91.52,0
0,0,32,0,2835,17,468,2,3,1,1,30,1986.08,0
0,0,35,0,290,2,0,2,2,1,2,25,13.14,0
5,0,42,0,2604,0,3,0,3,1,2,25,83.897,1
9,0,29,2,1620,42,200,13,3,2,1,30,866.48,0
2,0,31,0,1933,42,0,14,3,1,2,30,79.0,0
0,1,30,0,3044,93,12,29,4,1,1,45,39.151,1
0,0,23,0,0,0,0,0,2,1,1,25,0.0,0
11,0,27,0,1084,17,2,27,3,1,1,30,160.29,1
13,0,36,4,7460,123,287,38,3,2,1,30,1451.32,0
9,0,38,1,8218,138,392,43,3,1,1,30,1902.24,0
8,0,40,0,4220,79,7,12,3,1,1,30,199.96,0
5,0,36,0,4310,68,0,15,2,1,1,25,197.01,0
4,0,33,0,1033,0,37,6,3,1,2,45,15.788,1
15,0,30,1,14575,209,32,24,2,1,1,25,809.28,0
0,0,35,0,0,0,0,0,4,1,1,45,0.0,0
19,0,46,0,2803,70,30,25,4,1,2,45,146.825,0
14,0,34,0,3792,0,0,27,3,1,2,25,125.017,1
7,0,32,0,2810,33,0,11,3,1,2,30,113.72,1
18,1,37,0,3895,57,37,33,3,1,2,30,306.08,1
3,0,32,0,3492,0,42,0,4,1,2,55,133.636,1
5,0,40,1,770,17,18,10,3,1,1,30,103.48,0
10,0,32,3,7190,120,268,31,3,2,1,30,1364.4,0
10,0,15,0,8742,170,64,37,4,1,1,45,382.8,0
7,0,41,1,989,6,5,31,2,1,2,30,117.985,1
0,0,33,0,4462,91,6,37,3,1,1,25,478.298,1
17,0,34,1,14775,216,42,28,2,1,1,25,863.595,0
7,0,28,0,4212,0,11,3,4,1,2,30,304.452,1
0,0,35,0,438,7,34,6,4,1,2,45,96.125,1
7,1,36,3,327,0,27,37,3,1,1,25,82.073,1
12,1,26,0,620,15,9,6,2,1,1,30,130.387,1
1,1,40,0,1717,0,41,41,2,1,1,30,0.0,1
10,0,38,1,2568,66,391,28,3,1,1,30,1669.36,0
5,0,40,1,6413,75,109,36,2,1,1,25,782.46,0
13,0,33,0,63,44,27,0,3,1,2,25,152.289,1
11,0,37,2,8925,120,135,40,3,1,1,30,901.8,0
22,1,31,0,0,0,4,16,2,2,2,25,264.249,1
9,0,33,0,2373,58,349,20,2,1,1,25,1679.895,0
0,0,7,0,4085,34,208,8,3,1,1,30,996.76,0
0,0,19,0,0,0,0,0,2,1,2,25,0.0,0
15,1,40,0,0,9,28,46,2,1,2,25,103.323,1
11,0,31,0,655,29,18,11,2,1,2,25,111.78,0
10,0,39,1,4313,72,33,39,1,1,1,15,422.675,0
5,0,37,0,305,6,7,2,3,1,2,30,40.44,0
7,1,29,0,297,10,11,40,2,1,2,30,354.179,1
22,0,31,0,1250,51,30,30,2,1,2,25,193.545,1
6,0,42,0,659,44,41,17,3,1,2,25,30.519,1
5,0,28,0,270,22,28,48,2,1,2,30,245.678,1
0,1,34,1,653,4,13,36,2,1,2,55,119.566,1
9,0,16,3,4695,52,230,13,3,1,1,30,1109.88,0
10,1,20,0,510,0,40,3,3,1,1,30,86.122,1
10,0,41,0,1192,0,16,27,3,1,2,30,152.94,1
23,0,29,0,1059,0,29,0,2,1,2,25,0.0,1
11,0,34,1,7023,75,107,38,2,1,1,25,800.91,0
17,0,16,1,6797,146,86,40,1,2,1,15,854.865,0
15,0,15,2,6688,145,99,55,1,2,1,15,920.315,0
8,0,35,0,354,20,19,33,3,1,1,30,194.23,1
32,0,31,0,669,16,32,28,3,1,2,25,116.166,1
0,0,45,0,0,33,44,48,3,1,2,45,47.528,1
2,0,37,0,3660,60,0,17,2,1,1,25,167.4,0
1,0,5,0,255,0,3,40,2,1,2,25,330.219,1
0,0,35,0,1345,22,253,16,3,1,1,30,1066.68,0
0,0,31,0,6725,94,9,20,4,1,1,45,192.975,0
3,0,33,1,6785,97,14,22,5,1,1,55,124.23,0
13,0,35,1,5994,0,41,9,3,1,2,55,513.816,1
34,1,40,0,972,0,27,48,3,1,2,25,47.604,1
3,1,37,0,6123,100,2,8,3,1,2,30,102.654,1
0,0,40,0,2135,35,288,20,3,1,1,30,1238.8,0
10,1,27,0,4,67,0,22,3,1,1,25,194.317,1
0,0,9,0,2100,17,35,6,3,1,2,45,136.57,1
9,1,32,0,2313,40,26,27,3,1,2,30,198.12,1
1,0,36,0,5613,89,0,10,2,1,1,25,256.59,0
2,1,31,0,0,0,41,22,2,1,2,30,0.0,1
6,0,18,2,2295,36,49,29,2,1,1,25,325.395,0
9,1,34,0,1291,14,11,15,4,1,1,25,22.917,1
0,0,22,0,830,22,175,4,2,2,1,25,825.84,0
0,0,31,0,3233,68,0,21,2,1,1,25,148.545,0
3,1,40,0,89,41,27,47,4,1,2,30,434.916,1
19,0,35,0,730,43,19,19,2,1,2,25,120.285,1
4,0,32,0,1978,44,0,11,3,1,2,30,80.88,0
3,1,25,1,0,0,0,36,2,1,2,30,19.463,1
2,1,32,0,1093,0,58,9,3,1,2,30,58.736,1
13,0,43,2,158,100,34,5,4,1,2,45,127.667,1
7,0,46,0,623,17,22,7,3,1,2,30,113.6,0
5,0,35,0,305,6,7,2,4,1,2,45,25.275,1
1,0,36,0,1668,25,0,6,3,1,1,30,67.72,0
1,0,27,2,2501,0,6,32,2,1,2,45,123.748,1
0,1,41,0,1974,0,9,4,3,1,1,30,196.205,1
1,1,24,0,350,0,13,4,3,1,2,45,247.105,1
3,0,36,0,14775,171,125,30,2,1,1,25,1235.07,0
12,0,33,0,2573,44,33,32,3,1,2,30,236.68,1
7,0,34,0,4290,69,0,13,2,1,1,25,196.155,0
15,0,17,1,9047,176,71,39,5,1,1,55,244.845,0
10,0,43,0,928,62,1,28,4,1,2,30,73.476,1
10,1,32,0,2261,28,10,48,3,1,1,25,228.455,1
1,0,28,0,1041,24,15,6,2,1,2,30,50.751,1
0,0,33,0,0,0,0,0,3,1,2,30,0.0,1
4,0,34,3,6720,113,269,33,2,2,1,25,1517.985,0
7,0,40,1,2475,44,283,17,3,1,1,30,1232.76,0
4,0,38,0,5728,94,0,9,3,1,1,30,232.88,0
11,0,3,0,417,0,62,6,3,1,2,45,43.572,1
0,0,30,0,1132,7,37,35,3,1,2,25,41.361,1
7,0,38,0,2048,53,0,14,3,1,2,30,84.04,0
12,0,40,3,11885,166,50,53,4,1,1,45,426.275,0
0,0,31,0,5880,81,0,5,4,1,1,45,149.025,0
0,0,36,1,6310,86,211,28,3,1,1,30,1099.84,0
0,0,7,0,4330,37,210,8,3,1,1,30,1014.68,0
0,1,24,1,6123,2,53,7,3,1,2,30,36.741,1
4,1,26,0,524,13,11,23,2,2,1,30,9.023,1
1,0,25,0,1556,0,14,8,3,1,1,45,52.309,1
4,0,41,0,13468,169,1,43,3,1,1,30,549.48,0
0,0,33,0,1765,36,143,21,2,1,1,25,724.545,0
34,0,27,3,1249,1,5,47,4,1,2,25,265.614,1
3,0,13,1,2433,33,0,13,3,1,1,30,98.64,0
4,0,29,2,6965,110,263,32,2,2,1,25,1501.875,0
4,0,26,0,1200,30,161,7,2,2,1,25,779.85,0
15,0,26,0,1415,32,7,11,2,1,1,25,96.615,0
24,1,38,9,10495,96,6,44,5,2,1,55,167.865,0
0,0,37,1,878,0,16,30,2,1,1,30,36.192,1
2,0,37,0,190,1,9,3,2,1,2,25,49.095,1
0,0,29,0,10900,138,0,39,3,1,1,30,441.52,0
6,0,38,0,15360,184,154,33,2,1,1,25,1392.48,0
3,1,35,1,0,3,42,13,2,1,2,45,10.16,1
24,0,26,0,2363,0,39,7,2,1,2,25,99.075,1
0,0,32,0,2100,29,270,12,3,1,1,30,1165.16,0
1,0,27,0,1735,0,10,7,4,1,1,30,52.319,1
15,0,28,0,633,30,40,5,3,1,2,45,176.101,1
11,0,28,0,815,31,42,11,3,1,2,30,201.84,0
0,0,35,0,513,1,0,3,4,1,2,45,12.85,1
12,0,39,2,2683,42,15,8,4,1,1,45,105.625,0
4,1,45,1,256,0,62,7,2,1,2,30,49.965,1
13,0,41,1,3265,67,193,30,2,1,1,25,1018.44,0
12,1,32,0,3790,11,25,28,3,1,2,25,987.255,1
8,0,39,0,2960,61,186,28,2,1,1,25,972.945,0
17,0,42,2,2603,63,20,21,4,1,1,45,116.65,0
6,1,37,0,86,0,36,48,2,1,2,45,387.345,1
9,0,36,0,335,29,0,19,3,1,1,45,95.493,1
5,0,32,4,7260,120,285,46,2,2,1,25,1614.6,0
10,1,38,0,1928,0,0,23,2,1,2,25,31.522,1
6,1,8,2,1613,17,7,4,3,1,1,30,93.2,1
20,1,38,0,4005,58,24,18,3,1,2,30,258.52,1
6,0,42,0,518,10,17,8,3,1,2,30,89.12,1
2,1,29,0,0,0,53,6,3,2,2,25,427.743,1
5,0,37,0,2375,48,157,25,2,1,1,25,815.535,0
5,0,30,0,753,2,13,10,2,1,2,25,23.837,1
4,0,37,2,6865,99,24,26,5,1,1,55,140.46,0
6,0,36,0,3470,76,25,26,2,1,1,25,272.07,0
0,0,30,0,1795,23,263,10,3,1,1,30,1124.72,0
3,0,41,1,6455,90,194,30,3,1,1,30,1037.8,0
0,1,30,2,3750,0,60,42,4,1,2,55,173.354,1
0,0,40,0,133,48,0,7,2,1,2,30,78.289,1
0,0,30,1,0,0,27,32,3,1,2,55,206.576,1
10,0,42,0,2318,56,18,21,3,1,2,30,166.96,0
17,0,28,0,659,17,8,47,3,1,1,25,100.778,1
7,0,33,0,1130,22,36,6,4,1,2,45,118.8,0
2,1,31,0,1244,0,12,12,2,1,1,30,97.221,1
3,0,37,3,300,16,10,22,3,1,2,25,127.083,1
5,0,39,0,1180,20,7,13,2,1,2,25,85.5,0
7,1,35,0,0,25,0,15,2,1,1,30,190.388,1
0,0,16,0,0,0,0,0,2,1,1,25,0.0,0
26,0,35,4,16155,240,10,84,2,1,1,25,782.775,0
0,0,40,1,6195,86,187,25,3,1,1,30,999.24,0
8,0,34,3,7210,119,273,33,2,2,1,25,1558.305,0
7,0,30,0,584,13,9,2,3,1,1,30,194.132,1
10,1,44,0,1193,23,31,12,4,1,2,45,107.9,1
7,1,30,2,484,0,38,5,3,1,2,30,502.044,1
10,0,29,0,1180,36,27,17,2,1,1,25,176.22,0
7,1,34,0,0,0,14,19,3,1,2,25,87.659,1
25,1,33,0,1145,48,25,20,2,1,2,25,166.185,1
3,1,39,0,675,0,0,26,4,1,1,45,97.155,1
1,0,28,2,6705,106,256,27,2,2,1,25,1458.495,0
13,0,44,3,4900,91,19,31,3,1,1,30,275.64,0
1,0,33,0,1745,2,5,4,4,1,2,45,86.171,1
5,0,42,2,3175,29,493,12,3,1,1,30,2100.16,0
2,0,34,0,8100,104,112,41,3,1,1,30,776.16,0
7,0,20,1,2000,32,35,16,3,1,1,30,221.28,0
12,0,32,0,696,40,11,34,3,1,1,30,108.115,1
0,0,38,0,1360,44,39,19,3,1,2,30,212.16,0
14,0,31,0,162,16,16,25,3,1,1,25,102.228,1
4,1,31,0,5741,0,49,7,3,1,2,30,81.302,1
0,1,43,0,60,10,0,7,3,1,1,30,0.0,1
7,0,38,1,4515,83,2,25,3,1,1,30,191.92,0
0,0,36,0,0,0,0,0,2,1,2,25,0.0,1
11,0,38,3,4623,98,30,45,3,1,1,30,308.84,0
16,1,37,0,0,0,54,8,2,1,2,25,62.705,1
10,0,32,0,2876,28,30,28,2,1,2,45,46.253,1
6,0,34,1,6538,67,97,32,2,1,1,25,733.725,0
30,0,38,0,2516,0,17,45,2,1,2,45,217.312,1
30,0,40,4,15445,231,61,34,3,2,1,30,871.04,0
6,0,41,1,3275,35,494,13,3,1,1,30,2108.4,0
6,0,32,1,2825,49,167,19,2,1,1,25,880.83,0
1,0,40,0,2051,6,7,0,2,1,2,45,132.199,1
10,0,44,0,698,18,22,10,3,1,2,30,116.64,1
8,0,37,1,4428,93,10,28,3,1,1,30,220.84,0
8,0,40,2,7928,139,423,49,3,1,1,30,2014.68,0
5,1,31,1,470,4,43,16,2,1,2,30,119.782,1
0,0,35,0,0,0,0,0,3,1,2,30,0.0,1
32,0,39,10,11450,110,16,44,5,1,1,55,197.4,0
3,0,30,0,388,0,21,14,4,1,2,55,16.218,1
0,1,43,0,13,22,31,29,3,1,2,45,74.155,1
11,0,3,0,132,12,71,30,3,1,2,25,178.831,1
14,0,18,0,9113,179,84,45,4,1,1,45,442.3,0
0,0,28,0,1360,32,23,17,3,1,2,30,147.68,0
7,0,36,2,6670,112,257,20,3,2,1,30,1299.28,0
16,0,35,2,5943,96,22,21,2,1,1,25,370.755,1
2,0,36,0,13468,163,0,42,3,1,1,30,545.24,0
0,0,24,0,0,0,0,0,4,1,2,45,0.0,0
8,0,35,1,8810,115,137,41,3,1,1,30,905.0,0
3,0,38,0,2393,58,2,33,1,1,1,15,145.805,0
2,0,18,0,1695,26,28,14,2,1,1,25,203.445,0
15,0,18,1,5987,136,67,44,2,2,1,25,577.035,0
10,0,36,0,0,21,19,24,4,1,2,30,116.75,1
11,0,41,2,7873,136,396,47,3,1,1,30,1904.36,0
32,0,36,0,328,11,30,48,3,1,1,45,175.974,1
2,0,29,2,3004,0,4,23,3,1,1,25,59.442,1
4,0,38,0,3770,61,0,2,2,1,1,25,172.395,0
9,0,40,1,2665,45,292,20,3,1,1,30,1276.4,0
7,1,42,2,67,0,2,6,3,1,2,30,79.36,1
22,0,18,2,7102,152,93,42,2,2,1,25,744.93,0
7,0,13,0,8628,165,66,38,4,1,1,45,384.825,0
6,0,36,2,6625,84,182,23,3,1,1,30,996.36,0
3,0,41,1,1668,31,8,7,4,1,1,45,62.475,0
13,1,25,0,390,31,0,9,2,1,2,25,18.945,1
2,1,28,1,1637,0,66,21,3,1,1,25,119.373,1
10,1,25,0,1742,30,9,17,2,1,2,30,81.4,1
8,0,41,2,3145,34,15,17,4,1,1,45,116.975,0
11,1,31,1,0,0,0,5,2,1,1,30,98.443,1
0,0,24,0,1120,14,35,16,4,1,2,45,115.85,0
7,0,38,1,4023,88,9,30,3,1,1,30,200.44,0
0,0,38,0,115,6,32,4,2,1,2,25,149.445,1
5,0,30,2,6885,114,261,29,2,2,1,25,1489.455,0
0,0,31,0,6480,91,7,20,4,1,1,45,181.775,0
6,0,39,2,6560,89,191,28,3,1,1,30,1029.96,0
2,1,27,0,243,0,27,0,2,1,1,25,67.156,1
9,0,42,2,11465,160,19,48,4,1,1,45,338.125,0
9,1,31,0,635,0,32,26,2,1,2,30,210.274,1
4,1,41,0,6123,19,3,31,3,1,2,45,108.44,1
7,1,29,1,0,0,51,32,3,1,1,30,111.158,1
4,0,33,0,2685,35,2,14,2,1,2,25,131.4,1
5,1,26,0,4024,33,50,30,3,1,2,25,422.916,1
0,0,34,0,513,2,11,5,4,1,2,45,40.375,1
0,1,27,0,0,0,8,5,3,1,2,45,90.149,1
4,0,33,0,0,7,42,32,3,1,2,25,31.427,1
18,0,24,5,3418,61,53,27,4,2,1,45,219.475,0
0,0,36,0,1898,51,0,28,1,1,1,15,107.195,0
12,1,38,1,2328,47,39,33,3,1,1,30,251.0,1
10,0,39,0,651,0,3,9,3,1,1,30,73.742,1
2,0,36,0,2870,66,4,11,2,1,1,25,150.12,0
25,0,31,3,16075,238,0,80,2,1,1,25,734.085,0
9,0,29,2,1620,42,200,13,3,2,1,30,866.48,0
8,0,33,0,3285,45,23,29,2,1,2,25,253.35,1
13,0,39,4,7450,130,289,40,3,2,1,30,1459.2,0
0,1,25,0,437,0,0,6,4,1,2,25,105.352,1
9,1,43,1,1442,9,4,6,2,1,2,25,91.584,1
8,0,37,0,5945,2,134,41,3,2,2,30,238.429,1
7,1,34,0,2093,5,67,9,3,1,2,30,36.167,1
11,0,39,3,1353,21,19,4,5,1,1,55,49.11,0
8,0,34,1,4415,67,7,13,3,1,1,30,207.28,0
2,0,31,0,6333,67,91,31,2,1,1,25,697.5,0
8,1,36,0,0,6,3,26,2,1,2,30,37.484,1
2,1,30,0,0,18,10,27,3,1,2,30,49.743,1
3,0,31,0,338,34,50,7,3,1,2,30,104.038,1
9,1,45,0,6123,0,37,9,2,1,2,25,18.509,1
8,0,38,3,3695,37,504,23,3,1,1,30,2165.28,0
0,0,36,0,133,2,0,2,3,1,2,30,5.4,1
2,0,38,2,2602,0,42,48,3,1,2,25,48.573,1
8,0,30,3,1894,0,33,7,3,2,2,30,58.49,1
0,0,40,0,467,0,10,18,2,1,1,30,0.0,1
11,0,34,2,8935,113,133,38,3,1,1,30,893.92,0
11,0,15,0,6087,135,78,40,1,2,1,15,771.21,0
19,0,30,0,995,0,52,33,3,1,2,45,6.439,1
7,1,33,0,0,30,12,7,3,2,1,30,42.058,1
3,1,29,0,2605,33,0,10,2,1,2,25,118.71,1
1,1,35,2,878,48,60,46,2,1,2,25,0.0,1
0,0,30,0,1835,17,8,24,3,1,2,30,248.241,1
12,0,39,2,11770,160,18,49,4,1,1,45,343.25,0
1,0,29,1,0,0,15,3,3,1,2,30,21.476,1
25,0,31,3,16075,238,0,80,2,2,1,25,734.085,0
0,1,29,1,550,0,70,28,3,1,2,25,253.601,1
5,1,32,0,1309,1,9,10,4,1,2,45,62.037,1
16,0,13,1,6438,137,77,38,2,2,1,25,642.375,0
34,0,30,0,1819,42,27,8,4,1,2,45,17.441,1
6,0,35,4,7080,122,303,37,3,2,1,30,1500.08,0
1,1,28,0,0,16,0,48,4,1,1,25,228.187,1
8,0,38,0,4370,71,5,17,3,1,1,30,197.64,0
6,0,3,0,1093,0,13,16,4,1,1,25,68.013,1
8,0,28,1,495,5,0,8,4,2,2,30,400.674,1
1,1,45,3,1208,39,11,19,3,2,2,30,0.0,1
10,0,38,0,4198,66,1,35,1,1,1,15,240.02,0
8,1,24,1,351,80,45,7,3,1,2,30,281.578,1
1,0,31,0,586,4,1,0,3,1,2,45,217.41,1
13,0,17,3,3043,45,7,17,3,1,1,30,151.52,0
1,1,33,0,856,12,39,2,3,1,2,45,236.549,1
6,0,32,0,6718,69,100,36,2,1,1,25,755.415,0
8,0,43,2,6760,96,201,32,3,1,1,30,1078.24,0
28,0,38,9,10930,100,17,47,5,1,1,55,190.95,0
1,1,40,0,916,25,5,9,2,1,1,25,29.024,1
8,0,38,0,4370,71,5,17,3,1,1,30,197.64,0
21,0,19,2,6697,147,92,44,2,2,1,25,721.98,0
9,1,25,0,0,0,32,20,2,1,1,30,80.93,1
3,1,43,0,296,30,0,30,3,1,1,25,205.03,1
10,1,8,0,2855,0,13,32,2,1,2,25,374.523,1
12,0,32,0,0,2,1,0,3,1,1,25,158.07,1
12,0,25,0,1415,33,28,16,2,1,1,25,191.16,0
0,0,40,1,293,8,12,6,5,1,1,55,22.515,0
0,0,30,0,0,0,0,0,4,1,1,45,0.0,0
8,1,26,0,131,6,20,7,4,1,1,55,122.557,1
21,0,32,8,10480,89,7,38,5,1,1,55,169.035,0
30,1,24,0,697,5,19,2,3,1,2,30,275.386,1
3,1,36,0,838,66,9,5,3,1,1,45,47.678,1
0,0,18,0,0,0,0,0,4,1,2,45,0.0,0
4,0,37,0,1438,6,16,13,2,1,2,30,103.931,1
1,1,44,0,260,0,2,17,2,1,2,55,177.917,1
3,1,34,0,0,0,21,21,3,1,1,30,72.004,1
6,1,34,0,0,29,7,28,3,1,1,25,47.381,1
0,1,33,1,1559,0,52,48,3,1,1,30,11.283,1
6,0,39,0,2228,56,362,26,2,1,1,25,1731.78,0
3,0,39,0,26,0,52,29,4,1,2,30,103.652,1
8,0,19,1,2405,37,36,14,2,1,1,25,271.89,0
9,0,32,2,3530,73,23,26,4,1,1,45,147.575,0
30,1,37,4,16335,248,15,86,2,1,1,25,813.735,0
6,1,35,0,6123,0,14,19,3,1,1,25,109.21,1
4,0,36,0,2535,50,173,23,2,1,1,25,894.825,0
7,0,43,0,438,14,15,5,3,1,2,30,78.08,1
9,0,37,0,610,0,19,10,3,1,1,55,74.146,1
6,0,37,1,2518,56,7,30,2,1,1,25,147.33,0
13,0,37,1,4323,64,7,32,1,1,1,15,279.785,0
0,1,26,0,407,0,42,20,2,1,2,25,22.09,1
5,0,38,2,643,10,11,4,5,1,1,55,26.295,0
25,0,34,8,10660,97,7,40,5,1,1,55,171.855,0
12,0,44,1,14033,179,15,50,3,1,1,30,628.48,0
2,0,35,0,14990,175,134,25,2,1,1,25,1285.425,0
0,0,37,0,1543,27,4,9,3,1,1,30,78.8,0
0,0,8,1,2288,29,9,11,3,1,1,30,128.68,0
4,1,31,0,2593,38,45,27,3,2,1,25,74.318,1
20,0,36,2,14835,219,47,30,3,1,1,30,790.16,0
8,0,15,3,4775,48,232,16,3,1,1,30,1120.92,0
10,1,25,0,1576,0,30,14,2,1,2,30,8.322,1
11,0,18,4,2913,48,36,21,3,1,1,30,262.44,0
1,0,33,0,2393,52,0,32,1,1,1,15,134.475,0
6,0,40,0,15180,182,151,29,2,1,1,25,1370.79,0
3,0,32,2,6905,113,266,31,2,2,1,25,1512.81,0
6,1,25,0,2348,3,80,24,2,1,1,30,271.547,1
5,0,31,2,1395,38,203,15,2,2,1,25,977.985,0
9,0,34,0,620,0,22,23,3,1,1,30,113.553,1
9,1,30,2,0,13,25,19,3,1,2,30,211.635,1
23,1,36,0,6123,0,77,31,2,2,2,25,61.473,1
14,1,28,1,780,44,54,5,3,1,1,30,68.678,1
1,0,29,0,2324,36,10,18,4,1,1,25,235.413,1
2,1,25,2,377,7,74,42,3,1,2,25,38.925,1
5,0,40,0,1295,26,39,17,3,1,2,30,208.84,0
4,0,37,0,2980,21,451,4,3,1,1,30,1924.04,0
4,0,31,0,3145,22,0,15,3,1,1,30,126.68,0
6,0,39,1,4110,78,0,27,3,1,1,30,167.52,0
12,0,39,2,11770,160,18,49,4,1,1,45,343.25,0
2,0,21,0,1568,33,22,67,4,1,1,45,95.025,0
3,0,39,1,2840,28,8,15,3,1,1,30,146.72,0
10,0,47,0,883,21,29,12,3,1,2,30,152.16,0
2,0,24,0,4486,3,31,38,3,1,2,25,0.0,1
1,1,8,2,1771,0,40,39,3,1,2,30,30.571,1
3,1,28,0,655,22,14,32,3,1,2,25,186.981,1
5,0,33,1,7030,100,16,22,5,1,1,55,130.95,0
4,0,38,0,5673,92,5,12,2,1,1,25,281.925,0
0,0,33,0,102,16,14,1,3,1,2,30,105.383,1
15,0,25,0,925,29,7,5,3,1,2,30,66.16,0
0,0,35,0,0,0,0,0,2,1,2,25,0.0,0
18,0,39,8,10130,93,2,41,5,1,1,55,156.345,0
0,1,35,0,0,0,0,0,2,1,2,25,0.0,1
1,0,9,1,1297,18,0,4,3,1,1,30,52.6,1
9,1,32,0,0,4,5,48,3,1,2,30,0.0,1
0,0,3,0,319,0,21,23,2,1,2,30,514.954,1
4,0,37,0,2245,33,253,14,3,1,1,30,1103.12,0
9,0,12,0,5908,127,67,35,1,2,1,15,700.425,0
0,0,30,0,446,0,22,14,3,1,2,30,61.062,1
2,1,30,0,509,0,32,42,2,1,2,25,987.255,1
19,0,42,3,6203,106,43,30,3,1,1,30,424.36,0
1,0,29,0,1263,39,31,67,4,1,1,45,110.05,0
20,0,32,2,14880,215,39,26,3,1,1,30,759.8,0
1,0,32,1,6123,3,12,8,3,1,2,25,313.269,1
3,0,41,1,421,12,0,18,3,1,1,45,5.679,1
2,0,37,0,3095,40,48,17,4,1,2,30,46.582,1
15,0,34,1,635,0,22,6,3,1,2,45,39.104,1
1,0,39,0,2970,29,487,11,3,1,1,30,2067.96,0
0,0,11,1,4165,36,218,12,3,1,1,30,1040.04,0
1,0,28,0,722,0,3,0,5,1,1,25,65.749,1
3,1,26,0,0,24,70,31,2,1,2,45,191.89,1
6,0,37,1,3585,82,57,30,3,1,1,30,374.68,0
3,1,6,0,0,0,32,23,3,1,1,30,107.269,1
10,0,37,2,4640,81,7,22,3,1,1,30,216.84,0
2,0,34,0,2318,24,61,6,3,1,2,30,43.322,1
8,1,11,2,1793,25,7,9,3,1,1,30,100.72,1
4,0,30,0,1020,0,12,24,3,1,2,25,75.781,1
0,0,35,0,3500,66,0,23,3,1,1,30,142.64,0
6,1,27,1,3393,0,8,10,2,1,1,45,83.701,1
10,0,6,0,1193,9,8,27,3,1,1,30,28.708,1
0,1,34,0,901,0,8,32,3,1,2,30,114.959,1
10,0,36,0,0,3,14,10,3,1,1,45,13.359,1
1,1,39,0,2133,19,4,48,4,1,1,25,153.357,1
5,0,32,1,3065,26,7,12,3,1,1,30,151.64,0
3,0,34,0,2720,50,170,21,2,1,1,25,889.65,0
2,1,40,0,264,0,1,5,3,1,2,25,0.0,1
3,1,26,2,721,0,66,8,4,1,2,30,210.515,1
15,0,43,1,2713,70,374,30,3,1,1,30,1607.32,0
9,1,27,0,128,0,67,33,3,1,1,45,210.631,1
1,0,40,1,2065,57,39,5,2,1,2,30,0.0,1
12,0,35,3,9410,125,158,56,3,1,1,30,1013.4,0
0,0,34,0,371,0,4,13,2,1,1,30,256.089,1
6,1,37,0,1338,18,17,4,4,1,2,45,76.4,1
7,1,29,0,2205,0,3,48,2,2,2,30,0.0,1
0,0,32,0,1245,32,0,14,3,1,2,30,51.08,0
6,0,36,1,7633,125,380,40,3,1,1,30,1830.32,0
0,0,29,0,5935,70,164,18,3,1,1,30,896.2,0
11,0,40,0,1015,17,15,2,3,1,2,30,101.28,1
0,1,4,0,196,11,13,7,3,1,1,45,108.887,1
0,1,27,0,469,1,11,37,4,1,1,30,71.82,1
9,1,32,1,4166,0,0,43,3,1,2,25,0.0,1
10,1,40,0,2348,46,44,35,3,1,2,30,271.76,1
7,1,34,0,799,0,65,8,2,1,1,30,52.802,1
13,0,34,0,1156,0,0,10,3,1,2,45,69.358,1
14,0,45,3,4820,95,17,28,4,1,1,45,165.375,0
22,0,33,2,1534,30,42,20,3,1,2,25,58.626,1
14,1,28,0,1315,0,62,36,2,1,1,30,37.816,1
12,1,30,0,0,21,1,13,3,1,2,30,11.692,1
0,1,13,0,342,3,3,42,3,1,2,45,41.751,1
5,0,21,1,3270,57,7,19,3,1,1,30,161.08,0
1,1,26,1,0,28,1,45,2,1,1,45,98.957,1
1,0,34,0,630,12,3,4,2,1,2,25,42.39,0
10,1,38,1,69,17,0,24,4,1,2,30,171.255,1
0,1,3,0,68,0,12,27,3,1,2,25,54.03,1
2,0,36,0,13468,163,0,42,3,1,1,30,545.24,0
15,1,30,0,0,17,35,9,3,1,2,30,189.684,1
7,0,39,2,4630,89,34,29,3,1,1,30,324.76,0
22,0,29,2,16015,235,0,78,2,1,1,25,731.25,0
9,0,40,2,3400,33,490,10,3,1,1,30,2097.32,0
5,0,37,0,818,7,7,2,4,1,2,45,38.125,1
1,1,28,0,1917,1,10,9,3,1,1,45,42.954,1
8,0,38,0,15080,177,132,32,2,1,1,25,1280.565,0
2,0,35,0,11160,148,4,45,3,1,1,30,468.32,0
3,0,36,0,5858,92,2,10,2,1,1,25,276.75,0
0,0,24,0,1263,33,23,66,4,1,1,45,89.9,0
15,0,25,3,350,1,0,37,2,1,2,45,104.518,1
32,1,36,4,16560,252,18,87,2,2,1,25,837.54,0
7,1,39,0,756,0,14,48,2,1,2,30,0.0,1
8,1,43,0,890,13,39,7,2,1,1,30,202.562,1
5,1,39,0,878,0,9,35,3,1,2,30,0.0,1
9,0,34,0,4118,64,0,31,1,1,1,15,230.01,0
7,1,36,0,2023,41,32,31,3,1,1,30,210.56,1
9,0,40,2,3400,33,490,10,3,1,1,30,2097.32,0
0,0,17,0,660,16,0,5,2,1,1,25,30.42,0
6,1,35,2,1593,28,4,30,3,1,1,25,229.648,1
0,1,31,2,0,0,36,17,2,1,2,30,50.143,1
0,0,33,0,3026,0,39,5,3,1,2,45,172.498,1
25,0,42,3,15095,229,62,36,3,1,1,30,860.96,0
1,0,37,0,1124,6,39,21,3,1,2,25,86.961,1
22,1,30,0,689,0,78,7,2,1,2,45,275.865,1
8,0,35,3,353,39,0,19,2,1,2,25,18.804,1
0,1,7,0,1372,14,2,8,2,1,1,25,71.37,1
13,0,33,0,4099,30,0,15,2,1,1,45,95.998,1
0,0,36,0,3610,67,0,8,3,1,1,30,147.08,0
2,1,27,0,141,19,0,6,2,1,1,30,117.58,1
8,0,16,3,2853,45,31,19,3,2,1,30,239.92,0
0,1,30,0,5697,37,44,9,3,1,2,25,58.837,1
5,0,36,0,3893,60,0,33,1,1,1,15,217.415,0
3,1,39,0,838,0,7,23,2,1,2,30,53.885,1
7,1,28,0,0,3,11,48,3,1,2,45,108.05,1
5,0,41,0,4065,71,6,16,3,1,1,30,189.44,0
7,0,13,0,8627,165,66,38,4,1,1,45,384.8,0
5,0,35,0,13593,161,0,39,3,1,1,30,550.16,0
1,0,24,0,789,0,1,44,3,1,2,30,281.324,1
5,0,38,0,933,13,16,6,4,1,2,45,63.65,1
10,0,27,0,0,0,2,43,4,1,2,25,6.255,1
1,0,38,0,2203,57,0,30,1,1,1,15,124.3,0
3,1,34,0,386,19,31,22,2,1,1,25,303.314,1
3,0,37,3,6660,116,272,32,2,2,1,25,1528.92,0
0,0,29,0,1116,0,15,28,2,1,1,45,186.188,1
34,1,42,0,1002,7,0,25,3,1,1,25,215.691,1
15,0,37,2,9305,122,153,46,3,1,1,30,989.08,0
11,0,37,3,7150,106,26,26,5,1,1,55,147.84,0
1,0,21,0,3145,59,0,19,3,1,1,30,128.16,0
7,0,44,0,970,24,28,14,3,1,2,30,151.76,0
8,0,15,0,8333,161,52,25,4,1,1,45,342.35,0
0,0,12,1,2488,36,19,15,3,1,1,30,176.96,0
2,0,36,0,323,3,9,5,3,1,2,30,49.04,1
7,1,39,0,184,0,57,13,2,1,1,30,300.637,1
0,0,36,0,4020,76,0,20,3,1,1,30,163.84,0
1,0,35,0,2213,50,0,28,1,1,1,15,124.465,0
1,1,16,0,781,82,29,23,3,1,2,30,43.447,1
10,1,31,0,0,0,0,0,2,1,1,25,50.24,1
6,0,33,0,11385,152,1,43,3,1,1,30,465.48,0
6,0,37,0,1849,40,204,6,2,1,2,30,72.719,1
0,0,24,0,520,4,14,1,4,1,2,45,48.1,0
0,0,31,0,13468,157,0,41,3,1,1,30,545.0,0
13,1,36,0,665,0,3,0,2,1,2,30,76.807,1
7,0,38,0,1993,51,6,17,3,1,1,30,105.76,0
10,0,37,0,0,3,13,37,3,1,1,25,77.785,1
3,0,35,0,1558,33,9,31,3,1,2,30,99.64,1
6,0,28,0,490,37,49,15,2,1,1,45,125.118,1
8,0,38,1,2163,32,16,11,4,1,1,45,94.875,0
11,0,29,0,1840,27,36,5,4,1,2,45,136.675,0
6,0,42,1,1928,35,15,12,4,1,1,45,86.575,0
3,1,33,0,967,5,16,48,5,1,2,30,0.0,1
6,0,35,0,15425,179,145,28,2,1,1,25,1354.68,0
3,1,30,0,850,0,32,15,4,1,1,25,465.078,1
5,1,42,1,2962,8,12,9,2,1,1,30,102.1,1
14,0,17,4,3562,56,39,19,3,2,1,30,300.72,0
0,0,34,0,0,0,0,0,2,1,2,25,0.0,1
0,0,26,1,6400,100,249,25,2,2,1,25,1413.0,0
2,1,34,0,372,0,1,20,3,1,2,25,237.945,1
2,1,11,0,225,38,0,3,2,1,2,30,0.0,1
0,0,34,0,318,4,0,3,2,1,2,25,14.49,0
0,0,34,0,0,0,0,0,2,1,2,25,0.0,0
0,0,36,0,0,0,1,0,2,1,2,25,4.5,1
3,0,27,0,1163,34,12,70,4,1,1,45,59.925,0
1,1,10,0,229,0,0,11,2,1,2,45,188.381,1
8,0,10,2,5100,51,223,10,3,1,1,30,1098.04,0
0,0,23,0,2920,55,1,21,3,1,1,30,123.0,0
0,0,34,0,5553,86,0,8,2,1,1,25,253.755,0
3,0,10,2,1603,25,32,11,3,1,1,30,193.12,1
2,0,28,0,228,42,6,6,3,1,2,45,108.493,1
14,0,11,0,2662,0,9,8,2,1,2,25,0.0,1
5,0,37,0,835,12,9,5,3,1,2,30,69.88,0
2,0,36,1,11275,154,36,49,4,1,1,45,375.725,0
2,1,23,0,2674,5,204,31,3,1,2,25,0.0,1
3,0,22,0,1488,37,20,64,4,1,1,45,88.125,0
13,1,32,0,4223,0,6,42,4,1,1,45,81.665,1
8,0,38,2,6833,81,140,41,2,1,1,25,941.13,0
5,0,38,0,1845,52,49,25,3,1,2,30,271.88,0
0,0,27,0,420,5,3,5,4,1,2,45,18.125,0
7,1,39,0,2024,36,3,22,4,1,1,30,87.863,1
0,1,25,0,2467,2,0,11,2,1,2,25,92.999,1
23,0,38,3,14950,224,45,29,3,1,1,30,786.96,0
24,0,39,3,6833,115,41,26,3,1,1,30,441.92,0
1,0,5,0,4310,38,205,6,3,1,1,30,993.92,0
16,0,41,3,4195,94,71,34,3,1,1,30,455.56,0
15,0,36,1,6063,101,28,24,2,1,1,25,403.38,0
9,0,40,1,11645,162,22,52,4,1,1,45,350.175,0
8,0,26,2,2168,49,51,83,4,1,1,45,182.925,0
0,0,23,0,1818,26,8,10,3,1,1,45,78.908,1
2,0,13,1,4345,44,223,14,3,1,1,30,1067.56,0
9,0,41,1,4695,91,13,30,3,1,1,30,243.44,0
5,0,35,0,2390,31,0,1,3,1,2,30,96.84,1
5,0,38,0,438,8,7,4,3,1,2,30,45.84,1
0,1,27,0,0,0,9,36,2,1,1,30,87.475,1
12,0,44,2,6303,103,24,18,3,1,1,30,352.24,0
4,1,27,0,2129,0,67,5,3,1,2,30,247.189,1
11,0,40,0,589,0,3,10,3,1,1,30,302.46,1
0,1,35,0,793,56,3,25,3,1,1,55,147.037,1
11,0,41,1,2533,62,369,28,3,1,1,30,1579.8,0
1,0,24,0,1606,45,39,26,2,1,1,25,271.509,1
15,0,27,0,1300,35,31,22,3,1,2,30,177.4,0
16,0,42,1,15970,196,168,37,2,1,1,25,1483.47,0
9,1,39,0,1184,58,0,8,2,1,2,30,15.076,1
5,0,32,0,1085,20,36,9,4,1,2,45,117.625,0
3,0,39,1,11240,150,14,49,3,1,1,30,511.6,0
1,0,36,0,1918,0,45,17,2,1,1,30,66.821,1
0,0,30,0,3633,50,0,27,1,1,1,15,202.565,0
18,0,38,0,3173,60,62,48,4,1,2,45,235.825,1
6,1,33,0,338,0,10,26,2,1,2,45,60.44,1
17,0,37,5,7980,133,286,35,3,2,1,30,1468.52,0
2,0,18,0,1695,26,28,14,2,1,1,25,203.445,0
6,0,32,0,2796,0,51,19,3,1,2,25,97.704,1
9,0,37,0,2123,48,0,13,3,1,2,30,86.84,0
2,0,27,0,185,0,0,42,3,1,2,25,19.067,1
3,0,31,0,518,19,72,9,3,1,2,30,37.78,1
0,0,36,0,3528,81,0,25,2,1,1,25,162.405,0
2,1,37,0,204,0,0,22,3,1,2,25,46.447,1
1,1,28,1,6123,26,8,25,4,1,1,30,380.657,1
3,1,5,0,0,0,42,32,3,1,2,30,318.018,1
11,0,44,1,6178,105,22,18,3,1,1,30,339.32,0
13,1,33,0,3215,45,7,14,3,1,2,30,158.4,1
0,1,30,0,0,0,0,0,4,1,2,45,0.0,1
2,0,36,0,2180,43,154,8,2,1,1,25,793.035,0
0,1,26,1,852,16,12,33,3,1,1,45,29.798,1
13,0,34,3,561,13,10,31,3,1,1,25,424.246,1
2,0,33,0,2871,0,1,30,3,1,2,30,157.382,1
2,1,26,0,493,0,9,46,3,2,1,45,80.218,1
11,0,36,1,13998,173,7,42,3,1,1,30,594.84,0
0,1,29,2,1252,50,4,13,3,1,2,30,339.964,1
12,0,39,1,6628,106,15,12,3,1,1,30,329.36,0
0,0,37,1,0,0,0,0,5,1,1,55,0.0,0
13,0,39,0,4560,71,7,15,2,1,1,25,239.895,0
7,0,39,2,4138,94,41,34,3,1,1,30,333.28,0
17,1,30,0,1754,58,0,29,3,1,2,30,354.604,1
0,0,28,0,1407,3,13,38,3,1,1,25,92.968,1
5,0,34,0,1336,0,48,38,4,1,1,25,20.439,1
0,0,35,0,2760,65,0,26,2,1,1,25,127.125,0
10,0,40,1,13888,174,0,43,3,1,1,30,562.48,0
0,0,34,0,1173,18,0,1,3,1,1,30,47.64,0
15,0,44,1,4458,76,16,41,1,1,1,15,337.37,0
0,0,33,0,6353,66,96,33,2,1,1,25,720.855,0
8,1,31,0,2910,39,0,12,3,1,2,30,117.96,1
19,1,30,0,1661,44,52,5,3,1,2,30,160.788,1
0,1,38,0,403,3,12,6,4,1,2,45,40.15,1
6,0,29,0,5513,86,11,21,2,1,1,25,301.455,1
0,0,34,0,695,6,0,6,2,1,2,25,31.545,0
0,1,34,0,1363,28,6,14,3,1,2,30,79.64,1
6,1,40,0,485,0,4,38,4,1,1,55,76.413,1
5,0,38,2,6785,103,22,23,5,1,1,55,136.32,0
10,1,32,0,436,0,9,0,4,1,2,30,37.769,1
13,0,40,1,4313,71,0,34,1,1,1,15,241.12,0
0,0,26,0,2275,6,0,6,3,1,1,30,91.24,0
0,1,27,0,2425,25,0,8,2,1,2,25,110.25,1
11,0,29,0,196,100,76,24,3,1,1,25,0.0,1
4,0,42,1,2473,60,12,37,2,1,1,25,167.985,0
0,0,31,0,490,6,0,5,2,1,2,25,22.32,0
5,1,27,0,2181,1,46,35,2,1,2,25,333.925,1
0,1,34,0,0,0,0,0,2,1,2,25,0.0,1
18,0,34,7,10375,90,0,40,4,1,1,45,261.625,0
1,1,44,0,1008,46,67,0,3,1,1,45,48.541,1
2,1,44,0,4248,0,28,8,3,1,2,45,29.122,1
8,1,27,0,0,0,0,2,3,1,2,30,189.061,1
7,0,28,0,0,1,27,48,3,1,2,25,221.867,1
0,0,28,0,2215,37,153,15,2,1,1,25,789.84,0
7,0,35,2,7013,79,122,50,2,1,1,25,868.14,0
2,0,42,2,6123,78,22,16,3,1,1,25,12.308,1
8,1,29,3,2237,31,32,24,3,1,2,25,49.888,1
8,0,28,0,575,27,14,10,2,1,2,25,90.09,0
7,1,39,0,725,55,0,44,2,1,2,45,0.0,1
15,0,41,2,5818,104,34,25,3,1,1,30,372.88,0
20,1,39,0,3283,61,49,33,4,1,2,45,206.1,1
0,0,34,2,633,8,18,15,5,1,1,55,36.615,0
12,0,42,1,2453,66,367,25,3,1,1,30,1568.76,0
7,0,40,2,3210,32,481,7,3,1,1,30,2053.68,0
8,0,30,2,1190,19,33,7,4,1,1,45,112.725,0
6,0,32,0,1970,44,37,21,3,1,2,30,228.56,0
0,0,36,0,133,2,0,2,3,1,2,30,5.4,1
5,0,30,1,2885,18,7,10,3,1,1,30,144.12,0
3,0,25,0,2099,2,0,34,3,1,2,30,60.769,1
8,0,44,0,1095,22,30,14,3,1,2,30,164.68,0
4,0,41,0,0,1,13,0,3,1,1,25,76.715,1
0,0,36,0,2790,21,476,6,3,1,1,30,2016.44,0
0,1,33,0,927,0,5,47,2,1,2,30,72.127,1
7,0,36,0,221,18,13,23,3,1,2,30,51.908,1
28,0,30,4,16200,236,7,77,2,2,1,25,771.12,0
3,0,28,1,328,10,17,46,3,1,1,30,117.483,1
5,0,39,0,305,6,7,2,2,1,2,25,45.495,1
10,0,38,0,4198,66,1,35,1,1,1,15,240.02,0
10,0,29,0,676,33,76,0,3,1,2,30,247.199,1
0,0,31,0,2083,24,12,27,3,1,1,30,260.556,1
5,0,39,0,580,10,7,2,2,1,2,25,58.05,0
0,0,40,0,0,0,1,0,2,1,2,25,4.5,1
6,1,24,1,2348,0,15,0,4,1,1,30,241.63,1
13,0,38,1,4020,85,34,28,3,1,1,30,300.2,0
7,0,16,4,1516,4,5,22,3,1,2,30,22.472,1
8,0,17,4,2968,51,63,23,3,2,1,30,372.76,0
1,0,29,0,1107,16,38,35,4,1,2,25,128.413,1
6,0,35,2,6900,102,12,21,5,1,1,55,123.03,0
8,0,30,2,3310,0,81,36,2,1,2,30,443.659,1
6,0,32,0,807,3,30,23,2,1,1,25,0.0,1
2,0,25,0,3225,61,8,23,3,1,1,30,163.44,0
0,0,4,0,4390,34,207,9,3,1,1,30,1004.96,0
12,1,32,0,5738,96,16,20,2,1,1,25,334.53,1
10,0,34,0,1390,26,43,11,4,1,2,45,142.9,0
9,0,28,1,1860,0,3,23,3,1,2,30,96.264,1
8,0,30,0,395,25,11,6,3,1,2,30,60.8,0
0,0,34,0,4005,62,0,13,2,1,1,25,183.015,0
7,0,38,0,13773,169,0,44,3,1,1,30,557.68,0
17,0,44,3,4160,90,49,34,3,1,1,30,366.0,0
8,0,31,2,3610,69,25,29,3,1,1,30,247.16,0
11,0,27,1,930,28,7,2,2,1,1,25,74.61,0
17,0,40,3,5275,87,33,34,3,1,1,30,346.48,0
1,0,30,0,2520,43,160,17,2,1,1,25,835.335,0
0,0,28,0,1343,35,33,70,4,1,1,45,116.95,0
13,1,35,0,5703,92,0,20,2,1,1,25,260.775,1
4,0,36,0,3908,83,11,31,2,1,1,25,229.095,0
7,1,45,0,0,21,0,20,3,1,2,30,123.405,1
22,0,41,3,14835,225,55,31,3,1,1,30,822.4,0
0,0,43,0,269,3,8,24,4,1,2,25,0.0,1
7,0,36,0,4138,63,0,33,1,1,1,15,231.055,0
7,1,35,2,0,0,58,9,4,1,1,30,71.114,1
0,0,37,0,0,0,9,0,2,1,2,25,40.5,0
0,0,34,0,0,0,0,0,2,1,2,25,0.0,1
5,0,37,1,6745,89,188,26,3,1,1,30,1025.36,0
14,1,26,0,533,100,34,17,4,1,2,45,0.0,1
21,1,34,3,1135,0,0,18,3,1,2,25,476.107,1
1,1,32,1,176,20,21,20,3,1,1,30,423.033,1
0,0,23,0,0,0,0,0,4,1,2,45,0.0,0
6,0,38,0,2550,40,294,21,3,1,1,30,1279.6,0
0,0,41,0,0,1,67,10,3,1,2,30,159.419,1
15,0,28,2,1645,44,58,19,2,1,1,25,337.005,0
2,0,32,0,15000,168,132,23,2,1,1,25,1276.56,0
0,1,29,1,831,0,29,48,3,1,1,25,157.809,1
0,0,33,0,0,0,0,0,4,1,1,45,0.0,0
8,0,23,0,2060,16,34,9,3,1,2,30,159.357,1
17,0,29,0,3301,0,21,10,2,1,2,30,138.407,1
3,0,8,1,4795,45,216,8,3,1,1,30,1057.6,0
2,0,42,0,875,20,8,12,2,1,2,25,76.275,0
3,0,17,0,2100,31,29,12,2,1,1,25,226.395,0
13,0,29,3,625,11,0,17,3,1,1,45,380.724,1
23,0,45,4,9680,137,166,51,3,1,1,30,1056.68,0
9,0,37,0,2383,50,66,35,4,1,2,45,225.825,1
0,0,35,1,369,0,8,4,2,1,2,25,94.217,1
2,1,30,0,2022,0,62,32,3,1,1,25,36.064,1
6,0,16,3,2608,42,29,19,3,1,1,30,222.0,0
23,0,33,0,955,47,16,17,2,1,2,25,117.09,1
0,0,29,0,0,0,0,0,2,1,2,25,0.0,0
0,0,35,0,2428,4,2,29,3,2,1,30,50.675,1
12,0,37,3,7318,85,129,52,2,1,1,25,913.635,0
0,1,37,0,1501,34,48,44,3,1,2,30,197.906,1
8,1,11,2,1792,25,7,9,3,1,1,30,100.68,1
6,1,30,0,1668,0,52,3,2,1,2,25,238.938,1
1,1,40,0,1708,4,9,7,2,1,2,25,18.903,1
2,1,25,0,1622,1,23,34,3,1,2,25,39.131,1
20,0,35,2,3457,2,13,35,3,1,1,30,741.82,1
14,0,40,3,7515,103,201,28,3,1,1,30,1108.72,0
2,1,33,0,2495,34,0,11,2,1,2,25,113.805,1
0,0,23,0,0,0,10,0,4,1,2,45,25.0,0
8,0,25,0,585,20,12,8,2,1,2,25,81.225,0
16,0,30,0,1663,0,72,10,3,1,1,45,179.093,1
5,1,37,0,1756,0,14,48,4,1,1,30,92.43,1
0,0,40,0,570,14,1,10,2,1,2,25,30.78,0
16,0,40,2,4080,88,39,30,3,1,1,30,322.72,0
4,1,26,1,0,64,5,48,4,1,2,30,282.238,1
10,0,28,0,295,20,0,9,3,1,2,30,12.6,0
0,1,28,0,866,4,10,30,3,1,2,45,84.018,1
17,0,16,0,9123,171,48,38,4,1,1,45,352.35,0
10,0,26,1,1340,38,51,17,2,1,1,25,291.51,0
10,0,39,1,8003,134,400,48,3,1,1,30,1925.48,0
8,0,37,0,4255,65,0,13,2,1,1,25,194.4,0
6,0,30,0,8810,109,129,40,3,1,1,30,872.76,0
7,0,41,0,1113,21,27,11,4,1,2,45,95.85,1
21,1,36,8,10435,93,1,42,5,2,1,55,159.42,0
25,1,36,0,1135,55,27,22,2,1,2,25,175.05,1
2,0,32,0,3985,63,0,11,2,1,1,25,182.16,0
6,0,34,1,6805,86,185,27,3,1,1,30,1015.64,0
8,1,35,0,610,16,10,17,3,1,1,30,18.187,1
4,0,36,3,938,14,25,17,5,1,1,55,51.78,0
2,0,36,0,0,0,27,19,3,1,1,55,233.577,1
0,0,29,0,540,0,12,47,3,1,2,55,8.311,1
4,1,29,1,358,0,15,37,3,1,1,30,22.415,1
0,0,32,0,7023,113,366,36,2,1,1,25,1968.12,0
32,1,28,0,1423,0,40,4,3,1,2,30,138.609,1
3,0,36,0,4065,65,0,15,2,1,1,25,185.85,0
8,0,35,0,2833,0,41,48,4,1,1,30,508.904,1
15,0,27,0,1562,0,0,9,4,1,1,45,4.814,1
0,0,7,0,992,12,0,2,2,1,1,25,45.18,1
2,0,39,0,508,6,16,7,2,1,2,25,95.13,0
9,0,27,0,455,22,8,7,2,1,1,25,57.465,0
1,1,33,1,692,16,14,6,2,1,1,30,163.739,1
6,0,37,0,1858,25,7,4,3,1,1,30,103.32,0
8,1,3,0,1152,0,11,0,3,1,2,25,86.291,1
24,0,39,3,14735,220,36,34,3,1,1,30,742.2,0
1,0,41,0,2055,39,286,17,3,1,1,30,1227.76,0
3,0,34,0,3030,23,9,17,3,1,1,30,158.12,0
1,0,33,2,740,10,0,38,2,1,1,30,424.827,1
3,0,42,0,4089,0,8,28,3,1,2,30,171.174,1
7,0,39,0,1370,21,16,16,2,1,2,25,134.595,0
3,1,40,0,1210,0,35,30,2,1,2,30,49.868,1
7,1,8,0,0,12,0,0,2,1,2,45,41.867,1
2,1,25,0,1546,89,33,42,2,1,2,30,156.034,1
13,0,37,2,5933,104,58,28,3,1,1,30,473.48,0
22,0,23,2,9498,187,95,48,5,1,1,55,287.775,0
0,1,34,0,597,0,58,37,3,1,2,30,370.6,1
8,0,26,0,4446,23,81,48,3,1,2,25,559.683,1
13,0,39,2,4733,99,17,30,3,1,1,30,261.28,0
10,0,38,2,7270,111,32,29,5,1,1,55,158.715,0
14,0,26,0,825,23,7,4,3,1,2,30,61.92,0
1,0,33,0,3885,57,0,10,2,1,1,25,177.39,0
6,1,43,1,2059,0,5,9,2,1,2,55,119.164,1
9,1,36,2,102,3,50,48,3,1,2,30,454.529,1
12,0,33,1,9035,119,134,39,3,1,1,30,902.16,0
5,0,38,0,305,6,7,2,4,1,2,45,25.275,1
14,1,26,1,1810,0,7,10,2,1,1,45,0.0,1
1,1,35,1,676,8,13,48,2,1,2,25,3.624,1
16,0,38,1,3163,71,367,24,3,1,1,30,1597.36,0
8,0,34,0,8695,109,105,37,3,1,1,30,772.16,0
1,0,39,0,2235,41,289,21,3,1,1,30,1247.04,0
22,1,32,0,4048,4,12,8,3,1,2,45,65.901,1
0,0,37,0,0,0,0,0,2,1,2,25,0.0,1
20,1,29,0,27,1,25,33,2,1,1,45,0.0,1
0,0,35,0,6005,79,170,21,3,1,1,30,923.36,0
2,0,23,0,1388,31,19,63,4,1,1,45,82.975,0
9,1,6,0,762,31,11,3,2,1,2,30,63.156,1
8,0,36,1,3335,29,16,19,3,1,1,30,198.56,0
16,0,31,0,1422,37,36,19,2,1,2,30,64.594,1
10,0,42,2,6718,81,116,38,2,1,1,25,827.955,0
3,1,27,0,262,0,3,15,3,1,1,30,296.674,1
3,1,38,0,1481,0,34,31,2,1,2,30,24.37,1
14,1,37,0,3295,47,16,18,3,1,2,30,197.68,1
6,1,32,1,109,10,58,26,2,1,1,30,105.53,1
4,0,25,0,205,18,0,2,2,1,2,25,10.035,0
9,0,10,2,2197,30,8,7,3,1,1,30,121.08,1
2,0,9,1,4390,40,215,10,3,1,1,30,1037.2,0
4,0,25,0,3415,62,17,26,3,1,1,30,207.08,0
1,0,30,0,1170,0,0,5,3,1,1,25,86.322,1
11,0,40,1,4430,74,10,19,3,1,1,30,220.16,0
5,0,33,0,305,6,7,2,2,1,2,25,45.495,1
2,0,36,0,3718,82,2,28,2,1,1,25,180.0,0
5,0,37,0,4008,66,26,37,1,1,1,15,367.07,0
8,0,3,0,2097,22,3,33,4,1,1,25,283.06,1
0,0,37,0,2535,22,1,13,3,1,1,30,106.28,0
0,0,33,0,300,1,0,36,3,1,2,25,141.652,1
6,0,36,0,2780,53,175,23,2,1,1,25,914.985,0
11,0,38,1,3085,59,182,25,2,1,1,25,960.48,0
0,0,33,0,0,0,0,0,2,1,2,25,0.0,0
0,0,36,0,3473,79,0,28,2,1,1,25,159.84,0
4,1,31,0,366,4,8,11,3,1,2,30,283.174,1
0,0,25,0,2625,51,0,8,3,1,1,30,107.04,0
20,0,32,7,10355,91,0,38,4,1,1,45,261.15,0
0,0,38,0,520,13,4,5,3,1,2,30,37.32,0
12,1,26,0,1144,41,47,37,3,1,1,30,864.503,1
23,1,34,0,1070,53,48,21,3,1,2,30,236.92,1
24,1,41,1,0,0,17,48,3,1,1,45,45.768,1
8,0,38,0,7698,127,359,41,2,1,1,25,1967.625,0
0,0,35,0,2123,0,11,29,2,1,1,30,102.443,1
2,0,25,2,1174,14,8,7,2,1,2,25,25.741,1
2,0,31,2,7080,101,28,35,4,1,1,45,249.525,0
18,0,32,0,597,0,47,5,4,1,1,30,0.0,1
9,0,45,0,1015,26,28,11,3,1,2,30,153.64,0
18,0,24,1,15770,226,0,77,2,1,1,25,719.82,0
6,0,26,0,1445,49,59,10,2,1,1,30,254.831,1
11,0,33,0,532,100,25,0,3,1,2,45,274.954,1
6,1,27,0,380,1,17,29,4,2,1,30,237.2,1
6,0,33,0,4370,65,0,16,2,1,1,25,199.575,0
5,0,34,0,0,0,14,21,4,1,1,30,0.0,1
12,0,25,0,0,89,30,17,3,1,1,25,67.892,1
5,0,36,0,3893,60,0,33,1,1,1,15,217.415,0
9,0,36,0,2268,44,34,31,3,1,2,30,228.48,1
0,1,27,2,3206,0,8,12,2,1,1,45,418.842,1
3,0,39,2,299,11,46,39,3,1,1,30,321.699,1
24,0,35,9,10560,91,7,39,5,1,1,55,170.265,0
21,0,41,2,5213,83,16,37,1,1,1,15,379.28,0
12,0,40,1,14078,175,7,46,3,1,1,30,598.12,0
7,0,26,2,1774,39,10,6,2,1,2,25,34.148,1
1,0,23,1,3520,65,22,36,3,1,1,30,231.4,0
0,0,34,0,1475,44,63,22,3,1,2,30,312.76,0
4,0,31,3,6785,108,260,28,2,2,1,25,1480.185,0
0,0,27,0,1100,28,16,12,3,1,2,30,109.12,0
10,1,33,0,672,0,6,2,3,1,1,30,9.48,1
6,1,30,1,1816,39,20,27,2,1,1,30,148.277,1
0,0,35,0,1940,27,246,12,3,1,1,30,1062.68,0
2,0,27,0,6123,5,0,29,2,1,1,45,0.0,1
5,0,42,1,7508,133,392,44,3,1,1,30,1873.64,0
0,0,35,0,5813,59,80,20,2,1,1,25,624.24,0
2,0,33,0,0,28,5,45,2,1,2,45,39.667,1
16,0,36,0,14235,209,26,15,3,1,1,30,681.76,0
4,0,33,0,2600,45,164,18,2,1,1,25,857.025,0
8,0,36,2,443,0,34,10,4,1,2,25,72.14,1
0,0,31,0,1300,35,26,16,3,1,2,30,157.4,0
8,1,29,0,1250,5,29,10,3,1,2,25,141.63,1
0,0,31,0,0,0,0,0,5,1,1,55,0.0,0
10,1,33,0,621,39,10,6,3,1,2,25,79.935,1
0,0,38,0,2435,28,25,26,3,1,2,45,118.702,1
0,0,24,0,520,4,14,1,4,1,2,45,48.1,0
0,0,25,0,888,1,40,26,4,1,2,25,13.922,1
12,0,30,2,1933,48,42,72,5,1,1,55,92.715,0
3,0,35,0,3950,59,0,11,2,1,1,25,180.405,0
7,0,42,0,1360,28,18,18,2,1,2,25,143.46,0
12,0,29,0,316,51,34,47,2,1,2,25,56.532,1
15,1,32,0,713,0,11,1,3,1,2,25,54.356,1
11,0,42,0,1333,22,22,6,3,1,2,30,142.2,0
10,0,37,0,2262,26,80,18,2,1,2,30,178.07,1
1,0,24,0,1453,34,32,69,4,1,1,45,117.175,0
0,0,35,0,6195,80,179,24,3,1,1,30,967.0,0
4,0,19,0,840,24,2,7,2,1,1,25,47.88,0
31,0,44,5,15525,233,71,38,3,1,1,30,914.32,0
7,1,30,0,2990,35,1,15,2,1,2,25,140.625,1
1,0,12,0,7917,154,41,38,4,1,1,45,304.275,0
8,0,39,2,6805,92,193,28,3,1,1,30,1047.88,0
12,0,36,1,4595,75,7,15,3,1,1,30,214.8,0
20,0,40,2,16500,199,165,32,2,1,1,25,1493.955,0
0,0,30,0,5770,80,0,20,4,1,1,45,146.25,0
5,0,32,1,305,6,7,2,3,1,1,30,40.44,0
0,0,35,0,7203,121,377,41,2,1,1,25,2026.08,0
24,0,27,2,15995,236,0,76,2,1,1,25,730.395,0
20,0,39,3,9610,128,160,48,3,1,1,30,1029.52,0
6,0,26,1,1813,42,32,68,4,1,1,45,126.375,0
0,0,6,0,3970,28,176,4,2,1,1,25,971.91,0
5,1,34,0,707,0,0,2,2,1,1,45,109.214,1
9,0,33,2,1575,46,208,17,3,2,1,30,896.84,0
2,0,32,1,1618,0,0,7,4,1,2,25,35.838,1
0,0,29,0,6123,0,28,19,2,1,2,45,0.0,1
3,0,37,0,1528,43,0,17,3,1,2,30,62.84,0
3,1,34,1,0,0,4,10,2,1,2,30,359.849,1
10,0,40,1,2888,65,18,38,2,1,1,25,213.885,0
14,0,40,2,5010,90,18,30,3,1,1,30,276.0,0
4,0,33,0,3290,68,14,21,2,1,1,25,214.11,0
19,1,35,0,1060,52,0,2,3,1,2,25,0.0,1
7,0,38,0,1271,5,0,18,2,1,1,30,79.038,1
4,1,31,0,2322,0,26,6,2,1,1,30,422.231,1
5,0,32,1,3763,78,7,24,2,1,1,25,204.345,0
34,0,36,1,827,34,22,7,2,1,1,45,72.528,1
0,1,38,1,0,0,58,17,3,1,2,30,33.855,1
7,0,32,0,15485,176,142,29,2,1,1,25,1343.745,0
13,0,43,0,2230,60,60,28,4,1,2,45,207.25,0
13,0,30,0,767,0,39,38,2,1,2,45,61.891,1
1,0,35,0,1548,44,331,7,2,1,1,25,1561.14,0
0,0,33,0,11100,145,0,43,3,1,1,30,449.8,0
2,0,27,0,2550,6,3,6,3,1,2,25,100.995,1
0,0,31,1,5950,99,239,31,2,2,1,25,1347.705,0
16,0,31,1,101,8,1,41,4,1,2,45,987.255,1
0,0,34,0,1363,19,0,4,3,1,1,30,55.28,0
16,1,38,0,2916,35,42,28,2,1,2,25,0.0,1
13,0,43,2,6978,85,123,43,2,1,1,25,871.335,0
2,0,29,0,1005,18,32,8,4,1,2,45,105.575,0
1,0,32,0,6233,61,90,30,2,1,1,25,688.23,0
1,0,33,0,0,7,0,48,2,1,1,45,116.595,1
4,0,36,0,1933,48,1,15,3,1,2,30,83.24,0
4,0,42,0,2315,43,293,22,3,1,1,30,1266.32,0
0,0,37,0,499,0,32,8,3,1,1,30,59.085,1
0,0,34,0,0,0,0,0,3,1,2,30,0.0,1
4,0,37,0,1475,24,21,26,2,1,2,25,161.955,0
6,0,42,3,723,12,21,8,5,1,1,55,42.525,0
5,0,38,0,438,8,7,4,3,1,2,30,45.84,1
16,0,29,0,1005,31,17,9,3,1,2,30,109.44,0
14,1,37,0,3295,47,16,18,3,1,2,30,197.68,1
20,0,37,3,14950,225,79,34,3,1,1,30,923.0,0
14,1,39,0,2428,54,7,15,3,1,2,30,127.28,0
0,0,24,0,710,5,23,4,4,1,2,45,75.375,0
9,1,29,0,939,0,72,11,4,1,1,45,252.926,1
1,0,7,0,1432,19,17,10,2,1,1,25,67.802,1
0,0,32,0,2535,16,0,12,3,1,1,30,102.04,0
18,0,38,2,6123,104,33,26,2,1,1,25,428.715,0
16,0,38,2,5878,101,31,26,2,1,1,25,408.555,0
6,0,31,0,6123,0,65,11,3,1,2,25,253.917,1
2,1,35,0,1709,0,11,12,2,1,2,25,151.646,1
15,0,39,0,4388,66,7,33,1,1,1,15,283.47,0
18,0,40,3,12480,171,26,49,4,1,1,45,381.275,0
7,0,29,2,13,17,56,45,2,1,2,25,318.977,1
0,0,26,3,460,9,6,47,3,1,2,25,75.141,1
3,0,29,0,8550,105,122,35,3,1,1,30,834.2,0
0,0,26,0,3100,63,12,26,3,1,1,30,174.52,0
4,1,42,0,254,20,27,24,3,1,2,45,193.303,1
5,0,35,0,268,0,61,48,2,1,2,25,322.647,1
11,0,41,3,6865,95,198,30,3,1,1,30,1070.4,0
3,0,31,0,3893,54,0,32,1,1,1,15,217.085,0
12,0,15,0,8933,171,73,40,4,1,1,45,410.1,0
7,0,38,0,13773,169,0,44,3,1,1,30,557.68,0
0,1,38,0,0,0,37,34,3,1,1,30,0.0,1
13,0,39,2,7023,81,115,39,2,1,1,25,837.18,0
0,0,37,2,453,10,36,6,5,1,1,55,60.945,0
1,0,26,0,2820,56,0,25,3,1,1,30,115.04,0
6,0,40,0,3973,62,4,37,2,1,1,25,199.575,0
9,1,22,2,1926,13,23,9,4,1,2,30,74.144,1
15,1,27,0,334,68,32,2,2,1,1,30,124.131,1
26,0,29,0,440,4,11,8,2,1,2,30,38.393,1
0,0,13,0,42,2,48,47,3,1,2,30,69.617,1
10,0,39,2,11580,159,9,46,4,1,1,45,315.975,0
10,1,32,0,2748,0,26,3,3,1,2,30,87.487,1
0,0,33,0,2650,22,25,16,3,1,1,30,206.88,0
0,0,21,0,2860,52,0,19,3,1,1,30,116.48,0
0,1,33,2,1641,7,65,23,3,1,2,45,118.016,1
16,0,30,0,1120,37,49,13,3,1,2,30,242.28,0
3,1,12,1,0,27,42,0,3,1,2,30,267.35,1
9,0,21,0,1145,30,9,9,2,1,1,25,93.375,0
32,1,25,0,0,2,0,17,2,1,1,30,26.708,1
0,0,16,0,1390,20,21,12,2,1,1,25,157.95,0
0,0,33,0,1488,17,0,1,3,1,1,30,60.2,0
5,0,36,1,2545,18,7,6,3,1,1,30,130.52,0
18,0,34,0,1005,37,25,10,3,1,2,30,141.68,0
0,0,25,0,1010,30,186,9,2,2,1,25,883.8,0
11,1,36,0,2458,45,43,34,3,1,2,30,272.12,1
8,0,41,0,823,9,1,37,3,1,2,30,39.06,1
0,0,31,0,1807,0,79,42,3,1,2,45,118.945,1
6,0,36,2,4810,87,16,38,3,1,1,30,259.88,0
5,0,34,1,2405,35,277,14,3,1,1,30,1205.6,0
12,0,39,1,15545,185,155,32,2,1,1,25,1405.35,0
9,1,31,0,381,0,6,46,2,1,2,25,180.734,1
0,0,7,0,4275,35,217,11,3,1,1,30,1040.4,0
10,1,33,0,660,41,0,29,3,1,2,45,57.684,1
0,0,35,0,6195,80,179,24,3,1,1,30,967.0,0
8,0,39,1,4485,77,37,21,3,1,1,30,330.48,0
7,0,43,0,933,19,24,7,4,1,2,45,83.8,1
0,1,28,1,0,0,40,4,3,1,2,30,140.929,1
0,0,36,0,2055,33,278,16,3,1,1,30,1195.52,0
0,0,22,0,2805,49,0,17,3,1,1,30,114.16,0
7,0,27,0,0,0,6,32,2,1,2,25,40.555,1
25,0,40,0,429,6,40,2,2,1,2,25,74.874,1
1,1,31,0,0,0,12,48,2,1,1,45,0.0,1
2,1,31,0,1816,11,14,9,3,1,1,45,211.978,1
6,0,21,0,440,15,0,1,2,1,2,25,20.475,0
2,1,35,0,1643,7,42,37,2,1,2,25,15.35,1
8,0,40,0,1969,7,42,7,3,1,1,30,266.371,1
8,0,35,1,15780,186,164,43,2,1,1,25,1456.47,0
4,0,33,0,2243,0,30,6,4,2,2,25,258.362,1
10,0,39,1,3070,50,293,18,3,1,1,30,1296.8,0
2,1,3,0,0,0,0,8,2,1,2,45,214.154,1
3,1,39,0,0,39,14,39,2,1,2,25,93.042,1
2,1,3,1,1090,0,0,42,2,1,1,30,381.476,1
7,0,35,0,1102,43,26,45,4,1,2,45,23.975,1
22,0,29,2,15960,233,2,81,2,1,1,25,737.685,0
6,0,32,0,1210,18,38,9,4,1,2,45,125.7,0
12,0,25,1,1374,26,57,21,2,1,1,25,46.921,1
11,0,27,0,827,8,32,0,2,2,1,45,158.24,1
9,0,15,3,3257,50,32,17,3,1,1,30,260.28,0
13,0,30,0,760,100,31,8,3,1,2,30,0.0,1
8,1,30,0,0,0,43,15,2,1,2,45,96.739,1
10,0,41,0,4550,79,16,22,3,1,1,30,249.16,0
18,0,41,2,2818,69,371,28,3,1,1,30,1599.48,0
0,0,36,0,12868,153,0,27,3,1,1,30,520.84,0
17,0,44,2,2758,72,374,27,3,1,1,30,1609.2,0
5,0,38,1,3778,85,7,30,3,1,1,30,182.52,0
0,0,36,0,595,9,15,9,2,1,2,25,94.68,0
0,0,36,0,165,3,0,11,2,1,2,25,7.56,0
12,0,25,1,1470,35,21,13,2,1,1,25,162.225,0
0,0,33,0,653,8,0,4,3,1,1,30,26.44,0
10,0,40,0,1943,50,7,4,3,1,2,30,107.72,0
0,0,23,0,553,22,0,66,4,1,1,45,14.375,0
35,0,46,5,15705,241,76,40,3,1,1,30,941.84,0
2,1,27,0,0,0,39,8,3,1,2,55,37.249,1
0,0,38,0,0,0,0,0,2,1,2,25,0.0,0
2,1,3,0,2526,0,9,6,4,1,1,30,162.832,1
16,0,31,2,1610,40,36,19,2,1,1,25,236.25,0
2,0,33,0,1814,94,14,45,2,1,1,45,0.0,1
0,0,30,0,0,0,0,0,2,1,2,25,0.0,1
27,1,34,3,16255,246,11,85,2,1,1,25,792.045,0
10,0,44,3,903,20,26,10,5,1,1,55,52.845,0
3,1,31,0,433,4,3,21,3,1,1,30,50.726,1
0,0,24,0,0,0,0,0,2,1,2,25,0.0,0
9,1,39,0,2945,45,17,20,3,1,2,30,187.6,1
27,1,38,4,1929,20,52,0,2,1,1,30,51.872,1
29,0,36,3,15365,229,51,30,3,1,1,30,827.76,0
25,0,27,3,16120,234,7,76,2,1,1,25,767.43,0
8,0,37,1,6718,75,108,37,2,1,1,25,791.685,0
8,0,28,0,508,26,8,30,4,1,1,30,268.591,1
14,0,14,1,6213,133,74,37,2,2,1,25,618.57,0
9,0,25,2,2000,38,43,17,3,1,1,30,253.52,0
0,1,31,0,1725,0,43,24,3,1,2,30,118.401,1
13,1,36,0,2868,54,55,46,3,1,2,30,336.88,1
10,1,33,0,980,18,67,48,2,1,2,25,91.112,1
3,0,39,0,5793,97,11,15,2,1,1,25,314.55,0
1,1,32,2,2228,64,1,6,4,1,2,25,17.667,1
22,0,38,4,6723,114,54,41,3,1,1,30,489.48,0
0,0,34,0,0,0,0,0,3,1,2,30,0.0,1
10,0,28,0,0,7,14,28,4,1,2,25,38.372,1
8,1,33,1,5892,0,7,2,4,1,1,25,509.24,1
0,1,15,0,819,0,57,7,4,1,2,25,95.887,1
0,0,5,0,1663,0,67,24,3,2,2,45,226.531,1
8,0,38,0,6108,96,16,15,3,1,1,30,312.16,0
6,0,32,1,723,0,0,10,3,1,2,30,212.19,1
34,0,39,0,276,0,30,27,4,1,1,55,72.911,1
1,0,30,0,243,55,204,2,3,2,1,25,69.459,1
23,0,18,2,9947,188,88,42,5,1,1,55,284.025,0
8,0,32,0,814,0,8,24,2,1,2,25,168.612,1
0,0,37,0,223,2,0,6,4,1,2,45,5.625,1
21,0,40,2,3468,77,374,26,3,1,1,30,1637.8,0
10,0,40,2,4630,88,0,24,3,1,1,30,188.72,0
0,1,33,2,0,53,3,23,3,1,2,30,22.311,1
2,0,22,0,1650,30,36,18,2,1,1,25,237.6,0
12,1,31,0,1264,7,11,41,3,1,1,30,118.274,1
3,1,27,0,1865,38,8,10,4,1,2,30,183.31,1
8,0,39,0,1833,49,0,19,3,1,2,30,75.28,0
0,0,4,0,412,0,31,1,3,1,2,25,82.814,1
7,0,34,1,13818,165,7,40,3,1,1,30,587.32,0
6,0,37,2,1048,15,12,2,5,1,1,55,33.945,0
15,0,34,2,538,0,69,24,3,1,1,45,21.91,1
3,1,14,2,0,49,9,29,4,1,2,30,0.0,1
4,0,30,0,1523,43,38,72,4,1,1,45,134.15,0
5,0,23,1,1360,32,185,7,2,2,1,25,895.14,0
0,1,36,0,1020,0,8,31,3,1,2,25,13.533,1
0,0,24,0,663,23,2,51,4,1,1,45,22.15,0
0,0,26,0,1432,0,41,48,2,1,1,30,274.754,1
19,0,16,2,6518,139,81,39,2,2,1,25,664.065,0
9,0,25,0,21,73,13,21,4,1,1,45,56.302,1
3,0,31,0,6458,65,93,31,2,1,1,25,712.035,0
24,0,29,4,16370,242,14,93,2,1,1,25,810.54,0
13,0,41,1,3955,90,43,33,3,1,1,30,333.8,0
7,0,41,0,0,3,14,3,3,1,2,45,73.074,1
0,0,32,0,6015,72,168,19,3,1,1,30,915.48,0
13,0,27,1,1285,35,24,15,2,1,1,25,167.4,0
11,0,39,2,3200,65,214,29,3,1,1,30,986.6,0
5,0,29,1,1020,32,179,2,3,2,1,30,758.08,0
9,0,38,1,5593,94,29,26,2,1,1,25,386.415,1
16,0,33,1,6123,98,25,25,2,1,1,25,392.445,1
0,1,25,0,10,0,44,15,3,1,2,30,52.81,1
7,0,28,1,1683,44,28,67,5,1,1,55,67.905,0
7,1,39,1,63,0,0,26,3,1,2,25,266.683,1
1,0,39,0,328,7,71,9,2,1,2,25,75.988,1
6,0,35,0,1259,20,43,43,3,1,1,30,15.914,1
11,0,36,0,2858,65,360,22,2,1,1,25,1751.535,0
16,0,35,8,10245,93,26,44,5,2,1,55,194.07,0
7,0,23,0,1165,29,14,11,2,1,1,25,116.73,0
7,1,35,0,2265,54,59,35,3,1,2,30,328.76,1
5,0,34,2,89,4,19,5,3,1,2,45,123.6,1
5,0,33,1,6975,98,23,25,5,1,1,55,140.595,0
13,0,18,4,3157,51,38,21,3,1,1,30,280.32,0
25,1,33,0,0,0,34,36,2,1,1,25,25.005,1
0,0,39,0,0,0,0,0,2,1,2,25,0.0,1
0,0,25,0,2980,58,6,23,3,1,1,30,145.52,0
2,1,37,0,183,14,37,27,3,1,1,45,64.175,1
0,0,5,0,4025,31,203,6,3,1,1,30,974.24,0
0,0,29,0,0,0,2,4,3,1,2,30,189.563,1
4,0,35,0,170,0,14,28,2,1,1,30,112.917,1
1,0,35,0,538,7,1,1,3,1,2,30,25.8,1
8,0,37,0,2208,57,357,24,2,1,1,25,1708.425,0
5,0,34,2,3440,32,21,29,3,1,1,30,222.88,0
0,0,32,0,2090,0,8,25,2,2,2,25,52.059,1
10,0,19,3,3033,53,42,24,3,1,1,30,291.44,0
7,0,41,1,11420,158,19,51,4,1,1,45,336.95,0
0,0,38,0,1760,29,264,3,3,1,1,30,1127.56,0
12,0,19,1,6168,137,88,44,1,2,1,15,830.775,0
11,0,39,2,2030,53,50,24,4,1,1,45,177.075,0
11,0,38,1,3775,82,32,28,3,1,1,30,282.28,0
3,1,32,3,538,7,7,19,3,1,1,30,261.306,1
9,0,37,1,1717,0,50,48,3,1,2,45,63.628,1
11,0,23,0,745,21,7,3,2,1,2,25,65.97,0
12,0,31,2,170,0,28,23,2,1,1,30,0.0,1
25,0,19,4,7298,157,113,59,2,2,1,25,843.975,0
0,0,3,0,0,0,0,0,2,1,1,25,0.0,1
9,0,10,0,6087,129,70,39,1,2,1,15,726.88,0
10,0,40,0,2150,58,56,27,3,1,2,30,312.32,0
0,0,27,0,1697,1,50,9,4,1,2,25,98.985,1
2,0,41,0,550,25,35,7,3,1,2,25,110.129,1
10,0,14,2,1973,33,18,14,3,1,1,30,152.24,1
0,0,36,0,5013,79,0,13,2,1,1,25,229.14,0
2,0,3,0,468,0,23,18,4,1,2,30,36.194,1
3,0,23,0,1130,10,20,4,4,1,2,45,78.5,0
7,1,28,0,146,0,16,20,2,1,2,30,279.397,1
8,0,38,0,1483,0,0,10,3,1,2,30,124.71,1
5,0,14,2,2793,42,26,17,3,1,1,30,217.4,0
11,0,18,4,2967,50,29,18,3,1,1,30,236.68,0
7,0,27,1,3530,67,15,25,3,1,1,30,203.88,0
9,0,38,1,2840,56,180,25,2,1,1,25,940.32,0
1,0,36,0,2300,36,280,16,3,1,1,30,1213.44,0
0,0,37,0,0,0,0,0,2,1,2,25,0.0,0
4,0,26,0,1425,20,42,18,4,1,2,45,141.125,0
17,0,30,1,1710,46,37,20,2,1,1,25,245.52,0
4,0,26,0,1568,39,30,68,4,1,1,45,115.175,0
18,0,31,0,1837,22,0,2,3,1,2,45,42.104,1
5,0,35,0,1910,47,40,20,3,1,2,30,238.28,0
18,0,21,2,9318,179,90,46,5,1,1,55,277.455,0
0,1,27,0,1079,0,28,48,3,1,1,30,109.293,1
1,0,32,0,11,0,41,25,2,1,2,30,70.802,1
0,0,35,0,3183,49,0,33,1,1,1,15,177.76,0
26,0,42,4,15220,227,64,36,3,2,1,30,873.88,0
3,0,38,0,0,18,10,19,3,1,2,30,60.224,1
9,0,29,0,5512,0,1,9,3,1,1,25,316.529,1
0,0,34,0,422,0,5,32,5,2,2,45,11.36,1
0,0,41,0,93,1,10,6,2,1,2,25,49.23,0
4,0,41,2,6580,88,196,30,3,1,1,30,1050.72,0
5,0,5,1,4435,36,207,6,3,1,1,30,1006.84,0
5,0,34,0,2033,48,320,18,2,1,1,25,1533.645,0
8,0,42,0,1301,33,14,34,2,1,1,30,100.846,1
8,1,38,0,364,0,9,42,2,1,1,25,173.103,1
4,1,42,0,5963,10,11,27,3,1,2,45,107.303,1
0,0,36,0,3465,55,0,10,2,1,1,25,158.4,0
0,0,31,0,380,63,4,6,2,1,2,25,0.0,1
28,0,28,3,16380,238,0,81,2,1,1,25,747.81,0
4,0,28,2,1430,42,225,15,3,2,1,30,958.88,0
5,0,34,1,305,6,7,2,5,1,1,55,15.165,0
11,0,35,3,7155,116,246,31,2,2,1,25,1434.195,0
0,0,39,0,7283,123,387,45,2,1,1,25,2074.77,0
7,0,30,3,9,0,5,7,2,1,2,45,0.0,1
11,0,40,0,1615,30,41,25,3,1,2,30,229.8,0
8,0,41,1,3470,82,33,27,3,1,1,30,274.08,0
9,1,33,0,0,7,13,48,3,1,2,25,81.83,1
0,1,25,0,0,7,10,15,3,1,1,30,99.004,1
4,0,37,0,2048,54,33,19,3,1,2,30,216.08,0
27,0,33,0,1799,0,44,7,3,1,2,30,350.331,1
8,1,32,0,812,0,40,26,5,2,2,45,0.0,1
6,0,44,0,2142,24,26,19,3,1,2,25,332.942,1
23,0,28,3,15895,230,0,75,2,1,1,25,725.625,0
3,1,41,0,854,1,71,14,2,1,2,30,4.24,1
16,0,20,5,3218,54,43,23,3,2,1,30,302.88,0
3,0,39,0,1955,34,267,20,3,1,1,30,1147.56,0
10,0,25,0,383,93,204,2,2,1,1,45,216.549,1
8,0,37,0,1863,39,16,33,3,1,2,30,140.08,1
0,0,35,0,0,0,0,0,2,1,2,25,0.0,0
10,0,33,6,9420,76,0,40,4,1,1,45,237.4,0
13,0,40,1,5773,102,34,28,2,1,1,25,417.375,0
0,0,31,0,0,0,0,0,2,1,2,25,0.0,1
0,0,8,0,777,8,0,7,3,1,1,30,31.4,1
8,1,26,0,2914,0,0,9,3,1,2,30,259.581,1
2,0,35,0,2073,30,1,4,3,1,1,30,88.12,0
2,0,37,0,13583,169,25,46,3,1,1,30,650.08,0
15,0,18,4,3347,52,47,24,3,1,1,30,323.96,0
7,0,42,2,2053,33,17,12,4,1,1,45,94.65,0
0,0,7,0,3485,24,187,21,3,1,1,30,888.36,0
5,0,38,0,19,62,18,48,2,1,1,25,0.0,1
13,0,38,3,9230,127,176,47,3,1,1,30,1078.28,0
17,0,27,0,1957,4,11,30,2,1,2,30,44.952,1
13,0,37,2,9115,121,144,43,3,1,1,30,945.44,0
21,0,33,3,15850,234,3,82,2,1,1,25,737.28,0
2,0,37,1,3833,88,34,32,3,1,1,30,292.84,0
0,0,32,0,2725,17,2,15,3,1,1,30,117.68,0
18,0,16,1,9642,182,81,40,5,1,1,55,268.86,0
21,1,28,0,502,0,13,2,4,1,1,30,148.952,1
0,0,25,0,1010,30,186,9,2,2,1,25,883.8,0
9,0,11,2,4885,47,231,15,3,1,1,30,1121.28,0
0,0,40,0,1248,24,12,2,3,1,1,30,1.533,1
0,0,32,0,2305,0,65,11,3,1,2,25,10.069,1
7,0,11,2,4695,46,222,12,3,1,1,30,1077.64,0
5,1,13,1,1736,0,12,8,5,1,2,30,50.85,1
20,0,33,2,1790,48,41,21,2,1,1,25,267.21,0
9,0,31,2,590,26,4,11,2,1,1,45,281.537,1
0,1,38,0,0,0,20,9,3,1,1,25,90.399,1
0,0,29,0,0,0,0,0,2,1,2,25,0.0,1
13,1,35,0,3590,51,30,31,3,1,2,30,265.64,1
9,0,44,1,2620,49,300,24,3,1,1,30,1306.76,0
5,0,26,1,1720,41,194,9,2,2,1,25,952.245,0
0,0,30,1,0,5,61,30,2,1,2,25,461.956,1
0,0,23,0,2320,45,0,6,3,1,1,30,94.6,0
9,0,38,0,2048,55,341,26,3,1,1,30,1448.12,0
2,0,41,0,133,8,8,3,3,1,2,30,37.64,1
34,1,34,0,1007,6,30,3,4,1,1,30,155.061,1
29,1,34,0,1665,58,24,17,3,1,2,30,164.92,1
15,0,40,1,4865,78,21,22,3,1,1,30,281.72,0
9,0,34,0,2167,0,35,30,2,1,2,30,122.777,1
4,0,22,0,215,11,0,3,2,1,2,25,10.17,0
3,0,37,0,1115,19,14,6,2,1,2,25,114.03,0
5,0,40,1,6680,94,197,31,3,1,1,30,1058.96,0
16,0,28,0,890,25,7,5,2,1,2,25,72.675,0
5,1,34,0,356,0,26,32,4,1,2,30,215.087,1
5,0,38,1,3833,87,0,27,3,1,1,30,156.8,0
4,0,36,0,4400,78,4,26,3,1,1,30,195.12,0
17,0,17,1,9237,177,80,42,5,1,1,55,261.21,0
7,0,31,1,3485,71,23,29,3,1,1,30,234.24,0
3,0,9,1,1488,19,0,7,3,1,1,30,60.28,1
5,0,39,0,563,8,9,4,3,1,2,30,58.84,0
7,1,33,0,2238,48,0,16,3,1,2,30,91.44,0
3,0,36,1,6528,75,133,39,2,1,1,25,895.635,0
0,0,27,2,907,21,0,10,3,1,2,25,44.991,1
7,0,28,0,1986,11,4,48,3,1,1,25,85.607,1
3,0,36,0,3703,59,0,30,2,1,1,25,169.29,0
0,0,35,0,2435,17,0,16,3,1,1,30,98.08,0
11,0,39,2,3890,88,64,32,3,1,1,30,415.12,0
1,0,37,0,3313,77,0,30,3,1,1,30,135.6,0
3,0,33,0,3713,52,0,28,1,1,1,15,207.075,0
0,0,20,0,0,0,6,0,4,1,2,45,15.0,0
4,0,28,0,3405,69,19,28,3,1,1,30,214.96,0
12,1,38,0,137,14,4,33,2,1,1,30,134.197,1
14,1,41,0,2658,66,47,23,4,1,2,45,185.6,0
2,1,31,0,3330,0,9,10,3,1,2,55,0.0,1
36,0,41,5,16155,242,69,34,3,2,1,30,931.88,0
0,0,30,0,1121,6,53,25,3,1,2,30,219.366,1
7,0,37,1,2485,37,281,15,3,1,1,30,1224.88,0
7,0,41,2,823,18,22,9,5,1,1,55,45.615,0
2,0,22,0,581,5,5,6,2,1,2,25,124.716,1
5,0,35,0,2148,54,352,22,2,1,1,25,1683.09,0
7,1,33,0,307,14,11,27,3,1,2,25,57.166,1
13,0,40,4,4000,43,511,25,4,1,1,45,1378.575,0
0,0,25,0,0,0,0,0,4,1,2,45,0.0,0
8,0,39,0,1515,0,58,6,3,1,2,30,108.657,1
12,0,40,1,14078,175,7,46,3,1,1,30,598.12,0
30,0,33,4,16380,244,7,82,2,2,1,25,779.58,0
14,1,32,1,671,0,66,23,2,1,1,45,258.079,1
0,0,15,0,1275,14,0,8,2,1,1,25,58.005,0
12,0,16,1,9048,177,105,44,5,1,1,55,295.875,0
5,0,9,0,2349,11,43,24,3,1,2,25,81.344,1
0,1,28,0,0,0,13,0,2,1,1,30,52.757,1
3,0,31,0,15100,174,133,24,2,1,1,25,1285.83,0
20,0,15,1,6618,145,82,40,2,2,1,25,673.335,0
9,0,38,2,7210,97,194,26,3,1,1,30,1068.28,0
7,0,29,0,2955,3,35,22,3,1,2,30,152.719,1
12,0,40,5,7350,124,288,39,3,2,1,30,1450.96,0
10,0,45,2,2698,70,17,36,2,1,1,25,201.06,0
0,0,37,0,0,0,0,0,2,1,1,25,0.0,1
13,0,45,2,8073,143,406,51,3,1,1,30,1952.64,0
4,0,16,1,2253,35,10,4,3,1,1,30,131.52,0
6,0,28,0,1371,0,57,10,4,1,2,25,138.119,1
11,0,33,2,1873,51,45,71,5,1,1,55,96.36,0
9,0,27,0,2957,0,0,45,3,1,1,30,109.36,1
0,1,30,0,1296,6,36,17,3,1,1,25,103.586,1
3,1,34,1,1928,0,19,23,4,1,2,25,171.003,1
14,0,22,5,3238,53,48,25,3,2,1,30,323.64,0
5,1,29,0,420,57,28,35,3,1,1,45,0.0,1
0,1,33,0,4508,0,24,22,3,2,2,30,637.664,1
3,0,38,1,7623,133,416,47,3,1,1,30,1974.24,0
6,1,42,0,1013,15,26,10,4,1,2,45,90.7,1
5,0,13,0,8437,164,57,35,4,1,1,45,357.525,0
9,0,39,3,7170,105,31,28,5,1,1,55,155.625,0
0,0,34,0,0,0,0,0,4,1,2,45,0.0,1
7,0,14,4,3148,49,45,32,3,1,1,30,307.88,0
6,1,31,0,363,58,5,37,2,1,2,30,66.126,1
12,0,26,0,1105,30,11,5,2,1,2,25,100.575,0
11,0,28,0,0,7,41,35,2,1,1,25,215.137,1
14,0,23,1,1450,36,16,11,2,1,1,25,138.87,0
8,0,25,0,640,22,5,5,2,1,2,25,52.29,0
21,0,17,3,9838,187,101,57,5,1,1,55,301.875,0
18,1,35,0,607,0,30,9,2,1,2,25,137.946,1
2,0,35,0,4095,71,0,19,3,1,1,30,166.64,0
0,0,6,0,472,2,0,5,2,1,1,25,21.33,1
8,0,40,3,6920,98,225,32,4,1,1,45,737.95,0
11,1,28,0,2008,42,47,14,3,1,2,55,15.435,1
15,1,25,0,1082,3,66,45,3,1,1,30,10.797,1
0,0,34,0,323,1,2,2,4,1,2,45,13.1,1
0,1,29,1,5032,19,0,34,2,1,1,30,376.538,1
0,1,27,0,516,0,21,0,2,1,2,30,146.615,1
5,0,39,0,305,6,7,2,2,1,2,25,45.495,1
17,0,28,4,1901,8,4,6,3,1,2,30,163.993,1
11,0,31,1,2053,53,48,75,5,1,1,55,103.59,0
2,0,35,0,11160,148,4,45,3,1,1,30,468.32,0
9,0,29,0,758,0,22,29,2,1,2,45,283.838,1
3,1,27,4,1989,0,69,35,3,1,1,30,37.587,1
0,0,34,0,3223,75,0,23,2,1,1,25,148.41,0
2,1,33,0,558,27,0,15,3,1,1,30,431.69,1
31,0,25,0,161,1,41,39,3,1,2,25,21.216,1
0,0,11,0,45,4,69,36,4,1,2,25,0.0,1
0,0,34,0,2240,12,0,4,3,1,1,30,90.08,0
2,0,36,1,85,0,12,20,3,1,2,25,172.269,1
7,0,38,0,2328,62,363,27,2,1,1,25,1741.05,0
30,0,28,0,0,0,14,16,3,1,2,30,15.739,1
9,0,40,0,4075,67,7,4,3,1,1,30,193.68,0
0,0,31,0,6480,91,7,20,4,1,1,45,181.775,0
27,1,40,0,2336,13,40,19,2,1,2,25,323.109,1
6,0,25,0,395,19,3,5,2,1,2,25,32.13,0
5,1,32,0,2901,10,37,29,2,1,2,30,266.959,1
0,0,32,0,2535,16,0,12,3,1,1,30,102.04,0
4,0,36,0,1933,48,1,15,3,1,2,30,83.24,0
32,1,35,0,1860,63,44,34,3,1,2,30,252.92,1
8,1,25,0,795,45,24,4,3,1,1,30,90.754,1
7,0,38,0,3175,72,11,13,3,1,1,30,173.88,0
2,1,28,0,1007,0,29,8,4,1,2,30,58.357,1
0,0,36,1,774,80,62,2,4,1,2,25,254.079,1
1,1,35,0,1151,0,0,21,3,1,2,30,276.844,1
0,1,33,0,965,0,62,2,3,1,1,25,42.449,1
15,0,40,0,272,0,51,6,5,1,1,25,304.548,1
3,0,33,1,643,4,3,3,5,1,1,55,14.205,0
8,0,25,0,980,29,17,13,2,1,1,25,121.905,0
16,1,43,0,2573,56,49,34,4,1,2,45,188.225,1
0,0,27,0,375,0,3,45,4,1,2,30,18.0,1
2,0,26,0,1378,38,21,65,4,1,1,45,87.9,0
0,0,32,1,3135,26,14,27,3,1,1,30,182.44,0
7,0,15,0,5488,125,57,25,1,2,1,15,622.215,0
1,0,37,0,898,0,30,7,4,1,2,25,120.011,1
0,0,37,0,0,0,0,0,2,1,2,25,0.0,1
6,0,39,1,7568,130,389,45,3,1,1,30,1863.92,0
15,0,44,3,7023,87,123,40,3,1,1,30,776.4,0
0,1,41,0,114,52,0,6,2,1,1,25,0.0,1
31,1,39,4,15850,236,62,32,3,1,1,30,891.44,0
0,0,26,0,825,10,21,3,4,1,2,45,73.375,0
8,0,37,1,4920,88,3,23,3,1,1,30,212.32,0
13,0,30,0,973,100,21,21,3,1,2,30,11.655,1
8,0,39,1,3325,36,18,21,3,1,1,30,206.44,0
9,0,33,0,3085,53,174,24,2,1,1,25,924.21,0
0,0,18,0,1450,23,26,14,2,1,1,25,183.285,0
16,0,17,1,6392,141,85,42,2,2,1,25,676.485,0
33,0,42,5,15505,234,66,36,3,2,1,30,893.56,0
0,0,34,0,1608,22,0,4,3,1,1,30,65.2,0
5,1,34,2,1845,1,12,6,3,1,2,30,129.995,1
20,1,31,0,183,0,14,5,3,1,2,55,56.696,1
27,0,20,3,7407,158,100,44,2,2,1,25,790.425,0
25,1,33,0,1200,50,18,17,3,1,2,30,122.0,1
0,0,35,0,12758,152,0,42,3,1,1,30,516.4,0
4,1,33,0,2685,35,2,14,2,1,2,25,131.4,1
6,0,35,0,2559,0,65,48,3,1,2,30,238.861,1
25,0,38,3,15140,225,54,32,3,1,1,30,830.6,0
0,0,37,0,0,0,0,0,2,1,2,25,0.0,1
11,1,35,0,1112,0,13,27,3,1,1,45,172.565,1
10,0,39,2,6995,93,202,31,3,1,1,30,1091.52,0
12,0,40,2,4820,89,9,27,3,1,1,30,232.36,0
3,1,35,0,497,0,8,47,3,1,2,30,190.233,1
6,0,28,0,0,8,2,40,2,1,2,25,271.415,1
0,0,33,0,5433,81,0,5,2,1,1,25,248.13,0
1,0,28,0,0,53,67,8,2,1,1,30,232.157,1
2,0,31,1,4011,0,28,4,2,1,2,55,0.0,1
9,0,22,0,0,0,70,22,3,1,1,30,283.463,1
11,0,38,2,14373,179,21,59,3,1,1,30,666.08,0
12,0,34,0,828,15,6,24,2,1,2,45,88.396,1
5,0,35,0,3009,27,43,5,4,1,2,25,13.586,1
0,0,22,0,210,15,0,11,2,1,1,25,10.125,0
6,0,8,0,2093,0,18,45,2,1,1,30,73.022,1
0,0,32,0,875,8,0,10,2,1,2,25,39.735,0
8,0,36,0,3715,79,27,26,3,1,1,30,259.76,0
0,0,36,1,6480,97,15,21,5,1,1,55,121.155,0
1,0,22,0,740,0,8,36,3,1,2,45,90.878,1
11,0,24,0,1911,2,2,44,3,1,1,25,45.329,1
1,1,31,0,2625,32,0,12,2,1,2,25,119.565,1
8,0,43,2,0,0,0,24,3,1,1,25,11.424,1
29,1,26,0,6123,55,15,4,2,1,1,25,84.543,1
5,0,32,0,2700,51,165,19,2,1,1,25,866.295,0
5,0,39,0,305,6,7,2,2,1,2,25,45.495,1
1,0,7,0,3511,0,17,21,3,1,2,25,0.0,1
15,0,39,1,2758,66,366,26,3,1,1,30,1576.96,0
0,1,39,1,55,0,40,24,3,1,1,30,63.098,1
23,1,39,0,1023,0,12,42,3,1,2,30,493.642,1
5,0,28,0,1130,16,28,5,4,1,2,45,98.65,0
2,0,44,0,318,11,15,5,3,1,2,30,73.16,0
17,0,46,3,5080,99,24,33,4,1,1,45,189.475,0
4,0,26,0,1568,39,30,68,4,1,1,45,115.175,0
13,0,38,2,12175,165,19,47,4,1,1,45,356.0,0
10,1,33,0,2108,0,9,5,2,1,1,30,15.573,1
8,0,36,3,7205,109,53,28,5,1,1,55,189.21,0
0,0,32,0,0,0,0,0,5,1,1,55,0.0,0
8,0,39,1,7813,133,391,45,3,1,1,30,1881.84,0
25,0,32,4,16190,244,32,84,2,2,1,25,883.53,0
9,0,24,0,520,17,0,2,2,1,2,25,24.165,0
8,0,35,0,1449,35,2,27,3,1,1,30,59.058,1
8,0,37,0,14178,174,1,42,3,1,1,30,578.08,0
14,0,38,2,4798,76,22,50,1,1,1,15,389.07,0
3,1,40,0,372,38,38,25,3,1,2,30,9.041,1
2,0,26,1,0,17,23,29,3,1,2,45,121.525,1
3,0,35,2,6840,118,275,36,2,2,1,25,1550.61,0
4,0,25,0,1453,33,0,64,4,1,1,45,37.15,0
6,0,38,0,5918,95,7,12,3,1,1,30,268.52,0
9,1,43,2,1156,0,21,27,3,1,2,45,49.553,1
5,0,21,0,315,17,0,1,2,1,2,25,14.94,0
5,0,41,0,305,6,7,2,3,1,2,30,40.44,0
5,1,38,0,305,6,7,2,3,1,2,30,40.44,1
4,0,32,1,7190,102,15,20,4,1,1,45,219.8,0
8,0,36,2,8925,121,169,45,3,1,1,30,1037.84,0
16,0,38,2,5933,103,24,23,2,1,1,25,379.62,0
10,0,36,0,1553,24,11,27,3,1,2,30,103.777,1
8,0,36,0,3660,77,34,29,2,1,1,25,321.165,0
14,0,36,0,3180,41,7,14,3,1,2,30,156.84,1
2,1,27,2,738,19,16,12,2,1,1,25,987.255,1
27,0,37,9,11145,104,9,42,5,2,1,55,182.235,0
3,1,29,0,1053,0,1,15,4,1,2,30,3.571,1
4,0,36,0,0,1,37,6,2,1,2,30,0.0,1
0,0,31,2,2251,11,13,25,2,1,2,30,57.708,1
17,0,34,1,1361,0,0,8,4,1,2,25,232.052,1
0,1,28,0,0,0,0,31,3,1,1,30,128.561,1
5,1,38,0,933,13,16,6,4,1,2,45,63.65,1
1,0,32,0,511,0,10,43,4,1,2,25,63.294,1
5,1,14,2,1487,25,8,8,3,1,1,30,92.48,1
1,1,30,1,2337,0,25,48,2,1,2,55,54.711,1
5,0,38,0,1065,14,7,9,2,1,2,25,80.055,0
10,0,45,0,9,4,2,48,3,1,2,30,102.906,1
9,0,29,0,1441,33,12,22,4,1,1,45,288.832,1
8,1,25,0,1602,13,7,9,4,1,1,30,262.368,1
4,0,39,0,1109,33,40,12,2,1,2,30,48.94,1
20,0,28,1,15655,226,0,74,2,1,1,25,714.645,0
8,1,29,0,5699,0,5,14,3,2,1,25,158.732,1
0,1,33,0,250,0,0,11,2,1,1,30,260.691,1
8,0,37,0,1970,50,45,22,3,1,2,30,260.8,0
9,0,31,0,0,51,3,5,5,1,2,30,50.145,1
2,0,28,0,2685,29,0,13,2,1,2,25,122.13,1
5,0,44,0,3344,5,20,4,3,1,2,30,30.215,1
3,1,37,2,1219,0,13,42,3,1,1,30,73.261,1
15,0,17,1,8993,174,78,42,5,1,1,55,254.505,0
6,1,11,2,1548,22,5,9,3,1,1,30,82.8,1
0,0,29,0,0,0,0,0,3,1,2,30,0.0,1
15,0,31,1,1485,42,34,19,2,1,1,25,221.715,0
1,0,33,0,1098,0,4,8,3,1,2,30,483.962,1
9,0,38,0,1533,23,37,21,4,1,2,45,131.4,1
8,0,36,0,281,77,0,29,4,1,2,25,987.255,1
0,1,44,3,1131,93,0,23,4,1,1,25,61.062,1
1,0,37,0,5728,95,32,14,3,1,1,30,360.92,0
13,0,43,1,6403,109,25,19,3,1,1,30,360.48,0
4,0,35,0,11405,151,6,45,3,1,1,30,486.24,0
12,1,11,4,2393,35,28,24,3,1,1,30,209.12,1
20,1,34,0,5753,0,53,9,2,1,2,30,9.693,1
0,1,34,0,323,1,2,2,4,1,2,45,13.1,1
1,0,26,2,1524,0,7,25,2,1,1,45,175.012,1
4,1,30,3,1451,0,69,21,2,1,1,30,192.993,1
7,0,35,0,2745,38,7,16,3,1,1,30,139.32,1
1,1,43,0,398,7,17,8,3,1,2,30,84.2,1
15,0,21,4,3338,59,49,26,3,1,1,30,331.88,0
3,1,33,0,998,38,204,47,2,1,2,45,121.394,1
9,1,40,0,483,2,73,15,2,1,2,30,15.901,1
1,0,27,0,1325,14,37,0,3,1,1,55,0.0,1
3,0,36,1,2655,43,299,31,3,1,1,30,1303.92,0
0,0,36,0,1068,15,0,3,3,1,1,30,43.32,0
27,0,26,0,1050,16,5,36,3,1,2,25,109.751,1
5,0,35,1,1793,23,7,3,4,1,1,45,62.9,0
8,0,41,2,365,9,12,4,3,1,1,30,62.96,1
2,0,34,0,0,1,0,7,3,1,1,30,84.934,1
0,0,38,0,0,0,3,0,3,1,2,30,12.0,1
0,0,19,0,520,4,6,2,4,1,2,45,28.1,0
33,0,35,5,16440,247,12,84,2,2,1,25,804.915,0
7,1,29,0,169,1,23,31,2,1,2,45,267.458,1
7,0,26,0,1100,34,23,16,2,1,1,25,154.53,0
4,0,41,0,1758,0,64,38,3,1,1,25,0.0,1
8,0,24,2,2080,34,45,20,3,1,1,30,264.56,0
14,0,34,7,9940,86,0,37,4,1,1,45,250.65,0
10,0,39,0,3070,43,19,20,3,1,2,30,200.52,1
0,0,12,0,1310,18,11,8,2,1,1,25,109.26,0
3,0,37,0,3020,30,11,19,3,1,1,30,166.0,0
10,0,32,2,1953,47,47,74,5,1,1,55,100.5,0
0,0,36,0,2278,53,4,34,1,1,1,15,150.205,0
9,0,27,1,3720,68,24,28,3,1,1,30,247.52,0
0,0,23,0,950,27,181,7,2,2,1,25,858.465,0
2,0,27,0,0,3,13,4,2,1,1,25,109.535,1
2,0,33,0,0,35,11,2,2,1,1,25,217.817,1
22,0,36,2,15080,222,49,30,3,1,1,30,808.08,0
0,0,31,0,1660,3,33,28,3,1,2,30,93.294,1
5,1,41,0,667,0,65,46,4,1,2,30,312.038,1
11,1,43,0,2238,60,16,18,3,1,2,30,155.92,0
4,1,9,0,2259,34,11,9,3,1,2,30,161.89,1
7,1,33,2,2117,3,47,41,2,1,2,30,0.0,1
8,0,37,0,1970,50,45,22,3,1,2,30,260.8,0
6,0,39,1,6033,101,39,16,3,1,1,30,401.36,0
8,1,3,0,1291,0,0,19,2,1,2,25,404.411,1
5,0,37,1,424,0,12,48,4,1,1,45,55.719,1
1,0,45,0,357,0,45,34,2,1,2,25,75.993,1
0,0,36,0,2088,52,0,31,1,1,1,15,117.7,0
6,1,40,0,440,0,24,21,3,1,2,45,22.946,1
3,1,29,0,190,59,38,4,3,1,2,30,506.873,1
5,0,27,0,1615,0,11,5,2,1,2,30,0.0,1
11,0,37,2,8870,118,142,43,3,1,1,30,927.52,0
27,0,38,3,15330,226,63,35,3,1,1,30,874.24,0
9,0,43,1,13773,175,8,45,3,1,1,30,589.92,0
12,0,31,0,780,27,20,11,3,1,2,30,112.28,0
23,0,31,3,15885,237,0,77,2,1,1,25,725.49,0
8,0,25,0,1035,31,10,10,2,1,1,25,92.97,0
0,0,33,0,7143,118,372,39,2,1,1,25,2000.745,0
0,0,31,0,5613,83,0,9,2,1,1,25,256.32,0
7,0,27,1,3530,67,15,25,3,1,1,30,203.88,0
3,1,30,0,0,0,54,9,2,1,2,25,217.699,1
2,0,18,0,772,12,1,21,3,1,2,45,44.31,1
9,0,32,1,1828,49,45,74,5,1,1,55,95.655,0
0,0,37,0,0,0,0,0,3,1,2,30,0.0,1
6,1,34,0,2208,41,29,29,3,1,2,30,205.96,1
5,0,35,0,1100,18,7,9,2,1,2,25,81.81,0
7,0,36,1,4665,75,19,30,2,1,1,25,298.8,0
26,0,42,9,10695,103,16,48,5,2,1,55,185.97,0
0,1,33,0,1255,12,29,7,4,1,2,45,0.0,1
8,0,35,2,7090,103,21,24,5,1,1,55,139.395,0
16,0,46,2,6483,111,29,20,3,1,1,30,379.76,0
3,0,36,0,910,0,60,30,4,1,2,30,286.863,1
4,0,34,3,6775,115,262,30,2,2,1,25,1489.05,0
4,0,40,1,11160,154,12,46,4,1,1,45,312.85,0
0,1,26,1,672,22,0,3,4,1,2,45,208.205,1
14,0,37,0,2458,44,9,29,3,1,2,30,136.08,1
7,1,30,0,9,0,25,12,3,1,1,30,200.177,1
4,0,32,0,3813,58,0,29,1,1,1,15,212.905,0
16,0,41,3,7083,84,120,41,2,1,1,25,862.515,0
18,0,30,0,1692,0,0,41,3,1,1,45,247.514,1
2,1,37,0,0,24,29,2,4,1,2,30,261.692,1
5,0,38,1,4325,82,0,22,3,1,1,30,176.28,0
19,1,44,0,713,0,13,17,3,1,1,25,0.0,1
0,0,34,0,51,0,81,1,3,1,2,25,0.0,1
5,0,34,0,755,10,7,4,3,1,2,30,58.6,0
18,1,24,3,994,0,35,22,3,1,2,30,112.297,1
14,0,23,0,3084,3,9,6,3,1,1,45,98.354,1
11,1,38,0,3674,30,10,1,3,1,1,25,51.619,1
12,0,40,1,14078,175,7,46,3,1,1,30,598.12,0
1,1,26,0,457,19,16,2,4,1,2,45,113.098,1
10,0,21,4,2852,51,39,20,3,1,1,30,272.12,0
12,0,35,2,1296,23,4,21,3,1,2,45,2.662,1
21,0,46,3,4340,98,54,36,3,1,1,30,393.52,0
0,0,30,0,1283,17,0,5,3,1,1,30,52.0,0
8,0,38,0,4370,71,5,17,3,1,1,30,197.64,0
11,1,38,0,3170,49,20,21,3,1,2,30,208.76,1
8,0,26,0,1923,0,43,44,4,1,1,45,123.984,1
2,1,40,0,0,16,61,6,4,1,2,45,0.0,1
14,1,38,2,201,0,72,25,4,1,1,30,35.384,1
0,1,26,0,732,0,35,18,2,1,2,30,97.684,1
6,1,31,1,2841,3,30,44,2,1,2,25,68.407,1
0,0,28,0,2580,12,0,8,3,1,1,30,103.68,0
14,0,40,0,2543,60,15,19,3,1,2,30,164.12,0
10,0,34,0,5703,93,28,25,2,1,1,25,386.82,1
0,0,37,0,3593,84,6,31,2,1,1,25,192.465,0
5,0,33,0,424,5,64,28,3,1,1,30,0.0,1
10,0,45,0,1985,76,8,40,2,1,1,45,292.993,1
15,0,37,0,936,0,36,48,4,1,2,45,36.899,1
4,0,39,0,3898,90,13,33,2,1,1,25,237.96,0
0,0,35,1,6560,93,17,24,4,1,1,45,208.825,0
8,0,35,2,7090,103,21,24,5,1,1,55,139.395,0
20,0,36,0,650,47,17,16,3,1,2,30,95.88,1
3,1,41,3,6123,17,5,29,3,2,1,25,0.0,1
15,1,30,2,242,12,40,7,3,1,2,45,75.798,1
19,1,24,0,972,18,27,18,3,1,2,25,45.077,1
13,0,21,2,2710,43,43,16,3,1,1,30,282.12,0
11,0,41,0,2418,62,19,22,3,1,2,30,175.2,0
8,0,32,0,1966,64,4,42,3,1,2,30,207.83,1
17,0,27,1,1720,39,35,18,2,1,1,25,236.655,0
2,1,30,0,0,2,43,43,3,1,1,25,57.558,1
5,0,40,0,7688,135,395,48,2,1,1,25,2129.535,0
7,0,31,0,8730,113,127,37,3,1,1,30,861.72,0
33,1,25,0,548,0,0,30,2,1,2,25,14.562,1
28,0,43,10,10740,105,16,45,5,2,1,55,186.675,0
2,1,41,1,1651,26,24,48,4,1,1,45,187.127,1
6,0,39,2,2088,37,39,12,4,1,1,45,150.625,0
5,1,29,0,0,25,29,13,2,1,1,25,53.804,1
0,1,25,0,3915,0,8,2,2,1,2,30,29.521,1
20,0,31,0,0,0,35,21,4,1,1,30,64.194,1
5,0,24,1,290,0,39,3,2,1,1,45,217.148,1
5,0,36,1,3963,85,7,28,3,1,1,30,189.92,0
0,0,27,0,0,0,29,15,2,1,2,30,35.16,1
2,0,37,3,1009,36,3,38,2,1,1,25,84.915,1
10,1,30,4,59,0,72,2,3,1,2,30,76.496,1
2,1,7,2,1783,23,14,20,3,1,1,30,128.24,1
1,1,7,0,888,8,10,41,4,1,2,30,116.403,1
3,0,34,0,2280,37,275,14,3,1,1,30,1192.68,0
0,0,39,0,0,0,1,0,3,1,2,30,4.0,1
0,0,43,0,273,9,15,8,2,1,2,25,80.19,0
23,1,37,0,910,51,24,21,2,1,2,25,151.245,1
30,1,40,0,1260,59,31,20,3,1,2,30,176.76,1
7,1,33,1,1144,5,8,0,4,1,2,30,71.789,1
0,1,26,0,2115,0,26,48,3,1,2,25,179.825,1
6,0,9,0,8548,163,56,34,4,1,1,45,357.775,0
9,1,36,0,1038,6,0,12,3,1,2,25,0.0,1
17,0,35,2,9340,125,141,41,3,1,1,30,942.6,0
0,0,34,1,153,20,30,9,2,1,2,45,135.288,1
19,0,33,0,355,37,0,2,2,1,2,25,17.64,1
13,0,28,2,4240,78,23,25,3,1,1,30,264.72,0
14,0,26,0,706,26,28,28,3,1,1,25,33.783,1
8,0,17,0,8708,167,76,42,4,1,1,45,411.875,0
9,0,44,0,390,18,44,13,4,1,1,30,78.311,1
1,1,33,2,493,0,46,48,4,1,1,45,126.621,1
0,0,18,0,2920,49,0,20,3,1,1,30,118.76,0
13,0,40,1,4675,77,12,19,3,1,1,30,238.08,0
6,0,40,1,3100,32,15,20,3,1,1,30,185.28,0
5,1,14,1,1763,0,12,45,2,1,1,30,0.0,1
10,0,37,0,2643,59,9,15,3,1,2,30,144.08,0
0,0,32,0,650,27,6,18,3,1,2,30,51.08,0
0,0,20,0,1010,24,178,8,2,2,1,25,847.53,0
12,0,41,0,4378,74,12,40,1,1,1,15,310.86,0
1,0,37,0,84,1,12,4,3,1,1,25,3.392,1
0,0,34,0,6493,110,352,41,2,1,1,25,1881.135,0
0,0,33,0,2130,11,0,14,3,1,1,30,85.64,0
15,0,41,2,3375,56,300,20,4,1,1,45,835.775,0
16,0,39,1,4908,77,9,35,1,1,1,15,323.675,0
11,1,25,0,330,0,6,8,5,1,2,30,67.845,1
0,0,3,0,4085,28,200,7,2,1,1,25,1085.085,0
13,0,36,1,5818,98,26,24,2,1,1,25,383.22,1
0,0,38,0,1443,21,3,8,3,1,1,30,70.56,0
1,1,27,0,327,44,14,36,4,1,1,45,74.548,1
7,1,31,0,793,20,43,17,3,1,2,30,17.491,1
18,0,43,3,9375,131,159,49,3,1,1,30,1016.24,0
0,0,31,0,0,0,0,0,3,1,2,30,0.0,1
34,0,30,0,6123,13,13,9,3,1,1,30,109.262,1
0,1,31,0,0,0,0,0,2,1,2,25,0.0,1
32,0,43,4,15625,239,72,39,3,1,1,30,922.56,0
10,0,34,1,4243,62,7,31,2,1,1,25,225.225,0
12,1,31,0,877,0,10,7,2,1,2,45,128.242,1
16,0,30,7,10175,83,0,36,4,1,1,45,256.45,0
7,0,32,0,0,6,2,48,2,1,2,25,97.139,1
13,0,35,1,15710,186,147,28,2,1,1,25,1376.82,0
11,1,25,0,91,9,60,35,3,1,2,25,58.03,1
7,1,32,0,0,14,38,8,4,1,1,30,190.429,1
0,0,39,0,650,10,3,13,2,1,2,25,43.2,0
0,0,39,0,323,7,10,3,4,1,2,45,33.25,1
4,0,35,0,8210,105,116,26,3,1,1,30,796.6,0
15,0,40,2,9295,129,155,48,3,1,1,30,996.96,0
9,0,36,0,2375,55,46,20,3,1,2,30,281.2,0
0,0,16,0,1390,20,21,12,2,1,1,25,157.95,0
0,1,30,0,506,67,11,39,3,1,2,25,58.404,1
0,0,29,0,0,28,29,0,2,1,2,25,105.129,1
0,0,38,0,6123,18,11,32,4,1,2,30,79.509,1
5,0,39,0,1048,19,48,10,4,1,2,45,146.675,1
2,1,45,0,1392,0,16,3,2,1,1,30,434.418,1
5,1,38,0,135,2,29,35,4,1,2,30,239.185,1
6,0,32,2,6910,95,10,19,5,1,1,55,120.075,0
7,0,39,0,495,7,16,5,2,1,2,25,94.59,1
15,0,41,0,1041,27,59,24,3,1,1,45,102.027,1
4,0,27,0,1084,68,33,0,3,1,2,25,40.406,1
19,0,38,3,9825,132,152,43,3,1,1,30,1006.28,0
6,0,37,1,6528,74,99,34,2,1,1,25,742.59,0
20,0,24,0,628,0,63,21,3,1,2,30,205.413,1
8,1,33,2,898,0,14,10,2,1,1,30,0.0,1
7,1,37,0,1567,5,1,16,3,1,2,45,0.0,1
14,0,31,0,215,0,76,44,3,1,1,25,0.0,1
15,1,31,0,1238,4,67,27,3,1,2,25,156.063,1
0,0,19,0,2965,51,0,17,3,1,1,30,120.64,0
3,0,42,0,0,3,52,4,2,1,1,25,86.978,1
0,0,27,0,2821,0,0,1,3,1,1,25,78.46,1
28,1,36,0,1375,59,55,23,3,1,2,30,277.36,1
6,0,34,0,1790,42,34,17,3,1,2,30,209.28,0
4,0,39,1,6493,71,111,39,2,1,1,25,794.88,0
8,0,43,1,5918,101,15,13,3,1,1,30,300.76,0
0,0,31,0,6480,91,7,20,4,1,1,45,181.775,0
16,0,21,1,6348,145,93,46,2,2,1,25,710.685,0
11,0,3,0,0,27,0,17,3,1,1,30,93.843,1
2,0,35,2,6795,90,200,39,3,1,1,30,1075.4,0
16,0,33,0,960,35,25,13,3,1,2,30,139.8,0
17,1,37,0,0,0,36,48,4,1,2,25,85.328,1
16,0,16,0,6278,135,53,38,1,2,1,15,644.215,0
3,0,33,0,781,3,37,30,2,1,1,45,44.986,1
9,0,37,1,6043,93,7,9,3,1,1,30,273.44,0
10,0,42,2,1075,23,25,12,3,1,1,30,143.92,0
1,0,39,0,305,9,0,10,3,1,2,30,12.56,0
5,0,19,0,965,22,4,7,2,1,1,25,62.415,0
2,1,37,0,1417,0,9,4,2,1,2,45,40.2,1
2,0,38,0,5318,85,0,15,2,1,1,25,243.135,0
0,0,38,0,465,11,11,8,2,1,1,25,70.92,0
6,0,33,0,2448,0,4,18,2,1,1,25,127.391,1
2,0,30,0,6002,0,165,48,3,1,1,30,0.0,1
0,1,28,0,1018,0,68,48,4,1,1,25,178.044,1
1,0,25,0,1230,15,22,1,4,1,2,45,86.125,0
3,0,33,1,2397,0,0,11,3,1,1,25,0.0,1
5,1,38,0,1073,25,19,4,3,1,2,30,58.192,1
2,0,27,1,1125,35,184,8,2,2,1,25,880.2,0
0,0,37,0,520,14,38,10,3,1,2,30,173.36,0
0,0,30,0,1180,30,20,13,3,1,2,30,128.4,0
11,0,36,1,5628,97,17,21,2,1,1,25,334.125,1
12,0,40,0,3480,78,18,15,3,1,1,30,214.32,0
1,0,34,2,188,31,0,3,4,1,2,25,0.0,1
1,0,3,0,1776,100,39,18,2,1,2,30,0.0,1
6,0,42,0,1941,10,6,8,4,1,2,25,117.942,1
7,0,28,0,2057,13,0,47,4,1,2,45,206.017,1
0,0,27,0,700,12,25,6,4,1,2,45,80.3,0
11,0,36,4,7270,122,278,35,3,2,1,30,1407.68,0
2,0,17,0,1580,20,0,10,2,1,1,25,72.0,0
24,1,37,0,1035,49,26,21,3,1,2,30,147.36,1
1,0,25,0,1200,31,195,12,2,2,1,25,932.895,0
9,0,26,0,820,27,1,15,2,1,1,25,42.615,0
3,0,36,0,1858,26,9,9,3,1,1,30,111.36,0
3,1,26,0,296,6,73,20,3,1,1,30,244.744,1
7,0,38,1,4515,83,2,25,3,1,1,30,191.92,0
5,0,39,0,1180,20,7,13,2,1,2,25,85.5,0
6,0,41,0,2540,47,296,23,3,1,1,30,1287.48,0
3,1,26,1,3586,0,63,46,3,1,1,25,149.442,1
21,0,32,0,1345,0,4,1,3,1,2,30,129.592,1
5,1,37,0,1391,1,13,33,4,1,2,25,74.435,1
0,0,35,0,2070,42,150,23,2,1,1,25,770.04,0
9,0,38,1,4213,89,18,33,3,1,1,30,244.08,0
4,0,37,0,2798,63,3,31,1,1,1,15,173.855,0
1,0,43,0,985,9,61,48,4,1,2,30,15.642,1
6,0,37,0,1853,50,338,9,2,1,1,25,1606.635,0
5,1,38,1,509,0,0,45,2,1,2,55,5.182,1
12,0,17,3,4955,56,237,18,3,1,1,30,1148.44,0
8,0,37,1,6718,75,108,37,2,1,1,25,791.685,0
25,0,35,3,16030,242,8,84,2,1,1,25,768.24,0
0,0,34,0,0,0,0,0,2,1,2,25,0.0,1
2,0,36,0,1260,39,20,22,3,1,2,30,131.96,0
7,0,38,0,2485,49,161,10,2,1,1,25,838.53,0
4,0,29,0,563,56,6,32,4,1,2,30,524.021,1
14,0,46,2,2925,55,307,26,4,1,1,45,842.0,0
2,0,26,1,3340,67,40,27,3,1,1,30,296.28,0
1,0,34,0,1873,45,0,13,3,1,2,30,76.72,0
2,0,36,0,3718,82,2,28,2,1,1,25,180.0,0
14,0,36,1,4423,70,7,33,2,1,1,25,233.685,0
8,0,27,0,1909,36,25,10,3,1,2,30,55.69,1
1,0,33,0,15120,173,138,26,2,1,1,25,1309.185,0
9,0,43,2,4023,94,17,31,3,1,1,30,232.68,0
3,0,37,0,2655,55,179,26,2,1,1,25,927.45,0
8,1,35,2,600,0,76,24,2,1,1,25,71.606,1
4,0,34,0,1960,0,5,20,3,1,1,55,99.244,1
4,0,34,0,2432,24,45,29,3,1,2,45,81.45,1
7,0,33,0,0,0,21,30,3,1,2,30,20.201,1
7,0,40,2,3225,30,17,20,3,1,1,30,198.2,0
15,0,42,3,9115,127,152,44,3,1,1,30,977.68,0
11,0,32,1,9115,115,136,42,3,1,1,30,913.2,0
11,1,35,0,3180,42,18,19,3,1,2,30,200.88,1
21,1,36,0,6123,53,76,27,2,1,1,45,63.935,1
7,0,38,2,2993,68,23,48,2,1,1,25,241.245,0
7,0,38,0,628,9,16,7,3,1,2,30,89.48,1
9,1,29,0,813,44,60,43,3,1,1,45,224.513,1
1,0,35,1,2955,28,32,18,3,1,1,30,247.32,0
5,0,36,0,1000,12,7,8,2,1,2,25,77.04,0
3,0,25,0,849,0,0,26,2,1,2,25,118.342,1
23,0,24,3,6697,153,100,45,2,2,1,25,758.25,0
11,0,37,0,2970,53,150,21,2,1,1,25,811.035,0
0,0,35,0,570,8,0,9,2,1,2,25,26.01,0
7,0,38,2,833,11,20,7,5,1,1,55,42.66,0
19,0,14,1,6697,141,84,43,1,2,1,15,838.09,0
0,0,15,0,680,9,0,12,2,1,1,25,31.005,0
15,0,30,6,10050,85,0,36,4,1,1,45,253.375,0
10,0,30,0,90,14,12,12,2,1,2,30,57.267,1
9,0,38,1,3585,81,23,25,3,1,1,30,238.64,0
1,0,32,0,3638,80,0,24,2,1,1,25,167.31,0
1,1,41,0,307,14,5,0,2,1,2,30,82.97,1
6,0,36,1,3145,28,7,16,3,1,1,30,154.92,0
2,0,33,0,533,0,18,13,4,1,1,30,164.628,1
5,0,33,0,4515,77,0,24,3,1,1,30,183.68,0
7,0,29,2,1430,41,191,10,3,2,1,30,822.84,0
1,0,40,1,3993,0,0,23,4,2,1,25,42.399,1
0,0,40,0,209,11,63,48,3,1,2,45,65.349,1
7,1,29,0,713,0,10,12,3,1,2,45,399.638,1
0,0,35,0,0,0,0,0,2,1,2,25,0.0,1
10,0,45,0,565,16,22,8,3,1,2,30,111.24,1
32,1,32,0,229,36,6,20,2,1,2,45,406.334,1
9,0,37,0,8515,111,123,28,3,1,1,30,837.04,0
0,0,34,0,2595,19,0,14,3,1,1,30,104.56,0
7,0,31,0,1310,24,39,10,4,1,2,45,130.85,0
6,0,25,2,3825,71,29,38,3,1,1,30,271.84,0
5,0,36,1,1428,0,69,9,2,1,1,55,104.337,1
8,1,29,0,0,0,0,39,3,1,1,30,220.311,1
0,0,33,0,1908,44,0,26,1,1,1,15,107.36,0
0,0,36,0,133,2,0,2,3,1,2,30,5.4,1
0,0,11,0,365,0,41,9,4,1,1,25,97.266,1
4,0,36,0,3280,75,16,23,2,1,1,25,222.975,0
4,0,36,0,2502,0,58,48,4,1,1,30,87.568,1
28,0,35,3,15445,225,53,33,3,1,1,30,838.8,0
33,1,41,0,1520,63,38,25,3,1,2,30,215.32,1
18,0,26,0,667,8,7,4,3,1,1,30,24.099,1
9,0,23,1,1520,36,33,26,2,1,1,25,218.52,0
14,0,40,2,5898,100,36,28,2,1,1,25,431.91,1
2,1,30,0,1103,0,64,22,3,2,1,25,97.204,1
0,0,41,0,405,14,14,7,3,1,2,30,72.76,0
7,0,23,0,1873,39,29,69,4,1,1,45,120.3,0
0,0,36,0,0,0,0,0,4,1,2,45,0.0,1
24,0,26,0,1481,2,9,0,4,1,2,25,175.419,1
0,0,34,0,2028,49,0,29,1,1,1,15,114.235,0
3,0,34,0,1180,14,0,12,2,1,2,25,53.73,0
0,0,24,0,1952,0,73,32,3,1,1,25,269.884,1
0,0,17,0,1505,26,53,16,2,1,1,25,307.395,0
11,0,13,3,3157,45,30,20,3,1,1,30,248.08,0
5,0,38,0,13528,166,0,44,3,1,1,30,547.76,0
2,0,31,0,0,0,24,9,3,1,1,30,296.976,1
5,0,32,0,11465,148,3,46,3,1,1,30,476.52,0
5,0,43,0,1135,24,15,17,2,1,2,25,119.655,0
15,0,42,3,4880,92,14,29,4,1,1,45,159.3,0
14,0,40,2,15905,194,189,36,3,1,1,30,1399.96,0
8,0,13,0,6028,132,73,38,1,2,1,15,740.3,0
4,0,41,1,3718,88,10,29,3,1,1,30,192.24,0
1,0,3,0,615,4,3,28,3,1,2,25,22.588,1
26,0,40,2,14845,221,40,19,3,1,1,30,762.64,0
3,0,34,0,3015,25,473,4,3,1,1,30,2013.6,0
6,0,42,3,2242,24,10,48,4,1,2,30,0.0,1
6,0,39,0,1963,44,35,30,3,1,2,30,220.28,1
7,1,37,0,2768,1,31,5,3,1,2,25,276.916,1
5,0,42,2,6500,92,194,27,3,1,1,30,1039.68,0
4,0,38,0,3541,0,0,0,3,1,2,30,34.662,1
22,0,34,3,15770,238,1,79,2,1,1,25,724.86,0
1,0,33,1,6595,96,5,19,5,1,1,55,107.865,0
7,1,31,0,0,12,0,3,3,1,1,25,0.0,1
4,0,28,0,0,0,43,3,4,2,1,45,197.847,1
2,1,32,0,0,11,31,6,3,1,1,25,10.807,1
19,0,22,2,9237,183,88,43,5,1,1,55,273.3,0
9,0,35,0,2153,38,2,27,3,1,2,30,95.64,1
5,0,41,0,623,11,14,6,3,1,2,30,81.36,0
7,1,31,0,2033,27,2,7,5,1,2,55,0.0,1
11,0,43,2,3580,41,501,15,3,1,1,30,2148.84,0
4,0,14,2,4390,46,223,11,3,1,1,30,1069.44,0
5,0,38,0,305,6,7,2,2,1,2,25,45.495,1
4,0,23,1,1695,32,36,15,3,1,1,30,213.08,0
0,1,38,0,859,0,79,14,3,1,2,30,231.938,1
8,1,12,3,1908,31,39,13,3,1,1,30,233.56,1
14,0,39,2,11960,161,27,52,4,1,1,45,370.525,0
8,0,40,1,2698,64,9,35,2,1,1,25,164.79,0
7,1,31,0,0,0,5,9,2,1,1,30,239.692,1
13,1,25,0,2182,5,3,19,4,1,2,25,0.0,1
6,1,34,0,2153,39,36,32,3,1,2,30,231.68,1
5,0,39,0,15260,178,153,32,2,1,1,25,1383.21,0
0,0,36,0,1478,24,0,3,3,1,1,30,60.08,0
7,0,35,0,25,1,2,25,2,1,2,30,463.105,1
7,0,31,0,466,0,204,3,3,1,2,30,0.0,1
11,0,37,5,7385,128,310,39,3,2,1,30,1540.52,0
19,0,20,1,9418,185,91,47,5,1,1,55,280.545,0
14,0,42,2,6283,104,19,16,3,1,1,30,331.48,0
10,1,41,0,2371,8,28,48,2,1,1,25,155.507,1
3,0,40,0,734,10,8,7,4,1,2,30,51.287,1
15,0,39,2,7213,82,124,42,2,1,1,25,886.275,0
4,0,25,0,628,20,183,28,3,1,1,45,31.415,1
1,1,40,0,680,47,10,48,2,1,2,25,60.999,1
16,0,39,0,4024,0,2,17,3,2,2,45,16.392,1
4,0,34,2,2133,0,14,7,3,1,1,30,70.348,1
8,0,38,0,3953,63,0,35,1,1,1,15,220.88,0
6,0,11,2,2852,39,23,18,3,1,1,30,207.64,0
34,0,37,2,2677,5,0,25,4,1,1,30,32.989,1
15,1,24,0,365,83,8,34,3,1,2,30,420.605,1
6,0,28,0,0,0,10,26,2,1,2,30,187.923,1
0,0,32,0,2535,16,0,12,3,1,1,30,102.04,0
28,0,33,0,163,0,44,8,3,1,1,25,124.993,1
15,0,33,0,2366,0,66,30,3,1,2,30,23.956,1
19,0,30,0,686,12,18,38,4,1,2,30,0.0,1
4,0,39,0,13648,171,4,47,3,1,1,30,568.76,0
6,0,23,1,3450,65,7,21,3,1,1,30,168.6,0
9,0,33,0,1067,0,28,37,3,1,1,25,16.556,1
0,0,24,0,895,24,154,5,2,2,1,25,734.355,0
31,0,43,0,2736,0,5,7,3,1,2,45,15.889,1
10,0,29,1,1525,5,5,9,2,1,2,30,36.586,1
6,0,30,3,7010,112,263,29,2,2,1,25,1503.99,0
13,0,25,0,205,0,5,4,3,1,2,25,9.09,1
0,0,30,0,780,14,29,7,4,1,2,45,92.35,0
12,0,32,0,6123,0,4,19,4,1,2,45,93.841,1
0,0,16,0,1580,21,30,15,2,1,1,25,207.045,0
2,0,35,0,3603,76,0,24,2,1,1,25,165.555,0
8,1,36,0,2409,0,7,7,2,1,1,30,0.0,1
15,0,41,3,11830,163,23,51,4,1,1,45,357.325,0
2,1,28,0,752,60,5,41,3,1,1,45,23.889,1
2,1,3,2,704,19,38,30,4,1,1,30,41.68,1
10,1,27,0,299,0,65,0,3,1,2,25,75.268,1
13,0,40,1,4675,77,12,19,3,1,1,30,238.08,0
20,0,31,0,895,44,11,15,2,1,2,25,91.755,1
0,0,31,0,2055,27,270,15,3,1,1,30,1163.28,0
1,0,36,0,1668,25,0,6,3,1,1,30,67.72,0
0,0,38,0,1611,0,8,27,3,1,2,25,7.1,1
10,0,39,1,3370,77,14,30,3,1,1,30,193.88,0
14,1,17,1,6148,138,83,42,1,2,1,15,802.23,0
9,0,35,1,2748,64,373,37,2,1,1,25,1805.04,0
4,0,42,1,3050,31,491,12,3,1,1,30,2087.24,0
0,0,36,0,1865,32,269,13,3,1,1,30,1151.88,0
1,0,37,0,7318,126,375,40,2,1,1,25,2022.48,0
13,0,18,0,6268,143,89,45,1,2,1,15,842.105,0
3,0,20,0,740,18,1,6,2,1,1,25,38.61,0
0,0,34,0,995,0,26,47,4,1,2,25,0.0,1
0,0,35,0,0,0,0,0,4,1,2,45,0.0,1
5,0,33,0,864,28,23,20,4,1,1,45,46.076,1
7,0,29,2,1375,39,198,13,3,2,1,30,848.56,0
11,0,24,0,850,11,1,19,3,1,2,45,85.503,1
18,0,39,3,16390,198,178,47,2,1,1,25,1547.46,0
16,1,38,1,600,38,5,41,3,1,2,25,90.648,1
0,1,7,4,101,19,0,28,5,1,1,30,79.709,1
0,0,39,0,585,16,17,11,2,1,2,25,103.545,0
6,0,43,0,385,8,17,6,2,1,2,25,94.185,1
0,1,27,0,1076,0,6,17,3,1,1,45,187.247,1
0,0,27,0,3000,57,11,25,3,1,1,30,166.28,0
4,0,38,0,11340,156,15,50,3,1,1,30,519.84,0
11,0,11,0,8853,169,63,36,4,1,1,45,383.05,0
7,1,33,0,2088,36,23,26,3,1,2,30,176.96,1
11,0,40,1,2855,46,301,23,3,1,1,30,1320.04,0
11,0,39,0,479,0,0,35,2,1,2,30,90.186,1
6,0,37,2,3260,34,39,20,4,1,1,45,179.85,0
7,1,35,0,2800,40,0,13,3,1,2,30,113.6,1
3,1,37,0,2514,0,5,8,3,1,2,30,125.159,1
11,0,33,2,2131,23,41,48,2,1,2,30,198.913,1
13,0,22,4,3113,55,46,25,3,1,1,30,310.72,0
9,0,24,0,0,16,11,8,2,1,2,30,0.0,1
12,0,40,3,3298,74,30,50,2,1,1,25,286.74,0
3,0,37,2,432,37,46,31,3,2,2,30,0.0,1
0,0,44,0,0,5,8,6,2,1,1,30,253.279,1
1,0,9,1,2547,33,16,16,3,1,1,30,167.2,0
9,0,31,3,7270,116,270,34,2,2,1,25,1547.37,0
1,0,36,0,10755,143,0,47,3,1,1,30,435.92,0
18,0,26,2,15590,224,0,73,2,1,1,25,711.63,0
0,0,32,0,0,0,0,0,2,1,2,25,0.0,1
2,1,29,0,1705,19,26,30,2,1,2,55,25.71,1
16,0,13,1,9158,175,70,38,5,1,1,55,244.995,0
0,0,29,0,0,0,0,0,2,1,2,25,0.0,1
0,0,30,0,1673,38,0,9,3,1,2,30,68.44,0
4,0,33,3,1529,0,37,25,2,2,1,30,84.225,1
1,0,34,1,6320,78,175,21,3,1,1,30,955.92,0
6,0,41,0,1933,54,9,16,3,1,2,30,115.48,0
0,0,30,0,5353,79,0,4,2,1,1,25,244.44,0
6,0,35,0,2698,58,1,34,1,1,1,15,157.08,0
2,1,33,0,2127,29,40,9,2,1,2,30,224.76,1
10,0,36,1,6143,99,7,10,3,1,1,30,277.68,0
11,0,40,0,2990,47,17,17,3,1,2,30,189.48,1
2,0,27,1,19,0,6,27,3,1,1,25,32.503,1
1,0,25,0,1810,0,4,29,3,2,2,45,115.357,1
9,1,24,0,62,0,9,28,3,1,2,25,19.562,1
14,0,28,1,15060,221,0,78,2,1,1,25,687.645,0
5,0,17,1,1820,24,24,11,3,1,1,30,169.76,0
16,0,18,2,6508,147,117,46,2,2,1,25,825.975,0
7,0,20,1,2000,32,35,16,3,1,1,30,221.28,0
3,1,34,0,0,0,45,42,2,1,2,25,521.728,1
9,1,33,0,11,0,58,31,2,1,1,25,323.786,1
0,0,37,0,875,14,0,11,2,1,2,25,40.005,1
29,0,31,5,16675,248,21,95,2,1,1,25,856.035,0
7,0,24,1,1620,36,192,12,2,2,1,25,938.52,0
0,0,13,0,1210,12,10,7,2,1,1,25,99.99,0
0,0,26,0,875,80,8,21,3,1,2,25,339.348,1
11,0,35,0,4675,71,4,18,2,1,1,25,231.57,0
7,0,33,1,11510,150,7,43,4,1,1,45,309.0,0
0,0,19,0,750,20,171,3,2,2,1,25,804.15,0
3,0,35,0,1665,44,38,20,3,1,2,30,220.36,0
30,0,32,3,16265,238,7,78,2,1,1,25,774.135,0
29,1,40,10,10800,102,13,46,5,2,1,55,183.03,0
9,1,37,1,1074,0,56,30,3,1,2,30,99.93,1
2,0,25,1,630,0,71,3,3,1,2,30,264.618,1
6,1,31,0,5333,84,8,17,2,1,1,25,279.765,1
11,0,43,0,1582,100,0,25,3,1,2,30,112.313,1
7,0,37,0,4400,77,0,21,3,1,1,30,179.08,0
8,0,39,0,3650,84,36,31,2,1,1,25,330.03,0
0,0,36,0,650,11,8,6,2,1,2,25,65.745,0
1,1,5,2,0,0,46,17,2,1,2,30,27.231,1
9,1,36,0,5218,88,5,9,2,1,1,25,261.27,1
15,0,39,1,5998,106,37,29,2,1,1,25,441.18,0
25,0,37,2,15025,219,22,28,3,1,1,30,697.76,0
8,0,39,2,7045,107,29,28,5,1,1,55,150.78,0
26,0,38,9,10740,99,8,44,5,1,1,55,174.585,0
0,0,7,0,3895,33,199,5,3,1,1,30,953.12,0
8,0,31,1,8855,111,129,37,3,1,1,30,874.64,0
5,0,26,1,567,0,65,2,2,1,2,45,84.085,1
0,0,20,0,3225,55,0,22,3,1,1,30,131.2,0
9,1,32,0,868,35,53,0,3,1,2,30,121.315,1
19,0,40,3,7733,92,123,39,2,1,1,25,905.625,0
2,0,33,0,1840,12,5,45,2,1,1,25,158.929,1
3,0,39,1,2690,22,465,10,3,1,1,30,1968.48,0
7,0,35,1,3550,33,8,14,3,1,1,30,175.32,0
1,0,33,0,6123,0,18,48,3,1,2,30,0.0,1
2,0,38,1,6095,81,168,28,3,1,1,30,919.04,0
3,0,40,0,919,3,9,34,2,1,1,25,0.0,1
28,0,39,0,1104,16,57,9,3,1,2,25,0.0,1
28,0,29,2,0,0,37,9,3,1,2,25,175.683,1
0,0,33,0,244,2,77,48,3,1,2,45,47.399,1
25,1,31,3,16075,238,0,80,2,1,1,25,734.085,0
12,0,28,0,1534,0,0,11,2,1,2,30,25.174,1
28,1,3,2,2378,6,8,14,2,1,1,45,493.234,1
0,0,31,0,0,15,39,44,4,1,2,45,72.554,1
4,1,39,0,61,0,10,0,3,1,2,30,64.7,1
26,0,25,0,178,0,39,2,2,1,1,30,63.29,1
0,0,37,0,1683,47,0,33,1,1,1,15,95.15,0
0,0,38,0,1331,0,0,6,2,1,1,30,101.268,1
4,0,30,0,935,9,56,2,2,1,1,30,67.3,1
10,0,34,1,11770,154,10,48,3,1,1,30,516.96,0
3,1,40,0,1295,14,16,48,3,1,1,25,0.0,1
15,0,43,1,4855,85,23,24,3,1,1,30,289.6,0
8,0,15,2,2738,39,0,15,3,1,1,30,111.08,0
9,0,37,1,11710,157,13,47,4,1,1,45,329.175,0
19,0,41,2,5385,88,37,19,3,1,1,30,366.92,0
5,0,42,0,807,31,7,25,2,1,2,25,0.0,1
11,0,40,1,6223,101,14,14,3,1,1,30,308.96,0
3,0,35,0,1665,44,38,20,3,1,2,30,220.36,0
14,0,15,0,9122,172,82,43,4,1,1,45,437.35,0
10,0,16,3,3042,46,40,22,3,1,1,30,283.52,0
1,1,26,0,646,12,8,19,2,2,2,30,200.692,1
2,0,44,0,0,0,54,48,2,1,2,45,73.129,1
7,0,44,0,1180,26,15,14,3,1,2,30,108.24,0
7,1,35,0,1412,0,21,27,2,1,1,30,0.0,1
0,1,24,2,3153,0,26,19,3,1,1,25,224.811,1
17,1,32,0,1161,0,27,20,2,1,2,25,209.538,1
0,0,24,0,300,19,161,9,2,2,1,25,738.855,0
9,0,30,1,3710,75,26,30,3,1,1,30,255.4,0
15,0,39,0,2948,65,16,17,3,1,2,30,184.52,0
0,0,38,0,0,0,4,0,2,1,2,25,18.0,1
2,1,28,2,379,19,20,48,4,1,2,25,154.571,1
14,0,25,2,1825,42,40,28,2,1,1,25,264.015,0
27,1,33,0,1555,57,37,32,3,1,2,30,212.48,1
8,0,42,2,4595,85,12,29,3,1,1,30,235.2,0
1,0,22,0,255,0,72,28,4,1,1,25,0.0,1
8,1,36,0,2585,36,0,18,3,1,2,30,104.84,1
13,0,41,5,7270,128,286,36,3,2,1,30,1439.92,0
3,1,30,0,36,57,0,0,4,1,2,30,52.055,1
13,0,39,2,7023,81,115,39,2,1,1,25,837.18,0
5,0,37,0,305,6,7,2,2,1,2,25,45.495,1
0,0,31,0,7123,119,367,37,2,1,1,25,1977.39,0
5,1,30,2,2064,0,6,12,3,1,2,30,52.807,1
0,1,25,0,582,1,40,8,4,1,2,25,62.222,1
0,0,38,0,0,0,0,0,2,1,2,25,0.0,1
2,1,28,0,386,0,57,7,3,1,1,45,57.801,1
1,0,42,0,0,100,20,33,2,1,1,25,246.627,1
14,0,24,0,1005,25,9,8,2,1,2,25,86.85,0
18,0,32,0,765,47,41,19,3,1,2,30,196.48,1
7,0,28,2,3645,73,47,29,4,1,1,45,210.45,0
7,0,37,1,11465,154,11,47,4,1,1,45,317.975,0
0,0,23,0,1148,27,0,62,4,1,1,45,29.375,0
16,1,31,0,771,0,0,15,3,2,1,25,149.658,1
4,0,41,1,4210,83,3,24,3,1,1,30,183.72,0
0,0,36,0,7318,127,409,45,3,1,1,30,1933.8,0
1,1,3,0,160,12,12,26,2,1,2,25,8.289,1
1,0,37,1,1783,31,32,10,4,1,1,45,125.35,0
5,0,38,1,2638,61,7,33,2,1,1,25,152.955,0
8,0,27,3,1915,46,214,26,2,2,1,25,1051.245,0
4,1,32,0,2570,29,0,10,2,1,2,25,116.955,1
0,0,32,0,2133,48,0,27,1,1,1,15,119.955,0
7,1,24,0,203,11,33,23,3,2,1,45,987.255,1
9,0,36,0,2303,44,14,22,3,1,1,30,38.484,1
2,1,39,2,2702,4,22,17,3,1,2,45,291.81,1
6,0,25,0,625,22,0,2,2,1,1,25,29.115,0
32,1,40,4,15635,232,70,37,3,1,1,30,914.68,0
0,0,35,0,815,11,0,9,2,1,2,25,37.17,0
2,0,38,1,2850,24,481,8,3,1,1,30,2038.96,0
1,0,30,0,3210,66,10,20,2,1,1,25,192.42,0
34,0,24,1,1321,0,5,23,3,1,2,30,28.753,1
0,1,35,0,2338,91,54,9,3,1,2,25,59.764,1
12,1,30,1,2300,0,15,28,2,1,2,30,15.74,1
23,0,31,3,15830,235,0,80,2,1,1,25,722.925,0
4,0,36,0,13713,166,0,42,3,1,1,30,555.16,0
13,0,41,0,1725,31,28,10,3,1,2,30,182.24,0
6,1,42,2,5132,0,10,4,2,1,2,30,470.203,1
12,0,38,0,2238,17,34,4,3,1,2,30,98.5,1
11,1,13,3,1853,28,12,11,3,1,1,30,123.24,1
17,0,40,2,2633,53,46,35,4,1,1,45,182.15,1
6,0,39,0,13368,164,0,46,3,1,1,30,541.28,0
6,1,28,0,724,0,9,44,3,1,1,45,78.607,1
6,1,36,0,1398,0,15,14,2,1,2,30,247.382,1
3,1,30,0,0,0,35,27,3,1,1,45,35.268,1
20,0,34,0,878,1,7,39,4,1,1,30,24.753,1
6,0,30,1,7090,97,13,23,4,1,1,45,212.175,0
25,0,39,4,15255,231,86,36,3,1,1,30,963.44,0
0,0,38,0,110,4,0,1,2,1,2,25,5.13,0
10,0,28,1,329,6,0,29,2,1,2,45,64.739,1
11,1,27,0,1763,0,48,6,3,1,2,45,151.961,1
0,0,23,0,3165,58,3,21,3,1,1,30,140.92,0
0,0,30,0,838,0,31,48,2,1,1,45,40.915,1
10,0,38,3,2573,41,28,23,4,1,1,45,135.35,0
5,0,37,1,3500,32,484,6,3,1,1,30,2077.28,0
7,0,40,0,79,21,3,20,2,1,2,45,95.308,1
0,0,4,0,1003,5,0,4,2,1,1,25,45.36,1
15,1,36,0,3700,52,17,16,3,1,2,30,218.08,1
1,0,38,0,0,0,62,29,3,1,2,25,6.583,1
0,0,33,0,1360,38,31,18,3,1,2,30,179.92,0
9,0,30,0,1370,7,7,32,3,2,1,30,219.034,1
31,0,37,5,16460,246,17,86,2,1,1,25,828.27,0
6,1,3,1,20,0,5,8,2,1,2,30,448.982,1
0,0,40,0,0,17,32,18,3,1,2,25,88.918,1
10,0,45,0,1440,30,22,19,3,1,2,30,146.8,0
9,0,40,1,2665,45,292,20,3,1,1,30,1276.4,0
9,0,39,0,1780,30,28,28,2,1,2,25,207.45,0
0,0,32,0,6075,86,0,22,4,1,1,45,154.025,0
4,0,34,0,4913,82,0,7,2,1,1,25,224.775,1
9,0,38,0,13963,170,9,47,3,1,1,30,601.32,0
9,0,36,0,15370,176,118,26,2,1,1,25,1230.57,0
0,0,30,0,0,0,0,0,2,1,2,25,0.0,1
0,0,38,0,2249,5,35,27,3,1,2,30,113.181,1
2,0,29,0,6705,95,4,18,4,1,1,45,180.0,0
10,1,26,0,0,0,45,9,3,1,2,25,117.977,1
4,0,42,0,1209,0,14,7,2,1,2,30,67.798,1
10,1,41,0,955,3,3,30,3,1,2,30,74.754,1
8,1,11,2,1792,25,7,9,3,1,1,30,100.68,1
14,0,38,0,2680,61,53,22,4,1,2,45,201.025,0
9,0,20,1,2190,33,44,19,3,1,1,30,264.92,0
3,0,23,0,335,16,0,3,2,1,2,25,15.795,0
0,0,12,1,4085,40,216,9,3,1,1,30,1029.0,0
8,1,29,0,124,0,0,6,3,1,1,30,57.947,1
0,0,36,1,338,4,4,2,5,1,1,55,11.13,0
0,0,37,0,1263,20,0,8,4,1,1,45,32.075,0
0,1,3,0,1228,9,0,1,2,1,1,25,55.665,1
0,0,5,0,265,0,0,19,3,1,2,30,66.072,1
0,0,25,0,1903,20,165,8,2,2,1,25,829.035,0
2,0,36,1,528,5,13,5,5,1,1,55,27.495,0
0,1,30,0,0,0,0,0,4,1,2,45,0.0,1
0,0,12,1,1182,19,1,6,3,1,1,30,52.04,1
1,0,34,0,2475,47,168,21,2,1,1,25,869.49,0
1,0,3,1,324,0,38,14,3,1,1,25,323.554,1
13,0,45,2,6223,107,22,15,3,1,1,30,341.2,0
15,0,38,0,2643,60,334,22,2,1,1,25,1624.635,0
25,0,38,3,15140,225,54,32,3,1,1,30,830.6,0
17,0,31,0,176,0,8,10,2,1,2,30,40.977,1
10,0,33,0,354,54,47,21,4,1,2,25,54.25,1
7,0,39,1,13888,175,32,48,3,1,1,30,690.52,0
10,0,41,1,15565,184,160,34,2,1,1,25,1428.705,0
2,0,31,1,0,0,56,7,4,1,1,25,104.756,1
6,1,30,1,1495,44,204,16,2,2,1,25,987.255,1
0,0,34,0,0,0,0,0,5,1,1,55,0.0,0
5,0,8,0,8627,159,58,37,4,1,1,45,364.65,0
0,0,30,0,570,2,0,8,2,1,2,25,25.74,0
3,0,28,0,940,15,19,2,4,1,2,45,71.375,0
4,0,35,0,15180,176,143,28,2,1,1,25,1334.52,0
12,0,42,2,2725,48,297,22,4,1,1,45,811.825,0
18,0,45,3,7283,91,130,45,2,1,1,25,916.83,0
3,0,38,0,0,49,64,12,2,1,1,45,0.0,1
21,0,31,1,15475,228,0,65,2,1,1,25,706.635,0
1,0,10,1,3985,35,197,12,3,1,1,30,948.8,0
0,0,34,0,2730,18,471,4,3,1,1,30,1993.92,0
15,0,3,0,810,0,14,4,4,1,1,30,171.802,1
0,0,7,0,1182,13,0,5,2,1,1,25,53.775,1
0,0,31,0,6290,90,0,17,4,1,1,45,159.5,0
2,1,36,0,4405,15,16,44,2,1,2,45,80.036,1
1,0,26,1,498,0,6,8,2,1,2,45,10.554,1
3,0,39,0,990,19,0,10,2,1,2,25,45.405,0
2,0,10,1,2468,37,14,13,3,1,1,30,156.2,0
11,0,37,0,3660,76,0,24,2,1,1,25,168.12,0
4,1,30,0,975,1,12,44,3,1,2,30,62.399,1
0,0,38,0,7383,129,388,46,2,1,1,25,2084.04,0
9,0,38,4,1243,20,32,19,5,1,1,55,66.945,0
1,0,27,0,510,0,69,7,2,1,1,45,190.532,1
6,0,40,0,2688,44,5,33,2,1,1,25,107.64,1
14,1,42,0,2528,54,49,37,4,1,2,45,187.05,1
14,0,39,1,5080,82,30,17,3,1,1,30,326.48,0
13,1,36,1,5818,98,26,24,2,1,1,25,383.22,1
15,0,38,3,3685,69,203,40,2,1,1,25,1082.43,0
15,0,29,0,590,38,4,13,2,1,2,25,46.26,1
7,0,30,0,5433,90,9,18,2,1,1,25,289.035,1
6,1,38,0,0,0,8,13,3,1,2,45,0.0,1
3,1,42,2,144,0,69,30,3,1,2,30,89.241,1
2,1,7,0,2987,29,55,44,3,1,1,30,25.555,1
23,0,22,2,6878,155,103,49,2,2,1,25,779.985,0
5,0,37,0,14885,172,129,15,2,1,1,25,1258.065,0
0,1,29,0,0,12,73,38,4,1,2,30,393.789,1
0,0,35,0,0,0,0,0,2,1,2,25,0.0,1
1,0,37,1,6255,83,184,26,3,1,1,30,989.52,0
5,0,37,1,11275,153,2,44,4,1,1,45,290.7,0
0,0,32,0,2780,19,0,12,3,1,1,30,111.96,0
8,1,35,0,4258,27,8,11,5,1,1,25,6.634,1
5,0,40,0,415,10,7,2,3,1,2,30,45.0,0
0,0,35,0,0,0,0,0,2,1,2,25,0.0,1
14,0,14,1,595,0,13,47,5,1,1,30,210.564,1
11,0,37,0,2803,12,60,48,4,1,2,25,39.836,1
6,0,38,1,2605,42,287,18,3,1,1,30,1253.88,0
0,0,25,0,6220,81,0,14,4,1,1,45,157.525,0
11,0,20,3,2600,42,56,31,3,1,1,30,329.68,0
0,1,28,0,1703,28,12,23,3,1,2,30,117.24,1
1,0,32,0,5658,85,0,6,2,1,1,25,258.435,0
2,1,33,2,225,0,44,27,2,1,1,25,72.434,1
13,1,34,0,168,20,0,46,4,1,1,30,126.538,1
0,0,20,0,2740,47,0,16,3,1,1,30,111.48,0
14,0,34,2,2133,55,52,76,5,1,1,55,110.82,0
7,1,36,0,303,44,49,45,3,1,2,30,108.506,1
8,0,33,0,15405,180,140,26,2,1,1,25,1331.325,0
0,0,30,0,0,7,13,16,4,1,2,45,84.073,1
4,1,35,0,2220,0,0,28,4,1,2,25,46.019,1
5,1,36,0,2513,50,0,8,3,1,2,30,54.761,1
12,0,28,0,114,53,8,34,2,1,1,45,158.535,1
10,1,37,0,2363,0,23,23,4,1,2,30,31.342,1
1,1,41,0,44,0,7,7,3,1,2,30,49.293,1
3,0,27,0,2016,0,65,46,3,1,1,30,92.251,1
26,0,25,3,6958,157,107,50,2,2,1,25,801.675,0
8,0,29,0,1809,7,0,23,3,1,2,25,115.083,1
0,0,39,0,1363,25,1,5,4,1,1,45,37.2,0
15,1,30,0,1388,0,17,38,2,1,2,30,199.681,1
2,1,30,0,2505,27,0,9,2,1,2,25,113.94,1
2,0,30,3,1353,0,5,7,2,1,1,45,97.293,1
4,1,38,0,1968,36,0,4,2,1,2,45,138.337,1
14,0,5,0,1211,56,10,48,4,1,2,30,127.322,1
0,0,36,0,0,0,25,0,2,1,2,25,112.5,1
5,0,37,0,2765,44,286,16,3,1,1,30,1256.36,0
2,0,22,0,1315,30,185,10,2,2,1,25,893.025,0
12,0,40,1,2298,57,13,19,3,1,1,30,146.2,0
14,0,17,1,6202,140,76,39,2,2,1,25,627.39,0
13,0,17,3,2053,35,22,15,3,1,1,30,171.52,1
2,1,23,0,1295,0,11,39,2,1,2,25,42.411,1
0,0,31,0,7248,117,369,37,2,1,1,25,1991.925,0
0,0,36,0,13278,162,0,39,3,1,1,30,537.6,0
3,0,28,0,5253,82,4,16,2,1,1,25,258.075,1
12,0,35,0,2393,42,30,28,4,1,2,45,135.875,1
24,1,25,1,0,0,17,48,3,1,2,30,77.986,1
0,0,21,0,1390,26,29,13,2,1,1,25,194.22,0
11,0,11,0,6133,131,70,36,1,2,1,15,729.52,0
0,0,31,0,0,0,0,0,2,1,2,25,0.0,1
10,0,37,1,6963,78,110,37,2,1,1,25,811.845,0
27,0,42,10,10820,101,18,48,5,1,1,55,190.815,0
7,1,34,0,0,0,14,9,3,1,2,25,38.577,1
0,0,39,0,73,2,5,4,2,1,1,25,25.875,0
14,0,42,2,11950,168,29,54,4,1,1,45,375.45,0
7,0,36,0,2078,43,25,28,3,1,2,30,184.84,1
11,0,41,2,6338,107,46,18,3,1,1,30,441.8,0
4,0,39,0,918,15,28,19,3,1,2,30,149.32,0
6,1,25,0,939,0,16,28,4,1,1,25,184.396,1
18,0,39,3,9420,127,151,45,3,1,1,30,985.88,0
8,0,31,1,703,0,58,30,2,1,2,25,0.0,1
12,1,42,0,1157,40,26,22,2,1,2,25,61.513,1
11,0,26,0,585,19,0,3,2,1,2,25,27.18,0
4,1,30,0,1341,13,8,17,4,1,2,30,107.347,1
8,0,34,0,4568,0,6,28,3,1,1,30,160.365,1
3,1,31,0,434,17,54,12,3,1,2,25,63.834,1
28,1,35,0,1260,53,23,19,3,1,2,30,144.52,1
1,0,3,0,610,0,9,30,2,1,2,45,78.158,1
17,0,34,1,6043,102,23,22,2,1,1,25,380.025,0
4,0,42,0,458,0,65,0,3,1,2,30,253.495,1
0,0,33,0,0,0,0,0,4,1,2,45,0.0,1
2,1,33,0,4803,81,0,22,2,1,1,25,219.78,1
2,0,45,0,70,14,7,32,4,1,2,30,104.166,1
3,1,37,1,680,0,7,7,3,1,2,45,0.0,1
0,0,37,0,340,0,5,48,4,1,1,30,131.642,1
12,1,42,0,211,9,4,7,3,1,2,25,62.448,1
0,0,34,0,7088,115,345,37,2,1,1,25,1876.635,0
11,0,32,0,2610,12,11,43,2,1,1,30,2.712,1
3,0,30,0,494,91,4,18,2,1,2,25,473.703,1
18,0,25,2,2508,2,0,31,3,1,2,25,55.881,1
11,0,38,3,5115,93,23,40,3,1,1,30,300.32,0
9,0,27,0,0,7,8,14,3,1,2,45,2.679,1
16,1,27,0,1751,39,55,7,4,1,2,30,127.509,1
1,0,32,0,1903,35,22,27,3,1,2,30,165.52,1
6,0,34,0,0,0,3,22,2,1,1,30,239.155,1
0,0,40,0,7203,127,385,42,3,1,1,30,1833.2,0
8,0,39,0,1420,25,21,8,3,1,2,30,141.8,0
32,0,33,4,16570,245,16,85,2,2,1,25,828.675,0
5,0,40,0,1665,50,46,21,4,1,2,45,157.875,0
21,0,33,0,765,46,7,14,2,1,2,25,67.995,1
29,1,29,0,181,0,7,46,2,1,1,25,30.963,1
7,0,44,0,973,48,24,3,2,1,2,25,0.0,1
34,1,31,1,2447,5,9,8,2,1,1,25,149.181,1
1,1,32,0,924,0,31,16,2,1,1,45,0.0,1
13,0,36,1,1018,51,8,29,2,1,1,25,313.769,1
0,0,32,0,0,0,0,0,2,1,2,25,0.0,1
14,0,35,1,6223,103,27,22,2,1,1,25,406.17,0
0,0,33,0,0,0,0,0,3,1,2,30,0.0,1
5,0,42,1,2440,41,295,22,3,1,1,30,1279.24,0
13,0,33,2,9160,117,136,39,3,1,1,30,915.08,0
0,0,35,0,2080,10,451,6,3,1,1,30,1887.6,0
12,0,37,1,3050,44,14,18,3,1,1,30,179.76,1
0,0,36,0,685,14,25,13,2,1,2,25,143.955,0
10,1,35,0,2673,49,35,29,3,1,2,30,248.88,1
0,0,35,0,1170,18,14,24,2,1,2,25,116.46,0
0,1,41,2,3505,6,26,25,4,1,2,25,160.221,1
6,0,37,1,1725,47,43,22,3,1,1,30,242.88,0
9,0,34,0,250,21,7,48,2,1,2,30,123.546,1
10,1,32,0,0,6,0,14,3,1,1,30,74.589,1
0,1,3,0,405,8,6,22,3,1,2,45,121.924,1
12,0,42,2,3165,61,192,29,2,1,1,25,1009.17,0
17,0,45,2,4503,78,16,38,1,1,1,15,339.955,0
2,1,29,0,3723,0,4,4,3,1,1,25,222.988,1
0,0,37,0,743,13,41,8,4,1,2,45,121.4,1
0,0,32,0,263,1,0,1,3,1,2,30,10.56,1
13,0,40,0,456,0,37,8,3,1,2,25,11.851,1
2,1,30,0,475,5,18,24,2,1,1,25,105.504,1
0,0,34,0,955,33,13,20,3,1,2,30,91.52,0
0,0,28,0,221,7,2,1,2,1,2,25,77.785,1
1,0,27,0,1443,41,34,71,4,1,1,45,122.1,0
8,1,35,0,2399,0,0,29,2,1,1,30,116.079,1
0,0,31,0,4210,71,0,22,3,1,1,30,171.24,0
7,0,35,0,2393,57,354,22,2,1,1,25,1703.25,0
5,0,24,1,3350,59,7,20,3,1,1,30,164.36,0
10,1,41,1,1925,0,0,18,3,1,2,55,96.876,1
12,0,35,1,6943,79,105,35,2,1,1,25,788.49,0
6,0,34,3,6965,116,271,33,2,2,1,25,1538.145,0
34,0,37,0,2139,0,4,36,4,1,2,25,300.208,1
21,1,40,8,10390,97,9,46,5,2,1,55,170.805,0
0,0,35,0,14580,166,122,13,2,1,1,25,1212.57,0
10,1,28,0,549,0,85,13,3,1,1,25,46.776,1
2,0,41,0,2106,0,22,7,3,1,2,30,56.032,1
0,0,29,2,6480,102,253,26,2,2,1,25,1434.69,0
0,0,35,1,148,4,29,4,5,1,1,55,45.78,0
2,0,34,0,1773,37,18,26,3,1,2,30,144.4,1
0,0,28,1,2176,34,21,38,2,1,1,25,236.394,1
4,0,30,0,746,25,0,30,2,1,2,45,241.211,1
9,0,41,0,15440,186,158,34,2,1,1,25,1414.17,0
2,0,27,0,1723,4,6,29,4,1,1,25,6.799,1
0,0,35,0,570,8,0,9,2,1,2,25,26.01,0
27,1,41,0,20,0,6,20,2,1,2,30,470.844,1
5,0,34,1,3140,23,475,4,3,1,1,30,2026.52,0
7,0,38,0,1597,69,1,6,3,1,2,55,23.535,1
3,1,11,3,318,0,23,24,3,1,1,45,43.344,1
8,1,27,0,4607,1,54,8,3,1,1,25,405.928,1
3,0,36,0,1780,50,70,24,4,1,2,45,220.75,0
5,0,40,0,849,44,46,38,5,1,2,45,13.7,1
5,0,17,2,2728,47,35,22,3,1,1,30,251.0,0
2,0,33,2,682,51,8,6,3,1,1,45,167.01,1
13,0,39,2,5225,94,10,25,3,1,1,30,252.76,0
1,0,32,2,6660,110,264,31,2,2,1,25,1492.65,0
2,0,28,1,1583,13,14,5,4,2,2,30,117.279,1
9,1,39,0,0,0,8,9,3,1,2,45,362.689,1
7,1,37,0,2101,21,9,10,4,1,2,25,9.802,1
8,0,39,4,6965,122,279,34,3,2,1,30,1399.48,0
17,0,28,0,1410,36,18,7,3,1,2,30,129.84,0
5,0,24,0,1035,32,44,15,2,1,1,25,246.015,0
10,0,24,0,1110,26,0,9,2,1,1,25,51.12,0
20,0,29,2,15770,232,0,78,2,1,1,25,720.09,0
10,0,36,0,1234,0,0,20,2,1,2,45,163.606,1
17,0,3,0,2270,69,5,13,3,1,2,25,549.783,1
4,0,36,0,7913,132,385,41,2,1,1,25,2094.525,0
8,1,41,0,0,0,0,42,3,1,2,30,12.55,1
6,1,28,0,0,0,13,34,2,1,1,45,239.514,1
0,0,3,0,1103,11,0,1,2,1,1,25,50.13,1
10,0,39,2,11525,157,16,49,4,2,1,45,332.05,0
22,0,30,0,1525,35,4,39,3,1,2,45,84.386,1
6,0,29,0,1372,0,0,7,3,1,2,30,57.225,1
1,0,35,0,1420,41,36,20,3,1,1,30,202.44,0
6,0,39,0,2113,56,12,20,3,1,2,30,134.76,0
10,0,37,0,2453,60,359,24,3,1,1,30,1536.52,0
0,1,33,0,0,26,13,11,4,1,2,45,340.423,1
18,0,30,0,535,35,0,11,2,1,2,25,25.65,1
14,0,38,5,7330,125,283,37,3,2,1,30,1430.2,0
9,0,40,2,2033,34,12,10,4,1,1,45,81.675,0
0,0,32,0,0,0,0,0,4,1,2,45,0.0,1
11,0,28,0,3247,10,24,2,3,1,2,45,260.661,1
19,1,34,2,708,53,20,18,2,1,2,25,111.747,1
0,1,29,0,953,0,19,3,2,1,2,45,32.323,1
1,1,26,0,1856,87,38,31,2,1,2,25,39.588,1
3,0,37,2,1240,24,0,32,2,1,1,25,38.673,1
0,0,3,0,631,6,6,20,4,1,2,25,75.07,1
0,0,32,0,254,19,38,44,2,1,2,30,110.74,1
0,0,31,0,0,0,0,0,4,1,2,45,0.0,1
0,0,30,0,11160,142,0,44,3,1,1,30,452.08,0
4,0,33,0,3374,43,35,3,3,1,2,25,74.519,1
3,0,18,0,920,20,4,10,1,1,1,15,73.7,0
0,0,35,0,10560,138,0,30,3,1,1,30,427.92,0
7,0,40,0,2148,60,360,23,3,1,1,30,1528.32,0
4,1,40,0,642,0,1,2,3,1,1,25,0.0,1
11,0,44,2,2233,41,22,14,4,1,1,45,111.85,0
5,0,25,0,1973,44,31,66,4,1,1,45,127.925,0
6,1,31,0,0,16,27,17,3,2,1,25,538.905,1
14,0,40,2,3835,85,37,30,3,2,1,30,304.8,0
0,1,31,0,2109,32,31,22,3,1,1,30,35.65,1
7,0,20,1,2000,32,35,16,3,1,1,30,221.28,0
0,0,36,0,1349,0,2,48,3,1,2,25,309.205,1
11,0,40,1,6223,101,14,14,3,1,1,30,308.96,0
10,0,44,3,6805,98,201,29,4,1,1,45,675.075,0
5,1,25,0,3968,0,17,48,2,1,2,30,53.024,1
0,0,23,0,0,0,0,0,4,1,2,45,0.0,0
13,0,38,0,2838,64,29,32,3,1,2,30,232.08,0
17,0,29,0,2416,36,0,48,2,1,1,25,167.366,1
5,1,11,1,1193,15,7,2,3,1,1,30,76.32,1
19,1,44,0,867,0,19,27,3,1,2,25,113.574,1
27,0,38,3,15385,228,56,32,3,1,1,30,848.52,0
13,0,20,1,6087,141,86,41,2,2,1,25,667.26,0
8,0,35,0,902,25,50,43,4,1,1,30,100.561,1
10,0,38,1,4615,74,7,17,3,1,1,30,215.56,0
7,1,41,0,618,16,18,9,3,1,2,30,97.36,1
0,0,37,0,0,0,0,0,2,1,2,25,0.0,0
16,1,3,0,0,5,1,0,4,1,2,30,90.636,1
14,0,28,0,1496,11,1,8,3,1,1,45,358.195,1
20,0,17,3,6993,151,106,57,2,2,1,25,798.48,0
2,0,35,0,19,24,57,6,3,1,1,25,0.0,1
9,0,35,1,2905,51,171,20,2,1,1,25,902.52,0
0,0,33,0,1170,37,22,15,3,1,2,30,136.28,0
25,0,34,3,15185,221,46,28,3,1,1,30,800.24,0
11,0,27,0,700,25,10,7,2,1,2,25,77.625,0
21,0,35,7,10320,87,0,38,4,2,1,45,260.175,0
5,0,30,1,1648,41,40,72,4,1,1,45,142.225,0
10,0,25,0,1225,32,19,13,2,1,1,25,142.065,0
0,0,33,0,0,0,0,0,5,1,1,55,0.0,0
6,0,37,2,3609,0,6,24,2,1,2,25,175.525,1
10,0,16,0,5682,130,60,42,1,2,1,15,649.66,0
6,1,28,0,1955,0,24,40,3,1,1,25,97.939,1
5,0,12,1,1668,27,11,12,3,1,1,30,111.8,1
2,1,29,0,2195,3,27,3,3,1,2,30,226.911,1
9,0,32,0,1129,29,6,43,2,1,2,25,0.0,1
0,1,31,0,0,0,5,6,3,1,2,45,332.288,1
3,0,33,0,933,7,8,5,4,1,2,45,43.5,1
24,0,32,0,1360,52,17,15,2,1,2,25,140.04,1
0,0,26,0,0,0,0,0,4,1,2,45,0.0,0
1,1,30,0,658,0,2,0,2,1,1,25,97.671,1
8,0,41,1,6673,79,116,41,2,1,1,25,825.84,0
26,1,35,0,1070,52,14,16,3,1,2,30,100.88,1
13,0,32,6,10070,84,0,38,4,1,1,45,253.85,0
0,0,34,0,568,4,4,2,4,1,2,45,24.3,1
0,0,35,0,0,0,0,0,2,1,2,25,0.0,1
0,0,32,0,246,5,51,16,2,1,1,25,74.153,1
0,0,37,0,0,0,0,0,2,1,2,25,0.0,1
16,0,31,0,0,0,56,26,2,1,1,30,179.974,1
28,0,40,4,15200,228,59,34,3,1,1,30,853.12,0
4,0,24,0,867,0,22,4,3,1,1,30,86.987,1
8,0,34,0,2273,52,348,19,3,1,1,30,1485.0,0
11,1,29,0,0,12,2,11,2,1,2,30,106.112,1
14,0,34,0,0,0,37,27,4,1,2,25,70.65,1
9,0,34,2,7495,108,22,22,5,1,1,55,147.045,0
1,0,7,2,4685,44,229,23,3,1,1,30,1105.16,0
0,0,33,0,0,0,0,0,3,1,2,30,0.0,1
10,0,36,3,3745,38,28,31,3,1,1,30,263.32,0
21,1,28,0,955,41,8,16,2,1,2,25,80.82,1
7,0,35,0,3185,58,176,21,2,1,1,25,937.935,0
0,1,27,0,904,0,71,8,2,1,2,45,69.299,1
6,0,39,1,7623,132,382,42,3,1,1,30,1838.2,0
0,0,30,0,3805,55,0,9,2,1,1,25,173.7,0
0,0,32,0,325,6,0,2,2,1,2,25,14.895,0
12,0,41,3,4935,95,41,31,4,1,1,45,228.25,0
13,0,27,1,1340,37,17,12,2,1,1,25,138.465,0
9,0,31,0,2067,2,20,39,3,1,1,45,61.222,1
8,0,37,0,1970,50,45,22,3,1,2,30,260.8,0
7,0,37,0,2416,0,1,5,3,1,2,45,55.465,1
8,0,35,0,4018,58,0,30,1,1,1,15,224.18,0
7,0,28,0,920,32,20,12,2,1,1,25,132.84,0
0,0,34,0,5485,69,154,24,3,1,1,30,838.16,0
16,0,26,0,650,35,1,14,2,1,2,25,35.325,1
3,0,40,0,13548,165,3,46,3,1,1,30,560.52,0
5,0,29,0,1075,13,3,20,2,1,2,25,92.731,1
8,0,44,0,0,0,5,9,3,1,2,30,0.0,1
16,0,29,0,1005,31,17,9,3,1,2,30,109.44,0
0,1,3,0,3783,0,0,48,5,2,2,45,73.424,1
1,0,32,2,6660,110,264,31,2,2,1,25,1492.65,0
2,1,35,0,0,4,18,0,2,1,1,45,240.454,1
18,0,29,2,15580,231,0,75,2,1,1,25,711.495,0
1,1,28,0,266,0,80,9,2,1,2,25,0.0,1
6,0,37,1,6473,72,106,37,2,1,1,25,771.525,0
0,0,41,0,830,18,8,15,2,1,2,25,74.16,0
0,1,29,0,499,0,0,40,3,1,1,30,0.0,1
0,0,36,1,338,4,4,2,5,1,1,55,11.13,0
19,0,42,3,4140,91,44,32,3,1,1,30,345.24,0
18,0,29,2,1590,41,31,17,2,1,1,25,212.895,0
13,0,38,1,3965,83,41,31,3,1,1,30,325.92,0
0,0,39,0,2415,6,30,30,2,1,1,25,0.0,1
0,1,33,0,267,15,14,4,3,1,1,25,291.886,1
0,0,33,1,1079,0,1,27,2,1,1,25,12.532,1
12,1,30,0,0,5,4,6,2,1,2,25,110.461,1
0,0,37,0,1650,28,260,18,3,1,1,30,1107.12,0
12,0,31,0,529,0,11,7,2,1,2,45,27.793,1
14,0,39,1,15790,188,157,32,2,1,1,25,1425.51,0
11,1,24,0,0,22,69,22,4,1,1,30,0.0,1
33,0,26,0,3092,0,0,0,3,1,1,30,83.731,1
3,0,37,1,6740,101,22,26,5,1,1,55,135.615,0
6,0,33,0,2930,38,4,14,2,1,2,25,151.56,1
1,0,28,0,1190,38,197,14,2,2,1,25,941.76,0
13,0,15,0,6277,136,87,43,1,2,1,15,831.215,0
9,0,38,1,14018,172,7,44,3,1,1,30,595.6,0
9,0,18,2,2558,41,17,6,3,1,1,30,171.96,0
4,0,35,0,11350,149,13,48,3,1,1,30,511.96,0
26,0,33,2,15780,234,7,67,2,1,1,25,752.13,0
2,0,27,0,3658,0,0,31,3,1,2,25,118.439,1
15,0,38,3,4375,92,53,43,3,1,1,30,390.68,0
0,1,11,1,512,14,29,21,3,1,1,30,987.255,1
10,0,41,0,2408,64,367,28,3,1,1,30,1566.88,0
1,1,37,0,95,0,38,5,3,2,2,25,53.014,1
1,0,32,0,2910,0,0,45,4,1,2,30,35.398,1
0,1,37,0,2828,0,0,14,4,1,1,30,79.619,1
9,0,3,0,1594,0,38,9,2,1,2,45,0.0,1
22,1,30,0,1715,42,25,9,3,1,2,30,170.28,1
10,0,36,2,4070,86,46,41,3,1,1,30,350.24,0
12,0,40,2,4820,89,9,27,3,1,1,30,232.36,0
0,0,32,0,1935,6,0,2,3,1,1,30,77.64,0
0,0,35,0,6440,83,181,24,3,1,1,30,984.92,0
5,0,14,0,5377,124,53,40,1,2,1,15,594.055,0
0,0,31,0,9,14,14,5,2,1,2,45,75.893,1
0,0,30,0,6195,74,171,23,3,1,1,30,934.76,0
5,0,35,0,305,6,7,2,2,1,2,25,45.495,1
9,1,38,2,799,25,35,8,2,1,2,30,137.408,1
3,0,39,0,1620,48,46,24,3,1,2,30,250.72,0
9,0,41,2,6798,77,118,41,2,1,1,25,840.375,0
0,0,16,0,1200,19,12,9,2,1,1,25,108.855,0
9,0,31,1,1761,0,0,35,4,1,1,45,170.814,1
20,1,31,1,191,0,19,7,2,1,1,25,89.116,1
0,0,30,0,2475,13,0,10,3,1,1,30,99.52,0
26,1,30,0,1260,47,15,18,2,1,2,25,126.315,1
3,1,34,0,256,0,27,26,3,1,2,30,97.596,1
0,0,25,0,820,29,177,6,2,2,1,25,834.705,0
2,0,35,0,2180,31,274,13,3,1,1,30,1184.44,0
10,0,40,2,4083,91,14,32,3,1,1,30,222.96,0
8,1,15,2,1748,29,15,13,3,1,1,30,131.08,1
10,0,27,0,1451,34,11,21,3,1,2,45,0.0,1
0,0,34,0,3603,77,4,29,2,1,1,25,183.6,0
2,0,39,0,1153,16,5,7,3,1,1,30,56.192,1
0,0,37,0,248,8,32,6,3,1,2,30,138.24,1
9,0,36,0,2268,44,34,31,3,1,2,30,228.48,1
24,1,31,0,1901,0,12,24,4,1,2,30,115.656,1
0,0,25,0,0,0,0,0,2,1,2,25,0.0,0
11,0,42,1,3040,63,190,29,2,1,1,25,994.635,0
23,0,28,2,0,22,52,39,2,1,2,30,12.793,1
0,0,34,0,434,0,9,6,3,1,1,25,8.617,1
0,0,35,0,1478,25,25,8,4,1,1,45,100.075,0
6,0,38,1,11060,149,0,49,4,1,1,45,280.225,0
16,1,41,0,2753,58,52,38,4,1,2,45,200.275,1
11,0,40,0,15665,190,161,35,2,1,1,25,1437.975,0
10,0,38,0,4560,72,14,20,3,1,1,30,241.28,0
0,0,30,0,3950,67,0,17,3,1,1,30,160.68,0
0,0,37,1,2905,27,508,10,3,1,1,30,2149.28,0
19,0,36,2,2509,0,7,0,3,2,2,30,220.462,1
1,0,40,0,1623,29,8,10,3,1,1,30,98.08,0
17,0,25,0,2097,0,7,8,2,1,2,30,103.664,1
10,1,25,0,236,0,46,21,2,1,1,30,34.893,1
9,1,35,0,2990,41,9,16,3,1,2,30,157.24,1
0,0,33,0,2132,16,18,44,2,1,2,25,33.463,1
0,0,17,0,2660,45,0,15,3,1,1,30,108.2,0
12,0,34,0,15790,182,149,31,2,1,1,25,1389.24,0
23,0,39,8,10615,101,12,47,5,1,1,55,178.74,0
3,0,34,2,1349,17,17,6,3,1,2,45,91.178,1
3,0,32,2,6850,111,273,34,2,2,1,25,1541.745,0
2,0,44,0,710,0,36,48,3,1,1,25,94.578,1
0,0,27,0,6400,89,0,16,4,1,1,45,162.225,0
7,1,29,1,113,4,51,7,3,1,2,30,52.271,1
14,1,3,0,873,50,20,26,3,1,1,25,40.308,1
6,1,28,0,0,0,15,13,3,1,1,30,203.021,1
0,1,41,1,4184,84,22,24,3,1,1,30,0.0,1
4,0,43,0,710,20,21,9,3,1,2,30,113.2,0
7,0,32,1,718,47,10,8,2,1,1,45,110.283,1
22,0,23,3,6778,149,102,48,2,2,1,25,770.715,0
0,0,29,0,0,0,0,0,4,1,1,45,0.0,0
12,1,29,0,847,14,57,0,2,1,2,30,237.887,1
12,0,11,1,8978,167,65,36,4,1,1,45,391.125,0
0,0,35,0,7203,121,377,41,2,1,1,25,2026.08,0
9,0,38,2,3205,31,12,18,3,1,1,30,177.44,0
15,0,40,1,4503,72,8,37,1,1,1,15,295.625,0
20,0,43,3,6123,110,41,27,3,1,1,30,413.32,0
13,0,40,3,7138,87,147,43,3,1,1,30,877.0,0
9,1,34,2,240,27,3,21,3,1,2,30,73.059,1
20,0,29,0,1605,41,38,24,3,1,2,30,217.84,0
6,0,35,0,15370,177,152,31,2,1,1,25,1383.615,0
15,0,41,2,4618,78,40,41,1,1,1,15,478.28,0
2,0,33,0,3095,21,475,7,3,1,1,30,2024.64,0
2,0,37,0,542,0,13,16,2,1,1,55,360.148,1
2,1,30,3,1735,0,66,25,4,1,2,45,0.0,1
18,0,17,1,6638,144,87,42,2,2,1,25,696.69,0
7,1,29,0,2306,0,0,0,3,1,2,25,34.827,1
6,1,44,0,426,52,38,17,3,1,1,45,86.447,1
0,0,33,0,3298,70,0,22,2,1,1,25,151.56,0
2,0,26,0,1323,36,28,68,4,1,1,45,103.975,0
35,0,39,5,16640,254,22,88,2,2,1,25,859.23,0
21,0,19,2,6698,147,92,44,2,2,1,25,722.025,0
5,0,28,0,1273,35,16,55,4,1,1,45,72.7,0
6,0,33,0,2875,36,11,17,2,1,2,25,180.495,1
9,0,41,0,13953,177,11,49,3,1,1,30,609.2,0
27,0,36,4,16075,244,8,81,2,1,1,25,770.355,0
5,0,38,2,643,10,11,4,5,1,1,55,26.295,0
4,0,12,1,4570,48,226,15,3,1,1,30,1088.72,0
7,0,37,0,13658,163,0,40,3,1,1,30,552.84,0
1,0,38,0,723,10,8,2,2,1,2,25,68.985,0
4,0,34,0,2070,49,39,18,3,1,2,30,240.76,0
8,0,39,0,2583,58,7,31,1,1,1,15,183.755,0
2,0,29,0,848,15,0,4,2,1,2,30,0.0,1
5,0,36,0,980,0,0,48,3,1,1,25,0.0,1
19,0,17,1,9427,178,89,45,5,1,1,55,277.575,0
2,0,25,0,3225,61,8,23,3,1,1,30,163.44,0
2,0,39,0,2106,5,43,10,3,1,2,45,188.034,1
9,0,38,1,3530,79,30,28,3,1,1,30,264.36,0
1,0,30,2,941,0,53,1,2,1,2,45,0.0,1
12,0,41,2,14193,181,39,50,3,1,1,30,730.96,0
31,1,37,0,359,10,66,9,4,1,1,30,274.865,1
4,0,38,0,900,15,22,11,3,1,2,30,124.6,0
5,0,32,2,0,76,13,7,2,1,2,30,45.381,1
6,0,36,0,1457,6,6,39,4,1,2,30,88.435,1
0,0,38,0,1793,48,0,18,1,1,1,15,101.255,0
15,0,28,0,282,7,0,42,2,1,1,30,52.369,1
5,0,36,0,3893,60,0,33,1,1,1,15,217.415,0
12,1,41,0,502,3,14,18,5,1,1,45,82.942,1
4,1,31,0,2260,35,67,43,2,1,1,30,19.565,1
2,1,30,0,1505,0,6,40,2,1,2,30,99.749,1
9,0,29,2,1620,42,200,13,3,2,1,30,866.48,0
12,0,16,5,3453,55,52,34,3,1,1,30,348.32,0
10,1,35,1,471,9,26,15,3,1,2,45,75.983,1
5,0,28,0,1130,16,28,5,4,1,2,45,98.65,0
4,1,27,0,94,0,21,18,4,1,1,30,72.401,1
6,0,27,0,1000,28,22,15,2,1,1,25,145.26,0
6,0,45,4,3436,0,2,33,2,1,2,30,137.045,1
11,0,39,0,0,18,54,8,3,1,2,30,168.023,1
6,0,6,1,1792,19,0,8,3,1,1,30,72.44,1
14,0,29,0,815,30,8,6,3,1,2,30,65.8,0
0,1,32,0,1406,1,7,21,2,1,2,25,233.824,1
8,0,36,0,1855,44,13,18,3,1,2,30,127.96,0
2,0,38,0,2170,38,276,15,3,1,1,30,1192.32,0
16,1,36,0,0,0,4,5,3,1,2,25,75.698,1
4,0,30,1,3225,67,16,24,3,1,1,30,195.68,0
0,0,34,0,455,2,0,5,2,1,2,25,20.565,0
1,0,14,0,1615,24,18,10,2,1,1,25,154.755,0
0,1,29,0,279,10,11,20,2,1,2,30,199.226,1
2,1,27,0,361,16,16,20,2,1,2,30,0.0,1
5,1,32,0,668,11,44,31,3,1,1,25,27.425,1
11,0,42,2,3405,38,22,22,4,1,1,45,141.075,0
0,0,28,0,2920,61,9,22,3,1,1,30,155.24,0
4,1,37,3,2402,54,27,25,3,1,2,30,250.38,1
6,1,35,0,1747,0,67,9,2,1,2,30,73.921,1
4,0,35,0,15180,176,143,28,2,1,1,25,1334.52,0
0,0,38,2,847,2,45,45,2,1,2,30,41.812,1
3,0,34,0,6298,63,69,31,2,1,1,25,596.745,0
22,1,23,0,2820,9,3,12,3,1,1,45,0.0,1
5,0,43,1,2393,64,10,34,2,1,1,25,155.565,0
16,0,44,2,4583,74,18,41,1,1,1,15,355.135,0
20,0,44,4,9420,133,159,46,3,1,1,30,1018.12,0
0,0,32,0,5533,87,0,6,2,1,1,25,252.9,0
0,0,41,0,0,0,8,0,2,1,2,25,36.0,1
23,1,37,0,865,0,12,39,3,1,2,30,312.992,1
3,1,31,0,2342,3,5,24,2,1,1,25,487.396,1
3,1,37,0,2277,0,5,15,3,1,2,25,105.553,1
12,0,28,0,0,2,11,43,3,1,2,25,1.457,1
0,0,27,0,715,26,172,1,2,2,1,25,807.345,0
9,0,27,0,1758,39,7,66,4,1,1,45,62.425,0
1,1,37,2,1002,0,7,26,2,1,2,30,139.628,1
5,0,39,0,6205,82,172,13,3,1,1,30,939.48,0
6,0,34,0,4435,81,0,21,3,1,1,30,180.64,0
14,0,35,1,2678,64,356,22,3,1,1,30,1533.68,0
34,0,29,0,0,43,61,42,4,1,2,45,342.165,1
1,1,35,0,1922,26,35,2,3,1,1,25,987.255,1
2,0,21,0,860,23,7,9,2,1,1,25,71.235,0
7,0,37,3,7100,96,207,41,3,1,1,30,1115.84,0
4,0,36,0,15295,182,175,32,2,1,1,25,1483.965,0
1,0,33,0,1608,0,10,39,2,1,2,45,16.713,1
28,0,33,4,16190,243,0,79,2,2,1,25,739.485,0
0,0,27,0,940,16,53,7,4,1,2,45,156.4,0
0,1,34,1,2311,0,6,29,4,1,1,25,12.55,1
8,0,16,3,2852,45,31,19,3,1,1,30,239.88,0
17,0,33,0,1085,33,27,13,3,1,2,30,152.72,0
14,0,28,0,165,0,14,45,4,1,2,25,216.108,1
7,0,30,0,4314,0,9,43,3,1,2,45,509.798,1
2,0,35,1,2915,19,472,3,3,1,1,30,2005.36,0
0,0,36,1,0,0,0,0,5,1,1,55,0.0,0
5,0,38,0,2002,35,12,6,2,1,2,25,253.796,1
3,0,30,0,572,26,42,37,3,1,2,30,204.301,1
9,0,35,1,3595,74,21,23,3,1,1,30,230.76,0
30,0,33,4,16380,244,7,82,2,2,1,25,779.58,0
0,0,36,0,5790,75,161,26,3,1,1,30,878.6,0
18,0,39,3,9420,127,151,45,3,1,1,30,985.88,0
9,0,41,0,1223,21,35,21,3,1,2,30,189.76,0
4,0,37,0,3488,55,0,35,1,1,1,15,194.865,0
10,0,25,0,1225,32,19,13,2,1,1,25,142.065,0
5,0,38,0,734,15,10,0,3,1,1,30,39.539,1
20,0,35,1,14720,213,15,26,2,1,1,25,739.485,0
6,0,26,0,480,89,7,2,2,1,1,25,462.036,1
3,0,45,0,2735,0,30,9,2,1,2,30,189.766,1
5,0,34,0,948,0,8,3,3,1,2,25,107.165,1
4,1,22,0,817,11,4,22,2,1,2,25,90.366,1
19,0,25,1,15690,230,0,74,2,1,1,25,716.4,0
8,0,37,1,6718,75,108,37,2,1,1,25,791.685,0
2,0,34,0,3833,57,0,31,2,1,1,25,175.05,0
4,0,35,0,15180,176,143,28,2,1,1,25,1334.52,0
6,0,26,0,1758,40,39,71,4,1,1,45,142.45,0
0,1,37,0,3103,0,17,13,3,1,1,25,187.071,1
12,0,17,0,5793,131,64,27,1,2,1,15,677.82,0
0,1,40,0,689,0,1,22,3,2,2,45,14.565,1
0,0,42,0,455,0,13,29,3,1,2,30,89.823,1
12,0,43,2,11725,164,26,53,4,1,1,45,362.225,0
0,0,28,0,3202,19,6,48,3,1,1,45,58.482,1
13,0,36,1,9000,115,112,39,3,1,1,30,812.6,0
5,1,31,1,0,0,25,40,2,1,2,25,48.965,1
5,0,42,0,888,17,24,10,4,1,2,45,82.625,1
34,1,33,0,0,0,9,35,3,1,2,25,80.877,1
9,0,42,1,4450,73,15,21,3,1,1,30,240.92,0
0,1,36,0,0,10,4,2,3,1,2,45,104.996,1
0,0,33,0,451,0,10,36,3,1,1,30,67.005,1
9,0,23,1,2180,40,46,21,3,1,1,30,272.8,0
9,0,44,2,2778,66,19,39,2,1,1,25,213.48,0
2,1,37,0,831,0,18,14,3,1,1,45,72.657,1
0,1,41,0,2065,86,64,10,3,1,1,30,0.0,1
1,0,35,0,1475,43,29,17,3,1,2,30,176.72,0
0,0,29,0,520,10,22,2,4,1,2,45,68.25,0
19,0,19,5,3867,62,46,21,3,1,1,30,341.16,0
2,1,10,1,1082,14,0,9,3,1,1,30,43.84,1
6,1,35,0,402,8,47,29,2,1,1,30,106.313,1
15,0,14,1,9058,169,69,37,5,1,1,55,241.905,0
2,0,31,0,825,16,29,4,4,1,2,45,93.525,0
7,0,27,0,326,0,10,20,3,1,1,25,99.363,1
1,0,34,0,7328,119,373,38,2,1,1,25,2013.615,0
8,0,36,0,1205,0,9,34,2,1,1,25,90.616,1
0,1,44,1,0,0,65,7,2,1,1,25,60.873,1
9,0,13,0,8817,166,75,41,4,1,1,45,412.075,0
3,0,38,2,6615,92,218,30,3,1,1,30,1140.28,0
23,0,36,0,1266,0,55,30,3,1,1,25,379.645,1
0,0,16,0,1635,23,23,12,2,1,1,25,178.11,0
11,0,29,1,1305,34,29,17,2,1,1,25,190.755,0
5,0,35,0,1015,14,12,9,2,1,2,25,100.305,0
2,0,37,3,825,83,0,17,2,1,2,25,229.191,1
5,0,35,0,6658,72,103,35,2,1,1,25,766.35,0
0,1,42,0,1782,0,41,48,2,1,2,30,100.355,1
20,0,41,0,3253,71,23,19,4,1,2,45,140.6,0
10,0,28,0,0,84,43,6,2,1,1,30,73.507,1
12,0,35,0,2543,54,7,18,3,1,2,30,131.88,0
0,0,35,0,0,0,2,0,2,1,2,25,9.0,1
12,0,35,4,7690,113,42,39,5,1,1,55,180.045,0
7,0,31,1,7010,101,11,20,5,1,1,55,123.165,0
12,0,36,0,2004,3,6,6,2,1,2,25,66.426,1
7,0,39,0,3965,66,0,19,3,1,1,30,161.24,0
10,0,37,0,2453,60,359,24,3,1,1,30,1536.52,0
1,1,33,0,1459,0,204,0,4,1,1,30,330.532,1
4,1,35,0,3626,0,6,9,5,1,2,30,104.423,1
15,0,36,6,7870,132,299,50,3,2,1,30,1516.08,0
15,0,3,0,1842,0,59,4,2,1,2,45,30.866,1
31,1,39,0,775,0,15,7,2,1,2,30,0.0,1
7,1,7,1,1713,23,7,5,3,1,1,30,97.44,1
0,0,34,0,0,0,36,24,4,1,1,30,97.583,1
0,0,33,0,4030,69,0,18,3,1,1,30,163.96,0
4,0,31,0,28,0,8,33,3,1,2,30,92.678,1
1,0,30,0,1665,38,30,19,3,1,2,30,188.12,0
5,0,36,1,305,6,7,2,5,1,1,55,15.165,0
8,0,25,0,0,0,20,35,3,1,2,45,108.35,1
1,1,29,0,1656,0,6,21,4,1,2,25,219.342,1
9,0,31,1,0,2,11,32,4,1,1,25,27.534,1
0,0,35,0,6195,80,179,24,3,1,1,30,967.0,0
9,0,32,1,1518,0,5,48,2,1,1,30,2.295,1
5,0,42,2,598,14,19,8,5,1,1,55,37.68,0
0,0,36,1,338,4,4,2,5,1,1,55,11.13,0
0,0,32,0,741,1,6,4,2,1,1,25,62.182,1
1,1,28,0,80,43,34,19,5,2,1,45,104.023,1
5,0,40,0,305,6,7,2,2,1,2,25,45.495,0
0,1,42,0,1631,0,15,8,2,1,1,30,296.464,1
2,0,37,0,349,18,14,48,3,1,1,45,63.976,1
4,1,3,0,576,59,8,38,4,1,1,25,73.017,1
15,1,26,0,2051,21,12,24,3,1,2,25,284.114,1
0,0,36,0,2055,33,278,16,3,1,1,30,1195.52,0
0,0,33,0,795,12,0,7,2,1,2,25,36.315,0
1,0,32,0,1646,2,14,5,3,1,2,30,257.262,1
1,1,36,0,2856,4,23,9,3,1,1,30,0.0,1
34,0,23,0,0,85,3,20,3,1,1,25,36.611,1
0,0,36,0,2600,20,467,3,3,1,1,30,1972.8,0
9,0,41,3,3515,39,522,14,4,1,1,45,1393.85,0
27,0,41,3,15320,233,65,37,3,1,1,30,882.12,0
0,0,37,0,258,2,2,2,2,1,2,25,20.7,0
6,0,45,0,635,45,10,48,2,1,2,45,30.528,1
22,0,32,2,15950,240,4,83,2,1,1,25,746.55,0
4,0,37,0,6118,65,87,22,2,1,1,25,669.735,0
19,0,31,7,10435,87,0,41,4,1,1,45,263.05,0
1,0,14,2,2357,38,15,14,3,1,1,30,155.8,0
9,1,32,2,3182,54,0,22,3,1,2,30,313.61,1
9,0,26,0,0,0,42,5,2,1,2,25,295.162,1
4,0,34,0,1963,38,27,29,3,1,2,30,188.04,1
1,0,26,0,2907,73,28,22,3,1,2,45,987.255,1
1,0,26,2,694,22,61,15,2,1,2,25,459.014,1
0,1,29,0,1452,0,17,3,3,1,1,30,8.799,1
0,1,28,0,710,24,73,5,2,1,2,30,16.296,1
4,1,26,0,743,3,10,34,3,1,1,30,10.868,1
9,0,30,3,0,11,0,41,2,1,1,25,116.84,1
11,0,35,1,11690,158,8,45,4,1,1,45,316.2,0
9,0,41,1,4203,96,20,35,3,1,1,30,251.96,0
0,0,35,0,1973,46,0,27,1,1,1,15,111.045,0
0,1,3,2,0,1,13,13,2,1,2,30,73.954,1
12,0,37,2,3855,39,15,16,3,1,1,30,215.76,0
30,1,35,0,1450,54,32,22,3,1,2,30,188.16,1
8,0,38,0,4008,65,0,32,1,1,1,15,224.015,0
1,1,30,0,2424,0,64,48,2,1,2,30,0.0,1
6,1,39,0,661,1,5,48,3,1,2,30,249.731,1
0,0,39,0,0,0,0,0,2,1,2,25,0.0,0
3,0,14,2,2547,39,24,17,3,1,1,30,199.44,0
10,1,38,0,113,40,55,10,3,1,2,25,66.106,1
11,0,11,4,5295,56,243,27,3,2,1,30,1186.04,0
13,1,34,0,141,0,77,1,2,1,2,30,176.315,1
10,0,38,2,6518,105,28,27,3,1,1,30,376.92,0
4,0,29,0,2730,31,0,10,2,1,2,25,124.245,1
11,0,40,0,1890,31,15,13,2,1,2,25,153.945,0
0,1,31,0,3757,15,9,5,3,1,1,45,49.677,1
14,0,44,2,4755,79,22,23,3,1,1,30,281.36,0
0,0,28,0,3153,66,0,20,2,1,1,25,144.855,0
0,0,31,0,3718,76,0,27,2,1,1,25,170.73,0
4,0,18,0,1885,27,37,17,2,1,1,25,252.54,0
7,0,37,3,1531,18,8,2,3,1,2,30,9.572,1
2,0,40,1,5177,29,41,6,4,1,1,45,46.667,1
0,1,36,0,0,0,0,0,2,1,2,25,0.0,1
0,0,35,0,2715,24,4,17,3,1,1,30,125.56,0
1,0,40,0,1500,8,37,21,3,2,1,45,132.085,1
3,0,29,0,1693,6,26,18,3,1,2,30,379.129,1
19,0,36,0,0,0,39,38,3,1,1,30,77.958,1
5,0,36,0,4255,66,7,18,2,1,1,25,225.945,0
12,0,33,2,3790,77,30,31,4,1,1,45,171.675,0
16,0,17,1,6392,141,85,42,2,2,1,25,676.485,0
12,0,15,0,8932,171,73,40,4,1,1,45,410.075,0
2,1,33,0,1072,0,14,17,3,1,1,25,70.528,1
1,1,38,0,944,0,17,10,2,1,2,25,6.42,1
8,0,39,0,11170,150,7,34,4,1,1,45,300.5,0
4,1,27,0,1168,0,11,5,3,1,1,30,218.113,1
2,1,29,0,368,39,45,29,2,1,2,45,70.943,1
2,0,36,0,4210,77,0,23,3,1,1,30,171.48,0
0,0,41,0,2088,58,3,32,2,1,1,25,110.07,0
13,1,29,0,667,0,50,26,3,1,2,45,108.408,1
12,1,29,0,911,10,12,8,2,1,1,25,0.0,1
1,0,36,0,3035,24,478,6,3,1,1,30,2034.36,0
10,0,15,0,8688,168,71,40,4,1,1,45,398.9,0
5,0,41,0,623,11,14,6,3,1,2,30,81.36,0
6,0,34,3,6965,116,271,33,2,2,1,25,1538.145,0
10,1,31,0,411,13,45,8,2,1,2,25,147.787,1
12,1,32,0,3295,41,8,17,3,1,2,30,165.44,1
0,0,27,0,309,1,17,6,3,1,2,30,301.022,1
0,0,37,0,0,0,0,0,2,1,2,25,0.0,0
6,0,41,0,557,0,5,48,2,1,1,25,31.026,1
0,0,30,0,2395,45,158,17,2,1,1,25,820.8,0
6,0,45,0,703,13,24,10,3,1,2,30,124.64,0
11,1,32,0,0,46,0,0,3,1,2,45,113.443,1
6,1,36,0,1188,4,67,13,2,1,2,25,2.284,1
0,0,19,0,1570,28,32,17,2,1,1,25,215.91,0
7,0,32,0,6123,91,3,7,2,1,1,30,94.64,1
0,1,40,1,863,47,0,40,3,1,2,45,0.126,1
0,0,34,0,345,5,1,4,2,1,2,25,20.25,0
7,1,33,1,2466,0,79,35,2,1,1,25,0.0,1
10,1,32,2,1626,10,204,2,3,1,2,30,61.388,1
3,0,29,0,19,6,0,30,2,1,2,45,458.074,1
13,0,27,0,890,26,19,10,2,1,2,25,126.72,0
21,1,36,8,10435,93,1,42,5,1,1,55,159.42,0
14,0,36,2,9520,126,145,41,3,1,1,30,965.84,0
7,0,38,0,0,1,13,16,2,1,2,25,76.709,1
10,0,39,0,0,52,9,24,2,1,1,30,352.271,1
0,0,31,0,628,1,1,3,4,1,2,45,18.225,1
1,0,24,0,4005,16,3,21,2,1,2,55,65.815,1
28,0,40,4,15255,230,52,31,3,1,1,30,827.4,0
3,0,29,2,384,32,0,11,2,1,1,55,96.806,1
4,0,33,0,2819,76,6,42,2,1,2,30,74.211,1
4,0,11,0,8568,162,61,36,4,1,1,45,370.75,0
1,1,28,0,1015,0,3,8,2,1,2,25,105.61,1
0,0,30,0,1828,42,0,25,1,1,1,15,102.85,0
1,0,4,0,1487,13,0,6,2,1,1,25,67.5,1
28,1,39,0,1215,57,31,23,3,1,2,30,174.88,1
4,0,31,0,2068,52,342,18,2,1,1,25,1634.4,0
32,0,40,1,152,0,0,21,3,1,2,30,49.311,1
3,1,33,0,0,8,15,9,2,1,2,55,256.05,1
6,0,14,0,8222,160,48,40,4,1,1,45,329.55,0
0,1,33,0,0,64,9,48,4,1,2,30,6.52,1
5,0,37,0,3065,71,7,28,3,1,1,30,153.44,0
0,0,35,0,0,0,0,0,5,1,1,55,0.0,0
8,0,40,1,2698,64,9,35,2,1,1,25,164.79,0
36,0,34,5,17090,255,15,82,2,2,1,25,848.025,0
25,0,30,2,15960,232,0,76,2,1,1,25,728.64,0
2,0,36,0,3718,82,2,28,2,1,1,25,180.0,0
9,1,39,0,905,16,28,17,2,1,2,25,167.445,1
0,0,33,0,510,5,0,7,2,1,2,25,23.175,0
21,1,30,0,775,39,5,12,2,1,2,25,59.13,1
2,0,40,0,5693,91,10,14,2,1,1,25,305.28,0
2,0,29,1,914,0,3,32,2,1,2,30,84.024,1
14,1,39,0,1882,4,25,3,4,1,1,30,69.917,1
18,0,41,3,5530,100,17,27,4,1,1,45,183.25,0
9,0,28,0,487,27,15,38,2,1,2,30,109.269,1
4,0,35,0,1818,42,0,11,3,1,2,30,74.4,0
2,0,24,0,3110,55,0,19,3,1,1,30,126.6,0
10,1,37,0,595,0,60,16,3,1,2,30,93.047,1
22,1,35,0,631,4,16,21,3,1,2,25,142.039,1
5,0,36,0,2263,60,384,26,3,1,1,30,1628.92,0
2,0,40,0,1055,22,11,16,2,1,2,25,97.965,0
3,0,42,0,2348,62,10,37,1,1,1,15,187.55,0
18,0,40,2,4270,89,48,33,3,1,1,30,366.36,0
0,0,26,1,1125,36,218,13,2,2,1,25,1033.245,0
15,0,27,1,1530,38,26,15,2,1,1,25,187.56,0
5,0,33,0,13773,163,0,43,3,1,1,30,557.44,0
3,0,39,0,2475,53,176,22,2,1,1,25,905.76,0
7,0,42,1,4470,87,10,29,3,1,1,30,222.28,0
0,0,33,1,1751,3,39,9,5,1,1,30,44.158,1
0,1,27,0,680,6,53,13,2,1,2,30,33.104,1
0,0,31,0,1668,19,0,5,3,1,1,30,67.48,0
0,0,30,1,0,68,13,48,4,1,2,30,45.391,1
6,1,32,2,1315,42,201,12,3,2,1,30,858.28,1
1,0,35,0,6223,68,92,32,2,1,1,25,697.095,0
1,0,38,0,2795,26,8,18,3,1,1,30,144.84,0
16,0,26,1,1935,43,27,13,2,1,1,25,210.51,0
0,0,7,0,1428,16,0,5,3,1,1,30,57.76,1
7,1,25,3,228,11,20,33,2,1,1,25,279.176,1
2,0,19,1,1810,32,60,18,3,1,1,30,313.68,0
2,0,35,0,253,11,23,48,2,1,1,45,5.17,1
7,0,31,0,265,0,64,25,3,1,1,25,0.0,1
7,0,33,3,7385,107,35,37,5,1,1,55,164.88,0
8,0,34,1,6975,97,7,20,4,1,1,45,194.3,0
1,1,34,0,1995,48,12,37,2,1,2,30,144.786,1
9,1,30,0,3656,0,4,36,3,1,1,25,470.845,1
23,0,36,8,10680,96,7,42,5,1,1,55,172.14,0
8,1,33,2,557,2,17,32,3,1,2,45,0.0,1
0,0,33,0,1360,38,31,18,3,1,2,30,179.92,0
6,0,26,0,510,25,35,9,3,1,2,30,161.4,0
5,0,35,0,6490,93,7,9,5,1,1,55,109.245,0
12,0,28,0,1405,40,30,18,2,1,1,25,200.025,0
0,0,34,0,3413,76,0,26,2,1,1,25,157.005,0
30,0,41,5,15560,237,93,38,3,1,1,30,1003.88,0
23,0,26,2,16075,232,0,79,2,1,1,25,733.815,0
3,0,38,1,193,5,5,4,3,1,1,30,27.92,1
6,0,39,2,6615,91,184,25,3,1,1,30,1004.24,0
34,1,32,0,379,40,47,10,4,1,1,25,26.991,1
0,1,34,0,0,0,0,0,3,1,2,30,0.0,1
5,0,34,0,305,6,7,2,4,1,2,45,25.275,1
4,0,39,2,3210,33,515,12,4,1,1,45,1368.575,0
0,1,40,0,583,11,17,8,4,1,2,45,57.35,1
0,0,18,0,1003,23,8,60,4,1,1,45,45.65,0
1,1,27,0,2171,0,13,24,2,1,2,30,987.255,1
4,1,35,4,0,12,50,36,3,1,2,45,93.277,1
0,0,26,0,635,9,12,1,4,1,2,45,46.1,0
5,1,40,0,518,0,2,0,2,1,2,30,95.534,1
8,1,23,2,1641,0,55,39,2,1,2,30,243.793,1
0,0,39,0,1676,22,0,4,4,1,2,25,90.141,1
9,0,28,2,10,9,6,4,3,1,1,30,96.684,1
5,1,41,4,1977,0,11,7,3,1,2,25,57.108,1
12,0,26,0,3479,0,5,18,2,1,2,45,73.62,1
0,0,36,0,0,0,0,0,2,1,2,25,0.0,0
13,0,44,2,14158,177,17,50,3,1,1,30,641.4,0
2,0,31,0,1783,30,16,24,3,1,2,30,136.52,1
3,1,37,0,0,15,0,6,4,1,1,45,90.603,1
5,0,39,0,305,6,7,2,2,1,2,25,45.495,1
5,0,26,0,1070,13,23,3,4,1,2,45,84.575,0
1,0,41,0,600,8,5,5,3,1,1,25,188.453,1
0,0,33,0,2085,25,0,9,2,1,2,25,94.95,1
26,1,35,1,1015,50,21,19,3,1,1,30,126.6,1
3,0,38,2,453,9,2,1,5,1,1,55,9.93,0
7,0,27,1,3530,67,15,25,3,1,1,30,203.88,0
7,0,31,0,94,0,0,28,3,1,2,30,108.7,1
17,0,33,1,4913,0,7,19,3,1,2,30,410.229,1
6,0,24,0,280,13,0,1,2,1,2,25,13.185,0
9,0,37,3,0,0,3,38,3,1,2,25,0.794,1
1,1,10,0,1076,0,10,24,3,1,2,25,55.032,1
16,1,28,0,1202,34,58,36,2,1,2,30,43.679,1
14,0,40,1,14268,176,16,49,3,1,1,30,641.76,0
5,0,38,0,305,6,7,2,3,1,2,30,40.44,0
2,1,25,0,3172,0,49,39,3,1,2,25,166.347,1
5,0,23,0,920,26,12,11,2,1,1,25,96.57,0
0,0,36,0,215,7,0,3,2,1,2,25,9.99,0
18,1,32,0,90,56,0,48,3,1,2,45,44.937,1
10,0,35,0,14078,169,0,45,3,1,1,30,569.88,0
0,1,36,0,628,7,9,4,4,1,2,45,38.375,1
0,1,29,0,0,25,48,25,3,2,1,25,53.995,1
13,0,12,3,5405,57,230,12,3,1,1,30,1138.48,0
1,0,23,0,513,0,13,11,3,1,1,25,235.041,1
4,0,44,0,0,0,1,3,2,1,2,30,406.481,1
0,0,4,0,3905,26,197,3,3,1,1,30,945.24,0
15,1,42,0,2321,18,60,4,3,1,2,30,174.74,1
0,0,29,0,1280,36,21,14,3,1,2,30,136.64,0
3,0,36,0,4065,65,0,15,2,1,1,25,185.85,0
13,1,30,0,3492,21,22,5,3,1,2,45,0.0,1
16,0,43,2,2838,68,376,30,3,1,1,30,1620.24,0
7,0,40,1,2420,42,290,20,3,1,1,30,1258.48,0
0,0,38,0,0,0,0,0,2,1,2,25,0.0,0
0,0,40,0,2168,54,5,35,1,1,1,15,149.71,0
8,0,28,0,499,6,6,16,4,1,2,30,94.867,1
0,0,34,0,0,0,0,0,3,1,1,30,0.0,0
16,0,33,6,10015,81,0,36,4,1,1,45,252.4,0
11,0,36,4,7270,122,278,35,3,2,1,30,1407.68,0
16,0,39,3,9175,124,149,45,3,1,1,30,967.96,0
0,0,21,0,930,28,176,5,2,2,1,25,835.11,0
0,0,34,0,920,22,43,24,2,1,2,30,4.811,1
0,0,3,0,4005,32,198,4,3,1,1,30,953.48,0
8,1,26,0,679,9,6,25,3,2,1,30,30.85,1
1,0,41,1,2790,27,484,7,3,1,1,30,2048.68,0
0,0,7,0,4085,34,208,8,3,1,1,30,996.76,0
10,0,40,2,4575,86,7,27,3,1,1,30,214.44,0
0,0,35,0,1378,41,0,31,1,1,1,15,78.045,0
0,1,37,1,2083,23,25,27,2,1,2,30,120.667,1
7,0,33,0,6638,73,98,33,2,1,1,25,742.995,0
0,0,32,2,6470,109,255,28,2,2,1,25,1443.555,0
7,0,38,0,1123,14,25,9,4,1,2,45,90.925,1
1,0,29,1,806,38,43,29,2,2,1,30,60.802,1
0,0,30,0,260,0,55,20,2,1,2,30,71.571,1
7,0,29,0,658,0,45,6,4,1,2,30,61.836,1
4,1,34,0,1963,38,27,29,3,1,2,30,188.04,1
11,1,34,0,1456,32,33,48,3,1,1,25,262.342,1
15,0,42,2,14138,178,12,48,3,1,1,30,620.64,0
11,0,14,0,5973,129,46,36,1,2,1,15,588.61,0
0,0,31,0,2790,15,468,5,3,1,1,30,1984.2,0
16,0,40,4,5420,99,30,42,3,1,1,30,340.76,0
0,0,33,0,710,8,5,7,2,1,2,25,54.81,0
0,0,40,0,0,6,34,8,3,1,1,45,112.132,1
2,1,40,0,783,0,0,35,3,1,2,25,42.192,1
8,0,38,0,2085,56,77,26,4,1,2,45,246.025,0
0,0,32,0,1303,16,0,2,3,1,1,30,52.76,0
4,1,27,0,348,0,0,43,4,1,1,30,0.0,1
6,0,34,3,6965,116,271,33,2,2,1,25,1538.145,0
5,0,34,0,5838,93,0,8,2,1,1,25,266.895,0
10,0,38,0,4198,66,1,35,1,1,1,15,240.02,0
2,0,37,0,605,11,7,17,2,1,2,30,53.676,1
1,0,7,0,0,0,47,3,3,1,2,25,39.565,1
7,0,28,0,1320,17,37,8,4,1,2,45,125.925,0
5,0,37,1,11220,151,9,47,3,1,1,30,490.84,0
7,0,42,0,485,14,18,7,2,1,2,25,103.455,1
5,0,36,0,1668,34,13,16,3,1,2,30,120.08,1
1,1,25,0,5778,3,0,16,3,1,2,30,95.322,1
15,0,39,1,2758,66,366,26,3,1,1,30,1576.96,0
6,0,16,1,1920,30,25,12,2,1,1,25,200.25,0
9,0,33,4,7090,114,267,30,3,2,1,30,1356.16,0
0,0,30,0,0,0,0,0,2,1,2,25,0.0,0
11,0,32,0,2911,56,2,7,3,1,2,55,81.44,1
0,0,34,0,0,0,0,0,5,1,1,55,0.0,0
5,1,5,0,1533,15,7,3,3,1,1,30,89.92,1
1,0,29,1,0,0,31,16,3,1,2,45,294.79,1
3,0,27,0,5928,46,25,0,3,1,2,25,32.127,1
4,0,36,1,2900,25,5,16,3,1,1,30,137.0,0
31,0,44,10,11000,109,23,50,5,1,1,55,201.135,0
5,0,35,1,305,6,7,2,5,1,1,55,15.165,0
6,1,29,2,461,41,29,48,3,1,1,25,336.77,1
11,1,36,1,5573,95,24,24,2,1,1,25,363.06,1
7,0,44,0,305,12,15,3,3,1,2,30,72.68,1
6,0,34,0,525,95,7,35,4,1,2,25,87.492,1
10,1,29,0,0,0,6,24,2,1,1,30,397.69,1
1,0,34,0,2475,47,168,21,2,1,1,25,869.49,0
8,0,32,0,3226,0,35,10,2,1,2,30,89.509,1
0,1,28,0,715,2,29,40,3,1,1,30,71.725,1
0,0,26,0,6480,85,0,19,4,1,1,45,164.125,0
26,1,38,0,2977,0,38,25,3,1,1,30,170.777,1
0,0,33,0,6135,77,174,22,3,1,1,30,944.48,0
0,0,31,0,0,0,8,33,3,1,2,55,63.924,1
9,0,40,2,3400,33,490,10,3,1,1,30,2097.32,0
7,0,13,0,8627,165,66,38,4,1,1,45,384.8,0
3,0,37,0,7508,127,384,43,2,1,1,25,2071.575,0
8,1,34,0,2563,48,48,44,3,1,2,30,296.44,1
6,1,31,0,0,58,39,30,3,1,2,45,341.801,1
0,0,40,0,0,0,0,0,3,1,2,30,0.0,0
28,0,41,9,10920,107,19,49,5,2,1,55,193.905,0
0,0,34,0,6660,99,18,25,4,1,1,45,213.975,0
10,0,31,0,861,24,36,23,3,1,2,30,447.045,1
0,0,23,0,3110,56,10,24,3,1,1,30,166.64,0
8,0,36,1,11870,159,12,45,3,1,1,30,529.16,0
20,0,36,2,14835,219,47,30,3,1,1,30,790.16,0
5,1,32,0,835,0,11,16,3,1,2,25,0.0,1
11,1,36,0,0,0,20,6,2,1,2,30,241.53,1
11,0,28,1,2063,46,46,73,5,1,1,55,100.635,0
11,1,30,0,5907,0,10,11,3,2,1,25,83.295,1
10,0,42,0,4099,0,0,4,3,1,1,30,345.977,1
14,0,41,2,3408,75,17,35,2,1,1,25,233.235,0
0,1,29,0,291,37,6,48,2,1,2,30,43.238,1
1,0,31,0,11080,146,0,41,3,1,1,30,449.04,0
9,1,27,0,0,17,50,47,4,1,2,30,86.85,1
0,0,33,0,6185,87,0,7,4,1,1,45,156.8,0
8,0,33,0,5398,86,0,18,2,1,1,25,246.78,1
16,0,27,0,773,15,14,29,4,1,2,25,318.779,1
5,1,30,0,1936,3,0,39,3,2,2,25,160.815,1
19,0,30,2,15365,227,0,80,2,1,1,25,701.64,0
7,0,38,2,11580,160,43,51,4,1,1,45,401.0,0
13,0,30,0,880,33,21,12,2,1,2,25,135.585,0
8,0,38,0,0,39,20,0,3,1,1,45,0.0,1
17,0,21,2,6473,143,95,46,2,2,1,25,725.22,0
7,0,27,0,0,31,5,0,2,1,2,55,100.95,1
9,0,29,2,1988,51,69,74,5,1,1,55,134.085,0
9,0,30,1,108,0,7,7,2,1,2,25,213.23,1
1,0,34,1,4013,86,16,41,2,1,1,25,256.455,0
12,0,39,0,13963,169,7,42,3,1,1,30,593.28,0
8,1,35,1,5628,98,51,26,2,1,1,25,487.17,1
0,1,38,0,2704,0,69,37,2,1,1,30,100.542,1
12,0,38,2,4970,81,26,32,3,1,1,30,306.04,0
34,0,29,0,132,2,5,17,4,1,2,30,58.081,1
3,0,25,1,2123,0,2,31,3,2,2,30,50.329,1
5,0,41,0,2573,66,13,38,1,1,1,15,216.645,0
0,1,32,0,0,0,0,0,3,1,2,30,0.0,1
2,0,35,0,13353,157,0,38,3,1,1,30,540.4,0
10,0,34,1,3005,57,172,21,2,1,1,25,911.79,0
8,0,41,0,6098,103,18,17,3,1,1,30,320.04,0
0,0,37,0,0,0,0,0,2,1,2,25,0.0,0
11,0,27,0,700,25,10,7,2,1,2,25,77.625,0
2,0,31,0,11205,144,0,41,3,1,1,30,453.96,0
5,0,34,1,11285,146,0,42,4,1,1,45,285.775,0
3,0,34,0,1550,38,6,16,3,1,2,30,87.52,0
9,0,30,3,1735,48,232,17,3,2,1,30,999.32,0
0,0,32,0,2710,19,466,2,3,1,1,30,1973.16,0
9,1,9,1,35,3,0,6,2,1,1,25,58.358,1
2,0,35,0,11160,148,4,45,3,1,1,30,468.32,0
0,0,39,3,1910,17,18,9,4,1,2,30,460.961,1
5,0,35,1,3843,80,7,25,3,1,1,30,184.92,0
0,1,26,0,0,3,2,44,2,1,2,55,82.453,1
7,0,36,0,4083,61,3,36,1,1,1,15,244.42,0
1,1,40,0,2132,7,5,44,3,1,2,30,2.17,1
14,0,35,3,1880,52,215,19,3,2,1,30,937.28,0
5,0,38,0,920,21,9,5,3,1,1,45,310.855,1
20,0,25,2,15815,228,0,74,2,1,1,25,721.935,0
7,1,9,3,2088,29,21,22,3,1,1,30,168.68,1
0,0,34,0,2650,21,0,11,3,1,1,30,106.84,0
0,0,31,0,2381,5,40,48,3,1,2,45,165.981,1
1,0,34,0,2840,22,0,14,3,1,1,30,114.48,0
23,0,35,3,14960,217,43,27,3,1,1,30,779.08,0
7,1,37,0,345,24,7,48,3,1,1,55,44.138,1
0,0,21,0,0,0,3,0,4,1,2,45,7.5,0
11,0,37,0,4603,71,2,33,1,1,1,15,268.07,0
21,0,41,0,2956,0,0,6,2,1,1,45,0.0,1
1,0,34,0,2840,22,0,14,3,1,1,30,114.48,0
6,0,39,0,325,9,10,21,2,1,2,25,145.336,1
5,0,39,0,553,14,39,8,3,1,2,30,178.68,1
0,0,40,1,2870,23,486,10,3,1,1,30,2059.72,0
7,1,28,0,1776,0,37,20,2,1,2,45,39.145,1
0,0,39,0,2026,0,38,7,4,1,2,25,114.461,1
0,0,36,0,628,7,9,4,4,1,2,45,38.375,1
10,0,40,1,13833,172,5,46,3,1,1,30,580.2,0
6,0,36,2,4318,92,23,43,3,1,1,30,268.4,0
9,1,34,0,2130,52,3,4,3,1,2,30,213.854,1
0,0,22,0,0,0,11,0,4,1,2,45,27.5,0
8,0,30,0,0,6,0,2,3,2,1,30,117.901,1
2,0,39,0,1974,41,33,27,3,1,2,25,29.202,1
0,0,35,0,6603,111,356,26,2,1,1,25,1904.13,0
1,1,30,2,274,0,46,25,2,1,1,25,46.219,1
0,0,28,0,521,5,6,11,4,1,2,25,78.52,1
0,0,31,0,0,0,0,0,3,1,1,30,0.0,0
22,0,41,3,4790,99,47,30,3,1,1,30,383.56,0
10,0,34,0,3395,46,10,14,3,1,2,30,177.64,1
3,1,34,2,474,4,6,9,3,1,2,30,67.877,1
2,0,33,0,1109,0,12,6,3,1,1,45,75.694,1
0,0,36,0,1488,42,0,16,1,1,1,15,84.15,0
3,0,30,0,2941,61,1,3,3,1,2,25,79.238,1
27,0,43,4,15140,231,62,33,3,1,1,30,862.84,0
2,0,33,0,3245,27,1,12,3,1,1,30,134.88,0
0,0,36,0,3118,72,0,13,2,1,1,25,143.55,0
3,1,37,0,2101,0,52,8,3,1,2,25,100.882,1
0,0,37,0,1440,40,41,22,3,1,2,30,223.2,0
1,1,40,0,708,9,19,8,4,1,2,45,65.425,1
0,0,27,0,351,4,53,3,2,1,2,25,103.569,1
1,1,28,0,2408,0,0,48,3,1,2,30,219.674,1
0,0,34,0,0,0,2,0,3,1,2,30,8.0,1
15,0,28,2,1956,0,4,13,4,1,2,55,128.479,1
7,0,38,1,4515,83,2,25,3,1,1,30,191.92,0
6,0,25,0,395,19,3,5,2,1,2,25,32.13,0
0,0,6,0,3375,23,183,8,3,1,1,30,867.92,0
1,0,3,0,4372,0,16,34,4,1,2,25,360.586,1
10,0,33,0,2170,55,31,47,4,1,1,30,69.258,1
3,0,40,1,3798,84,12,32,3,1,1,30,203.28,0
2,0,41,2,338,10,12,3,5,1,1,55,23.22,0
0,0,22,0,3045,53,0,18,3,1,1,30,123.92,0
0,0,37,0,5900,76,165,11,3,1,1,30,899.04,0
0,0,43,1,0,37,13,29,3,2,1,30,41.748,1
8,1,42,0,170,0,8,2,3,1,1,30,61.065,1
8,0,6,0,2782,0,64,22,3,1,2,30,73.061,1
10,0,33,1,2498,56,351,20,3,1,1,30,1506.16,0
2,0,34,1,6365,106,250,18,2,2,1,25,1416.195,0
0,0,25,0,858,28,5,68,4,1,1,45,34.65,0
0,0,30,0,2530,11,461,7,3,1,1,30,1945.64,0
10,0,26,0,0,14,66,8,3,1,2,30,160.092,1
8,0,31,0,2769,8,21,23,3,1,2,30,0.0,1
3,0,39,1,935,17,5,13,2,1,1,25,65.34,0
3,0,36,0,4065,65,0,15,2,1,1,25,185.85,0
3,1,14,1,2310,0,33,7,4,1,1,30,161.374,1
6,1,3,0,1305,25,20,11,3,1,1,30,209.512,1
0,0,33,0,2610,13,465,1,3,1,1,30,1964.92,0
2,0,41,0,628,13,17,5,4,1,2,45,58.525,1
0,0,37,0,2170,39,310,20,3,1,1,30,1328.36,0
5,0,32,0,702,15,36,31,3,1,1,30,108.294,1
33,0,25,0,1435,100,0,22,3,1,2,25,0.696,1
0,0,33,0,0,0,0,0,2,1,2,25,0.0,1
0,0,33,0,2703,65,0,26,2,1,1,25,124.56,0
15,0,36,1,4000,86,29,26,3,1,1,30,279.44,0
31,1,27,0,681,0,19,6,3,1,1,45,0.0,1
9,1,29,0,0,29,15,25,2,1,1,30,36.827,1
13,0,41,3,7350,113,36,30,5,1,1,55,165.945,0
0,0,6,1,4210,32,204,5,3,1,1,30,985.68,0
8,0,41,0,1925,54,53,26,3,1,2,30,291.16,0
0,0,36,0,5423,88,0,7,2,1,1,25,247.995,0
3,0,37,0,7508,127,384,43,2,1,1,25,2071.575,0
0,0,13,1,1837,28,0,17,3,1,1,30,74.6,0
0,1,30,0,1164,0,7,17,2,1,2,30,0.0,1
5,0,38,0,2760,3,57,4,3,1,1,30,362.44,1
11,0,41,0,3204,17,21,41,3,1,2,30,0.0,1
5,1,40,0,729,4,40,45,3,1,2,25,79.587,1
9,0,30,0,0,0,19,12,3,1,1,30,49.903,1
9,0,27,0,2455,0,8,8,3,1,2,30,205.508,1
30,0,40,4,15445,231,61,34,3,1,1,30,871.04,0
0,1,11,1,1263,15,3,9,3,1,1,30,63.12,1
11,1,38,0,1883,10,17,8,2,1,2,45,91.992,1
1,0,24,0,1508,36,25,66,4,1,1,45,101.1,0
12,1,3,0,858,0,16,24,3,1,2,30,154.762,1
0,0,32,0,1588,23,0,2,3,1,1,30,64.44,0
9,0,13,0,8873,168,68,38,4,1,1,45,396.025,0
10,1,37,1,835,0,39,3,3,1,2,30,150.985,1
2,1,33,1,1840,0,46,9,3,1,1,30,73.48,1
0,1,24,1,1728,7,5,7,2,1,1,30,70.86,1
0,1,39,0,4,32,37,7,3,1,1,55,150.834,1
9,0,32,0,6123,0,0,27,4,1,2,55,33.936,1
0,1,3,0,3158,0,20,41,2,1,2,25,62.819,1
1,0,26,2,1197,52,2,23,3,1,2,25,390.95,1
7,0,28,1,1628,42,35,70,4,1,1,45,129.25,0
0,0,32,1,6595,97,39,24,5,1,1,55,158.88,0
2,0,30,0,729,0,2,27,2,1,2,25,41.245,1
0,0,29,0,14920,166,128,22,2,1,1,25,1254.87,0
10,1,35,0,153,0,9,9,3,1,2,30,28.954,1
14,0,38,0,5523,94,12,11,2,1,1,25,306.765,1
14,0,40,2,3890,87,30,27,3,1,1,30,279.08,0
5,0,35,0,2148,54,352,22,2,1,1,25,1683.09,0
2,0,34,0,2313,56,0,29,1,1,1,15,130.295,0
14,0,40,2,8523,144,399,45,3,1,1,30,1942.68,0
0,0,25,0,710,4,0,1,4,1,2,45,17.85,0
0,0,30,0,0,7,0,28,3,1,2,45,136.42,1
0,1,38,2,1841,4,27,21,3,1,2,25,390.46,1
6,0,24,0,0,23,0,45,3,1,2,30,23.363,1
10,1,28,0,5846,0,39,25,3,1,2,25,296.216,1
7,0,35,1,7733,131,381,41,3,1,1,30,1838.56,0
7,1,35,0,720,0,66,15,4,1,2,30,267.093,1
2,0,25,0,3225,61,8,23,3,1,1,30,163.44,0
17,0,46,2,14338,185,22,52,3,1,1,30,668.92,0
10,0,32,0,610,0,5,26,3,1,1,30,80.149,1
3,1,28,0,499,0,0,9,3,1,1,25,57.302,1
9,1,32,0,0,0,74,40,3,1,1,45,4.556,1
7,0,27,0,100,15,0,3,2,1,2,25,5.175,0
0,0,39,0,318,5,7,4,2,1,2,25,46.035,0
29,1,39,0,1340,55,33,23,3,1,2,30,187.8,1
1,0,35,0,1033,12,10,2,4,1,2,45,51.125,1
7,1,36,0,365,38,11,7,3,1,2,30,244.315,1
0,0,34,0,3658,79,0,26,2,1,1,25,168.165,0
3,0,35,0,1958,53,343,19,2,1,1,25,1633.995,0
1,0,34,0,4382,49,9,13,2,1,2,30,34.924,1
3,0,38,0,743,12,7,3,4,1,2,45,36.375,1
0,1,17,0,511,0,1,8,2,1,2,30,34.818,1
15,0,13,0,6313,139,75,38,1,2,1,15,767.36,0
8,1,32,0,3308,44,0,6,3,1,1,25,0.0,1
19,1,43,0,3555,57,31,24,3,1,2,30,268.48,1
7,0,39,0,900,14,7,6,2,1,2,25,72.63,0
1,0,29,0,615,22,27,10,2,1,2,45,257.03,1
3,0,13,2,4470,42,225,14,3,1,1,30,1080.48,0
2,0,18,0,1695,26,28,14,2,1,1,25,203.445,0
5,1,28,3,190,9,11,38,3,1,2,30,68.564,1
7,0,35,0,33,44,11,7,2,1,2,25,202.766,1
7,1,40,0,941,1,11,4,3,1,2,25,174.576,1
0,0,37,0,2385,16,458,8,3,1,1,30,1928.04,0
0,0,30,0,424,0,5,38,2,1,2,30,153.401,1
1,0,30,0,6413,63,93,34,2,1,1,25,709.92,0
5,0,14,1,1740,22,20,10,2,1,1,25,169.29,0
7,0,30,0,342,52,5,10,4,1,2,25,19.651,1
5,1,31,0,769,0,66,28,3,1,1,45,167.475,1
16,0,40,2,4080,88,39,30,3,1,1,30,322.72,0
4,1,33,0,298,0,64,18,3,1,1,30,279.984,1
0,0,35,0,958,14,0,6,3,1,1,30,38.88,0
10,1,35,0,1262,0,25,0,2,1,1,25,9.832,1
0,0,33,0,271,3,0,29,4,1,2,30,39.252,1
12,0,35,0,1417,36,3,9,4,1,1,55,0.0,1
10,0,16,3,3098,48,33,19,3,1,1,30,257.84,0
25,1,39,0,4,0,72,6,3,1,2,25,82.807,1
10,0,36,0,2338,54,327,20,2,1,1,25,1579.14,0
2,0,27,0,3885,37,11,0,2,1,2,30,15.635,1
13,0,19,5,3273,57,70,25,4,1,1,45,258.25,0
28,1,34,0,5133,23,6,39,3,1,2,25,0.0,1
16,0,40,2,4080,88,39,30,3,1,1,30,322.72,0
6,0,43,1,2360,45,293,19,4,1,1,45,792.625,0
2,0,33,0,7428,125,374,39,2,1,1,25,2022.885,0
4,0,38,1,3095,27,483,8,3,1,1,30,2056.88,0
20,0,33,0,1040,33,6,48,3,2,2,25,86.354,1
12,1,3,0,2012,0,71,0,2,1,2,25,202.302,1
7,0,26,0,3415,61,7,21,3,1,1,30,167.04,0
0,1,28,0,1158,0,11,30,2,1,2,25,51.888,1
11,0,38,1,3085,59,182,25,2,1,1,25,960.48,0
0,0,31,0,338,5,0,1,4,1,1,45,8.575,0
0,0,11,0,1390,14,13,11,2,1,1,25,121.68,0
11,0,34,0,1254,17,49,24,2,1,2,30,118.514,1
9,0,42,0,0,46,59,17,4,1,2,25,328.837,1
8,0,36,1,3025,56,177,23,2,1,1,25,935.145,0
33,1,30,0,1438,61,2,20,3,1,1,25,70.516,1
12,0,24,0,2763,0,6,16,3,1,1,25,160.107,1
4,0,26,0,9,0,0,33,2,1,2,25,93.664,1
9,0,40,1,5978,98,12,14,3,1,1,30,291.04,0
18,0,31,1,14835,213,39,29,2,1,1,25,852.66,0
13,0,40,1,6413,102,23,17,3,1,1,30,352.6,0
4,0,33,0,1973,25,0,7,3,1,1,30,79.92,0
5,0,31,0,51,0,0,0,3,1,2,30,25.409,1
12,0,30,0,2757,1,0,25,5,1,2,25,104.149,1
10,1,3,2,827,23,4,5,3,1,1,25,87.527,1
7,0,41,0,1730,0,42,31,2,1,2,30,249.209,1
0,0,3,0,1182,7,0,4,2,1,1,25,53.505,1
31,1,34,0,0,37,3,6,4,2,2,30,67.119,1
21,0,18,1,6583,141,60,40,1,2,1,15,699.82,0
6,0,37,1,2895,59,207,27,2,1,1,25,1064.43,0
5,0,34,0,761,6,31,3,3,1,2,30,268.795,1
12,0,39,1,4705,83,7,23,3,1,1,30,219.52,0
9,0,35,0,2990,41,9,16,3,1,2,30,157.24,1
1,1,32,0,2220,15,35,29,2,1,2,30,92.214,1
10,0,35,1,9000,116,146,44,3,1,1,30,948.64,0
20,0,45,2,3018,76,381,32,3,1,1,30,1647.76,0
0,0,44,0,5590,61,0,25,5,1,1,30,52.739,1
10,0,41,2,165,80,11,8,3,1,2,25,254.462,1
6,1,36,0,2123,49,10,18,3,1,2,30,126.88,0
2,0,32,0,4255,73,0,19,3,1,1,30,173.12,0
0,1,10,0,1363,21,4,10,2,1,1,25,80.28,1
18,0,17,1,6582,142,94,45,2,2,1,25,725.58,0
17,0,27,0,570,39,0,11,2,1,2,25,27.405,1
7,0,35,0,547,10,0,35,2,1,1,30,42.34,1
0,0,37,0,0,30,44,31,4,1,1,25,100.662,1
14,0,38,0,3410,53,48,22,3,1,2,30,330.52,1
7,0,37,1,11465,154,11,47,4,1,1,45,317.975,0
8,1,26,0,359,14,48,28,2,1,2,25,42.55,1
13,0,38,1,3275,60,191,28,2,1,1,25,1009.575,0
18,0,31,0,650,41,9,15,2,1,2,25,71.595,1
9,0,36,0,501,0,171,21,3,1,1,30,25.01,1
10,0,37,0,2695,37,7,3,3,1,2,30,137.28,1
4,0,31,0,2780,47,167,22,2,1,1,25,878.715,0
3,0,36,0,5803,90,9,13,2,1,1,25,305.685,0
14,0,29,6,10130,81,0,39,4,1,1,45,255.275,0
11,1,38,0,0,6,45,30,3,1,2,30,45.946,1
1,1,44,0,1809,18,12,11,4,1,2,30,103.412,1
0,1,41,0,0,14,47,44,3,2,2,25,16.976,1
13,0,36,1,2578,58,355,21,3,1,1,30,1525.44,0
6,1,25,0,955,0,7,3,3,1,2,25,0.0,1
1,1,31,1,0,17,0,20,3,1,1,30,245.68,1
18,0,15,0,3000,1,7,0,3,1,1,45,130.131,1
0,0,14,0,1330,17,16,10,2,1,1,25,132.615,0
8,0,30,0,642,40,4,34,2,1,1,45,40.864,1
1,0,31,1,6545,104,232,27,2,2,1,25,1343.205,0
0,0,38,0,3493,78,5,30,2,1,1,25,183.195,0
3,0,31,0,3212,4,15,5,3,1,2,30,101.245,1
11,0,16,0,8527,166,55,42,5,1,1,55,212.895,0
0,0,23,0,2920,55,1,21,3,1,1,30,123.0,0
9,0,45,0,3664,0,2,11,3,1,2,25,12.403,1
6,0,35,0,543,31,1,10,3,1,1,45,199.952,1
17,0,25,0,1489,0,36,43,2,1,1,45,30.251,1
0,0,35,0,3008,71,0,28,2,1,1,25,138.555,0
8,1,34,0,0,0,4,5,2,1,2,30,197.289,1
13,1,40,0,574,12,5,48,4,1,1,25,117.833,1
3,0,35,0,1665,44,38,20,3,1,2,30,220.36,0
4,0,38,0,0,36,44,39,4,1,2,45,176.424,1
12,0,39,4,7405,102,214,43,3,1,1,30,1156.28,0
4,0,26,0,862,0,23,10,3,1,1,25,66.875,1
2,1,27,0,386,0,34,0,3,1,1,55,245.901,1
8,0,36,0,0,0,28,1,3,1,2,45,208.316,1
8,0,36,0,2970,54,184,26,2,1,1,25,964.08,0
6,1,36,0,2178,51,3,15,3,1,2,30,101.16,0
4,0,29,2,2590,0,21,28,4,1,1,30,103.928,1
0,0,35,0,760,9,2,12,2,1,2,25,43.605,0
12,1,41,0,212,24,5,2,3,1,2,30,92.127,1
7,0,40,1,3550,78,35,30,3,1,1,30,285.12,0
32,1,29,0,360,2,10,21,3,1,2,45,388.274,1
2,0,36,0,333,0,7,42,2,1,1,25,111.391,1
7,0,27,0,854,0,0,0,2,1,2,25,68.265,1
18,0,45,3,4080,94,47,31,3,1,1,30,354.96,0
21,0,36,8,10435,93,1,42,5,1,1,55,159.42,0
2,0,24,1,1135,28,182,6,2,2,1,25,871.335,0
30,0,39,3,15330,225,29,30,3,1,1,30,738.2,0
5,0,42,0,738,17,46,10,3,1,2,30,214.2,0
4,0,18,3,2628,41,34,21,3,1,1,30,242.76,0
0,0,34,0,3413,76,0,26,2,1,1,25,157.005,0
18,1,34,0,0,0,42,48,3,1,2,25,65.504,1
4,0,40,0,4145,67,8,19,2,1,1,25,225.54,0
6,0,38,0,710,11,8,2,2,1,2,25,68.445,1
10,0,23,0,620,23,0,3,2,1,2,25,28.935,0
2,0,33,0,6420,84,176,22,3,1,1,30,964.16,0
0,0,37,0,0,0,0,0,2,1,2,25,0.0,0
2,0,10,2,4505,46,247,14,3,1,1,30,1170.04,0
0,0,37,0,0,0,0,0,2,1,2,25,0.0,1
22,1,29,0,271,16,20,27,2,1,2,30,174.419,1
6,1,27,1,4672,0,17,30,5,1,2,25,210.113,1
5,0,35,0,6603,70,110,38,2,1,1,25,795.285,0
0,1,3,0,965,0,9,6,2,1,2,30,230.899,1
2,0,33,0,1753,40,0,10,3,1,2,30,71.72,0
34,1,25,0,1069,0,19,21,2,1,2,25,514.979,1
1,1,37,0,0,44,10,29,3,1,1,25,286.659,1
5,0,22,0,805,20,0,7,1,1,1,15,45.375,0
10,0,39,0,1371,0,50,10,3,1,1,25,272.168,1
10,0,39,0,980,0,4,44,5,1,2,30,24.572,1
13,1,3,1,614,20,9,30,3,1,2,25,43.271,1
7,0,24,3,1963,18,64,6,3,1,2,30,186.479,1
1,1,35,0,1692,0,0,35,4,1,2,55,0.0,1
5,1,36,0,6123,0,29,25,2,1,2,30,83.75,1
7,1,40,0,629,1,9,9,4,1,2,25,54.163,1
1,0,32,0,1485,36,27,15,3,1,2,30,168.84,0
13,0,45,3,7065,102,208,34,4,1,1,45,699.175,0
6,1,27,1,1505,37,202,14,2,2,1,25,978.39,1
9,0,41,2,2780,51,324,24,4,1,1,45,880.775,0
18,0,40,4,9535,133,183,49,3,1,1,30,1118.72,0
14,0,43,2,5000,97,20,32,3,1,1,30,283.88,0
5,1,43,0,3283,0,0,8,4,1,2,30,39.014,1
7,0,34,0,15305,174,139,25,2,1,1,25,1322.055,0
3,0,14,2,2548,39,24,17,3,1,1,30,199.48,0
6,1,37,0,146,38,10,3,2,1,1,25,51.364,1
2,1,30,0,21,10,2,0,2,1,1,30,126.411,1
3,1,30,0,428,67,25,27,3,1,2,45,92.417,1
16,0,29,0,15170,222,0,63,2,1,1,25,692.64,0
2,1,36,0,0,16,32,16,3,1,2,30,88.377,1
0,0,35,0,228,15,18,36,2,1,2,45,41.324,1
7,1,32,0,1689,10,3,16,3,1,1,25,215.379,1
24,0,38,9,10550,98,0,41,5,1,1,55,159.72,0
2,0,36,0,505,74,66,25,2,1,2,25,13.545,1
10,0,44,2,7813,139,399,46,3,1,1,30,1914.08,0
7,0,37,2,3220,25,479,5,3,1,1,30,2045.8,0
13,0,14,0,9337,176,74,38,4,1,1,45,422.825,0
3,0,33,1,6785,97,14,22,5,1,1,55,124.23,0
0,0,36,0,2088,52,0,31,1,1,1,15,117.7,0
3,0,38,2,398,7,9,4,5,1,1,55,19.575,0
10,0,37,0,2074,3,2,42,3,1,2,25,0.0,1
7,1,43,0,0,39,65,48,2,1,2,30,193.058,1
5,0,25,0,305,6,17,2,4,1,2,45,50.275,0
4,0,12,1,1155,0,182,7,3,1,2,25,0.0,1
0,0,30,0,2755,3,3,48,3,1,1,30,69.941,1
6,0,27,1,1560,39,195,11,2,2,1,25,949.455,0
8,1,27,1,620,0,47,38,2,1,1,45,44.919,1
7,0,35,0,2665,39,284,19,3,1,1,30,1244.16,0
1,0,11,2,2368,31,13,12,3,1,1,30,147.96,0
10,0,42,0,4153,70,9,39,1,1,1,15,281.765,0
0,1,34,0,0,0,0,0,3,1,2,30,0.0,1
0,1,34,0,1804,0,6,5,2,1,2,30,0.0,1
8,0,32,0,0,0,5,8,4,1,2,45,407.244,1
12,0,34,0,445,1,71,6,2,2,1,30,109.485,1
0,0,29,0,2475,41,160,20,2,1,1,25,833.22,0
20,0,31,0,840,42,18,18,2,1,2,25,120.69,1
4,0,38,1,3095,27,483,8,3,1,1,30,2056.88,0
0,0,45,0,327,19,32,48,3,1,1,25,145.437,1
1,1,3,0,1017,0,0,19,5,1,2,25,9.651,1
17,1,8,0,1438,26,6,21,2,1,1,30,125.914,1
3,1,40,0,554,0,10,12,5,2,2,25,97.394,1
2,0,39,1,518,12,15,7,5,1,1,55,30.45,0
2,0,39,0,2117,0,15,8,4,1,1,30,75.999,1
0,0,38,0,990,20,32,15,2,1,2,25,189.45,0
9,1,45,0,3569,14,12,48,2,1,2,45,5.93,1
6,0,38,1,1973,31,7,8,4,1,1,45,67.6,0
27,1,31,0,1180,51,13,15,3,1,2,30,101.24,1
7,0,10,1,4580,40,190,8,3,1,1,30,944.8,0
10,0,29,0,0,18,41,30,2,1,2,25,232.379,1
11,0,38,1,3775,82,32,28,3,1,1,30,282.28,0
0,0,32,0,1975,31,268,12,3,1,1,30,1152.24,0
6,1,37,3,557,4,37,15,3,1,2,30,5.949,1
15,0,30,3,2330,53,208,13,3,2,1,30,927.32,0
11,0,42,1,3730,86,40,32,3,1,1,30,312.64,0
4,1,29,2,3220,18,0,8,3,1,2,25,79.225,1
7,0,35,1,6725,90,183,24,3,1,1,30,1004.6,0
8,0,34,0,1825,0,30,3,4,1,2,25,87.478,1
0,0,33,0,3538,74,0,23,2,1,1,25,162.54,0
0,1,35,0,295,4,14,13,2,1,2,25,76.455,1
0,0,31,0,405,2,0,5,2,1,2,25,18.315,0
14,0,43,3,7103,83,125,43,2,1,1,25,885.87,0
0,0,37,0,213,6,8,5,5,1,1,55,15.285,0
7,0,35,0,5108,87,1,24,2,1,1,25,238.275,1
14,0,37,2,3053,70,380,39,3,1,1,30,1644.92,0
0,0,39,3,168,0,204,36,2,2,2,30,59.147,1
9,0,20,4,2933,47,41,23,3,1,1,30,283.2,0
1,0,37,0,13063,158,0,44,3,1,1,30,528.84,0
9,1,27,0,2127,0,6,48,2,1,1,25,113.326,1
0,0,33,0,1875,25,267,11,3,1,1,30,1144.0,0
1,0,37,0,7263,124,382,43,2,1,1,25,2051.415,0
0,0,28,0,2455,14,0,8,3,1,1,30,98.76,0
18,0,34,1,290,74,0,13,2,1,2,30,16.402,1
0,0,35,0,4903,78,0,10,2,1,1,25,224.145,0
16,0,45,0,2543,66,23,20,4,1,2,45,122.725,0
15,1,42,0,2653,52,51,37,4,1,2,45,195.125,1
19,0,37,2,6528,109,34,24,2,1,1,25,451.665,0
3,0,41,0,7463,131,392,47,2,1,1,25,2105.73,0
3,0,28,1,885,13,26,5,4,1,1,45,87.45,0
3,0,39,0,1848,33,11,11,3,1,1,30,119.24,0
17,0,32,2,1530,44,34,16,2,1,1,25,223.83,0
2,0,39,0,348,0,10,28,2,1,2,25,0.0,1
18,0,32,0,1185,39,28,14,3,1,2,30,160.96,0
5,0,31,0,684,24,15,42,2,2,2,30,72.994,1
0,1,32,2,1824,0,45,8,4,1,1,25,101.479,1
0,0,34,0,2813,66,0,11,2,1,1,25,129.555,0
5,0,37,0,1370,40,24,7,3,1,2,30,152.4,0
4,0,27,1,1315,36,193,11,2,2,1,25,929.295,0
1,1,28,0,0,0,26,18,3,1,1,25,49.466,1
13,1,41,0,6123,0,1,27,3,1,1,30,233.63,1
4,1,31,0,413,5,62,18,2,1,1,25,409.748,1
13,0,37,2,9115,121,144,43,3,1,1,30,945.44,0
3,0,34,0,3410,73,20,24,2,1,1,25,246.735,0
27,1,41,1,1653,0,11,22,4,1,2,30,103.599,1
7,0,29,0,475,21,13,9,2,1,2,25,80.82,0
18,1,31,0,650,41,9,15,2,1,2,25,71.595,1
8,0,31,0,1623,0,0,2,3,1,2,25,114.845,1
9,1,36,0,2268,44,34,31,3,1,2,30,228.48,1
0,0,29,0,922,0,10,7,2,1,1,45,987.255,1
0,1,31,0,2491,0,45,6,3,1,2,25,61.414,1
1,0,30,0,500,1,10,48,2,1,2,45,211.709,1
3,0,38,0,3915,73,0,10,3,1,1,30,159.52,0
17,1,32,0,0,2,16,46,3,1,2,25,253.128,1
15,1,28,0,3233,0,16,5,3,1,1,30,516.035,1
2,0,38,1,2905,26,474,5,3,1,1,30,2013.24,0
20,0,37,8,10030,88,0,44,5,1,1,55,151.77,0
0,0,32,0,890,0,2,22,2,1,1,30,134.794,1
0,0,29,1,1090,32,196,13,2,2,1,25,932.49,0
32,1,27,1,1253,0,59,31,3,1,1,30,200.107,1
1,0,36,0,1822,0,10,6,3,1,1,25,9.561,1
30,0,40,4,15445,231,61,34,3,2,1,30,871.04,0
6,1,37,0,3099,0,14,10,4,1,2,30,0.0,1
9,0,44,2,3355,37,498,14,3,1,1,30,2127.68,0
8,0,34,0,3760,0,0,7,4,1,1,30,228.393,1
0,0,37,0,0,0,0,0,2,1,2,25,0.0,0
5,0,36,2,2023,42,80,9,3,1,2,30,53.836,1
21,0,34,0,1926,10,44,29,3,1,1,30,283.413,1
11,0,35,0,3235,44,11,16,3,1,2,30,175.16,1
15,0,40,3,6823,111,35,29,3,1,1,30,417.36,0
2,0,38,0,2555,49,178,25,2,1,1,25,918.18,0
1,0,40,0,213,4,10,6,3,1,2,30,48.68,1
8,0,32,0,2453,54,351,23,2,1,1,25,1692.315,0
10,0,43,1,2878,72,20,40,2,1,1,25,222.75,0
1,1,38,0,572,0,28,36,4,1,1,25,223.748,1
2,1,25,0,842,0,16,8,4,1,1,30,54.857,1
0,1,31,2,1830,0,41,0,2,1,1,45,221.63,1
0,0,34,0,1875,37,147,6,2,1,1,25,747.54,0
0,0,36,0,0,0,0,0,3,1,2,30,0.0,1
12,0,42,3,3460,36,495,12,4,1,1,45,1324.9,0
1,1,36,0,372,3,47,8,3,1,2,25,61.475,1
6,1,25,1,1692,0,12,22,3,1,1,30,253.999,1
2,0,37,0,1256,26,7,21,4,1,1,25,89.741,1
3,0,34,0,2542,0,20,0,2,2,2,45,33.266,1
12,0,46,0,1275,30,35,16,3,1,2,30,192.2,0
0,0,39,1,33,4,5,1,5,1,1,55,8.055,0
5,0,38,0,933,13,16,6,4,1,2,45,63.65,1
1,0,3,0,4511,0,1,23,3,1,2,45,89.928,1
12,0,32,0,1054,39,5,3,3,1,2,30,482.279,1
13,1,27,0,769,26,48,48,5,1,2,30,47.974,1
8,1,34,0,1922,15,11,3,4,1,2,30,207.813,1
10,1,34,0,1025,0,13,4,2,1,2,45,82.005,1
11,0,39,2,6778,78,113,39,2,1,1,25,817.02,0
2,0,40,0,3673,86,10,32,2,1,1,25,214.155,0
19,0,40,3,5103,82,29,52,1,1,1,15,444.675,0
2,1,3,0,81,17,37,44,4,1,2,25,116.049,1
10,0,43,1,4370,77,13,18,3,1,1,30,229.88,0
0,1,28,2,699,0,5,15,4,1,1,25,60.653,1
31,1,35,0,801,0,76,1,2,1,2,30,172.541,1
4,0,41,1,7588,129,394,47,3,1,1,30,1884.68,0
15,0,32,0,2976,0,43,9,4,1,2,30,113.705,1
5,1,41,0,72,0,5,48,2,1,1,25,70.146,1
8,1,35,0,82,5,54,17,2,1,2,30,107.458,1
0,0,35,0,7013,120,368,38,2,1,1,25,1976.985,0
0,1,40,0,0,0,7,7,3,1,2,30,696.247,1
11,0,37,3,12065,164,32,62,4,1,1,45,385.725,0
1,1,25,1,0,6,15,47,3,1,2,45,472.037,1
1,1,32,0,0,0,0,31,2,1,1,30,307.409,1
13,0,32,1,5863,94,18,20,2,1,1,25,349.065,1
0,0,24,0,520,4,14,1,4,1,2,45,48.1,0
21,0,41,4,9480,130,156,47,3,1,1,30,1008.4,0
8,0,28,3,480,0,0,22,4,1,1,30,100.023,1
0,1,37,0,2567,31,1,26,3,1,2,30,59.241,1
8,0,42,0,4325,75,13,21,3,1,1,30,228.0,0
10,0,28,0,1709,0,7,29,3,1,2,25,77.406,1
2,1,40,1,889,0,26,36,3,1,2,30,0.0,1
4,1,26,0,2192,0,33,12,3,1,2,25,73.22,1
5,0,15,0,2000,26,27,15,2,1,1,25,212.67,0
2,1,31,1,1040,0,36,9,3,1,2,30,224.567,1
2,1,39,0,313,10,11,7,3,1,2,30,56.92,1
10,0,34,5,7565,126,292,48,2,2,1,25,1660.095,0
13,0,40,1,4675,77,12,19,3,1,1,30,238.08,0
17,0,37,4,9715,131,165,58,3,2,1,30,1053.84,0
3,0,36,0,1806,0,16,17,3,1,2,25,26.19,1
8,1,37,0,2188,0,63,11,3,1,1,45,286.657,1
0,0,26,0,0,0,0,0,2,1,2,25,0.0,0
0,1,32,2,210,16,16,41,3,1,1,25,36.772,1
7,0,41,0,1577,4,65,9,4,1,2,30,33.706,1
4,0,33,3,2027,0,53,0,2,1,2,30,86.729,1
34,0,37,0,0,77,42,21,3,1,1,25,167.724,1
11,1,39,0,0,0,0,36,2,1,2,25,86.566,1
4,0,38,1,3095,27,483,8,3,1,1,30,2056.88,0
11,0,37,1,15730,185,152,30,2,1,1,25,1400.175,0
11,0,40,1,4485,76,3,16,3,1,1,30,194.44,0
15,1,27,0,2664,0,0,48,2,1,1,30,111.201,1
5,0,29,1,6830,93,7,18,5,1,1,55,114.345,0
8,0,16,3,2852,45,31,19,3,1,1,30,239.88,0
5,1,39,2,1097,0,45,34,5,1,1,30,331.745,1
4,0,25,1,600,0,77,38,3,1,1,30,0.0,1
16,1,42,0,3295,53,24,19,3,1,2,30,229.92,1
0,0,32,0,1975,24,0,14,2,1,2,25,89.955,1
0,0,34,0,0,0,0,0,5,1,1,55,0.0,0
31,1,35,2,1547,0,36,9,5,1,1,30,0.0,1
22,1,40,9,10515,95,11,46,5,1,1,55,175.65,0
6,1,35,0,562,0,15,48,3,1,1,30,0.0,1
0,1,35,0,0,23,66,31,2,1,2,45,460.728,1
6,0,38,1,1973,31,7,8,4,1,1,45,67.6,0
9,0,40,0,1205,21,29,13,3,1,2,30,165.04,0
30,1,34,0,1310,35,13,27,3,1,1,30,119.435,1
25,0,26,0,0,32,9,4,4,1,2,25,255.021,1
3,0,38,0,1011,16,44,5,5,1,1,25,45.315,1
11,1,27,0,1855,56,66,48,3,1,1,30,496.897,1
0,1,26,2,0,6,9,36,3,1,2,45,93.938,1
0,1,33,0,186,0,12,27,2,1,1,30,61.987,1
2,1,28,1,1119,0,14,0,3,1,2,30,25.282,1
15,0,29,2,2583,56,45,70,5,1,1,55,107.085,0
28,0,37,4,15265,223,50,29,3,2,1,30,819.52,0
2,0,39,0,1988,53,0,35,2,1,1,25,91.845,0
3,0,35,0,6413,69,101,35,2,1,1,25,746.19,0
3,0,39,0,1199,3,5,23,3,2,2,45,253.711,1
22,1,39,5,10020,137,172,60,3,1,1,30,1094.28,0
2,0,5,0,1376,8,55,47,3,1,2,30,236.672,1
1,0,7,0,2847,0,0,19,2,1,2,30,100.975,1
7,1,40,0,243,0,0,9,2,1,2,30,286.451,1
9,0,43,0,1195,28,31,15,3,1,2,30,172.92,0
8,0,40,3,703,13,16,6,5,1,1,55,34.74,0
2,0,26,0,1015,11,30,6,4,1,2,45,100.65,0
1,1,31,0,275,0,8,35,4,1,2,25,185.203,1
14,0,43,1,14258,183,18,51,3,1,1,30,649.64,0
16,1,31,0,460,40,0,12,2,1,2,25,22.5,1
15,0,41,3,4110,44,498,10,4,1,1,45,1348.85,0
0,0,33,0,0,0,0,0,4,1,1,45,0.0,0
11,0,36,4,7270,122,278,35,3,2,1,30,1407.68,0
5,0,32,0,3390,74,15,22,2,1,1,25,223.38,0
13,0,33,0,2189,37,42,27,4,2,2,25,164.312,1
12,0,24,0,2851,0,2,14,3,1,2,30,142.995,1
7,0,29,0,1756,17,44,47,3,1,2,30,84.487,1
0,0,29,0,2355,8,0,7,3,1,1,30,94.52,0
0,0,32,0,382,0,16,7,3,1,2,25,0.0,1
0,0,37,0,8,4,4,5,3,1,2,30,16.48,1
32,0,45,5,15445,237,69,35,3,2,1,30,903.28,0
4,0,39,1,2475,45,317,22,4,1,1,45,855.5,0
0,0,39,1,6275,82,189,28,3,1,1,30,1010.28,0
0,0,8,1,4200,40,240,12,3,1,1,30,1129.6,0
6,0,35,0,2665,47,143,19,2,1,1,25,765.54,0
5,0,29,0,1245,22,60,9,4,1,2,45,181.675,0
2,1,36,0,0,0,82,14,4,1,1,45,172.931,1
5,0,34,1,3085,25,7,14,3,1,1,30,152.4,0
3,1,32,2,0,82,0,21,5,1,2,30,245.989,1
0,0,33,1,0,0,32,25,3,1,1,30,0.0,1
6,0,36,0,2445,7,74,25,2,1,2,25,251.834,1
3,0,35,0,4123,87,3,26,2,1,1,25,202.95,0
16,0,28,0,470,33,0,10,2,1,2,25,22.635,1
0,0,32,0,6060,100,243,16,2,2,1,25,1370.7,0
0,1,30,0,0,0,0,0,5,1,1,55,0.0,1
4,0,35,0,2078,44,59,33,3,1,2,30,320.88,1
20,0,19,2,9298,180,85,44,5,1,1,55,269.67,0
3,0,35,2,1144,0,27,23,4,1,2,55,1.938,1
8,0,40,0,13478,165,7,31,3,1,1,30,573.72,0
10,0,30,0,0,90,59,10,2,1,2,30,58.98,1
5,0,20,1,1810,31,26,13,3,1,1,30,177.64,0
0,0,28,0,2039,9,27,31,2,1,1,30,0.0,1
20,0,29,2,15770,232,0,78,2,1,1,25,720.09,0
17,0,19,0,6098,137,71,29,2,2,1,25,600.075,0
8,0,28,3,602,8,3,39,4,1,2,30,299.523,1
0,1,3,2,0,54,9,37,3,1,2,30,862.766,1
0,0,25,0,635,10,46,5,4,1,2,45,131.125,0
5,0,6,1,4695,40,214,11,3,1,1,30,1045.4,0
15,1,41,0,3375,49,26,22,3,1,2,30,240.96,1
7,0,42,0,13728,173,8,48,3,1,1,30,588.04,0
15,0,12,0,9237,171,72,41,4,1,1,45,415.2,0
3,1,34,1,0,29,79,5,2,1,2,30,214.633,1
11,0,28,6,9870,77,0,34,4,2,1,45,248.675,0
11,0,37,1,4495,69,7,14,3,1,1,30,210.56,0
0,1,9,0,888,9,0,3,3,1,1,30,35.88,1
8,0,5,0,1200,13,22,6,3,1,1,25,70.856,1
26,1,29,0,1769,0,0,11,2,1,2,55,0.0,1
0,0,31,0,0,8,38,21,4,1,2,25,0.0,1
14,1,29,1,1422,0,0,0,5,1,1,55,197.758,1
6,0,43,2,3095,33,491,9,4,1,1,45,1305.7,0
0,0,33,0,1550,39,40,21,3,1,2,30,223.56,0
10,0,42,2,6985,100,204,33,3,1,1,30,1099.4,0
15,0,27,1,1530,38,26,15,2,1,1,25,187.56,0
11,1,33,1,5638,90,15,19,2,1,1,25,325.26,1
4,0,36,1,2955,27,0,13,3,1,1,30,119.28,0
7,0,39,0,4073,68,5,38,1,1,1,15,255.255,0
8,0,24,1,1793,43,27,66,4,1,1,45,113.4,0
6,1,41,0,292,0,59,28,3,1,2,30,52.647,1
2,0,40,1,1748,27,10,10,4,1,1,45,69.375,0
4,1,41,0,0,0,79,41,2,1,2,25,0.0,1
6,0,41,0,2144,0,12,39,3,1,2,30,70.079,1
10,0,35,1,9055,118,139,41,3,1,1,30,922.92,0
22,0,27,1,1939,0,3,33,3,1,1,45,75.755,1
34,0,31,0,0,0,0,14,3,1,2,45,230.793,1
11,0,39,0,6108,95,7,10,2,1,1,25,310.635,0
3,1,33,0,1134,0,4,25,3,1,2,45,62.399,1
13,0,37,2,9115,121,144,43,3,1,1,30,945.44,0
0,0,34,0,1553,20,2,7,3,1,1,30,70.92,0
4,0,3,2,1982,0,54,18,3,2,1,45,382.36,1
7,0,44,0,803,19,25,11,3,1,2,30,132.88,0
18,0,39,3,9420,127,151,45,3,1,1,30,985.88,0
3,0,33,0,3561,68,0,28,2,1,2,25,222.541,1
0,0,35,0,0,0,0,0,2,1,2,25,0.0,0
0,1,29,1,709,0,0,20,3,1,1,45,49.475,1
5,1,29,0,128,6,53,23,2,1,1,45,235.973,1
0,0,31,0,2088,46,0,30,1,1,1,15,117.37,0
18,0,43,2,4260,96,50,35,3,1,1,30,374.24,0
6,1,26,1,2624,19,9,4,2,1,1,30,249.31,1
1,0,33,0,1322,21,35,39,3,1,2,25,398.116,1
13,0,42,2,1033,2,3,39,4,1,2,45,51.814,1
3,0,34,0,2665,48,177,24,2,1,1,25,918.585,0
5,1,32,0,5453,89,14,20,2,1,1,25,312.39,1
2,0,29,0,0,24,8,11,3,1,1,25,152.151,1
0,1,6,0,1068,7,0,1,2,1,1,25,48.375,1
9,1,34,1,487,0,3,9,3,1,2,25,60.5,1
1,1,8,0,232,55,37,2,3,1,2,30,146.889,1
6,0,9,3,4990,50,236,25,3,1,1,30,1145.6,0
5,0,33,1,2965,20,7,11,3,1,1,30,147.4,0
8,0,22,0,1045,24,8,8,2,1,1,25,84.105,0
0,1,32,4,820,0,9,17,4,1,2,25,67.692,1
13,0,24,0,474,0,34,26,3,1,2,45,43.687,1
7,0,40,0,1015,20,20,10,3,1,2,30,121.4,0
11,0,40,1,6223,101,14,14,3,1,1,30,308.96,0
8,0,39,0,0,0,6,5,2,1,1,30,260.316,1
0,0,32,0,10980,140,0,40,3,1,1,30,444.8,0
0,0,37,0,945,0,13,48,3,1,1,30,0.0,1
2,1,27,0,181,0,19,9,2,2,2,25,19.112,1
8,1,32,2,433,0,0,41,2,1,1,45,70.619,1
3,1,43,1,970,0,9,20,2,1,1,30,59.815,1
16,0,39,4,12370,170,39,64,4,1,1,45,411.0,0
25,1,33,0,0,14,46,48,3,1,2,25,114.252,1
5,0,28,0,305,6,7,2,4,1,2,45,25.275,0
30,1,3,0,549,44,36,7,2,2,2,45,15.636,1
5,0,39,0,0,1,65,38,4,1,2,30,35.208,1
7,0,38,1,4023,88,9,30,3,1,1,30,200.44,0
0,1,36,0,0,25,3,21,2,1,1,30,987.255,1
18,0,36,2,14645,218,38,27,3,1,1,30,746.52,0
0,0,31,0,2660,14,0,9,3,1,1,30,106.96,0
30,0,33,4,16380,244,7,82,2,2,1,25,779.58,0
4,1,29,0,1129,0,0,48,3,1,2,25,17.289,1
9,1,26,0,0,0,20,5,2,1,2,30,60.299,1
12,0,38,1,11655,154,7,45,3,1,1,30,500.36,0
7,0,33,0,2064,48,29,4,3,1,1,30,198.671,1
13,0,43,2,3085,65,190,26,3,1,1,30,886.0,0
12,0,38,1,4443,69,7,35,1,1,1,15,286.66,0
12,0,39,3,8413,143,412,60,3,1,1,30,1990.24,0
0,0,12,0,1435,16,13,8,2,1,1,25,123.795,0
0,0,26,1,2083,0,42,42,3,1,2,45,92.883,1
17,0,18,2,9353,183,112,46,5,1,1,55,311.04,0
1,0,37,0,3805,72,0,25,3,1,1,30,155.08,0
0,0,22,0,0,0,9,0,4,1,2,45,22.5,0
0,1,31,0,869,0,0,15,2,1,2,30,45.095,1
1,0,19,0,1290,21,10,16,2,1,1,25,103.995,0
5,0,39,3,758,16,43,8,5,1,1,55,76.11,0
1,0,24,0,174,0,9,7,3,1,1,25,187.177,1
0,0,32,0,2153,15,33,30,4,1,1,30,28.156,1
3,0,3,0,57,26,41,6,4,1,2,25,56.036,1
7,0,40,1,2860,55,185,27,2,1,1,25,963.675,0
7,0,26,2,1440,34,189,8,3,2,1,30,814.96,0
5,0,33,0,920,10,7,7,2,1,2,25,73.35,0
20,0,36,2,14835,219,47,30,3,1,1,30,790.16,0
19,0,33,8,10255,85,0,37,5,1,1,55,155.1,0
10,0,39,2,3805,38,491,8,3,1,1,30,2117.72,0
4,0,38,1,1783,30,0,5,4,1,1,45,45.325,0
10,0,32,0,713,3,82,10,2,1,2,45,105.311,1
0,0,25,0,3035,60,0,20,3,1,1,30,123.8,0
5,0,22,0,3530,61,7,24,3,1,1,30,171.64,0
11,0,42,1,4278,68,11,39,1,1,1,15,299.53,0
5,0,38,0,13583,168,0,41,3,1,1,30,550.04,0
21,0,23,2,6653,151,100,48,2,2,1,25,756.18,0
4,0,38,0,2360,39,285,18,3,1,1,30,1235.96,0
24,1,38,0,332,23,68,16,3,1,2,30,117.55,1
10,0,39,3,508,19,0,0,5,1,2,25,37.526,1
9,0,36,1,4493,70,15,48,1,1,1,15,333.465,0
0,0,39,0,3413,82,3,27,3,1,1,30,151.8,0
5,0,38,2,643,10,11,4,5,1,1,55,26.295,0
3,1,34,0,1070,39,80,7,2,1,2,25,0.0,1
34,1,26,3,2334,15,0,6,2,2,1,45,119.55,1
11,0,34,3,1620,48,208,14,3,2,1,30,898.72,0
26,1,37,3,15545,230,55,30,3,1,1,30,851.0,0
3,0,26,0,3279,15,35,31,3,1,2,45,73.87,1
3,0,41,0,5613,95,8,11,3,1,1,30,260.32,0
10,0,38,0,1973,40,20,18,3,1,2,30,160.52,1
0,0,37,0,630,11,0,11,2,1,1,25,28.845,0
8,0,44,1,2653,68,17,39,2,1,1,25,198.945,0
9,0,36,1,7123,80,109,35,2,1,1,25,814.635,0
0,1,34,0,0,0,0,0,4,1,2,45,0.0,1
0,0,33,0,0,0,0,0,2,1,2,25,0.0,0
26,0,39,10,10855,105,40,48,5,2,1,55,224.4,0
0,1,7,0,1183,13,0,5,2,1,2,25,53.82,1
17,0,17,1,9238,177,80,42,5,1,1,55,261.225,0
7,0,24,0,0,0,62,3,2,1,1,25,433.803,1
8,0,42,1,13853,171,10,48,3,1,1,30,600.96,0
9,0,39,1,3103,69,10,33,2,1,1,25,187.74,0
8,0,41,1,2153,39,18,13,4,1,1,45,99.8,0
3,0,38,0,2393,58,2,33,1,1,1,15,145.805,0
0,0,36,0,2333,55,0,31,1,1,1,15,131.34,0
13,0,36,0,2463,58,7,15,3,1,2,30,128.84,0
7,0,36,0,11350,148,0,43,3,1,1,30,459.92,0
1,1,16,3,163,0,13,45,3,1,2,30,87.316,1
4,0,38,0,2360,39,285,18,3,1,1,30,1235.96,0
0,0,25,0,1378,39,55,70,4,1,1,45,172.925,0
21,0,40,3,14915,221,57,34,3,1,1,30,833.44,0
6,1,36,0,2865,43,13,19,2,1,2,25,189.36,1
3,0,32,0,4110,61,0,11,2,1,1,25,187.695,0
0,0,40,0,193,7,11,7,2,1,2,25,58.5,0
0,0,28,0,0,0,0,0,3,1,2,30,0.0,1
0,0,31,0,615,4,0,5,2,1,2,25,27.855,0
0,1,31,0,816,12,51,27,2,1,2,25,105.57,1
10,0,37,0,2453,60,359,24,3,1,1,30,1536.52,0
0,0,34,1,1963,29,14,19,3,1,1,30,135.68,0
2,0,30,0,1849,35,0,10,3,1,2,55,107.128,1
34,0,3,0,407,0,40,35,2,1,2,30,26.588,1
13,0,18,4,3158,51,38,21,3,2,1,30,280.36,0
0,0,26,0,825,10,21,3,4,1,2,45,73.375,1
9,0,3,0,1751,6,19,42,2,1,1,25,183.491,1
2,1,40,2,4588,31,0,29,3,1,2,30,27.737,1
6,1,33,0,1347,4,0,5,2,1,2,45,213.042,1
16,1,26,0,739,3,68,5,3,1,2,45,219.07,1
0,1,32,0,0,0,0,0,2,1,2,25,0.0,1
0,0,34,0,0,0,0,0,2,1,2,25,0.0,1
0,0,36,0,2088,52,0,31,1,1,1,15,117.7,0
14,1,40,0,2543,60,15,19,3,1,2,30,164.12,0
2,1,39,0,382,84,1,5,2,1,1,25,85.415,1
14,0,39,1,15790,188,157,32,2,1,1,25,1425.51,0
11,1,36,0,2513,47,36,31,3,1,2,30,246.4,1
15,1,29,0,780,0,36,27,3,1,2,25,47.447,1
18,0,34,7,10320,88,3,43,4,1,1,45,267.7,0
13,0,33,0,411,0,0,0,2,1,1,30,253.293,1
3,0,38,0,591,22,70,45,4,1,1,30,645.006,1
5,0,38,0,3423,78,7,15,3,1,1,30,168.04,0
3,0,41,0,117,0,49,31,2,1,2,30,12.081,1
14,0,39,1,15790,188,157,32,2,1,1,25,1425.51,0
5,0,40,1,2800,23,469,9,3,1,1,30,1988.92,0
28,1,38,0,548,0,51,9,4,1,2,45,226.63,1
6,0,36,0,935,18,10,6,3,1,2,30,78.12,0
6,0,33,0,1367,1,29,10,4,1,2,25,123.646,1
22,0,36,2,15025,220,56,33,3,1,1,30,833.8,0
16,1,40,0,3475,55,27,23,3,1,2,30,249.2,1
4,0,3,4,335,16,67,18,4,1,2,30,404.886,1
9,1,36,0,3105,47,41,20,3,1,2,30,290.08,1
8,1,26,0,530,8,2,14,3,1,1,45,0.0,1
0,0,35,0,1223,37,0,15,3,1,2,30,50.4,0
13,0,35,0,4503,66,0,36,1,1,1,15,251.295,0
10,0,25,0,995,29,24,20,2,1,2,25,154.08,0
2,0,32,0,3597,2,9,9,3,1,1,55,75.656,1
6,0,32,0,3515,72,17,22,2,1,1,25,237.915,0
19,0,19,2,6453,144,90,44,2,2,1,25,701.865,0
12,0,40,2,4820,89,9,27,3,1,1,30,232.36,0
0,0,35,0,14,0,2,34,2,1,2,45,91.03,1
11,1,26,0,580,14,10,25,2,1,2,30,0.0,1
3,0,42,0,790,16,23,12,3,1,2,30,124.24,0
7,0,35,0,2338,55,361,25,2,1,1,25,1732.185,0
10,0,39,0,15190,178,136,17,2,1,1,25,1303.56,0
2,1,32,0,849,0,13,26,5,1,2,30,48.271,1
8,0,25,2,719,28,9,15,5,1,1,30,157.174,1
7,0,19,0,1885,26,7,12,2,1,1,25,117.495,0
22,0,36,0,447,10,3,17,2,1,2,25,79.302,1
24,0,35,0,772,0,13,21,3,1,2,25,0.0,1
10,1,30,2,1514,30,0,36,3,1,2,30,408.597,1
12,1,39,2,127,38,2,16,4,1,1,30,190.284,1
3,0,33,0,438,2,0,3,3,1,2,30,17.6,1
5,0,40,0,2013,50,11,19,3,1,2,30,126.52,0
17,0,41,2,15850,191,162,34,2,1,1,25,1450.845,0
10,0,36,2,3380,63,196,38,2,1,1,25,1036.935,0
9,0,27,0,1154,12,59,10,4,1,2,45,478.739,1
12,1,40,0,2353,59,6,16,3,1,2,30,120.48,0
8,0,34,1,2853,6,10,26,3,1,2,25,99.976,1
8,0,37,0,2263,59,350,21,3,1,1,30,1492.88,0
28,0,33,4,16135,241,5,82,2,1,1,25,759.42,0
18,0,22,2,6392,147,93,43,2,2,1,25,712.755,0
0,0,36,0,0,0,0,0,2,1,2,25,0.0,0
5,0,40,0,420,12,39,6,3,1,2,30,173.28,1
0,0,33,0,1248,13,0,3,3,1,1,30,50.44,0
14,0,38,0,15675,182,125,28,2,1,1,25,1276.065,0
1,0,39,0,0,9,18,37,2,1,2,30,303.948,1
8,1,28,0,0,0,0,46,3,1,2,25,187.838,1
0,0,38,0,470,9,0,13,2,1,2,25,21.555,0
17,0,39,2,3795,70,190,25,2,1,1,25,1028.925,0
24,1,32,3,15670,233,0,82,2,1,1,25,715.635,0
11,0,36,1,4740,87,7,23,3,1,1,30,221.08,0
5,0,40,0,2065,35,271,5,3,1,1,30,1168.0,0
0,1,30,0,495,0,24,19,2,1,1,30,53.063,1
5,0,33,0,388,3,28,3,3,1,1,45,66.666,1
9,0,35,0,2990,41,9,16,3,1,2,30,157.24,1
4,0,9,1,4580,41,224,13,3,1,1,30,1080.84,0
13,1,33,1,693,2,44,13,3,1,2,55,56.936,1
10,0,35,0,2440,18,3,5,3,1,1,30,0.0,1
14,0,39,1,8820,117,130,30,3,1,1,30,877.48,0
10,0,27,1,2278,50,38,68,4,1,1,45,153.2,0
31,1,32,4,16785,249,8,80,2,1,1,25,802.53,0
1,1,31,1,0,9,42,33,4,1,2,25,43.107,1
9,0,14,2,4875,54,233,17,3,1,1,30,1129.16,0
34,0,28,0,365,0,28,16,3,1,2,30,271.596,1
10,0,40,1,6898,83,119,42,2,1,1,25,849.645,0
15,1,44,0,2623,62,25,23,3,1,2,30,207.4,0
8,0,3,0,0,0,2,10,3,1,1,45,107.162,1
0,0,22,0,1203,30,18,64,4,1,1,45,75.825,0
1,1,25,4,930,28,77,26,3,1,2,30,304.905,1
3,0,38,0,2393,58,2,33,1,1,1,15,145.805,0
10,0,36,2,11590,152,7,44,4,1,1,45,311.05,0
21,1,31,0,3209,22,25,8,3,1,1,30,37.614,1
6,0,8,1,258,46,4,48,4,2,2,25,389.895,1
1,0,24,0,603,0,9,9,2,1,2,25,45.187,1
17,0,39,0,1665,0,33,3,3,1,1,45,111.487,1
20,1,34,0,830,49,20,20,2,1,2,25,129.555,1
10,0,41,0,1512,5,4,10,2,1,2,30,0.0,1
9,1,35,0,678,10,0,0,3,1,2,45,10.64,1
0,0,3,1,287,14,18,37,2,1,1,25,59.499,1
5,0,38,0,438,8,7,4,3,1,2,30,45.84,1
10,1,27,0,733,18,0,37,3,1,2,30,63.153,1
4,0,39,0,1745,46,48,24,3,1,2,30,263.64,0
5,0,33,0,4023,82,1,29,2,1,1,25,189.225,0
12,0,39,1,15600,187,148,29,2,1,1,25,1376.415,0
10,1,28,0,1303,3,4,12,3,1,1,45,58.025,1
5,1,31,0,0,21,39,20,2,1,2,25,0.0,1
1,0,36,0,3875,64,0,12,2,1,1,25,177.255,0
7,0,41,0,1130,26,52,14,3,1,2,30,254.24,0
3,1,8,0,1373,13,0,3,2,1,1,25,62.37,1
0,0,34,0,2285,46,159,18,2,1,1,25,820.395,0
5,0,14,2,2737,40,33,20,3,1,1,30,243.08,0
5,0,27,1,3340,66,6,22,3,1,1,30,160.24,0
16,0,39,3,9230,126,142,42,3,1,1,30,942.24,0
9,0,40,0,151,0,54,7,3,1,1,30,272.069,1
11,0,16,1,6203,141,110,44,2,2,1,25,780.48,0
7,1,32,0,790,0,6,39,3,1,2,25,81.261,1
6,0,29,0,0,0,17,43,3,1,2,25,0.0,1
14,1,12,3,2502,36,15,9,3,1,1,30,161.52,1
8,0,12,3,2898,41,23,15,3,1,1,30,209.56,0
9,0,38,1,549,2,41,1,2,1,2,30,0.0,1
0,0,38,0,2495,17,462,7,3,1,1,30,1948.48,0
2,0,32,0,13513,159,0,38,3,1,1,30,546.88,0
0,0,38,0,750,16,4,14,2,1,2,25,52.47,0
5,0,38,1,1373,21,7,2,4,1,1,45,52.35,0
1,0,35,0,166,48,0,17,2,1,1,25,31.3,1
2,0,38,0,710,14,13,8,3,1,2,30,80.96,0
7,0,35,1,3400,27,482,9,3,1,1,30,2065.08,0
6,0,27,0,1535,21,29,3,4,1,2,45,111.4,0
0,0,27,0,6525,87,0,16,4,1,1,45,165.3,0
0,0,36,0,2790,21,476,6,3,1,1,30,2016.44,0
0,1,40,0,667,0,6,39,2,1,2,30,102.858,1
17,0,39,1,2948,67,375,29,3,1,1,30,1620.6,0
7,0,34,1,4560,79,7,21,3,1,1,30,213.56,0
2,0,15,2,2142,34,6,19,3,1,1,30,111.04,0
0,1,33,2,261,26,1,28,3,1,2,25,45.989,1
9,0,39,0,2550,39,260,16,3,1,1,30,1143.56,0
0,0,33,0,0,0,0,27,2,1,2,30,61.54,1
19,1,44,0,2833,60,56,39,4,1,2,45,212.325,1
14,0,31,0,2007,68,23,20,3,1,2,25,210.497,1
1,0,36,0,1280,19,1,9,2,1,2,25,62.955,0
10,0,22,2,2060,35,40,18,3,1,1,30,243.8,0
9,0,38,0,1038,18,28,19,3,1,2,30,154.24,1
13,0,41,2,4790,83,44,23,3,1,1,30,370.92,0
0,0,26,0,968,29,9,53,4,1,1,45,47.425,0
3,0,38,0,13173,159,0,29,3,1,1,30,533.28,0
0,1,41,0,1754,23,29,4,3,1,1,30,280.362,1
19,0,19,2,6507,146,83,41,2,2,1,25,672.885,0
8,0,43,2,683,14,19,8,3,1,1,30,103.88,0
10,0,28,1,2609,4,56,5,3,1,2,30,18.479,1
0,1,36,0,505,69,78,28,3,1,2,30,74.174,1
34,0,26,0,0,0,69,1,3,1,2,30,42.146,1
7,0,24,1,1955,36,43,20,3,1,1,30,251.64,0
15,0,45,2,4675,83,20,20,3,1,1,30,270.32,0
0,0,34,0,292,49,6,3,3,1,2,30,66.337,1
6,0,34,1,5963,91,7,8,3,1,1,30,270.16,0
17,1,33,0,2524,15,14,31,3,1,2,30,144.296,1
5,0,35,0,2148,54,352,22,2,1,1,25,1683.09,0
2,0,38,2,316,0,38,27,5,1,2,30,105.026,1
9,0,38,0,2238,54,8,17,3,1,2,30,123.68,0
17,0,39,4,7623,91,136,54,2,2,1,25,959.13,0
5,0,31,0,1710,40,30,16,3,1,2,30,190.0,0
0,0,21,0,1055,26,178,5,2,2,1,25,849.645,0
0,0,34,0,1657,0,15,0,3,1,1,45,400.665,1
3,0,35,0,6413,69,101,35,2,1,1,25,746.19,0
22,0,33,0,1095,16,61,3,3,1,2,30,230.007,1
0,0,40,0,485,10,16,10,2,1,2,25,94.275,0
5,1,25,1,1145,1,0,7,3,1,2,25,85.545,1
0,0,42,0,0,0,8,0,2,1,2,25,36.0,1
7,1,35,0,156,0,8,39,4,2,1,30,0.0,1
9,1,30,0,755,0,41,6,3,1,2,25,211.649,1
8,0,10,1,1678,19,7,5,3,1,1,30,95.88,1
0,0,37,0,685,13,0,8,2,1,2,25,31.41,0
26,1,32,0,1080,45,12,14,3,1,2,30,93.0,1
2,1,30,0,1121,29,24,11,3,1,2,45,97.643,1
16,1,40,0,19,6,7,9,3,1,1,30,20.406,1
6,0,36,1,14068,173,14,57,3,1,1,30,625.64,0
12,1,35,4,7675,127,279,33,3,2,1,30,1428.08,0
0,0,38,0,0,0,27,1,3,1,1,30,93.185,1
17,0,36,3,6418,108,47,39,2,1,1,25,505.17,0
14,1,38,0,2573,50,41,33,4,1,2,45,168.075,1
16,1,38,0,2763,51,50,36,4,1,2,45,195.35,1
0,0,34,0,0,0,0,0,5,1,1,55,0.0,0
1,0,33,0,2725,16,0,10,3,1,1,30,109.64,0
8,0,40,2,498,11,12,6,3,1,1,30,68.36,1
1,0,28,0,4706,21,63,36,2,1,2,55,65.577,1
9,1,40,0,2673,0,39,31,3,1,1,30,78.041,1
0,0,19,0,1263,27,15,65,4,1,1,45,69.75,0
3,0,13,0,0,4,18,0,3,1,2,30,110.673,1
2,0,27,0,1373,0,54,12,2,1,2,25,95.882,1
14,0,32,2,0,0,34,27,2,1,1,25,84.839,1
0,0,36,0,0,0,0,0,2,1,2,25,0.0,0
9,0,29,0,2263,26,64,8,3,1,2,30,282.588,1
0,0,24,0,3035,61,33,25,3,1,1,30,255.84,0
10,1,27,0,1845,23,26,12,3,1,1,25,16.602,1
3,0,24,0,882,0,41,0,2,1,2,25,176.175,1
3,0,29,3,1857,25,39,4,4,2,2,30,67.148,1
8,0,33,1,1414,6,2,37,2,1,1,30,203.108,1
17,0,42,1,2938,74,377,31,3,1,1,30,1628.48,0
10,1,31,0,2556,0,68,9,3,1,1,45,87.123,1
10,0,37,0,2160,51,54,25,3,1,2,30,304.44,0
1,0,40,2,418,6,14,6,5,1,1,55,27.36,0
17,0,38,8,10210,89,4,44,4,2,1,45,267.475,0
0,0,33,0,1360,38,31,18,3,1,2,30,179.92,0
9,1,28,0,6123,53,15,7,4,1,2,45,45.653,1
1,0,36,0,5613,89,0,10,2,1,1,25,256.59,0
3,0,13,0,8028,155,45,23,4,1,1,45,317.075,0
9,0,37,1,11655,155,20,50,4,1,1,45,345.25,0
5,0,27,0,2930,57,7,10,3,1,1,30,147.48,0
16,1,31,1,1045,58,1,23,2,1,2,45,273.837,1
19,0,27,3,2130,48,47,30,2,1,1,25,309.51,0
0,0,30,0,7203,115,369,40,2,1,1,25,1989.81,0
0,0,32,0,0,0,0,0,4,1,1,45,0.0,0
3,0,37,0,2278,52,0,29,1,1,1,15,128.15,0
6,0,29,0,1301,0,6,45,3,1,2,25,18.98,1
12,0,3,0,1885,0,0,0,4,1,2,45,205.352,1
1,0,30,0,61,53,11,48,3,1,1,45,0.0,1
0,1,26,0,554,12,10,24,3,1,1,30,0.0,1
3,0,37,0,1855,0,6,31,3,1,1,25,34.632,1
1,0,33,0,1194,47,2,8,4,2,1,30,92.126,1
28,0,38,0,1483,34,66,27,3,1,2,30,304.892,1
4,0,24,0,515,21,0,13,2,1,1,25,24.12,0
11,1,8,2,591,0,9,36,2,1,2,30,150.611,1
7,0,43,3,643,16,19,5,5,1,1,55,38.385,0
0,1,29,0,1342,12,7,24,4,1,1,30,39.294,1
12,0,26,2,2260,42,50,22,3,1,1,30,292.08,0
7,1,39,0,1897,14,31,8,3,1,1,30,465.622,1
3,1,27,1,334,5,10,18,2,1,2,30,18.114,1
5,0,33,1,6545,82,178,22,3,1,1,30,977.08,0
2,0,35,1,7803,131,398,56,2,1,1,25,2148.03,0
7,0,23,0,1110,27,21,14,2,1,1,25,145.665,0
8,0,34,3,7155,117,280,36,2,2,1,25,1587.24,0
11,0,38,0,2483,57,10,17,3,1,2,30,141.6,0
11,1,38,0,2428,55,17,20,3,1,2,30,167.32,0
1,1,38,0,0,16,8,48,3,1,2,30,23.156,1
11,0,43,1,2845,53,303,25,3,1,1,30,1327.92,0
0,0,29,0,1363,13,0,3,3,1,1,30,55.04,0
8,1,37,0,2443,0,34,29,2,1,1,45,0.0,1
17,0,17,1,9237,177,80,42,5,1,1,55,261.21,0
1,0,36,0,807,0,55,4,3,1,2,30,69.691,1
16,0,34,7,10130,87,0,40,4,1,1,45,255.425,0
3,0,37,0,4180,71,30,19,3,1,1,30,290.04,0
4,0,33,0,2685,35,2,14,2,1,2,25,131.4,1
6,0,44,0,589,13,15,30,5,1,2,55,57.941,1
0,0,35,0,5595,70,158,9,3,1,1,30,858.6,0
0,0,34,0,1363,19,0,4,3,1,1,30,55.28,0
5,1,29,3,1069,35,16,36,2,1,2,30,188.497,1
0,0,39,0,1835,0,41,6,3,1,2,30,99.542,1
23,1,33,0,955,47,16,17,2,1,2,25,117.09,1
1,0,32,0,13388,161,0,38,3,1,1,30,541.96,0
3,0,37,1,6500,86,186,26,3,1,1,30,1007.44,0
6,0,35,2,11760,158,25,60,3,1,1,30,576.72,0
12,0,35,0,955,4,5,22,3,1,1,25,44.493,1
13,0,35,0,426,0,38,13,3,1,2,25,153.667,1
3,0,36,0,623,5,6,5,2,1,2,25,55.26,0
0,0,3,0,3825,24,193,2,2,1,1,25,1041.705,0
7,0,31,0,50,2,0,1,2,1,2,25,2.34,1
3,0,25,2,1610,40,207,24,2,2,1,25,1005.75,0
8,1,34,0,1127,0,11,17,2,2,1,30,160.646,1
1,1,35,1,0,0,0,0,3,1,1,30,12.199,1
14,1,3,1,380,45,4,48,3,1,1,25,184.466,1
3,0,34,0,223,12,27,27,3,1,2,25,95.101,1
3,0,29,1,3305,63,18,27,3,1,1,30,206.72,0
13,0,27,3,2447,1,1,21,3,1,2,45,57.59,1
16,1,37,0,3485,48,25,21,3,1,2,30,241.32,1
0,0,8,0,3680,29,190,10,3,1,1,30,908.36,0
11,0,34,1,3820,78,24,24,3,1,1,30,251.92,0
11,0,31,0,5818,92,18,23,2,1,1,25,346.95,1
11,0,34,0,3823,47,2,34,2,1,2,45,56.187,1
17,0,36,6,9835,83,0,27,4,1,1,45,247.95,0
0,0,29,0,0,0,7,2,4,1,2,25,280.572,1
9,0,15,0,5897,134,69,37,1,2,1,15,711.205,0
5,0,34,3,8,9,10,19,3,1,2,45,45.381,1
9,0,22,0,700,19,2,6,2,1,2,25,41.355,0
1,0,36,0,1273,78,36,7,2,2,2,30,54.593,1
3,1,27,0,620,54,13,7,3,1,1,30,218.607,1
5,0,39,0,1180,20,7,13,2,1,2,25,85.5,0
5,1,31,2,1987,0,0,25,2,1,1,30,548.472,1
8,1,26,4,0,0,0,4,4,1,1,25,111.195,1
9,1,29,0,5620,21,50,0,3,1,1,30,21.843,1
8,0,41,0,1053,41,0,8,4,1,2,30,0.0,1
34,0,35,0,1417,0,37,8,3,1,2,30,523.904,1
6,0,37,0,1780,49,36,19,3,1,2,30,217.16,0
1,0,36,0,5613,89,0,10,2,1,1,25,256.59,0
17,1,32,4,208,38,0,19,3,1,2,25,227.228,1
0,0,28,0,6300,83,0,15,4,1,1,45,159.575,0
10,1,11,2,1982,26,16,12,3,1,1,30,144.32,1
12,1,30,0,1157,0,5,24,3,1,1,30,44.374,1
7,1,31,0,2268,38,26,30,3,1,2,30,196.24,1
9,1,23,2,455,0,20,13,3,1,1,25,95.247,1
8,0,26,1,3935,72,16,23,3,1,1,30,224.28,0
34,1,36,0,1970,64,31,19,3,2,2,30,205.36,1
9,1,29,2,45,0,14,47,2,1,2,25,62.632,1
9,1,38,0,2238,54,8,17,3,1,2,30,123.68,0
0,0,9,0,3790,30,194,23,3,1,1,30,928.8,0
27,1,25,0,1146,35,53,48,2,1,2,45,89.383,1
0,0,22,0,2210,44,0,21,3,1,1,30,90.16,0
0,0,24,0,1263,33,23,66,4,1,1,45,89.9,0
19,1,36,0,1870,11,15,0,3,1,2,25,5.605,1
6,1,31,0,1560,2,44,33,3,1,2,25,23.428,1
11,0,42,1,15485,188,158,31,2,1,1,25,1416.285,0
12,0,42,2,3855,84,42,32,3,1,1,30,325.56,0
3,0,39,1,2508,64,34,37,2,1,1,25,268.74,0
1,1,32,0,594,0,38,20,2,1,2,30,329.815,1
5,0,28,0,1130,16,28,5,4,1,2,45,98.65,0
0,0,31,0,0,21,0,48,3,1,2,55,166.631,1
6,0,24,0,587,50,12,1,3,1,2,30,0.0,1
18,0,34,0,0,9,21,34,4,1,1,45,70.218,1
1,1,29,0,90,2,59,25,4,1,2,25,0.0,1
17,0,40,1,4693,73,17,40,1,1,1,15,355.63,0
12,0,15,0,8932,171,73,40,4,1,1,45,410.075,0
18,0,31,0,650,41,9,15,2,1,2,25,71.595,1
5,1,42,0,523,13,23,6,3,1,2,25,120.558,1
34,1,29,0,1001,19,0,3,2,1,2,45,38.553,1
0,0,25,0,3019,58,4,48,2,1,2,25,306.391,1
2,0,39,0,808,15,20,9,4,1,2,45,70.575,1
6,0,29,0,353,5,18,30,4,1,1,45,7.053,1
0,0,39,0,2268,60,6,36,1,1,1,15,161.04,0
11,1,35,0,26,0,25,48,2,1,1,45,190.891,1
22,1,40,0,0,0,15,48,3,1,2,30,48.938,1
30,0,38,0,1440,61,34,24,3,1,2,30,196.04,1
18,0,40,0,921,15,19,7,3,1,1,25,308.175,1
8,0,35,1,8810,115,137,41,3,1,1,30,905.0,0
5,0,43,0,260,10,15,6,2,1,2,25,79.65,1
1,1,35,0,2720,21,5,17,4,1,2,25,160.552,1
2,0,37,0,123,30,53,8,3,1,2,25,159.351,1
5,0,37,1,7753,130,386,43,3,1,1,30,1859.32,0
19,0,36,8,10190,90,0,42,4,1,1,45,257.0,0
8,0,35,0,2222,2,35,42,4,1,2,25,264.296,1
17,0,27,1,15710,229,0,76,2,1,1,25,717.255,0
0,0,15,0,1515,18,17,9,2,1,1,25,145.485,0
2,0,26,4,1462,31,3,48,2,2,2,25,0.0,1
0,0,45,0,0,22,22,3,4,1,2,25,34.561,1
0,0,35,0,10970,147,0,42,3,1,1,30,444.68,0
6,0,40,0,2735,57,183,27,2,1,1,25,949.14,0
12,0,37,1,5413,93,8,26,2,1,1,25,283.77,1
7,0,11,2,4695,46,222,12,3,1,1,30,1077.64,0
2,0,36,0,818,8,18,7,4,1,2,45,65.65,1
0,1,28,0,2360,0,0,26,3,1,1,25,116.383,1
4,1,39,0,557,80,0,25,4,1,2,30,96.674,1
11,0,28,0,0,11,15,41,3,1,2,45,72.491,1
9,0,28,1,1505,36,168,9,2,2,1,25,825.345,0
3,1,9,0,0,6,8,5,3,1,2,30,102.799,1
18,0,42,2,4563,75,13,39,1,1,1,15,326.59,0
9,1,34,0,2875,35,0,12,2,1,2,25,130.95,1
21,0,28,2,2240,49,34,15,2,1,1,25,256.005,0
7,1,10,2,46,0,48,0,3,1,2,30,103.129,1
0,1,30,2,5723,58,14,48,3,1,2,30,0.0,1
9,0,36,4,7080,121,269,32,3,2,1,30,1364.04,0
1,0,34,1,6123,0,0,6,3,1,2,25,0.0,1
2,1,33,2,350,0,73,6,2,2,1,25,0.0,1
4,1,27,0,1741,0,36,32,3,1,2,25,56.03,1
4,0,38,0,325,0,15,19,3,1,2,30,518.83,1
5,0,36,0,305,6,7,2,2,1,2,25,45.495,1
13,1,33,0,2432,0,18,37,3,1,2,25,411.394,1
8,0,38,1,6163,98,9,12,3,1,1,30,286.44,0
20,0,31,1,0,2,10,6,2,1,2,25,91.688,1
1,0,29,1,456,0,0,22,3,1,2,45,242.306,1
2,0,34,1,6380,92,0,24,5,1,1,55,97.08,0
1,0,32,0,7508,121,376,42,2,1,1,25,2035.305,0
7,0,33,3,7370,121,272,31,2,2,1,25,1561.095,0
11,0,32,2,1685,46,16,13,3,1,2,30,110.481,1
3,1,33,0,957,18,71,0,3,1,2,30,74.199,1
5,0,36,0,2948,0,26,25,2,1,2,25,63.484,1
0,0,18,0,1505,25,19,11,2,1,1,25,154.35,0
11,0,3,0,2833,0,8,25,4,2,2,45,34.649,1
5,0,35,0,1855,45,47,23,3,1,2,30,264.0,0
5,0,38,0,6593,77,112,40,2,1,1,25,804.15,0
12,0,31,3,1680,45,205,15,3,2,1,30,889.0,0
6,0,38,3,6920,120,279,37,2,2,1,25,1572.3,0
13,0,40,3,3265,55,313,35,4,1,1,45,865.5,0
3,0,36,2,3390,31,497,21,3,1,1,30,2124.84,0
27,0,30,0,2423,0,0,27,3,1,2,25,0.0,1
14,0,41,3,9195,123,154,47,3,1,1,30,988.72,0
3,0,33,1,6785,97,14,22,5,1,1,55,124.23,0
0,0,33,1,1164,0,42,37,3,1,1,25,100.677,1
13,1,32,0,2981,9,9,36,3,1,2,30,115.838,1
11,0,15,0,6088,135,78,40,1,2,1,15,771.265,0
7,0,42,1,5998,97,17,16,3,1,1,30,311.8,0
14,1,30,0,1374,0,0,29,3,1,2,45,170.532,1
1,0,39,0,817,0,1,48,3,1,2,30,86.317,1
12,0,30,1,1225,38,27,14,2,1,1,25,178.335,0
15,1,29,0,744,12,36,48,2,1,1,30,80.873,1
0,1,36,0,1239,0,64,4,2,1,1,25,61.759,1
13,0,41,2,9070,125,152,47,3,1,1,30,975.8,0
0,0,34,0,1995,30,273,14,3,1,1,30,1173.0,0
11,0,38,1,3775,82,32,28,3,1,1,30,282.28,0
8,0,27,0,424,3,7,13,4,1,2,30,463.798,1
8,1,27,0,850,10,9,22,2,1,1,30,36.437,1
6,1,38,0,2685,41,10,15,3,1,2,30,149.04,1
5,0,9,1,1677,20,9,10,3,1,1,30,103.88,1
4,0,33,0,612,0,0,35,3,1,1,45,156.964,1
10,0,44,2,2745,47,302,24,4,1,1,45,824.8,0
8,0,36,0,2533,58,22,30,3,1,2,30,191.64,0
1,1,26,0,0,0,30,16,3,1,1,30,120.449,1
23,0,33,2,15140,219,46,31,3,1,1,30,798.36,0
2,1,34,0,2430,0,60,7,2,1,2,30,65.191,1
9,0,30,0,2796,0,11,29,2,1,2,25,267.956,1
0,1,43,0,239,0,21,23,5,1,1,45,86.124,1
1,0,33,1,6540,94,12,22,4,1,1,45,195.85,0
22,0,38,7,10140,89,7,29,5,1,1,55,163.935,0
18,0,37,1,6008,98,7,22,2,1,1,25,306.27,1
5,0,34,1,3075,57,189,36,2,1,1,25,991.44,0
0,0,30,0,3333,74,0,22,2,1,1,25,153.315,0
17,1,39,2,3355,50,21,20,3,1,1,30,220.2,1
0,1,38,0,207,20,3,9,2,1,2,30,10.391,1
26,0,38,9,10740,99,8,44,5,2,1,55,174.585,0
12,1,33,1,970,0,28,33,4,1,1,25,305.208,1
0,1,26,0,4724,0,0,48,3,1,1,25,118.635,1
3,1,32,0,139,37,4,44,2,1,1,25,64.562,1
0,0,39,0,128,4,0,1,2,1,2,25,5.94,0
4,0,37,0,600,10,21,15,2,1,2,25,121.95,1
5,0,22,1,1613,35,22,64,4,1,1,45,96.2,0
7,0,37,0,15295,181,141,27,2,1,1,25,1330.92,0
10,0,16,3,1792,31,15,10,3,1,1,30,132.92,1
0,1,29,0,548,0,55,19,4,1,2,30,20.6,1
24,1,33,0,878,41,12,16,2,2,2,30,104.049,1
4,0,27,1,1315,36,193,11,2,2,1,25,929.295,0
20,0,42,0,764,0,0,18,3,1,2,30,316.005,1
7,0,41,0,3893,66,2,34,1,1,1,15,228.745,0
3,0,9,1,1487,19,0,7,3,1,1,30,60.24,1
10,0,34,0,3695,80,22,24,3,1,1,30,239.0,0
0,0,25,0,0,34,43,40,2,1,1,30,19.637,1
5,0,38,0,955,17,15,8,3,1,2,30,98.88,0
1,1,32,0,0,0,54,40,3,1,2,25,185.282,1
10,1,27,0,0,6,38,1,3,1,2,25,337.475,1
6,1,36,0,5226,28,66,7,4,1,2,30,217.333,1
5,0,32,0,305,6,7,2,3,1,2,30,40.44,1
16,0,36,3,9240,119,140,40,3,1,1,30,934.36,0
2,0,33,0,2360,33,277,17,3,1,1,30,1203.72,0
5,0,35,0,305,6,7,2,2,1,2,25,45.495,0
5,0,37,1,305,6,7,2,5,1,1,55,15.165,0
8,0,41,2,11545,156,21,51,4,1,1,45,345.025,0
28,0,36,0,0,25,0,0,2,1,2,45,69.68,1
10,1,42,0,361,26,8,9,2,1,2,45,37.837,1
6,0,37,0,1085,0,3,15,3,1,1,30,0.0,1
0,0,27,0,0,34,11,27,2,1,2,25,274.897,1
10,0,11,0,6008,133,68,36,1,2,1,15,711.755,0
3,0,28,1,910,31,175,13,2,2,1,25,829.845,0
5,0,45,0,578,15,22,10,3,1,2,30,111.72,0
0,0,37,0,613,9,21,17,2,1,2,25,122.49,0
15,0,35,7,9725,82,0,42,4,1,1,45,245.175,0
7,1,40,0,2225,0,58,23,2,1,2,30,86.071,1
12,0,43,1,4198,72,9,36,1,1,1,15,284.35,0
0,0,37,0,587,1,36,33,3,1,2,30,262.9,1
6,0,35,0,4190,63,0,12,3,1,1,30,170.12,0
11,0,37,0,57,9,7,8,3,1,2,30,212.803,1
8,1,22,0,1832,35,0,5,2,1,2,45,36.215,1
2,0,7,0,8368,155,51,32,4,1,1,45,340.575,0
0,1,5,0,1123,10,0,3,2,1,2,25,50.985,1
0,1,29,1,1441,8,13,8,2,1,1,30,0.0,1
10,0,38,1,8990,123,148,46,3,1,1,30,956.52,0
3,1,34,0,2280,30,0,16,2,1,2,25,103.95,1
11,0,45,3,3400,39,498,11,4,1,1,45,1330.975,0
0,0,35,0,3528,82,27,30,3,1,1,30,252.4,0
1,0,36,0,1668,25,0,6,3,1,1,30,67.72,0
7,0,35,0,246,0,9,9,4,1,2,25,138.429,1
16,0,34,7,10130,87,0,40,4,1,1,45,255.425,0
0,0,39,0,833,0,35,32,3,1,2,25,52.19,1
0,0,31,0,6115,78,169,20,3,1,1,30,923.72,0
17,0,21,1,9193,181,88,46,5,1,1,55,272.61,0
1,0,29,0,2539,0,27,0,3,1,2,25,53.879,1
15,0,36,1,6008,99,35,27,2,1,1,25,432.315,1
6,0,16,3,2662,44,22,16,3,1,1,30,196.24,0
5,0,37,0,1498,0,7,33,2,1,2,45,0.0,1
5,0,36,1,1913,28,7,6,4,1,1,45,66.025,0
0,0,29,0,6153,59,86,29,2,1,1,25,666.54,0
2,0,24,0,953,10,20,8,3,1,1,30,78.459,1
1,0,32,0,4130,75,0,19,3,1,1,30,168.2,0
5,0,32,1,305,6,7,2,5,1,1,55,15.165,1
0,0,34,0,1105,0,0,43,2,1,2,30,378.784,1
9,1,31,2,0,54,42,16,2,1,2,25,64.809,1
0,0,38,0,128,5,32,6,3,1,2,30,133.32,0
6,0,36,0,3470,76,25,26,2,1,1,25,272.07,0
5,1,29,0,312,0,51,17,2,1,1,25,154.835,1
1,0,36,0,2245,34,287,19,3,1,1,30,1239.16,0
9,1,24,2,1923,0,83,20,3,1,2,25,252.801,1
8,0,34,0,2158,52,0,13,3,1,2,30,88.4,0
0,1,36,0,0,69,9,26,3,1,1,30,31.143,1
3,0,32,0,1853,46,0,11,3,1,2,30,75.96,0
2,0,39,0,1006,12,6,5,2,1,1,25,0.0,1
7,1,37,1,1871,0,47,43,3,1,2,30,167.409,1
2,1,30,0,0,0,61,1,3,1,2,25,134.989,1
0,0,38,0,52,3,0,22,3,1,2,25,64.478,1
1,1,25,3,0,16,12,29,2,1,2,25,0.0,1
8,0,11,0,218,23,0,10,4,1,1,30,246.541,1
14,0,45,2,14078,181,15,47,3,1,1,30,630.36,0
0,0,33,0,1605,41,33,18,3,1,2,30,197.84,0
1,1,9,1,1243,16,0,7,3,1,1,30,50.36,1
6,1,30,0,979,2,66,25,3,1,2,25,110.837,1
0,0,29,0,1405,34,23,14,3,1,2,30,149.56,0
1,0,25,0,2048,2,9,5,5,1,1,45,512.378,1
20,1,35,0,937,0,24,30,4,1,1,30,433.92,1
5,0,19,3,2547,45,32,18,3,1,1,30,231.68,0
8,0,41,2,1240,23,12,15,2,1,1,25,110.835,0
3,0,37,0,730,65,33,6,3,1,2,45,131.182,1
27,0,31,3,16320,241,7,80,2,1,1,25,776.745,0
2,0,37,0,798,33,33,14,4,1,2,25,101.723,1
11,0,31,0,2601,32,8,36,3,1,1,25,88.385,1
1,0,36,0,1005,18,27,21,2,1,2,25,167.535,0
14,0,36,3,7800,114,29,24,5,1,1,55,162.21,0
6,0,38,1,3340,30,485,8,3,1,1,30,2074.8,0
6,0,39,1,0,62,13,10,3,1,2,30,106.162,1
8,0,38,1,6690,86,161,24,3,1,1,30,915.04,0
7,0,30,1,0,7,11,22,3,1,1,45,55.32,1
2,0,32,0,6123,0,56,7,3,1,2,30,125.975,1
8,0,39,0,1557,3,0,37,3,1,1,45,129.053,1
5,1,34,0,2131,15,0,0,2,1,2,45,22.69,1
18,0,38,2,9305,121,119,41,3,1,1,30,853.04,0
6,0,43,0,301,0,49,44,3,1,2,30,108.651,1
0,0,34,2,2306,25,40,48,4,1,2,30,85.018,1
23,0,41,9,10435,99,9,43,5,2,1,55,171.51,0
0,0,3,0,4130,30,200,4,3,1,1,30,966.4,0
5,0,35,0,270,24,24,25,3,1,2,30,0.0,1
2,1,38,0,0,0,69,20,3,1,1,30,457.094,1
16,1,42,5,7530,132,293,41,3,2,1,30,1478.48,0
1,0,27,0,4930,0,7,21,3,1,2,45,0.0,1
21,0,19,2,6697,147,92,44,2,2,1,25,721.98,0
11,0,27,3,4130,77,36,40,3,1,1,30,312.28,0
19,1,27,2,331,0,14,26,2,1,2,25,243.034,1
2,0,8,0,4275,34,183,6,3,1,1,30,904.36,0
10,0,21,1,1270,28,11,9,2,1,1,25,107.91,0
9,1,41,0,2050,52,55,26,4,1,2,45,190.05,0
0,0,30,0,782,0,16,7,4,1,2,55,128.22,1
2,1,27,0,121,50,20,24,3,1,2,55,0.0,1
13,0,19,1,9013,173,83,44,5,1,1,55,262.29,0
5,0,38,0,305,6,7,2,5,1,1,55,15.165,0
0,0,32,0,0,0,0,0,2,1,2,25,0.0,0
11,0,39,0,1148,19,15,4,3,1,2,30,106.68,1
14,0,38,2,7428,86,116,37,2,1,1,25,860.13,0
17,0,45,3,12030,170,33,55,4,1,1,45,387.5,0
11,1,41,0,2268,50,42,32,4,1,2,45,162.95,1
0,0,25,3,0,87,2,10,3,1,2,25,66.291,1
5,1,3,0,1727,52,26,4,3,1,2,30,0.0,1
5,0,36,1,6213,99,21,25,2,1,1,25,378.54,0
0,0,30,0,464,10,7,14,2,1,1,45,225.404,1
13,0,43,2,3775,88,40,29,3,1,1,30,314.52,0
17,0,29,0,1060,7,0,39,2,1,2,30,0.0,1
20,0,40,4,4680,98,60,45,3,1,1,30,431.12,0
12,0,44,2,4775,93,17,31,3,1,1,30,262.72,0
9,1,43,0,1187,0,0,48,3,1,2,30,0.0,1
7,0,40,0,1015,20,20,10,3,1,2,30,121.4,0
0,0,39,1,2136,0,13,11,4,1,1,30,52.49,1
9,1,38,0,2238,54,8,17,3,1,2,30,123.68,0
11,1,38,0,4048,17,0,0,2,1,1,25,74.28,1
12,0,38,0,340,8,12,16,3,1,2,30,76.815,1
2,0,6,2,1706,0,74,23,3,1,2,45,47.074,1
14,0,43,1,15745,192,165,36,2,1,1,25,1459.665,0
1,0,29,0,1770,23,7,40,4,1,2,25,79.247,1
8,0,42,2,4103,90,19,34,3,1,1,30,243.72,0
5,1,37,0,305,6,7,2,3,1,2,30,40.44,1
14,0,15,1,9178,174,75,40,5,1,1,55,252.78,0
8,1,34,0,3800,37,0,8,3,1,2,25,307.579,1
0,0,36,1,93,1,2,2,5,1,1,55,4.41,0
3,0,28,0,2022,2,19,27,3,1,2,25,195.307,1
14,0,35,1,4080,82,31,29,3,1,1,30,290.48,0
2,0,36,0,6008,64,83,37,2,1,1,25,646.74,0
21,0,34,0,133,71,11,3,5,1,2,30,165.025,1
7,1,30,0,765,34,0,0,2,1,2,30,54.536,1
1,0,27,0,2178,5,15,25,3,1,1,30,137.926,1
11,0,42,2,2758,67,14,37,2,1,1,25,190.125,0
2,1,38,0,1706,20,0,13,2,1,2,25,58.798,1
5,1,28,0,4,3,17,14,4,1,1,30,98.68,1
7,0,12,0,8513,159,34,34,4,1,1,45,301.8,0
17,0,43,1,4683,80,19,42,1,1,1,15,366.465,0
2,1,26,0,826,0,64,22,2,1,1,45,153.004,1
3,0,42,2,419,0,43,12,3,1,1,45,0.0,1
0,0,37,0,946,0,26,1,3,1,1,30,248.657,1
2,0,37,0,1221,1,13,28,3,1,2,30,483.967,1
11,1,42,0,880,0,9,9,4,1,2,25,55.884,1
13,0,17,0,8638,167,59,27,5,1,1,55,220.575,0
7,0,37,1,2378,36,8,6,4,1,1,45,80.35,0
1,1,30,0,1232,0,59,0,2,1,2,30,8.019,1
23,0,38,0,1375,0,25,22,2,1,2,30,12.498,1
0,0,26,0,605,25,168,11,2,2,1,25,784.35,0
1,0,33,0,2360,41,136,17,2,1,1,25,720.045,0
0,0,33,0,1253,27,2,29,3,1,2,30,59.2,1
7,0,26,0,1246,0,68,22,4,1,2,30,291.313,1
1,0,36,0,2980,22,485,9,3,1,1,30,2060.08,0
24,0,40,4,10130,138,159,45,3,1,1,30,1046.72,0
7,1,42,3,0,18,12,21,2,1,2,25,12.881,1
21,0,20,3,6813,153,124,48,2,2,1,25,871.47,0
2,0,36,0,13468,163,0,42,3,1,1,30,545.24,0
14,0,40,2,3145,62,187,27,2,1,1,25,985.815,0
0,1,33,0,530,2,11,16,2,1,2,25,10.288,1
2,0,33,0,2378,0,35,44,3,1,2,45,102.413,1
22,0,30,0,865,0,7,15,2,2,2,55,51.51,1
28,0,35,0,1260,53,23,19,3,1,2,30,144.52,1
2,0,32,0,1387,45,21,46,2,1,1,25,57.761,1
15,0,40,1,4503,72,8,37,1,1,1,15,295.625,0
23,0,29,0,1000,43,8,13,2,1,2,25,82.935,1
4,1,34,0,2800,41,34,18,3,1,2,30,249.64,1
15,1,39,0,2414,13,51,6,2,1,1,30,99.585,1
0,1,39,0,1799,29,81,1,2,2,1,30,156.815,1
6,0,43,0,1260,22,17,17,2,1,2,25,134.19,0
0,0,10,0,1130,10,6,6,2,1,1,25,78.3,0
10,1,33,2,2444,30,31,10,3,1,1,30,377.689,1
6,1,42,0,1509,0,0,27,2,1,2,30,9.924,1
9,0,38,1,4760,86,7,25,3,1,1,30,221.84,0
8,0,36,1,3320,31,480,6,3,1,1,30,2054.04,0
14,1,39,0,422,0,16,7,2,1,2,25,107.393,1
0,0,9,1,4200,39,206,7,3,1,1,30,993.56,0
3,0,38,0,248,7,0,1,3,1,2,30,10.2,1
0,0,26,0,580,7,19,3,4,1,1,45,62.175,0
0,0,36,0,0,0,0,0,2,1,2,25,0.0,0
8,0,43,1,7768,137,399,49,3,1,1,30,1912.2,0
0,1,34,0,298,36,14,8,3,1,2,30,284.132,1
0,0,9,1,4145,37,213,10,3,1,1,30,1019.28,0
12,0,23,0,518,44,11,32,3,1,1,25,25.28,1
11,0,37,0,15675,183,159,33,2,1,1,25,1429.11,0
0,0,29,0,1888,44,337,16,2,1,1,25,1603.44,0
5,1,32,0,352,6,65,20,3,1,2,45,85.271,1
0,1,34,0,0,0,0,0,3,1,2,30,0.0,1
2,0,36,0,4210,77,0,23,3,1,1,30,171.48,0
28,1,34,0,1145,47,7,15,2,1,2,25,85.14,1
9,0,31,0,3035,37,7,12,3,1,2,30,150.88,1
2,0,36,0,4210,77,0,23,3,1,1,30,171.48,0
24,0,24,0,1354,0,17,29,2,1,2,45,284.705,1
1,0,6,1,1308,11,0,2,3,1,1,30,52.76,1
2,1,39,0,649,0,7,38,5,1,2,30,38.089,1
7,1,31,1,2172,45,56,18,2,1,1,30,67.039,1
30,0,44,4,15400,235,69,38,3,1,1,30,901.4,0
26,0,27,0,1149,33,0,26,2,1,2,30,77.663,1
12,0,38,2,8710,116,126,45,3,1,1,30,857.04,0
31,0,37,2,0,0,30,6,4,1,1,25,19.549,1
3,0,25,0,0,44,57,5,2,1,2,25,56.317,1
7,0,35,0,454,3,0,20,3,1,2,55,6.436,1
0,0,37,0,275,4,0,1,2,1,2,25,12.555,0
0,0,34,0,14470,165,118,28,2,1,1,25,1189.575,0
14,1,38,0,2573,50,41,33,4,1,2,45,168.075,1
30,0,34,5,16495,250,39,86,2,2,1,25,929.025,0
5,0,38,0,2043,40,37,33,3,1,2,30,231.32,1
5,0,27,1,3285,64,13,25,3,1,1,30,185.96,0
0,1,28,0,3721,0,20,42,2,1,2,25,97.348,1
6,0,35,0,3030,22,7,12,3,1,1,30,150.08,0
5,0,38,0,2583,59,11,36,1,1,1,15,205.81,0
6,0,38,0,3598,56,0,20,1,1,1,15,200.97,0
7,1,3,0,814,0,0,31,2,1,2,25,57.561,1
0,0,38,0,6375,88,190,29,3,1,1,30,1018.52,0
0,0,34,0,4150,74,0,21,3,1,1,30,168.96,0
10,0,12,0,8753,163,62,35,4,1,1,45,377.9,0
4,0,31,1,1270,40,201,15,2,2,1,25,963.45,0
0,0,31,0,2420,10,0,8,3,1,1,30,97.2,0
14,0,24,0,1609,0,19,27,3,1,1,30,97.337,1
0,0,37,0,214,34,9,6,2,1,2,45,0.0,1
8,0,31,0,484,15,40,23,4,1,2,25,144.836,1
9,1,42,0,2193,58,16,21,3,1,2,30,154.04,0
9,0,39,0,6423,71,94,24,2,1,1,25,715.23,0
8,1,42,0,1083,0,0,27,3,1,2,25,0.0,1
24,0,34,2,15060,223,44,28,3,1,1,30,787.32,0
0,0,34,0,10450,137,0,45,3,1,1,30,423.48,0
7,1,28,0,995,75,0,17,3,1,2,30,0.0,1
2,1,33,0,1960,48,52,33,3,1,2,30,288.32,1
6,0,28,0,3748,0,44,4,2,1,2,30,167.833,1
2,0,29,0,3180,65,16,27,3,1,1,30,193.8,0
5,1,26,0,718,10,0,35,4,1,1,30,475.347,1
17,0,36,0,0,2,0,3,2,1,1,45,114.845,1
1,0,32,2,6660,110,264,31,2,2,1,25,1492.65,0
13,0,28,3,2473,55,58,85,5,1,1,55,124.92,0
2,0,41,0,524,79,9,40,4,1,2,25,95.397,1
6,0,40,1,2453,61,7,35,2,1,1,25,144.63,0
24,0,23,0,3768,34,43,6,4,1,2,25,92.831,1
1,0,34,0,2840,22,0,14,3,1,1,30,114.48,0
0,0,36,0,383,4,7,4,4,1,1,45,27.175,1
3,0,24,0,3630,66,9,21,3,1,1,30,183.84,0
0,0,23,0,2730,54,0,18,3,1,1,30,111.36,0
0,0,34,0,923,11,23,17,4,1,2,45,80.85,1
14,0,38,0,2573,50,41,33,4,1,2,45,168.075,1
7,0,12,3,4810,52,254,16,3,1,1,30,1210.48,0
0,0,31,0,6240,76,171,20,3,1,1,30,936.64,0
26,0,37,8,10625,93,7,40,4,1,1,45,285.45,0
8,0,39,2,6805,92,193,28,3,1,1,30,1047.88,0
10,0,10,0,8932,165,65,39,4,1,1,45,389.925,0
4,1,30,0,2008,34,19,25,3,1,2,30,157.68,1
11,1,34,0,2589,2,8,23,2,1,2,25,272.743,1
17,0,39,2,4485,93,40,28,3,1,1,30,343.12,0
10,0,34,0,135,0,189,29,2,1,2,30,94.008,1
0,1,31,0,1506,57,0,3,3,1,2,30,77.927,1
6,0,32,0,0,20,8,0,3,1,1,25,902.726,1
8,0,35,1,8810,115,137,41,3,1,1,30,905.0,0
0,0,35,0,2675,15,444,2,3,1,1,30,1883.6,0
12,0,37,0,2363,52,7,14,3,1,2,30,124.6,0
11,0,37,0,58,2,44,32,5,1,1,30,202.248,1
3,0,32,0,6123,0,19,1,4,1,2,30,0.0,1
5,0,32,0,305,6,7,2,4,1,2,45,25.275,1
13,0,44,1,4630,81,20,23,3,1,1,30,268.44,0
21,0,35,0,1265,41,32,15,3,1,2,30,180.24,0
0,0,20,0,1183,31,13,62,4,1,1,45,62.85,0
12,1,34,0,3115,39,7,13,3,1,2,30,154.16,1
16,0,39,1,3965,82,7,26,3,1,1,30,189.88,0
0,0,33,0,0,0,0,0,2,1,2,25,0.0,1
18,0,37,7,10310,95,5,45,4,2,1,45,272.625,0
6,0,33,2,6850,110,239,29,2,2,1,25,1388.7,0
34,0,3,0,0,8,34,15,3,1,1,45,186.725,1
12,0,31,0,0,21,5,18,2,2,1,30,232.324,1
14,1,31,0,442,28,27,10,2,1,2,30,47.981,1
12,0,36,0,2213,23,5,46,4,1,1,25,104.635,1
0,0,36,0,1455,23,257,1,3,1,1,30,1087.12,0
8,1,30,0,5558,88,11,18,2,1,1,25,303.57,1
23,1,33,0,955,47,16,17,2,1,2,25,117.09,1
0,0,37,0,875,14,0,11,2,1,2,25,40.005,0
5,0,37,0,1120,17,7,11,2,1,2,25,82.665,0
2,0,38,1,2920,24,10,18,3,1,1,30,157.76,0
34,1,43,3,967,0,2,8,2,1,2,45,0.0,1
17,0,31,4,1199,0,35,1,3,1,2,30,472.101,1
1,1,28,0,1022,55,5,22,3,1,1,45,315.423,1
14,1,29,0,2937,0,9,11,3,1,2,25,170.465,1
2,0,37,0,595,8,0,4,2,1,2,25,27.135,0
6,0,33,0,0,0,3,7,4,1,1,25,68.147,1
1,0,36,2,652,0,33,39,3,1,2,30,0.034,1
2,1,27,1,1070,33,191,11,2,2,1,25,909.135,0
