7,0,20,1,2000,32,35,16,3,1,1,30,221.28,0
13,1,36,1,5818,98,26,24,2,1,1,25,383.22,1
20,0,36,0,650,47,17,16,3,1,2,30,95.88,1
20,0,29,2,15770,232,0,78,2,1,1,25,720.09,0
2,0,36,0,2870,66,4,11,2,1,1,25,150.12,0
4,1,33,0,2685,35,2,14,2,1,2,25,131.4,1
21,0,31,0,341,14,36,1,3,1,1,30,103.387,1
1,0,37,0,7318,126,375,40,2,1,1,25,2022.48,0
9,1,39,0,905,16,28,17,2,1,2,25,167.445,1
2,0,18,0,1695,26,28,14,2,1,1,25,203.445,0
6,0,40,1,2508,63,0,32,2,1,1,25,115.695,0
0,0,35,0,0,27,3,16,2,1,2,25,310.97,1
3,0,39,1,2840,28,8,15,3,1,1,30,146.72,0
0,0,31,1,3817,23,0,47,4,1,2,45,236.095,1
0,0,34,0,1195,44,0,17,2,1,2,25,291.976,1
0,0,35,0,2435,17,0,16,3,1,1,30,98.08,0
14,1,31,0,98,30,0,37,3,1,2,45,68.463,1
8,0,34,1,6975,97,7,20,4,1,1,45,194.3,0
0,0,22,0,0,0,11,0,4,1,2,45,27.5,0
9,1,39,0,2945,45,17,20,3,1,2,30,187.6,1
4,1,27,0,0,0,0,10,2,1,1,55,76.023,1
8,0,43,2,1973,37,15,9,4,1,1,45,87.75,0
0,1,24,0,4520,22,4,28,3,1,1,30,35.37,1
0,0,34,0,0,0,0,0,3,1,1,30,0.0,0
10,0,39,1,3070,50,293,18,3,1,1,30,1296.8,0
28,0,41,9,10920,107,19,49,5,2,1,55,193.905,0
23,0,22,2,6878,155,103,49,2,2,1,25,779.985,0
9,0,38,1,4213,89,18,33,3,1,1,30,244.08,0
1,0,33,0,254,38,0,20,3,1,1,30,0.0,1
0,0,25,0,4554,46,8,32,3,1,2,30,52.991,1
7,0,36,0,4138,63,0,33,1,1,1,15,231.055,0
0,0,29,0,0,34,0,43,3,1,1,25,25.412,1
3,0,31,0,368,61,18,39,2,1,2,30,264.583,1
4,0,41,0,13468,169,1,43,3,1,1,30,549.48,0
0,0,7,0,4085,34,208,8,3,1,1,30,996.76,0
0,0,21,0,1390,26,29,13,2,1,1,25,194.22,0
14,0,35,1,6223,103,27,22,2,1,1,25,406.17,0
0,0,25,0,710,4,0,1,4,1,2,45,17.85,0
29,1,34,0,1665,58,24,17,3,1,2,30,164.92,1
0,0,5,0,4025,31,203,6,3,1,1,30,974.24,0
1,1,3,0,3388,11,4,21,3,1,2,30,198.446,1
3,0,32,0,4110,61,0,11,2,1,1,25,187.695,0
0,1,42,0,86,41,0,7,4,1,2,30,463.867,1
4,0,41,1,4210,83,3,24,3,1,1,30,183.72,0
0,0,5,0,1597,8,0,23,3,1,2,30,170.94,1
1,0,30,1,1010,36,194,10,2,2,1,25,920.07,0
0,0,34,0,0,37,0,0,3,1,1,30,0.0,1
9,0,40,1,2665,45,292,20,3,1,1,30,1276.4,0
3,1,28,0,0,16,0,48,2,1,2,25,193.504,1
0,0,21,0,2860,52,0,19,3,1,1,30,116.48,0
12,0,40,0,3480,78,18,15,3,1,1,30,214.32,0
15,0,28,2,1645,44,58,19,2,1,1,25,337.005,0
1,0,37,0,7263,124,382,43,2,1,1,25,2051.415,0
7,0,38,0,13773,169,0,44,3,1,1,30,557.68,0
3,0,33,1,6785,97,14,22,5,1,1,55,124.23,0
8,0,38,0,7698,127,359,41,2,1,1,25,1967.625,0
1,0,16,1,1990,30,42,27,2,1,1,25,279.9,0
5,0,39,0,553,14,39,8,3,1,2,30,178.68,1
2,1,3,1,3402,0,0,13,2,1,1,25,42.774,1
12,0,37,0,2643,61,368,27,3,1,1,30,1580.16,0
13,0,18,4,3158,51,38,21,3,2,1,30,280.36,0
2,0,29,0,5003,2,35,27,2,1,1,25,33.124,1
1,0,30,1,6605,89,3,17,5,1,1,55,104.91,0
3,0,36,0,4065,65,0,15,2,1,1,25,185.85,0
0,1,36,1,1335,18,0,42,2,1,2,45,294.811,1
6,1,11,2,1602,24,0,6,3,1,1,30,65.04,1
1,0,33,1,1163,40,9,47,2,1,2,45,104.084,1
19,0,27,3,2130,48,47,30,2,1,1,25,309.51,0
1,0,32,2,120,1,0,24,2,1,2,30,45.857,1
12,0,37,2,3855,39,15,16,3,1,1,30,215.76,0
1,0,38,0,723,10,8,2,2,1,2,25,68.985,0
8,0,37,0,1863,39,16,33,3,1,2,30,140.08,1
1,1,33,0,4400,0,2,22,2,1,1,45,99.451,1
0,1,25,2,2050,54,23,16,4,1,2,30,81.436,1
0,0,32,0,3509,0,0,32,2,1,2,25,170.833,1
0,1,3,0,449,23,1,21,4,1,1,55,21.461,1
5,0,28,1,330,59,13,11,4,1,2,30,90.561,1
0,1,45,0,0,27,0,28,3,1,1,30,103.339,1
0,1,31,1,0,8,0,27,4,1,2,30,292.293,1
0,0,33,0,1875,25,267,11,3,1,1,30,1144.0,0
7,0,40,0,1015,20,20,10,3,1,2,30,121.4,0
3,1,34,0,282,22,9,26,3,1,2,30,242.911,1
3,0,37,1,6500,86,186,26,3,1,1,30,1007.44,0
0,0,32,0,6060,100,243,16,2,2,1,25,1370.7,0
0,0,27,0,0,0,0,8,4,1,1,30,86.316,1
5,0,38,1,3778,85,7,30,3,1,1,30,182.52,0
22,0,29,0,875,45,6,13,2,1,2,25,68.4,1
0,1,38,0,226,0,6,11,3,1,2,25,80.428,1
9,0,27,0,510,24,1,4,2,1,2,25,28.53,0
0,1,27,0,0,3,2,21,2,1,1,30,280.955,1
7,0,39,1,13888,175,32,48,3,1,1,30,690.52,0
5,0,39,0,1049,79,1,48,4,1,2,30,264.707,1
0,1,27,0,1853,34,21,28,2,1,2,30,155.669,1
0,1,38,0,674,55,69,17,2,1,2,45,241.424,1
14,0,43,1,15745,192,165,36,2,1,1,25,1459.665,0
30,0,31,0,0,0,4,2,3,1,1,25,49.915,1
21,0,28,2,2240,49,34,15,2,1,1,25,256.005,0
0,1,3,0,1435,43,0,38,2,1,2,30,100.873,1
0,0,36,0,6798,116,359,43,2,1,1,25,1926.63,0
8,1,40,1,1340,0,6,7,2,1,2,45,258.694,1
4,0,35,0,1049,21,10,0,2,1,2,25,247.158,1
2,0,26,0,781,42,12,46,3,1,1,30,9.339,1
0,0,36,0,1995,59,2,9,4,1,2,30,0.0,1
12,1,35,4,7675,127,279,33,3,2,1,30,1428.08,0
7,0,37,3,7100,96,207,41,3,1,1,30,1115.84,0
11,0,40,0,1015,17,15,2,3,1,2,30,101.28,1
9,0,43,2,4515,89,10,26,3,1,1,30,224.16,0
9,0,29,0,3143,38,7,12,2,2,2,45,165.414,1
0,0,35,0,380,7,0,6,2,1,2,25,17.415,0
0,1,25,0,3006,27,40,30,2,1,1,45,381.621,1
2,0,25,0,3225,61,8,23,3,1,1,30,163.44,0
0,0,35,0,2715,24,4,17,3,1,1,30,125.56,0
10,0,34,0,3395,46,10,14,3,1,2,30,177.64,1
3,0,32,0,1853,46,0,11,3,1,2,30,75.96,0
3,0,37,0,3020,30,11,19,3,1,1,30,166.0,0
0,0,36,0,526,39,0,43,2,1,1,45,359.587,1
3,1,32,0,0,29,0,48,4,1,2,25,114.862,1
5,0,39,0,5513,90,0,14,3,1,1,30,224.12,0
0,0,6,0,472,2,0,5,2,1,1,25,21.33,1
0,0,29,0,3197,1,28,3,5,1,2,25,241.197,1
5,0,38,0,438,8,7,4,3,1,2,30,45.84,1
18,0,40,3,12480,171,26,49,4,1,1,45,381.275,0
5,0,27,1,3340,66,6,22,3,1,1,30,160.24,0
1,0,6,1,1308,11,0,2,3,1,1,30,52.76,1
3,0,27,0,1163,34,12,70,4,1,1,45,59.925,0
3,0,29,1,3305,63,18,27,3,1,1,30,206.72,0
1,1,43,0,398,7,17,8,3,1,2,30,84.2,1
2,0,39,1,518,12,15,7,5,1,1,55,30.45,0
0,0,25,0,70,95,8,0,2,1,2,45,230.586,1
8,0,35,1,8810,115,137,41,3,1,1,30,905.0,0
0,1,35,0,407,50,0,8,2,1,2,25,47.955,1
6,1,37,0,2143,46,38,34,3,1,2,30,239.56,1
6,0,38,1,3340,30,485,8,3,1,1,30,2074.8,0
1,0,34,0,0,18,0,17,2,1,1,25,331.118,1
32,1,35,0,1860,63,44,34,3,1,2,30,252.92,1
13,0,38,0,2838,64,29,32,3,1,2,30,232.08,0
0,0,18,0,2920,49,0,20,3,1,1,30,118.76,0
0,0,26,0,605,25,168,11,2,2,1,25,784.35,0
3,1,29,0,0,41,0,9,3,1,2,25,329.227,1
2,0,38,1,2920,24,10,18,3,1,1,30,157.76,0
6,0,34,0,5323,91,10,19,2,1,1,25,288.63,1
0,1,17,0,0,24,0,24,3,1,2,30,378.874,1
0,0,38,0,0,31,8,5,4,1,2,30,0.0,1
7,0,39,0,3965,66,0,19,3,1,1,30,161.24,0
29,1,40,10,10800,102,13,46,5,2,1,55,183.03,0
3,0,39,0,990,19,0,10,2,1,2,25,45.405,0
16,0,21,1,6348,145,93,46,2,2,1,25,710.685,0
8,0,15,2,2738,39,0,15,3,1,1,30,111.08,0
7,0,29,0,762,38,0,28,3,1,2,25,1.437,1
0,0,3,0,828,38,0,28,3,1,2,25,247.354,1
4,0,16,1,2253,35,10,4,3,1,1,30,131.52,0
9,0,40,0,2223,48,42,35,3,1,2,30,258.84,1
6,0,31,1,1568,45,38,69,5,1,1,55,81.195,0
0,0,33,0,0,0,0,0,4,1,2,45,0.0,1
2,0,35,0,3603,76,0,24,2,1,1,25,165.555,0
4,0,36,1,6905,91,187,24,3,1,1,30,1027.84,0
0,0,33,0,0,0,0,0,4,1,1,45,0.0,0
2,0,36,0,13468,163,0,42,3,1,1,30,545.24,0
25,1,33,0,1145,48,25,20,2,1,2,25,166.185,1
1,0,34,1,6320,78,175,21,3,1,1,30,955.92,0
9,0,41,1,4203,96,20,35,3,1,1,30,251.96,0
15,0,39,1,2758,66,366,26,3,1,1,30,1576.96,0
6,0,25,2,3825,71,29,38,3,1,1,30,271.84,0
19,0,25,1,15690,230,0,74,2,1,1,25,716.4,0
11,0,36,0,2486,59,13,15,4,1,1,45,110.019,1
0,0,39,0,650,10,3,13,2,1,2,25,43.2,0
0,0,21,0,1055,26,178,5,2,2,1,25,849.645,0
15,0,18,4,3347,52,47,24,3,1,1,30,323.96,0
0,0,27,0,6525,87,0,16,4,1,1,45,165.3,0
13,0,30,0,880,33,21,12,2,1,2,25,135.585,0
6,0,34,0,4435,81,0,21,3,1,1,30,180.64,0
0,1,29,0,0,45,32,5,3,1,2,45,354.685,1
5,0,36,0,3893,60,0,33,1,1,1,15,217.415,0
3,1,32,0,1114,40,0,28,2,1,2,30,0.0,1
0,1,25,0,4936,47,0,26,2,1,2,45,28.004,1
4,0,37,0,3488,55,0,35,1,1,1,15,194.865,0
0,1,8,1,596,92,0,25,4,1,1,25,71.786,1
0,0,43,0,0,93,3,0,4,1,1,30,253.913,1
5,0,35,0,305,6,7,2,2,1,2,25,45.495,1
9,0,39,1,3285,27,458,6,3,1,1,30,1964.48,0
0,0,32,0,690,26,10,44,3,1,2,30,56.721,1
0,1,43,0,0,22,6,45,2,1,2,25,31.694,1
12,0,39,4,7405,102,214,43,3,1,1,30,1156.28,0
0,0,41,2,1180,19,4,6,2,1,1,30,65.027,1
5,0,33,0,4515,77,0,24,3,1,1,30,183.68,0
0,0,23,0,0,28,16,25,2,1,1,25,206.083,1
0,1,33,0,831,42,0,2,2,1,2,45,251.082,1
6,0,34,3,6965,116,271,33,2,2,1,25,1538.145,0
32,0,39,10,11450,110,16,44,5,1,1,55,197.4,0
0,0,29,0,10900,138,0,39,3,1,1,30,441.52,0
4,0,38,1,1783,30,0,5,4,1,1,45,45.325,0
5,1,38,0,305,6,7,2,3,1,2,30,40.44,1
0,0,37,0,743,13,41,8,4,1,2,45,121.4,1
0,0,23,2,1689,0,5,32,4,1,2,30,297.231,1
0,0,31,0,338,5,0,1,4,1,1,45,8.575,0
0,0,33,0,1248,13,0,3,3,1,1,30,50.44,0
12,1,35,0,72,39,5,35,3,1,2,30,226.548,1
0,0,12,1,4085,40,216,9,3,1,1,30,1029.0,0
0,0,34,0,0,0,0,0,3,1,2,30,0.0,1
0,0,32,0,1935,6,0,2,3,1,1,30,77.64,0
4,1,29,0,0,23,0,27,3,1,2,45,30.776,1
0,0,35,0,0,0,0,0,3,1,2,30,0.0,1
0,1,29,0,0,32,0,12,4,1,2,45,238.031,1
11,1,24,1,640,2,0,46,3,1,1,25,37.855,1
1,0,28,0,6785,91,6,21,4,1,1,45,186.9,0
0,0,26,1,1125,36,218,13,2,2,1,25,1033.245,0
0,0,32,0,116,17,12,33,2,1,2,25,106.039,1
5,1,35,0,305,6,7,2,3,1,2,30,40.44,1
11,0,38,1,3775,82,32,28,3,1,1,30,282.28,0
0,0,37,0,3593,84,6,31,2,1,1,25,192.465,0
0,0,25,0,6220,81,0,14,4,1,1,45,157.525,0
4,1,34,0,5527,14,40,14,3,1,1,30,400.149,1
1,0,37,1,6255,83,184,26,3,1,1,30,989.52,0
10,0,35,1,9000,116,146,44,3,1,1,30,948.64,0
9,0,3,0,4634,5,2,2,3,1,2,25,185.99,1
0,0,41,0,4449,0,5,38,3,1,2,25,76.119,1
0,1,44,1,5905,24,8,34,2,1,2,45,325.386,1
18,0,17,1,6582,142,94,45,2,2,1,25,725.58,0
4,0,15,0,0,56,0,6,3,1,2,30,186.811,1
0,1,25,0,1010,30,186,9,2,2,1,25,883.8,1
6,0,29,0,1748,47,41,73,4,1,1,45,147.375,0
11,0,23,0,745,21,7,3,2,1,2,25,65.97,0
0,0,28,0,0,41,0,39,4,1,2,30,223.554,1
2,1,31,0,0,92,6,4,4,1,2,45,253.85,1
9,0,39,0,1780,30,28,28,2,1,2,25,207.45,0
0,0,34,0,3658,79,0,26,2,1,1,25,168.165,0
5,0,37,0,3065,71,7,28,3,1,1,30,153.44,0
13,0,33,2,9160,117,136,39,3,1,1,30,915.08,0
14,0,29,1,760,28,15,9,3,1,1,30,91.52,0
1,0,29,0,0,26,26,8,3,1,2,30,55.175,1
6,0,38,0,2550,40,294,21,3,1,1,30,1279.6,0
9,0,39,1,3103,69,10,33,2,1,1,25,187.74,0
6,0,27,0,1535,21,29,3,4,1,2,45,111.4,0
17,0,42,1,2938,74,377,31,3,1,1,30,1628.48,0
6,0,6,1,1792,19,0,8,3,1,1,30,72.44,1
2,0,38,0,5318,85,0,15,2,1,1,25,243.135,0
5,0,32,0,3938,56,0,29,1,1,1,15,219.67,0
10,0,36,1,6143,99,7,10,3,1,1,30,277.68,0
9,0,41,0,1223,21,35,21,3,1,2,30,189.76,0
5,0,29,0,205,0,0,32,4,1,1,25,0.0,1
0,0,29,0,2832,18,35,26,3,1,2,25,103.957,1
0,1,37,0,2427,0,0,9,3,1,2,30,215.632,1
25,0,38,3,15140,225,54,32,3,1,1,30,830.6,0
1,1,9,1,1243,16,0,7,3,1,1,30,50.36,1
2,1,37,0,0,0,0,37,2,1,2,25,29.837,1
4,0,36,0,1228,17,30,19,4,1,2,45,106.125,1
0,0,23,0,2920,55,1,21,3,1,1,30,123.0,0
4,1,31,0,1195,40,25,37,2,1,2,30,232.483,1
0,1,28,0,5734,47,3,48,2,1,2,45,260.401,1
12,0,39,2,2683,42,15,8,4,1,1,45,105.625,0
0,0,29,0,1483,18,30,43,5,1,1,25,40.073,1
2,0,32,0,4327,44,5,22,4,1,2,45,0.0,1
17,0,46,2,14338,185,22,52,3,1,1,30,668.92,0
1,0,36,0,2245,34,287,19,3,1,1,30,1239.16,0
17,0,39,1,2948,67,375,29,3,1,1,30,1620.6,0
10,1,11,2,1982,26,16,12,3,1,1,30,144.32,1
2,0,27,0,2892,36,7,8,3,1,2,30,84.804,1
0,0,22,0,1203,30,18,64,4,1,1,45,75.825,0
9,0,44,2,2778,66,19,39,2,1,1,25,213.48,0
18,0,41,2,14788,186,15,46,3,1,1,30,658.96,0
3,0,22,0,1488,37,20,64,4,1,1,45,88.125,0
0,0,35,0,0,0,0,0,2,1,2,25,0.0,1
0,1,28,3,51,28,0,35,3,1,1,30,324.061,1
0,1,29,0,3211,0,0,0,2,1,2,30,175.419,1
0,0,23,0,131,88,0,4,3,1,1,45,22.442,1
9,1,39,0,2353,60,40,21,3,1,2,30,256.52,0
0,0,26,2,1078,38,0,39,3,1,2,25,224.738,1
10,0,45,0,1440,30,22,19,3,1,2,30,146.8,0
3,0,38,1,193,5,5,4,3,1,1,30,27.92,1
14,0,40,2,5898,100,36,28,2,1,1,25,431.91,1
2,1,36,0,936,37,14,40,4,1,2,25,272.269,1
17,0,33,0,1085,33,27,13,3,1,2,30,152.72,0
4,0,33,0,2685,35,2,14,2,1,2,25,131.4,1
0,0,35,0,2080,10,451,6,3,1,1,30,1887.6,0
0,1,29,0,0,72,9,47,3,1,2,30,151.318,1
0,1,3,0,2300,38,1,8,2,1,2,55,166.756,1
11,0,29,2,1810,43,209,16,3,2,1,30,910.12,0
0,0,35,2,1592,12,2,0,2,1,2,30,118.232,1
0,0,35,0,4903,78,0,10,2,1,1,25,224.145,0
0,1,22,0,6008,57,2,31,3,1,1,30,260.946,1
0,0,32,0,6015,72,168,19,3,1,1,30,915.48,0
13,0,39,1,2568,65,357,23,3,1,1,30,1533.32,0
11,0,30,0,4378,45,0,0,2,1,2,55,93.579,1
0,0,43,0,0,46,16,37,2,1,1,25,402.374,1
23,1,34,0,1070,53,48,21,3,1,2,30,236.92,1
0,0,30,1,3329,29,6,44,2,1,2,30,0.0,1
0,0,26,2,564,0,0,27,4,1,2,25,121.942,1
10,0,25,0,995,29,24,20,2,1,2,25,154.08,0
6,0,32,0,335,67,0,27,3,1,1,45,137.979,1
10,0,37,0,5693,100,30,27,2,1,1,25,395.685,1
16,0,39,3,9175,124,149,45,3,1,1,30,967.96,0
0,0,41,0,271,23,8,26,3,2,2,25,10.436,1
0,0,30,0,5645,22,0,9,2,1,2,30,137.682,1
9,0,36,0,2375,55,46,20,3,1,2,30,281.2,0
10,1,24,2,681,40,1,47,3,1,1,30,71.828,1
12,0,14,3,3078,49,28,17,3,1,1,30,237.08,0
5,0,40,0,2098,54,7,20,2,1,1,25,128.34,0
7,0,42,2,2053,33,17,12,4,1,1,45,94.65,0
1,0,32,0,6500,80,178,25,3,1,1,30,975.2,0
0,0,25,0,0,0,0,0,4,1,2,45,0.0,0
8,0,28,0,575,27,14,10,2,1,2,25,90.09,0
2,0,32,0,15000,168,132,23,2,1,1,25,1276.56,0
0,0,36,0,2055,33,278,16,3,1,1,30,1195.52,0
0,0,26,0,2275,6,0,6,3,1,1,30,91.24,0
2,0,33,0,1753,40,0,10,3,1,2,30,71.72,0
16,0,17,1,6392,141,85,42,2,2,1,25,676.485,0
0,0,23,0,3165,58,3,21,3,1,1,30,140.92,0
0,0,37,0,2170,39,310,20,3,1,1,30,1328.36,0
9,0,43,2,4023,94,17,31,3,1,1,30,232.68,0
0,0,28,0,543,6,21,8,3,1,1,45,211.88,1
0,0,25,0,1010,30,186,9,2,2,1,25,883.8,0
0,0,33,0,510,5,0,7,2,1,2,25,23.175,0
0,1,29,3,4779,2,16,30,3,1,2,30,261.441,1
0,0,30,0,780,14,29,7,4,1,2,45,92.35,0
0,0,28,0,5471,27,3,36,2,1,1,45,313.734,1
8,0,36,2,8925,121,169,45,3,1,1,30,1037.84,0
4,0,30,0,1523,43,38,72,4,1,1,45,134.15,0
4,0,37,0,2980,21,451,4,3,1,1,30,1924.04,0
0,0,32,1,3135,26,14,27,3,1,1,30,182.44,0
0,0,22,0,210,15,0,11,2,1,1,25,10.125,0
0,0,34,0,513,2,11,5,4,1,2,45,40.375,1
3,0,42,0,2348,62,10,37,1,1,1,15,187.55,0
0,0,24,0,833,53,2,22,2,1,1,25,53.714,1
0,1,36,0,1260,49,0,46,4,1,2,25,36.467,1
0,0,8,1,2288,29,9,11,3,1,1,30,128.68,0
0,0,37,0,0,0,0,0,2,1,2,25,0.0,0
2,0,38,0,7103,122,366,45,3,1,1,30,1753.0,0
1,1,32,0,4013,15,8,43,4,1,2,25,260.506,1
12,0,27,0,4214,2,0,26,4,1,2,30,268.768,1
27,1,34,3,16255,246,11,85,2,1,1,25,792.045,0
12,0,25,0,1415,33,28,16,2,1,1,25,191.16,0
0,1,26,0,0,24,0,37,4,1,1,45,120.865,1
0,1,11,0,179,84,10,26,3,1,2,25,307.031,1
0,0,29,0,0,0,0,0,2,1,2,25,0.0,0
0,1,28,0,269,31,0,1,3,1,2,25,262.733,1
1,0,40,2,418,6,14,6,5,1,1,55,27.36,0
1,0,3,0,964,0,0,3,3,1,2,25,24.943,1
2,0,9,1,4390,40,215,10,3,1,1,30,1037.2,0
0,0,37,0,275,4,0,1,2,1,2,25,12.555,0
2,1,33,0,2495,34,0,11,2,1,2,25,113.805,1
10,0,32,2,1953,47,47,74,5,1,1,55,100.5,0
9,0,38,0,1533,23,37,21,4,1,2,45,131.4,1
4,0,27,1,1315,36,193,11,2,2,1,25,929.295,0
20,0,42,3,9600,135,162,50,3,1,1,30,1037.4,0
22,1,30,0,2176,35,8,23,2,1,2,30,82.342,1
2,0,3,4,0,50,2,5,2,1,1,25,74.23,1
11,0,36,0,1097,50,20,48,3,1,2,30,54.633,1
34,0,30,0,0,53,0,48,3,1,1,30,0.0,1
0,1,30,0,1361,22,10,24,2,1,2,30,315.537,1
2,1,32,1,0,22,2,22,3,1,2,30,75.177,1
14,0,35,1,14125,208,22,30,2,1,1,25,743.985,0
12,0,17,0,5793,131,64,27,1,2,1,15,677.82,0
0,0,39,0,1363,25,1,5,4,1,1,45,37.2,0
0,0,30,0,1795,23,263,10,3,1,1,30,1124.72,0
0,0,25,0,1903,20,165,8,2,2,1,25,829.035,0
0,1,24,0,0,44,26,15,3,1,2,45,456.807,1
5,0,42,2,6500,92,194,27,3,1,1,30,1039.68,0
0,0,18,0,1220,3,19,25,2,1,1,30,125.305,1
12,1,25,0,48,0,1,16,2,1,2,45,121.312,1
12,0,37,0,2363,52,7,14,3,1,2,30,124.6,0
11,0,15,0,6088,135,78,40,1,2,1,15,771.265,0
0,0,29,0,2840,16,0,13,3,1,1,30,114.24,0
0,1,44,0,220,0,0,3,3,1,1,25,159.752,1
14,0,36,1,247,32,0,17,2,2,1,45,201.965,1
1,1,27,0,7,0,40,25,5,1,2,45,87.2,1
8,0,26,1,3935,72,16,23,3,1,1,30,224.28,0
0,0,28,0,932,33,26,26,2,1,1,25,94.847,1
0,0,29,0,1405,34,23,14,3,1,2,30,149.56,0
0,0,32,0,278,6,0,35,3,1,1,25,0.0,1
13,0,39,2,7023,81,115,39,2,1,1,25,837.18,0
0,1,28,0,102,42,0,16,4,1,1,25,0.0,1
6,0,39,2,2088,37,39,12,4,1,1,45,150.625,0
6,0,35,2,6845,100,19,24,5,1,1,55,132.675,0
0,0,31,0,6240,76,171,20,3,1,1,30,936.64,0
2,0,37,0,13583,169,25,46,3,1,1,30,650.08,0
6,0,36,0,2780,53,175,23,2,1,1,25,914.985,0
0,0,28,0,109,0,1,20,3,1,2,30,263.066,1
5,0,24,0,0,4,12,37,2,1,2,45,0.0,1
4,1,34,0,312,6,0,25,4,1,1,45,381.193,1
0,0,33,0,2610,13,465,1,3,1,1,30,1964.92,0
2,0,27,0,1318,38,27,28,2,1,1,30,25.32,1
0,0,38,0,1443,21,3,8,3,1,1,30,70.56,0
27,0,37,9,11145,104,9,42,5,2,1,55,182.235,0
7,0,39,0,1370,21,16,16,2,1,2,25,134.595,0
3,0,28,1,885,13,26,5,4,1,1,45,87.45,0
10,1,34,1,1345,49,3,29,2,1,2,30,57.12,1
28,1,35,0,1260,53,23,19,3,1,2,30,144.52,1
6,1,31,0,0,28,19,21,3,1,2,30,320.976,1
0,0,11,0,1586,39,3,2,3,1,2,25,59.473,1
0,0,34,0,6493,110,352,41,2,1,1,25,1881.135,0
0,1,30,0,0,0,0,0,4,1,2,45,0.0,1
0,0,7,0,3895,33,199,5,3,1,1,30,953.12,0
0,1,9,0,0,18,3,10,3,1,1,30,285.514,1
12,0,40,1,2298,57,13,19,3,1,1,30,146.2,0
14,0,15,0,9122,172,82,43,4,1,1,45,437.35,0
2,1,34,0,0,0,10,39,4,1,1,45,207.77,1
6,0,39,0,3165,39,6,24,2,1,2,30,67.027,1
0,1,27,0,418,20,0,8,3,1,2,30,143.356,1
0,0,44,0,0,4,7,4,4,1,1,55,220.794,1
1,0,33,0,1946,27,0,18,2,1,2,25,37.412,1
0,1,32,0,0,34,0,5,2,2,2,25,281.172,1
2,0,33,0,2088,51,347,20,2,1,1,25,1657.755,0
1,0,14,0,3360,34,58,25,5,1,2,25,156.067,1
0,0,36,0,5013,79,0,13,2,1,1,25,229.14,0
5,1,36,0,0,23,0,48,2,1,1,30,230.333,1
1,0,28,1,0,0,32,3,2,1,2,25,0.0,1
0,0,26,1,1286,41,12,7,2,1,1,30,39.456,1
8,0,36,0,6603,69,76,33,2,1,1,25,642.24,0
0,0,31,2,0,36,0,25,2,1,2,45,305.621,1
10,1,8,1,1668,0,3,36,2,1,1,45,112.585,1
0,0,35,0,0,0,0,0,2,1,2,25,0.0,0
0,0,27,0,3016,100,0,20,2,1,1,45,371.764,1
0,0,29,0,2707,83,11,30,2,1,2,25,74.797,1
0,0,22,0,1859,47,0,21,2,1,2,25,7.91,1
9,0,37,0,2123,48,0,13,3,1,2,30,86.84,0
0,1,33,3,0,20,0,6,3,1,2,30,46.591,1
0,1,3,0,1133,0,0,24,3,1,2,45,256.289,1
0,1,34,0,0,0,0,0,3,1,2,30,0.0,1
17,0,44,3,4160,90,49,34,3,1,1,30,366.0,0
4,0,29,0,0,0,0,45,4,1,1,25,207.55,1
0,0,34,0,428,6,14,15,3,1,2,30,73.36,1
1,0,22,0,4144,10,3,14,4,1,1,30,112.751,1
14,0,9,0,0,22,5,18,3,1,2,25,0.0,1
29,0,30,0,0,71,27,8,2,1,2,25,64.002,1
11,0,38,1,3085,59,182,25,2,1,1,25,960.48,0
0,0,36,0,2600,20,467,3,3,1,1,30,1972.8,0
0,1,41,0,546,0,0,29,3,1,2,30,987.255,1
0,0,39,0,128,4,0,1,2,1,2,25,5.94,0
0,0,29,0,0,0,0,6,2,1,1,45,0.0,1
15,1,35,0,3159,30,0,9,3,1,1,30,321.861,1
0,0,35,0,0,0,0,0,2,1,2,25,0.0,0
8,0,41,2,365,9,12,4,3,1,1,30,62.96,1
8,0,15,0,8333,161,52,25,4,1,1,45,342.35,0
1,0,36,0,3293,50,0,18,1,1,1,15,183.865,0
22,0,39,2,15015,227,58,35,3,1,1,30,841.68,0
11,0,33,2,361,0,0,28,2,1,2,25,94.551,1
11,0,37,0,3660,76,0,24,2,1,1,25,168.12,0
0,0,25,0,2705,34,1,44,2,1,1,45,497.706,1
5,0,40,1,6413,75,109,36,2,1,1,25,782.46,0
15,0,17,1,9047,176,71,39,5,1,1,55,244.845,0
4,0,35,0,11405,151,6,45,3,1,1,30,486.24,0
3,0,37,0,7508,127,384,43,2,1,1,25,2071.575,0
0,1,45,2,2278,12,20,17,4,1,2,30,70.256,1
0,1,3,1,0,42,12,21,4,1,1,30,274.202,1
0,0,23,0,2320,45,0,6,3,1,1,30,94.6,0
0,1,26,0,4813,1,13,17,3,1,2,30,245.037,1
1,0,38,0,2795,26,8,18,3,1,1,30,144.84,0
34,0,33,6,16980,254,28,97,2,2,1,25,901.53,0
1,0,24,0,2247,0,0,31,2,1,2,25,68.711,1
0,0,24,0,1263,33,23,66,4,1,1,45,89.9,0
11,0,40,1,2855,46,301,23,3,1,1,30,1320.04,0
15,0,27,0,1300,35,31,22,3,1,2,30,177.4,0
1,0,27,1,1799,0,0,48,4,1,1,45,8.155,1
3,0,20,0,740,18,1,6,2,1,1,25,38.61,0
13,0,41,0,1725,31,28,10,3,1,2,30,182.24,0
7,0,37,0,13658,163,0,40,3,1,1,30,552.84,0
0,0,28,0,654,26,9,30,2,1,2,30,70.66,1
0,0,32,0,2835,17,468,2,3,1,1,30,1986.08,0
4,1,32,0,752,42,0,6,2,1,2,30,127.989,1
8,0,39,0,2583,58,7,31,1,1,1,15,183.755,0
32,1,40,4,15635,232,70,37,3,1,1,30,914.68,0
0,0,40,0,0,0,10,7,3,1,2,25,292.096,1
10,0,38,0,4198,66,1,35,1,1,1,15,240.02,0
8,1,3,1,3126,24,0,20,5,1,1,30,185.521,1
0,1,25,0,323,16,11,48,3,1,2,30,284.381,1
4,0,24,0,515,21,0,13,2,1,1,25,24.12,0
9,1,38,0,2238,54,8,17,3,1,2,30,123.68,0
3,1,25,2,1208,23,1,9,3,1,2,30,0.0,1
5,0,3,0,0,46,8,45,3,1,2,25,509.046,1
0,0,33,0,4526,51,1,21,4,1,2,25,57.695,1
0,1,37,0,4345,0,10,22,2,1,2,25,206.051,1
0,1,10,0,1363,21,4,10,2,1,1,25,80.28,1
6,0,36,2,4810,87,16,38,3,1,1,30,259.88,0
3,0,13,2,4470,42,225,14,3,1,1,30,1080.48,0
0,0,34,0,0,0,0,0,5,1,1,55,0.0,0
16,1,6,0,1954,3,24,12,3,1,1,25,207.505,1
2,1,16,0,662,0,0,42,2,1,1,55,200.897,1
0,0,23,1,261,21,7,37,2,1,1,25,0.0,1
12,0,30,0,1369,0,17,4,4,1,2,30,0.0,1
0,0,44,0,765,0,14,24,2,1,2,30,187.028,1
0,0,30,0,570,2,0,8,2,1,2,25,25.74,0
11,0,37,2,8925,120,135,40,3,1,1,30,901.8,0
0,0,33,0,768,0,4,13,2,1,1,30,201.615,1
11,0,38,1,3085,59,182,25,2,1,1,25,960.48,0
0,1,30,1,379,29,11,0,2,1,1,25,93.574,1
6,0,28,0,2509,0,0,17,2,1,1,30,337.762,1
0,0,40,1,6195,86,187,25,3,1,1,30,999.24,0
0,0,24,2,1298,16,29,6,3,1,2,25,246.313,1
9,0,13,0,8873,168,68,38,4,1,1,45,396.025,0
0,0,34,0,0,8,35,4,3,1,1,55,123.234,1
0,1,24,0,3254,18,0,38,4,1,2,45,173.921,1
14,0,38,0,2680,61,53,22,4,1,2,45,201.025,0
14,0,40,1,0,21,19,8,4,1,2,30,66.69,1
0,0,33,0,1360,38,31,18,3,1,2,30,179.92,0
0,1,31,0,1529,53,5,42,3,1,2,30,73.177,1
0,0,17,0,660,16,0,5,2,1,1,25,30.42,0
15,0,42,3,4880,92,14,29,4,1,1,45,159.3,0
0,0,3,0,424,1,19,21,2,1,1,25,184.49,1
21,0,18,1,6583,141,60,40,1,2,1,15,699.82,0
6,0,39,2,6560,89,191,28,3,1,1,30,1029.96,0
0,1,27,3,4562,37,6,29,2,1,2,55,129.474,1
0,0,31,0,0,0,0,15,3,1,2,45,0.0,1
2,1,33,1,1921,43,17,11,3,1,2,30,285.531,1
0,0,31,0,3233,68,0,21,2,1,1,25,148.545,0
3,0,25,0,0,30,0,15,3,1,2,30,96.056,1
13,1,33,0,3215,45,7,14,3,1,2,30,158.4,1
0,0,32,0,2100,29,270,12,3,1,1,30,1165.16,0
0,0,29,0,287,6,0,18,4,1,2,25,256.327,1
0,0,38,0,1360,44,39,19,3,1,2,30,212.16,0
3,0,34,2,6900,103,46,26,5,1,1,55,174.045,0
0,1,26,0,5767,21,0,6,2,1,2,25,214.269,1
11,0,40,0,3903,62,7,22,1,1,1,15,256.575,0
4,1,29,0,4869,0,11,16,3,1,1,25,18.112,1
3,1,34,0,1008,21,0,27,3,1,2,30,238.192,1
4,0,8,0,1435,47,0,24,3,1,2,30,94.933,1
18,1,37,0,3895,57,37,33,3,1,2,30,306.08,1
7,0,11,2,4695,46,222,12,3,1,1,30,1077.64,0
6,0,42,0,518,10,17,8,3,1,2,30,89.12,1
0,0,31,0,6480,91,7,20,4,1,1,45,181.775,0
17,1,38,0,690,20,0,9,3,1,2,25,256.737,1
9,1,31,1,235,44,0,42,3,1,1,45,97.146,1
7,0,42,1,5998,97,17,16,3,1,1,30,311.8,0
1,0,39,0,2970,29,487,11,3,1,1,30,2067.96,0
5,0,17,2,2728,47,35,22,3,1,1,30,251.0,0
1,1,30,3,95,14,15,37,3,1,1,25,358.017,1
0,0,27,2,4817,25,0,13,3,1,2,45,0.0,1
4,0,37,2,6865,99,24,26,5,1,1,55,140.46,0
5,1,35,0,1483,14,25,32,2,1,2,45,343.864,1
19,0,43,4,9500,129,161,49,3,1,1,30,1029.16,0
12,0,39,1,15600,187,148,29,2,1,1,25,1376.415,0
3,1,3,0,3054,44,0,22,2,1,1,45,241.431,1
12,0,40,3,3298,74,30,50,2,1,1,25,286.74,0
6,0,38,1,3285,28,492,11,3,1,1,30,2100.52,0
13,0,29,0,2145,53,0,0,3,1,2,30,191.794,1
3,0,27,0,91,0,0,2,2,1,2,25,477.17,1
15,0,36,1,6008,99,35,27,2,1,1,25,432.315,1
0,1,35,0,2279,33,3,20,3,1,1,30,104.425,1
0,0,30,0,3458,72,0,22,2,1,1,25,158.85,0
12,1,37,0,2570,60,66,37,4,1,2,45,230.75,1
13,0,15,0,6277,136,87,43,1,2,1,15,831.215,0
26,0,42,4,15220,227,64,36,3,2,1,30,873.88,0
12,0,35,0,2393,42,30,28,4,1,2,45,135.875,1
0,0,31,0,0,23,24,3,3,1,2,45,14.198,1
0,1,36,0,256,57,0,4,2,1,2,45,37.804,1
8,0,32,0,2453,54,351,23,2,1,1,25,1692.315,0
0,0,35,0,2675,15,444,2,3,1,1,30,1883.6,0
1,0,29,2,0,54,1,7,3,1,2,30,106.192,1
14,0,33,1,4527,0,0,38,2,1,2,25,231.178,1
7,1,33,0,2238,48,0,16,3,1,2,30,91.44,0
3,0,35,0,1558,33,9,31,3,1,2,30,99.64,1
14,0,29,0,416,17,3,18,2,1,2,25,141.15,1
9,0,30,1,3710,75,26,30,3,1,1,30,255.4,0
0,0,7,0,4085,34,208,8,3,1,1,30,996.76,0
1,0,34,0,7328,119,373,38,2,1,1,25,2013.615,0
18,0,26,2,0,16,0,34,2,1,2,25,0.0,1
4,0,42,0,2315,43,293,22,3,1,1,30,1266.32,0
9,0,41,1,4695,91,13,30,3,1,1,30,243.44,0
0,1,26,0,4743,3,204,6,3,2,2,30,82.168,1
23,0,31,3,15885,237,0,77,2,1,1,25,725.49,0
0,0,43,0,1502,8,31,38,2,1,1,25,45.961,1
9,1,26,0,600,48,3,16,3,1,2,25,275.851,1
0,0,26,0,5855,92,0,7,3,1,1,25,213.645,1
6,0,38,0,4125,68,3,17,2,1,1,25,202.185,0
0,0,3,1,0,29,4,27,2,1,1,25,0.0,1
11,0,13,3,3157,45,30,20,3,1,1,30,248.08,0
1,0,42,0,0,33,2,19,2,1,2,30,459.254,1
0,1,22,0,834,90,0,19,5,1,1,25,175.033,1
15,1,38,0,0,33,25,15,4,1,2,25,44.069,1
11,0,15,0,6087,135,78,40,1,2,1,15,771.21,0
2,0,29,0,1005,18,32,8,4,1,2,45,105.575,0
2,1,33,0,4990,24,0,45,3,1,2,30,291.952,1
0,0,24,0,555,22,8,17,2,1,1,30,76.694,1
0,1,35,0,545,0,6,16,3,1,1,25,48.003,1
13,0,40,3,3265,55,313,35,4,1,1,45,865.5,0
6,0,16,3,2608,42,29,19,3,1,1,30,222.0,0
6,1,29,0,0,0,0,24,4,1,1,25,216.088,1
5,0,27,2,0,0,0,19,5,1,2,25,159.375,1
8,0,38,0,4370,71,5,17,3,1,1,30,197.64,0
1,0,10,1,3985,35,197,12,3,1,1,30,948.8,0
33,0,42,5,15505,234,66,36,3,2,1,30,893.56,0
0,0,32,0,0,20,0,16,3,1,2,30,11.437,1
0,0,31,0,0,0,0,0,2,1,2,25,0.0,0
6,1,22,0,491,0,0,4,4,1,1,30,71.783,1
16,0,15,2,9533,181,94,55,5,1,1,55,286.71,0
2,0,9,1,4390,40,215,10,3,1,1,30,1037.2,0
18,0,26,2,15590,224,0,73,2,1,1,25,711.63,0
8,0,40,1,2698,64,9,35,2,1,1,25,164.79,0
0,0,34,0,1091,47,0,24,3,1,2,45,53.956,1
3,0,37,0,4180,71,30,19,3,1,1,30,290.04,0
5,0,33,1,2965,20,7,11,3,1,1,30,147.4,0
0,0,21,0,1584,12,0,18,4,1,2,25,296.102,1
11,0,37,3,7150,106,26,26,5,1,1,55,147.84,0
4,1,32,0,0,0,33,2,3,1,2,30,146.89,1
0,0,3,0,4085,28,200,7,2,1,1,25,1085.085,0
8,0,16,3,2852,45,31,19,3,1,1,30,239.88,0
6,0,26,1,481,64,0,40,2,1,2,30,101.779,1
9,0,29,2,1620,42,200,13,3,2,1,30,866.48,0
13,0,39,2,7023,81,115,39,2,1,1,25,837.18,0
5,0,32,0,2700,51,165,19,2,1,1,25,866.295,0
0,0,37,0,0,0,0,0,2,1,2,25,0.0,0
10,0,40,2,4575,86,7,27,3,1,1,30,214.44,0
1,0,32,0,1903,35,22,27,3,1,2,30,165.52,1
0,0,30,0,3334,20,8,21,3,1,2,30,104.001,1
6,0,32,2,6910,95,10,19,5,1,1,55,120.075,0
5,0,35,0,399,0,4,13,2,1,2,30,326.452,1
5,1,32,0,693,27,54,3,3,2,2,25,200.385,1
0,1,32,0,0,0,0,0,2,1,2,25,0.0,1
4,0,31,0,3654,0,0,23,3,1,2,30,194.006,1
3,0,17,0,2100,31,29,12,2,1,1,25,226.395,0
0,1,28,0,6008,35,5,27,3,1,2,30,0.0,1
15,0,29,2,2583,56,45,70,5,1,1,55,107.085,0
10,0,35,2,7280,104,30,27,5,1,1,55,155.76,0
0,0,34,0,2009,42,0,5,2,1,2,30,147.706,1
9,0,28,1,1873,45,37,70,5,1,1,55,84.27,0
0,1,27,0,2623,1,0,12,2,1,1,25,114.637,1
20,0,38,2,6313,105,42,29,2,1,1,25,477.81,0
0,0,28,0,1071,36,0,48,2,1,2,30,0.0,1
4,0,26,0,1568,39,30,68,4,1,1,45,115.175,0
1,0,26,0,454,0,29,14,2,1,1,25,165.336,1
0,0,31,0,7123,119,367,37,2,1,1,25,1977.39,0
4,0,35,0,1818,42,0,11,3,1,2,30,74.4,0
0,1,29,1,3077,0,0,5,5,1,2,30,100.885,1
6,0,36,0,3470,76,25,26,2,1,1,25,272.07,0
22,0,39,1,0,0,6,9,2,2,2,25,179.299,1
8,1,27,0,837,0,1,16,3,1,1,25,365.189,1
8,1,32,2,0,0,0,25,3,1,2,25,187.109,1
4,0,35,0,11350,149,13,48,3,1,1,30,511.96,0
9,0,13,0,8817,166,75,41,4,1,1,45,412.075,0
12,0,27,1,392,82,0,47,4,1,1,45,175.546,1
0,0,24,1,479,0,38,36,2,1,1,30,22.377,1
0,0,34,0,4005,62,0,13,2,1,1,25,183.015,0
17,0,41,2,6933,112,22,14,3,1,1,30,369.8,0
29,0,38,5,15740,235,75,47,3,1,1,30,939.0,0
18,0,31,0,650,41,9,15,2,1,2,25,71.595,1
1,0,36,0,1668,25,0,6,3,1,1,30,67.72,0
0,1,24,0,1967,70,2,26,2,1,2,25,27.065,1
15,1,37,0,2978,55,42,31,3,1,2,30,289.32,1
1,0,35,0,2213,50,0,28,1,1,1,15,124.465,0
2,0,35,0,3558,24,12,26,2,1,2,45,378.991,1
8,0,34,0,5513,92,19,22,2,1,1,25,337.725,1
8,0,37,1,6718,75,108,37,2,1,1,25,791.685,0
10,0,21,1,1270,28,11,9,2,1,1,25,107.91,0
15,0,41,2,4618,78,40,41,1,1,1,15,478.28,0
0,1,43,0,401,64,27,15,4,1,2,45,188.275,1
9,0,32,0,621,0,0,9,3,1,2,30,218.851,1
0,0,19,0,644,0,0,47,3,1,2,30,0.0,1
8,0,37,1,6718,75,108,37,2,1,1,25,791.685,0
1,0,36,0,1005,18,27,21,2,1,2,25,167.535,0
2,1,37,0,1608,12,5,44,2,1,2,30,283.382,1
9,0,24,0,240,30,2,9,3,1,2,25,162.719,1
0,0,37,1,85,40,0,33,3,1,2,45,414.304,1
8,0,38,2,6833,81,140,41,2,1,1,25,941.13,0
0,1,27,2,2372,32,8,5,2,2,2,25,209.906,1
0,1,30,0,217,18,17,14,2,1,1,25,0.0,1
1,0,27,1,3363,46,0,23,3,1,2,45,100.758,1
0,0,25,1,5518,12,4,39,3,1,2,25,252.005,1
2,0,33,1,1114,28,10,21,2,1,2,30,32.89,1
4,0,38,0,2360,39,285,18,3,1,1,30,1235.96,0
0,1,38,0,403,3,12,6,4,1,2,45,40.15,1
1,1,26,0,1667,20,0,7,2,1,2,30,0.0,1
1,0,24,0,3276,14,0,38,2,1,2,30,245.491,1
0,1,33,0,1737,14,95,44,3,1,1,30,286.753,1
11,0,32,1,9115,115,136,42,3,1,1,30,913.2,0
8,0,43,1,7768,137,399,49,3,1,1,30,1912.2,0
5,1,37,0,2765,37,12,18,2,1,2,25,180.09,1
30,0,34,5,16495,250,39,86,2,2,1,25,929.025,0
2,1,40,0,4201,50,26,25,2,1,2,25,172.663,1
15,0,30,3,2330,53,208,13,3,2,1,30,927.32,0
0,0,27,2,1399,7,6,27,2,1,2,30,49.991,1
7,1,31,0,3589,47,0,6,4,1,1,30,92.548,1
0,0,36,2,0,35,0,21,2,1,2,25,326.049,1
0,0,40,0,1506,68,16,34,3,1,2,30,243.226,1
9,0,37,1,11655,155,20,50,4,1,1,45,345.25,0
2,0,13,1,4345,44,223,14,3,1,1,30,1067.56,0
0,1,37,0,0,68,0,22,2,1,2,25,151.937,1
20,0,45,2,3018,76,381,32,3,1,1,30,1647.76,0
13,0,38,2,12175,165,19,47,4,1,1,45,356.0,0
16,0,28,0,890,25,7,5,2,1,2,25,72.675,0
0,0,40,0,88,6,8,6,3,1,2,30,35.76,1
0,1,3,0,788,40,1,28,2,1,1,25,429.614,1
5,0,28,0,1330,26,1,39,2,1,1,25,257.912,1
12,0,40,1,14078,175,7,46,3,1,1,30,598.12,0
14,1,38,0,2573,50,41,33,4,1,2,45,168.075,1
0,0,29,0,302,0,11,29,2,1,2,25,179.528,1
10,0,29,0,1179,46,0,14,2,1,1,30,120.817,1
17,0,17,1,9237,177,80,42,5,1,1,55,261.21,0
0,1,3,0,1228,9,0,1,2,1,1,25,55.665,1
2,0,38,0,2555,49,178,25,2,1,1,25,918.18,0
0,0,30,0,0,0,0,0,3,1,2,30,0.0,1
17,0,32,2,1530,44,34,16,2,1,1,25,223.83,0
7,0,42,1,3978,92,17,34,3,1,1,30,230.8,0
0,0,39,0,0,33,15,20,4,1,2,25,133.942,1
6,0,32,0,1970,44,37,21,3,1,2,30,228.56,0
9,0,45,0,1015,26,28,11,3,1,2,30,153.64,0
5,0,41,0,623,11,14,6,3,1,2,30,81.36,0
15,0,39,1,2758,66,366,26,3,1,1,30,1576.96,0
0,0,28,0,4334,0,3,27,2,1,1,30,10.116,1
0,0,33,0,1360,38,31,18,3,1,2,30,179.92,0
7,0,21,2,2115,38,67,20,3,1,1,30,354.12,0
4,1,34,0,1963,38,27,29,3,1,2,30,188.04,1
11,0,44,1,6178,105,22,18,3,1,1,30,339.32,0
0,0,25,0,820,29,177,6,2,2,1,25,834.705,0
5,0,35,0,2148,54,352,22,2,1,1,25,1683.09,0
0,0,30,0,1180,30,20,13,3,1,2,30,128.4,0
8,0,35,2,7090,103,21,24,5,1,1,55,139.395,0
8,0,3,0,445,62,0,6,4,1,1,30,422.484,1
0,0,30,0,2539,85,0,7,4,1,2,25,30.868,1
16,0,25,1,260,0,31,2,2,1,2,30,35.03,1
7,0,28,1,1628,42,35,70,4,1,1,45,129.25,0
0,0,26,0,635,9,12,1,4,1,2,45,46.1,0
3,0,39,0,2475,53,176,22,2,1,1,25,905.76,0
0,0,32,0,2780,19,0,12,3,1,1,30,111.96,0
30,0,38,0,1440,61,34,24,3,1,2,30,196.04,1
7,0,40,1,2860,55,185,27,2,1,1,25,963.675,0
25,0,31,3,16075,238,0,80,2,1,1,25,734.085,0
9,0,37,1,6043,93,7,9,3,1,1,30,273.44,0
1,0,27,1,3449,0,7,31,3,1,2,30,69.5,1
1,0,14,2,2357,38,15,14,3,1,1,30,155.8,0
9,0,36,1,4493,70,15,48,1,1,1,15,333.465,0
5,0,37,0,2375,48,157,25,2,1,1,25,815.535,0
0,0,31,0,0,32,0,22,2,1,2,30,15.725,1
10,0,37,0,4083,60,0,31,1,1,1,15,227.865,0
24,0,33,8,10740,93,0,43,4,1,1,45,270.825,0
18,0,34,0,1005,37,25,10,3,1,2,30,141.68,0
0,0,27,0,420,5,3,5,4,1,2,45,18.125,0
6,0,32,0,6718,69,100,36,2,1,1,25,755.415,0
6,0,43,2,3095,33,491,9,4,1,1,45,1305.7,0
7,0,46,0,623,17,22,7,3,1,2,30,113.6,0
0,1,34,0,237,5,0,32,2,1,2,30,258.448,1
0,1,3,0,2185,11,0,18,3,1,2,30,0.0,1
16,0,13,1,6438,137,77,38,2,2,1,25,642.375,0
10,0,45,0,565,16,22,8,3,1,2,30,111.24,1
7,1,9,3,2088,29,21,22,3,1,1,30,168.68,1
1,1,24,0,1295,41,0,5,3,1,2,45,403.107,1
5,0,20,1,1400,22,14,2,2,1,1,25,126.99,0
7,0,34,0,4290,69,0,13,2,1,1,25,196.155,0
6,0,26,0,510,25,35,9,3,1,2,30,161.4,0
20,0,29,2,15770,232,0,78,2,1,1,25,720.09,0
11,0,31,0,5818,92,18,23,2,1,1,25,346.95,1
0,0,38,0,0,26,0,26,3,1,2,45,21.798,1
13,0,41,3,7350,113,36,30,5,1,1,55,165.945,0
12,0,16,1,9048,177,105,44,5,1,1,55,295.875,0
0,0,41,0,1071,31,0,27,3,1,2,25,428.961,1
0,0,42,0,0,0,10,8,2,1,2,45,162.99,1
1,0,35,1,1371,0,25,47,3,1,2,30,442.984,1
0,1,28,0,0,0,7,18,2,1,2,45,415.12,1
14,0,36,2,9520,126,145,41,3,1,1,30,965.84,0
4,0,31,0,15225,172,135,24,2,1,1,25,1300.365,0
6,1,35,0,625,31,0,33,3,1,2,30,718.608,1
5,0,35,0,3778,54,0,29,1,1,1,15,210.76,0
7,0,33,0,1130,22,36,6,4,1,2,45,118.8,0
5,0,40,0,1295,26,39,17,3,1,2,30,208.84,0
6,0,26,0,0,22,5,33,2,1,2,30,204.876,1
19,1,27,0,81,48,7,37,2,1,1,30,239.87,1
1,1,22,0,0,0,10,40,2,1,1,25,191.971,1
0,1,24,2,821,92,0,26,3,2,2,25,213.505,1
4,1,32,0,2570,29,0,10,2,1,2,25,116.955,1
32,0,22,0,6008,31,0,27,2,1,1,45,147.969,1
8,0,12,3,2898,41,23,15,3,1,1,30,209.56,0
0,1,30,0,0,0,0,0,4,1,2,45,0.0,1
5,0,32,1,3763,78,7,24,2,1,1,25,204.345,0
6,0,39,0,344,51,13,12,2,1,1,25,119.755,1
0,0,30,0,1342,31,84,24,3,1,2,30,3.291,1
28,0,40,4,15255,230,52,31,3,1,1,30,827.4,0
9,1,34,0,2875,35,0,12,2,1,2,25,130.95,1
0,0,26,0,454,10,18,25,2,1,1,55,258.949,1
10,1,32,0,25,22,0,9,3,1,2,25,158.207,1
2,1,31,2,2355,0,7,18,3,1,2,25,198.564,1
1,1,33,0,189,56,10,8,4,1,2,25,113.174,1
3,0,32,2,6905,113,266,31,2,2,1,25,1512.81,0
13,0,31,3,388,2,32,14,3,1,2,55,28.836,1
0,1,26,1,2741,39,7,23,3,1,2,30,275.824,1
16,0,44,2,4035,92,47,34,3,1,1,30,353.08,0
17,0,25,2,930,26,0,4,3,1,1,45,50.019,1
5,0,40,0,2013,50,11,19,3,1,2,30,126.52,0
11,0,32,2,1800,50,211,18,3,2,1,30,918.0,0
13,0,43,3,11850,162,28,53,4,1,1,45,370.3,0
0,1,33,2,4184,24,1,11,4,1,2,45,788.436,1
0,1,25,3,0,5,0,21,3,1,2,30,218.684,1
0,0,33,0,4966,20,0,4,3,1,2,25,184.817,1
0,0,18,0,0,0,0,0,4,1,2,45,0.0,0
15,0,40,1,4503,72,8,37,1,1,1,15,295.625,0
1,1,26,0,0,22,0,28,2,1,2,25,85.65,1
11,0,26,3,131,12,3,36,2,1,2,30,90.425,1
0,1,28,0,0,12,0,5,2,1,2,30,78.264,1
16,1,31,0,460,40,0,12,2,1,2,25,22.5,1
0,0,26,0,0,28,0,15,4,1,1,25,103.024,1
2,0,36,0,13468,163,0,42,3,1,1,30,545.24,0
14,1,38,0,546,0,5,22,2,1,2,30,15.322,1
0,0,18,0,1003,23,8,60,4,1,1,45,45.65,0
9,0,3,0,6008,25,0,44,3,1,2,45,0.0,1
0,0,27,1,0,36,0,27,3,1,2,30,111.014,1
0,0,30,0,2530,11,461,7,3,1,1,30,1945.64,0
1,1,26,0,1109,16,0,24,3,1,2,25,0.0,1
1,0,32,0,2218,10,0,40,4,1,1,25,96.031,1
0,1,3,0,0,39,9,15,3,1,1,55,234.613,1
6,0,33,0,11385,152,1,43,3,1,1,30,465.48,0
5,0,28,0,1130,16,28,5,4,1,2,45,98.65,0
0,0,44,2,1044,0,1,17,2,1,1,45,105.631,1
2,0,38,0,4419,0,0,20,2,1,2,25,2.975,1
10,0,41,2,3798,50,14,12,4,1,2,25,138.471,1
3,0,39,1,2508,64,34,37,2,1,1,25,268.74,0
18,0,34,7,10375,90,0,40,4,1,1,45,261.625,0
1,0,30,0,0,0,0,3,4,1,1,25,163.557,1
3,0,13,1,1443,23,8,11,3,1,1,30,90.64,1
8,1,36,0,783,0,0,4,4,1,2,30,301.847,1
8,0,38,0,15080,177,132,32,2,1,1,25,1280.565,0
20,0,40,2,16500,199,165,32,2,1,1,25,1493.955,0
0,0,36,0,2333,55,0,31,1,1,1,15,131.34,0
12,0,15,0,8932,171,73,40,4,1,1,45,410.075,0
5,0,42,0,393,12,15,8,3,1,2,30,76.2,1
11,0,3,0,1308,32,23,23,4,1,2,30,482.164,1
9,0,14,2,4875,54,233,17,3,1,1,30,1129.16,0
2,0,31,0,1933,42,0,14,3,1,2,30,79.0,0
0,1,31,0,0,57,1,13,2,1,2,30,345.809,1
7,0,28,1,2466,36,0,0,2,1,2,30,0.0,1
2,0,34,0,2313,56,0,29,1,1,1,15,130.295,0
5,0,27,0,2977,0,36,30,3,1,2,30,80.49,1
1,0,30,0,0,24,0,0,3,1,2,30,119.637,1
7,0,26,0,0,56,26,10,3,1,2,25,145.903,1
7,0,38,0,0,5,3,20,3,1,2,30,94.585,1
5,0,35,0,305,6,7,2,4,1,2,45,25.275,1
13,0,28,0,0,62,0,38,2,1,2,25,48.598,1
0,0,32,0,815,35,6,36,4,1,2,25,64.891,1
8,0,28,1,1676,0,28,2,3,1,2,30,25.194,1
15,1,26,0,657,47,12,34,3,1,2,45,181.715,1
6,0,39,0,1963,44,35,30,3,1,2,30,220.28,1
0,0,34,0,6008,0,0,19,4,1,2,25,57.69,1
20,0,39,1,2327,91,0,45,2,1,1,25,107.834,1
0,0,35,2,220,3,180,9,2,1,2,25,79.864,1
7,0,35,0,2665,39,284,19,3,1,1,30,1244.16,0
11,0,27,0,700,25,10,7,2,1,2,25,77.625,0
0,1,26,0,689,27,0,28,4,1,2,30,326.375,1
0,0,26,0,825,10,21,3,4,1,2,45,73.375,0
3,1,32,2,3800,0,3,17,2,1,1,45,230.023,1
7,1,27,3,1691,15,10,19,2,1,2,45,7.915,1
25,0,42,3,15095,229,62,36,3,1,1,30,860.96,0
0,0,20,0,1470,22,31,16,2,1,1,25,206.64,0
2,0,35,0,2180,31,274,13,3,1,1,30,1184.44,0
11,0,39,0,1643,24,24,6,4,1,2,45,101.675,1
16,1,42,0,3295,53,24,19,3,1,2,30,229.92,1
16,0,33,0,0,0,0,22,2,1,2,30,124.776,1
6,0,26,0,1758,40,39,71,4,1,1,45,142.45,0
8,0,39,1,3325,36,18,21,3,1,1,30,206.44,0
0,0,36,0,0,43,0,2,2,1,2,25,224.069,1
0,0,30,1,837,1,5,6,3,1,1,30,118.233,1
6,0,9,3,4990,50,236,25,3,1,1,30,1145.6,0
16,0,16,0,6278,135,53,38,1,2,1,15,644.215,0
12,0,38,1,4443,69,7,35,1,1,1,15,286.66,0
7,0,12,2,2773,43,21,15,3,1,1,30,196.64,0
13,0,43,2,6978,85,123,43,2,1,1,25,871.335,0
0,0,26,0,0,0,0,0,4,1,2,45,0.0,0
0,0,32,0,2535,16,0,12,3,1,1,30,102.04,0
6,1,27,1,1505,37,202,14,2,2,1,25,978.39,1
15,0,43,1,4855,85,23,24,3,1,1,30,289.6,0
5,0,28,0,1130,16,28,5,4,1,2,45,98.65,0
6,0,35,0,4190,63,0,12,3,1,1,30,170.12,0
0,0,32,0,454,0,32,19,2,1,1,30,110.499,1
16,0,40,2,4080,88,39,30,3,1,1,30,322.72,0
20,0,32,7,10355,91,0,38,4,1,1,45,261.15,0
5,0,28,0,236,18,15,13,3,1,2,30,287.99,1
17,0,26,2,780,1,10,8,2,1,1,25,208.03,1
0,1,34,0,0,0,0,0,2,1,2,25,0.0,1
0,0,30,2,2019,45,2,10,2,1,2,25,88.554,1
0,0,39,0,73,2,5,4,2,1,1,25,25.875,0
0,0,24,0,3030,95,28,18,3,1,2,25,201.223,1
0,0,8,0,777,8,0,7,3,1,1,30,31.4,1
0,0,35,0,1478,25,25,8,4,1,1,45,100.075,0
7,0,38,2,833,11,20,7,5,1,1,55,42.66,0
11,0,29,0,1840,27,36,5,4,1,2,45,136.675,0
5,0,42,2,598,14,19,8,5,1,1,55,37.68,0
8,1,30,0,0,25,26,20,2,1,2,30,46.77,1
4,0,36,0,4455,80,0,23,3,1,1,30,181.4,0
2,0,45,0,5080,37,10,7,3,1,2,45,198.482,1
0,0,27,0,844,0,10,22,2,1,2,45,0.0,1
10,0,28,2,2025,47,201,11,3,2,1,30,886.88,0
4,0,33,0,1848,32,0,25,3,1,2,30,75.2,1
1,0,30,3,0,11,6,40,2,1,2,30,72.032,1
3,1,27,0,0,0,0,45,4,1,2,30,288.304,1
0,0,33,0,2497,41,0,14,3,2,1,30,45.254,1
2,0,27,1,1125,35,184,8,2,2,1,25,880.2,0
9,0,35,0,0,30,8,25,2,1,2,30,216.192,1
3,0,18,0,920,20,4,10,1,1,1,15,73.7,0
9,0,37,0,4775,76,23,15,2,1,1,25,321.795,0
0,0,27,0,0,26,4,47,4,1,2,25,106.707,1
17,0,28,0,1410,36,18,7,3,1,2,30,129.84,0
1,0,32,2,6660,110,264,31,2,2,1,25,1492.65,0
5,0,35,0,6490,93,7,9,5,1,1,55,109.245,0
13,1,35,0,5703,92,0,20,2,1,1,25,260.775,1
15,0,15,2,6688,145,99,55,1,2,1,15,920.315,0
18,1,32,0,1407,32,7,12,2,1,2,25,103.619,1
0,1,33,1,0,21,5,0,3,1,2,25,219.217,1
5,0,25,0,305,6,17,2,4,1,2,45,50.275,0
16,0,41,3,4195,94,71,34,3,1,1,30,455.56,0
0,0,24,3,1855,25,40,24,2,1,1,30,0.0,1
9,0,21,0,1145,30,9,9,2,1,1,25,93.375,0
2,0,35,0,4095,71,0,19,3,1,1,30,166.64,0
9,0,38,1,15600,188,182,34,2,1,1,25,1529.46,0
5,0,36,1,6965,105,25,27,5,1,1,55,143.55,0
13,0,45,2,8073,143,406,51,3,1,1,30,1952.64,0
0,0,43,0,1328,22,3,33,2,1,2,25,364.648,1
5,0,38,1,2638,61,7,33,2,1,1,25,152.955,0
10,0,16,3,3042,46,40,22,3,1,1,30,283.52,0
19,0,35,0,730,43,19,19,2,1,2,25,120.285,1
15,0,43,1,2713,70,374,30,3,1,1,30,1607.32,0
0,0,27,0,1487,0,12,32,2,1,1,25,110.666,1
6,0,45,0,703,13,24,10,3,1,2,30,124.64,0
11,0,40,0,15665,190,161,35,2,1,1,25,1437.975,0
10,0,34,5,7565,126,292,48,2,2,1,25,1660.095,0
0,0,29,0,4971,93,0,22,2,1,1,30,235.606,1
0,0,33,0,6353,66,96,33,2,1,1,25,720.855,0
0,0,30,0,1828,42,0,25,1,1,1,15,102.85,0
13,0,41,1,3955,90,43,33,3,1,1,30,333.8,0
0,0,38,0,0,0,3,0,3,1,2,30,12.0,1
16,0,39,1,15980,189,166,35,2,1,1,25,1474.605,0
0,0,38,0,6008,20,10,48,3,1,2,25,248.968,1
9,1,41,0,2050,52,55,26,4,1,2,45,190.05,0
19,1,44,0,2833,60,56,39,4,1,2,45,212.325,1
1,0,23,1,3520,65,22,36,3,1,1,30,231.4,0
6,1,27,0,402,5,0,5,2,1,1,25,278.073,1
9,0,42,1,4450,73,15,21,3,1,1,30,240.92,0
0,0,30,0,6195,74,171,23,3,1,1,30,934.76,0
6,0,36,2,4318,92,23,43,3,1,1,30,268.4,0
17,0,46,3,5080,99,24,33,4,1,1,45,189.475,0
5,0,34,0,0,22,0,24,2,2,1,45,314.028,1
5,0,32,0,1085,20,36,9,4,1,2,45,117.625,0
12,0,19,0,8888,175,81,44,4,1,1,45,429.075,0
4,0,27,0,2373,37,20,18,3,1,2,30,26.234,1
0,0,40,0,570,14,1,10,2,1,2,25,30.78,0
6,1,27,0,1124,33,0,8,2,1,2,25,42.685,1
12,0,28,0,3181,0,0,48,2,2,2,45,417.67,1
2,1,35,0,3552,26,5,38,3,1,1,25,95.991,1
25,1,31,3,16075,238,0,80,2,1,1,25,734.085,0
6,0,42,3,723,12,21,8,5,1,1,55,42.525,0
0,0,38,0,0,0,0,0,2,1,2,25,0.0,0
0,0,36,0,4611,75,5,42,2,1,2,30,0.0,1
25,0,19,4,7298,157,113,59,2,2,1,25,843.975,0
7,0,37,0,15295,181,141,27,2,1,1,25,1330.92,0
0,1,27,0,3006,14,0,8,2,1,2,30,258.909,1
10,1,24,1,0,17,12,9,3,1,1,45,281.678,1
26,1,35,0,1070,52,14,16,3,1,2,30,100.88,1
30,0,44,4,15400,235,69,38,3,1,1,30,901.4,0
24,1,37,0,1035,49,26,21,3,1,2,30,147.36,1
18,0,17,1,6638,144,87,42,2,2,1,25,696.69,0
0,0,36,0,0,0,0,0,5,1,1,55,0.0,0
0,0,27,0,1100,28,16,12,3,1,2,30,109.12,0
0,1,32,0,2893,7,0,29,2,1,2,30,92.561,1
1,0,26,1,36,40,0,4,2,1,2,30,114.134,1
0,0,30,0,771,2,0,25,3,1,2,30,176.286,1
17,1,40,0,234,8,26,16,2,1,2,25,472.38,1
12,0,33,2,3790,77,30,31,4,1,1,45,171.675,0
0,1,38,0,0,24,4,11,4,1,2,25,123.381,1
10,0,21,4,2852,51,39,20,3,1,1,30,272.12,0
5,0,35,3,6560,111,253,35,2,2,1,25,1438.695,0
15,0,35,7,9725,82,0,42,4,1,1,45,245.175,0
0,1,35,0,4241,0,204,15,2,1,2,25,169.1,1
1,0,34,0,0,55,13,2,2,1,2,30,0.0,1
1,1,31,0,947,20,3,48,3,1,1,30,0.0,1
8,0,34,3,7210,119,273,33,2,2,1,25,1558.305,0
0,0,34,0,455,2,0,5,2,1,2,25,20.565,0
6,0,35,0,3355,70,0,22,2,1,1,25,154.125,0
0,0,36,0,2526,36,6,48,3,1,2,30,101.791,1
9,0,44,1,2620,49,300,24,3,1,1,30,1306.76,0
17,0,34,1,14775,216,42,28,2,1,1,25,863.595,0
6,0,39,0,0,16,2,7,4,1,2,25,127.664,1
3,1,22,1,0,1,0,42,2,1,2,25,244.968,1
0,1,43,0,371,2,4,6,2,2,2,30,0.0,1
0,0,28,2,1021,40,0,10,2,1,2,25,149.023,1
7,0,34,0,15305,174,139,25,2,1,1,25,1322.055,0
11,0,40,0,2990,47,17,17,3,1,2,30,189.48,1
0,1,34,0,1945,1,9,2,2,1,1,45,0.0,1
2,0,42,0,875,20,8,12,2,1,2,25,76.275,0
14,0,43,3,7103,83,125,43,2,1,1,25,885.87,0
12,0,40,3,11885,166,50,53,4,1,1,45,426.275,0
0,0,11,1,4436,37,1,39,2,1,1,45,63.458,1
3,0,28,0,5253,82,4,16,2,1,1,25,258.075,1
0,0,33,4,5528,14,1,32,3,1,2,30,253.173,1
11,0,42,1,4278,68,11,39,1,1,1,15,299.53,0
7,0,31,0,8730,113,127,37,3,1,1,30,861.72,0
8,0,40,2,498,11,12,6,3,1,1,30,68.36,1
1,1,30,0,182,14,0,17,3,1,2,45,43.158,1
0,0,35,0,815,11,0,9,2,1,2,25,37.17,0
0,1,27,0,266,42,29,20,2,1,2,25,50.081,1
6,0,42,0,5873,99,15,16,3,1,1,30,298.88,0
0,1,37,0,1139,25,13,28,2,1,2,25,0.89,1
21,1,33,0,710,44,14,17,2,1,1,25,96.93,1
12,1,40,0,0,5,9,25,2,1,2,30,0.0,1
34,1,33,0,5188,26,0,16,3,1,2,25,75.174,1
0,0,34,2,633,8,18,15,5,1,1,55,36.615,0
0,0,32,0,0,39,3,2,2,1,2,45,289.589,1
2,0,35,1,7803,131,398,56,2,1,1,25,2148.03,0
0,0,31,0,3718,76,0,27,2,1,1,25,170.73,0
26,1,37,3,15545,230,55,30,3,1,1,30,851.0,0
27,0,43,4,15140,231,62,33,3,1,1,30,862.84,0
9,0,29,2,1988,51,69,74,5,1,1,55,134.085,0
3,0,25,2,1610,40,207,24,2,2,1,25,1005.75,0
2,0,22,0,1315,30,185,10,2,2,1,25,893.025,0
20,0,31,0,895,44,11,15,2,1,2,25,91.755,1
5,0,35,1,305,6,7,2,5,1,1,55,15.165,0
0,0,36,1,6480,97,15,21,5,1,1,55,121.155,0
13,0,34,0,4527,7,18,6,4,1,1,25,73.377,1
7,1,40,0,6008,0,0,5,3,1,1,45,33.736,1
0,0,24,1,0,3,0,4,2,1,2,30,158.843,1
19,0,45,2,16050,198,172,38,2,1,1,25,1505.16,0
0,1,26,0,383,21,5,27,3,1,2,30,227.536,1
10,1,31,0,1319,11,10,33,3,2,2,45,297.252,1
30,1,40,0,1260,59,31,20,3,1,2,30,176.76,1
0,0,19,0,520,4,6,2,4,1,2,45,28.1,0
30,1,29,0,3440,5,6,8,2,1,2,30,154.546,1
5,0,41,0,623,11,14,6,3,1,2,30,81.36,0
7,0,40,1,5623,91,7,17,3,1,1,30,256.56,0
10,0,25,0,1225,32,19,13,2,1,1,25,142.065,0
14,0,35,1,2678,64,356,22,3,1,1,30,1533.68,0
0,0,32,0,83,0,0,28,2,1,2,25,178.296,1
0,0,37,0,0,0,0,0,2,1,2,25,0.0,1
10,0,39,1,5513,98,27,23,2,1,1,25,373.995,1
4,1,42,1,4112,0,15,29,4,1,1,55,172.99,1
0,0,31,0,4766,100,0,18,2,1,1,25,20.417,1
9,0,36,4,7080,121,269,32,3,2,1,30,1364.04,0
4,0,27,1,1683,45,62,72,5,1,1,55,118.92,0
0,1,26,0,4968,47,43,24,2,1,1,25,300.69,1
8,1,26,0,4453,92,0,5,2,1,2,25,276.197,1
1,0,31,0,0,6,4,17,4,1,1,30,487.707,1
13,0,24,1,455,31,40,44,3,2,2,30,0.0,1
0,0,36,1,338,4,4,2,5,1,1,55,11.13,0
0,0,29,0,3336,76,12,19,2,1,1,25,158.932,1
1,0,33,0,3885,57,0,10,2,1,1,25,177.39,0
0,1,26,0,72,10,13,32,3,1,1,30,254.098,1
9,0,27,0,455,22,8,7,2,1,1,25,57.465,0
0,0,34,0,5485,69,154,24,3,1,1,30,838.16,0
0,0,31,3,4386,33,0,8,3,1,1,25,2.363,1
15,0,17,1,8993,174,78,42,5,1,1,55,254.505,0
0,0,34,0,1363,19,0,4,3,1,1,30,55.28,0
13,0,40,1,4675,77,12,19,3,1,1,30,238.08,0
26,1,30,0,1260,47,15,18,2,1,2,25,126.315,1
0,0,36,0,628,7,9,4,4,1,2,45,38.375,1
0,0,32,1,994,0,24,23,2,1,1,25,0.0,1
0,1,38,0,855,40,11,21,2,1,1,25,341.446,1
15,0,39,2,7213,82,124,42,2,1,1,25,886.275,0
0,0,6,0,3375,23,183,8,3,1,1,30,867.92,0
2,0,17,0,1580,20,0,10,2,1,1,25,72.0,0
0,1,26,0,0,0,0,24,4,1,1,25,689.79,1
8,1,30,0,5558,88,11,18,2,1,1,25,303.57,1
2,0,34,0,3969,0,0,28,2,1,2,45,81.54,1
6,0,39,0,2113,56,12,20,3,1,2,30,134.76,0
5,0,35,0,2148,54,352,22,2,1,1,25,1683.09,0
9,0,29,2,1620,42,200,13,3,2,1,30,866.48,0
34,0,23,0,2541,0,37,48,3,1,2,25,65.734,1
5,0,9,1,4635,43,217,10,3,1,1,30,1055.12,0
5,0,43,1,2393,64,10,34,2,1,1,25,155.565,0
0,0,38,0,470,9,0,13,2,1,2,25,21.555,0
5,0,39,3,758,16,43,8,5,1,1,55,76.11,0
0,0,26,0,4629,13,3,37,4,1,1,45,73.988,1
18,0,26,2,6008,35,65,18,2,1,1,30,359.008,1
6,0,30,3,7010,112,263,29,2,2,1,25,1503.99,0
2,0,18,1,1396,0,6,21,2,1,2,25,56.552,1
2,1,27,1,1070,33,191,11,2,2,1,25,909.135,0
9,0,36,0,2268,44,34,31,3,1,2,30,228.48,1
0,0,30,0,0,0,0,0,2,1,2,25,0.0,0
0,0,35,0,5595,70,158,9,3,1,1,30,858.6,0
6,0,38,0,1310,24,34,23,3,1,2,30,189.36,0
7,0,30,0,5433,90,9,18,2,1,1,25,289.035,1
3,0,34,0,922,29,0,18,2,1,1,30,106.138,1
0,0,31,0,1406,23,15,42,2,1,2,25,104.11,1
2,1,33,2,2866,18,0,31,3,1,1,45,366.285,1
0,0,32,0,584,0,0,9,2,1,2,30,431.518,1
5,0,36,0,1000,12,7,8,2,1,2,25,77.04,0
14,0,38,0,3410,53,48,22,3,1,2,30,330.52,1
0,0,34,0,0,0,0,0,3,1,2,30,0.0,1
0,0,23,0,0,0,10,0,4,1,2,45,25.0,0
0,0,32,0,1225,32,0,30,2,1,1,30,115.696,1
0,1,34,0,0,31,2,32,3,1,2,30,84.727,1
3,1,26,0,1493,27,74,5,5,1,1,25,146.087,1
0,0,30,0,848,58,21,30,4,1,2,30,253.664,1
16,0,29,0,1005,31,17,9,3,1,2,30,109.44,0
10,0,36,1,3605,1,0,16,3,1,2,25,0.0,1
0,1,29,0,2401,9,2,4,2,1,1,30,987.255,1
0,1,32,2,0,10,0,5,3,1,2,25,77.978,1
0,1,27,0,1957,0,2,31,3,1,1,25,98.787,1
6,0,35,4,7080,122,303,37,3,2,1,30,1500.08,0
28,0,38,9,10930,100,17,47,5,1,1,55,190.95,0
0,0,27,0,940,16,53,7,4,1,2,45,156.4,0
34,1,36,0,1970,64,31,19,3,2,2,30,205.36,1
10,0,14,2,1973,33,18,14,3,1,1,30,152.24,1
9,0,37,0,15485,182,150,30,2,1,1,25,1380.015,0
11,1,38,0,3170,49,20,21,3,1,2,30,208.76,1
0,0,29,1,1090,32,196,13,2,2,1,25,932.49,0
28,0,37,4,15265,223,50,29,3,2,1,30,819.52,0
0,0,29,0,1808,53,0,47,4,1,2,25,79.252,1
25,0,36,10,11035,103,22,57,5,2,1,55,200.07,0
0,0,25,0,0,8,0,15,3,1,2,25,25.244,1
0,1,33,0,0,0,12,25,2,1,2,25,312.085,1
13,0,27,1,1340,37,17,12,2,1,1,25,138.465,0
7,0,31,0,1310,24,39,10,4,1,2,45,130.85,0
0,1,31,0,2526,0,0,25,2,1,2,25,2.973,1
9,0,23,1,2180,40,46,21,3,1,1,30,272.8,0
0,0,31,0,544,81,0,15,2,2,1,30,249.303,1
0,1,24,0,0,63,9,48,3,1,2,30,247.042,1
6,0,29,0,5513,86,11,21,2,1,1,25,301.455,1
11,0,26,0,585,19,0,3,2,1,2,25,27.18,0
1,0,33,1,6540,94,12,22,4,1,1,45,195.85,0
0,0,29,0,0,20,12,1,3,1,1,25,0.0,1
7,0,37,0,3908,82,7,26,2,1,1,25,211.05,0
5,0,32,0,1557,12,0,10,3,1,2,45,289.362,1
0,1,33,0,3742,1,0,4,2,1,1,30,118.224,1
0,0,37,0,2535,22,1,13,3,1,1,30,106.28,0
15,0,37,2,9305,122,153,46,3,1,1,30,989.08,0
21,0,33,0,765,46,7,14,2,1,2,25,67.995,1
7,0,24,1,1620,36,192,12,2,2,1,25,938.52,0
14,1,23,0,1306,68,1,38,3,1,2,30,196.962,1
0,1,26,2,0,58,0,24,3,1,1,25,236.257,1
0,0,29,0,4441,18,0,38,3,1,2,25,60.543,1
0,1,25,0,1528,100,40,28,3,1,2,25,371.318,1
3,0,38,2,6615,92,218,30,3,1,1,30,1140.28,0
5,0,34,1,3140,23,475,4,3,1,1,30,2026.52,0
0,0,31,0,519,7,33,6,3,1,2,30,0.0,1
27,1,23,2,0,0,0,26,3,1,2,30,303.985,1
0,0,30,0,2839,30,0,31,3,1,2,30,321.45,1
0,1,29,0,40,13,204,16,4,1,1,45,106.269,1
28,0,35,3,15445,225,53,33,3,1,1,30,838.8,0
0,0,10,0,4265,42,219,13,3,1,1,30,1048.28,0
0,0,37,0,0,0,0,0,2,1,2,25,0.0,1
1,1,29,0,214,77,26,0,3,1,2,30,418.122,1
6,0,34,0,13693,167,0,40,3,1,1,30,554.4,0
6,1,35,0,2292,15,2,28,2,1,2,45,248.293,1
5,0,34,1,2438,54,7,29,1,1,1,15,175.56,0
17,0,29,0,0,14,12,16,2,1,1,25,341.984,1
13,0,32,0,700,31,18,8,3,1,2,30,101.24,0
16,0,33,6,10015,81,0,36,4,1,1,45,252.4,0
1,0,39,0,2235,41,289,21,3,1,1,30,1247.04,0
0,0,30,0,0,2,0,7,2,1,1,45,102.293,1
3,1,36,0,457,0,1,28,3,1,2,30,430.671,1
0,1,27,0,369,31,3,4,4,1,2,30,111.73,1
0,1,42,0,0,0,1,1,2,1,2,45,220.722,1
2,0,23,0,1388,31,19,63,4,1,1,45,82.975,0
0,0,23,0,0,0,0,0,4,1,2,45,0.0,0
5,0,41,0,305,6,7,2,3,1,2,30,40.44,0
11,0,15,4,2978,43,27,16,3,1,1,30,228.84,0
8,0,43,1,5918,101,15,13,3,1,1,30,300.76,0
6,0,34,1,6805,86,185,27,3,1,1,30,1015.64,0
1,1,29,0,0,0,0,3,4,1,1,25,47.318,1
28,0,35,0,1260,53,23,19,3,1,2,30,144.52,1
5,0,37,0,1120,17,7,11,2,1,2,25,82.665,0
4,0,36,0,1933,48,1,15,3,1,2,30,83.24,0
3,1,34,0,2280,30,0,16,2,1,2,25,103.95,1
6,0,36,0,2780,53,175,23,2,1,1,25,914.985,0
23,0,36,8,10625,94,10,45,5,1,1,55,175.785,0
2,0,37,0,609,18,21,24,2,1,1,30,178.185,1
10,0,25,0,1225,32,19,13,2,1,1,25,142.065,0
5,0,33,0,305,6,7,2,2,1,2,25,45.495,1
2,0,38,0,710,14,13,8,3,1,2,30,80.96,0
10,1,35,1,2112,36,1,8,2,1,2,30,80.472,1
0,0,30,0,0,0,0,0,2,1,2,25,0.0,1
9,0,18,0,8627,171,74,39,5,1,1,55,242.97,0
14,0,35,3,1880,52,215,19,3,2,1,30,937.28,0
3,0,37,0,7508,127,384,43,2,1,1,25,2071.575,0
3,0,32,3,732,62,0,24,3,2,1,45,73.199,1
5,0,31,0,2193,50,344,18,2,1,1,25,1648.935,0
0,0,37,0,630,11,0,11,2,1,1,25,28.845,0
10,0,3,3,0,27,7,28,2,1,1,25,206.287,1
0,0,26,0,968,29,9,53,4,1,1,45,47.425,0
0,0,32,0,1588,23,0,2,3,1,1,30,64.44,0
8,0,38,0,4008,65,0,32,1,1,1,15,224.015,0
0,0,37,0,3306,45,50,14,2,1,2,30,54.111,1
2,0,36,0,2614,0,0,28,2,1,1,30,94.949,1
25,0,27,3,16120,234,7,76,2,1,1,25,767.43,0
0,0,3,2,1657,3,0,3,3,1,2,25,264.537,1
17,0,45,3,12030,170,33,55,4,1,1,45,387.5,0
3,1,28,0,919,33,7,28,3,1,1,30,185.154,1
12,0,34,2,6113,102,40,37,2,1,1,25,459.675,0
0,0,28,0,762,7,1,7,2,1,2,45,213.174,1
0,1,26,0,2502,40,10,41,2,1,2,25,53.64,1
10,0,34,1,4243,62,7,31,2,1,1,25,225.225,0
5,0,14,0,5377,124,53,40,1,2,1,15,594.055,0
0,1,9,0,888,9,0,3,3,1,1,30,35.88,1
21,0,35,0,0,0,20,10,3,1,2,30,70.432,1
4,0,36,0,2590,52,166,20,2,1,1,25,865.89,0
0,0,5,0,1341,23,0,7,3,1,1,30,219.509,1
0,1,38,0,0,20,6,30,3,1,2,25,216.28,1
10,0,38,1,4615,74,7,17,3,1,1,30,215.56,0
0,0,16,0,0,0,0,0,2,1,1,25,0.0,0
2,0,35,0,11160,148,4,45,3,1,1,30,468.32,0
0,0,32,0,1347,29,61,21,4,1,1,45,347.879,1
0,0,31,0,6290,90,0,17,4,1,1,45,159.5,0
0,1,24,0,638,49,0,48,4,1,2,45,228.521,1
1,1,34,0,3279,2,3,24,3,1,2,25,312.752,1
3,0,13,0,8028,155,45,23,4,1,1,45,317.075,0
9,0,23,1,1520,36,33,26,2,1,1,25,218.52,0
0,0,23,0,0,0,0,0,4,1,2,45,0.0,0
4,0,31,3,6785,108,260,28,2,2,1,25,1480.185,0
0,0,28,0,3153,66,0,20,2,1,1,25,144.855,0
0,0,35,0,661,0,13,31,3,1,2,30,449.105,1
0,1,27,0,3159,70,5,4,3,1,2,45,77.152,1
5,1,22,0,3998,18,10,31,2,1,1,25,105.617,1
7,1,31,0,2268,38,26,30,3,1,2,30,196.24,1
9,0,43,1,13773,175,8,45,3,1,1,30,589.92,0
4,0,23,0,1653,6,0,8,4,1,2,25,22.186,1
9,1,23,0,896,19,40,13,3,1,2,30,123.229,1
16,0,36,0,14235,209,26,15,3,1,1,30,681.76,0
4,0,33,0,2600,45,164,18,2,1,1,25,857.025,0
5,0,28,0,305,6,7,2,4,1,2,45,25.275,0
13,0,32,6,10070,84,0,38,4,1,1,45,253.85,0
14,0,39,1,15790,188,157,32,2,1,1,25,1425.51,0
14,0,31,7,9950,79,0,35,4,1,1,45,250.725,0
8,0,29,0,769,44,0,31,3,1,2,30,0.0,1
0,0,31,1,5006,49,7,1,2,1,1,25,64.549,1
30,0,40,4,15445,231,61,34,3,2,1,30,871.04,0
0,0,3,0,373,16,0,9,4,1,2,30,0.0,1
1,0,35,1,330,16,0,34,4,1,1,25,72.22,1
2,0,30,1,2243,22,0,32,2,1,2,30,24.646,1
11,0,31,1,2053,53,48,75,5,1,1,55,103.59,0
2,0,37,0,4172,14,0,15,3,2,1,25,86.245,1
7,0,40,2,3225,30,17,20,3,1,1,30,198.2,0
4,0,25,0,737,0,29,23,4,1,2,30,226.789,1
0,0,44,0,3315,68,0,40,3,1,2,30,67.576,1
4,0,36,0,4400,78,4,26,3,1,1,30,195.12,0
0,0,36,0,2088,52,0,31,1,1,1,15,117.7,0
0,0,28,1,6580,108,254,27,2,2,1,25,1443.96,0
10,0,33,3,1700,44,210,17,3,2,1,30,909.76,0
0,1,25,0,906,30,0,4,2,1,2,25,132.261,1
5,0,36,0,3893,60,0,33,1,1,1,15,217.415,0
8,0,39,1,7813,133,391,45,3,1,1,30,1881.84,0
2,0,36,1,11275,154,36,49,4,1,1,45,375.725,0
1,1,32,0,65,18,3,48,4,1,2,30,437.265,1
0,1,34,0,0,0,0,0,4,1,2,25,95.015,1
0,0,24,0,1263,33,23,66,4,1,1,45,89.9,0
3,1,34,2,0,34,0,23,2,1,2,30,154.861,1
2,0,31,0,1585,42,28,16,3,1,2,30,177.08,0
1,0,31,0,4065,59,0,14,2,1,1,25,185.58,0
4,0,28,0,2996,80,7,9,3,1,2,45,26.977,1
15,0,41,2,3375,56,300,20,4,1,1,45,835.775,0
30,0,41,5,15560,237,93,38,3,1,1,30,1003.88,0
9,0,33,2,1575,46,208,17,3,2,1,30,896.84,0
0,1,26,0,1898,40,0,23,3,1,2,30,236.46,1
13,0,25,1,995,33,5,18,3,1,2,30,339.705,1
4,0,36,0,1743,49,334,24,2,1,1,25,1583.64,0
0,0,35,0,0,0,0,0,2,1,2,25,0.0,1
0,0,28,1,496,36,0,24,2,1,2,45,74.346,1
11,0,40,2,3590,34,499,13,3,1,1,30,2140.96,0
0,0,33,0,1908,44,0,26,1,1,1,15,107.36,0
0,0,35,0,0,0,0,0,4,1,2,45,0.0,1
10,0,29,2,3590,70,20,27,3,1,1,30,226.4,0
1,0,35,0,6223,68,92,32,2,1,1,25,697.095,0
0,1,28,2,6008,48,0,23,4,1,1,30,60.265,1
0,1,32,2,217,22,6,22,3,1,1,25,56.451,1
0,0,26,0,1050,25,26,5,2,1,2,25,170.467,1
0,0,34,0,318,4,0,3,2,1,2,25,14.49,0
2,0,41,0,133,8,8,3,3,1,2,30,37.64,1
0,0,34,0,702,27,7,19,2,2,2,25,317.252,1
1,0,35,0,1548,44,331,7,2,1,1,25,1561.14,0
1,0,34,0,1873,45,0,13,3,1,2,30,76.72,0
0,0,30,0,0,35,14,28,2,1,2,30,5.29,1
6,0,43,0,1260,22,17,17,2,1,2,25,134.19,0
0,0,35,0,0,0,0,0,2,1,2,25,0.0,1
0,0,36,0,2790,21,476,6,3,1,1,30,2016.44,0
3,1,29,0,0,25,5,37,2,1,1,30,207.536,1
6,0,40,1,3100,32,15,20,3,1,1,30,185.28,0
4,0,39,0,3898,90,13,33,2,1,1,25,237.96,0
0,0,33,0,0,0,0,0,2,1,2,25,0.0,0
18,0,29,0,1195,32,26,12,3,1,2,30,153.08,0
7,1,39,0,5343,31,0,44,4,1,2,45,193.114,1
0,0,3,0,4005,32,198,4,3,1,1,30,953.48,0
11,0,4,0,1541,28,7,45,3,1,2,30,278.086,1
5,0,14,2,2737,40,33,20,3,1,1,30,243.08,0
13,0,37,2,16085,192,171,45,2,1,1,25,1501.965,0
0,0,28,0,1568,24,16,47,2,1,1,25,223.771,1
5,0,39,0,305,6,7,2,2,1,2,25,45.495,1
7,0,27,1,3530,67,15,25,3,1,1,30,203.88,0
8,1,11,2,1792,25,7,9,3,1,1,30,100.68,1
4,0,36,0,15295,182,175,32,2,1,1,25,1483.965,0
0,0,31,0,0,15,6,18,4,1,2,25,159.773,1
0,0,36,0,13278,162,0,39,3,1,1,30,537.6,0
0,0,33,0,586,35,16,38,2,1,1,30,214.78,1
0,0,41,1,5027,20,0,46,2,1,1,30,101.469,1
1,0,33,0,0,0,30,21,3,1,2,25,0.0,1
10,0,30,0,1997,32,0,18,2,1,1,25,398.983,1
3,0,39,1,935,17,5,13,2,1,1,25,65.34,0
18,0,24,5,3418,61,53,27,4,2,1,45,219.475,0
7,0,38,1,4023,88,9,30,3,1,1,30,200.44,0
2,1,33,1,4305,3,0,30,2,1,2,30,179.156,1
0,0,33,0,2033,28,25,29,3,1,2,45,472.871,1
11,1,33,0,587,6,1,41,4,1,2,30,193.536,1
5,0,22,0,3530,61,7,24,3,1,1,30,171.64,0
1,0,30,0,3210,66,10,20,2,1,1,25,192.42,0
0,0,26,0,3100,63,12,26,3,1,1,30,174.52,0
0,1,25,0,0,27,7,5,3,1,2,45,41.654,1
6,0,37,0,702,0,22,42,2,1,2,30,193.633,1
14,0,46,2,2925,55,307,26,4,1,1,45,842.0,0
0,0,30,0,11160,142,0,44,3,1,1,30,452.08,0
4,0,26,0,1568,39,30,68,4,1,1,45,115.175,0
6,0,14,0,8222,160,48,40,4,1,1,45,329.55,0
0,1,28,0,0,20,3,1,4,1,2,25,0.0,1
0,1,36,0,0,0,0,0,2,1,2,25,0.0,1
3,0,38,1,7623,133,416,47,3,1,1,30,1974.24,0
15,0,18,1,5987,136,67,44,2,2,1,25,577.035,0
8,0,13,0,6028,132,73,38,1,2,1,15,740.3,0
13,1,25,0,188,17,32,29,3,1,1,30,90.579,1
0,1,35,0,559,30,3,5,3,1,1,25,348.921,1
0,1,33,0,459,43,0,39,3,2,1,30,87.408,1
0,0,30,0,5522,33,12,36,2,1,1,25,224.865,1
23,0,28,0,14,7,0,4,3,1,2,25,0.0,1
0,0,33,0,513,29,0,31,2,1,2,25,313.985,1
1,0,33,3,6775,116,296,35,2,2,1,25,1642.095,0
0,0,30,1,6600,107,259,29,2,2,1,25,1467.315,0
0,1,29,0,0,13,0,14,2,1,2,30,54.216,1
5,0,40,0,305,6,7,2,2,1,2,25,45.495,0
1,1,29,0,5024,20,0,13,2,1,2,25,131.166,1
11,0,11,0,8853,169,63,36,4,1,1,45,383.05,0
0,0,31,0,5613,83,0,9,2,1,1,25,256.32,0
0,0,33,0,3211,34,13,2,3,1,1,45,16.495,1
0,0,33,0,1488,17,0,1,3,1,1,30,60.2,0
0,0,25,0,0,20,0,17,2,1,2,25,505.351,1
11,0,33,2,1873,51,45,71,5,1,1,55,96.36,0
2,0,36,0,4210,77,0,23,3,1,1,30,171.48,0
5,0,37,0,305,6,7,2,3,1,2,30,40.44,0
6,0,36,2,6625,84,182,23,3,1,1,30,996.36,0
0,1,31,0,0,76,0,2,2,1,2,25,163.235,1
10,0,36,2,4070,86,46,41,3,1,1,30,350.24,0
0,0,31,0,1851,24,11,22,2,1,2,30,139.209,1
10,0,40,1,13833,172,5,46,3,1,1,30,580.2,0
0,0,34,0,3413,76,0,26,2,1,1,25,157.005,0
6,1,25,0,2980,17,10,23,3,1,1,45,206.537,1
4,0,29,0,2730,31,0,10,2,1,2,25,124.245,1
0,0,26,0,816,2,35,27,4,1,2,30,306.685,1
0,0,18,0,1095,16,7,6,2,1,1,25,81.495,0
12,1,26,2,1572,38,0,31,2,1,2,30,37.479,1
0,0,31,1,5950,99,239,31,2,2,1,25,1347.705,0
2,0,18,0,1695,26,28,14,2,1,1,25,203.445,0
0,0,6,0,3970,28,176,4,2,1,1,25,971.91,0
11,0,39,2,3200,65,214,29,3,1,1,30,986.6,0
12,0,38,2,8710,116,126,45,3,1,1,30,857.04,0
0,1,32,0,1213,0,13,11,2,1,1,45,266.384,1
10,0,35,1,4820,83,1,26,3,1,1,30,200.12,0
6,0,21,0,440,15,0,1,2,1,2,25,20.475,0
0,0,34,2,853,16,0,48,2,2,2,45,26.358,1
0,0,35,0,3500,66,0,23,3,1,1,30,142.64,0
8,0,36,0,2533,58,22,30,3,1,2,30,191.64,0
2,1,26,1,461,54,4,10,3,1,1,30,175.738,1
4,0,23,1,1695,32,36,15,3,1,1,30,213.08,0
31,1,37,2,1320,56,28,21,3,1,1,30,167.04,1
10,0,33,6,9420,76,0,40,4,1,1,45,237.4,0
12,0,25,1,1470,35,21,13,2,1,1,25,162.225,0
4,0,32,0,4963,0,10,25,5,1,2,25,224.731,1
0,0,33,0,1550,39,40,21,3,1,2,30,223.56,0
13,0,36,0,2463,58,7,15,3,1,2,30,128.84,0
6,0,36,1,3145,28,7,16,3,1,1,30,154.92,0
10,0,28,0,295,20,0,9,3,1,2,30,12.6,0
0,0,34,0,10450,137,0,45,3,1,1,30,423.48,0
1,0,28,0,0,7,0,15,4,1,1,30,104.678,1
1,0,37,0,1032,21,12,0,3,1,2,30,227.462,1
3,0,10,2,2593,35,16,13,3,1,1,30,169.12,0
0,1,36,3,2072,27,0,2,4,1,2,30,30.143,1
0,0,36,0,12868,153,0,27,3,1,1,30,520.84,0
2,0,29,0,1963,32,19,28,3,1,2,30,155.8,1
11,0,39,2,6778,78,113,39,2,1,1,25,817.02,0
0,0,34,0,1553,20,2,7,3,1,1,30,70.92,0
7,0,36,1,8405,110,119,43,3,1,1,30,816.6,0
12,0,26,0,256,64,2,4,4,1,1,55,124.472,1
6,0,27,0,0,5,0,17,2,1,1,25,191.407,1
0,0,36,0,405,8,6,6,2,1,2,25,45.585,0
0,0,37,2,5553,36,0,26,4,1,2,30,111.874,1
0,1,41,0,198,0,31,19,3,1,2,30,330.943,1
0,0,29,0,2658,0,31,28,2,1,2,25,145.075,1
16,0,26,1,1935,43,27,13,2,1,1,25,210.51,0
0,1,38,0,0,27,27,41,4,1,2,45,145.327,1
29,0,36,3,15365,229,51,30,3,1,1,30,827.76,0
14,0,31,0,970,18,5,28,3,1,2,30,66.491,1
2,0,28,0,2685,29,0,13,2,1,2,25,122.13,1
15,0,39,1,5998,106,37,29,2,1,1,25,441.18,0
12,0,17,3,4955,56,237,18,3,1,1,30,1148.44,0
28,0,3,0,0,41,0,29,3,1,2,30,175.854,1
0,0,22,0,2210,44,0,21,3,1,1,30,90.16,0
0,0,23,0,553,22,0,66,4,1,1,45,14.375,0
2,0,43,0,326,22,1,41,2,1,1,25,0.0,1
7,1,35,0,2800,40,0,13,3,1,2,30,113.6,1
0,1,30,0,0,6,3,32,2,1,2,30,200.124,1
7,0,38,1,4515,83,2,25,3,1,1,30,191.92,0
14,0,38,5,7330,125,283,37,3,2,1,30,1430.2,0
14,0,14,1,6213,133,74,37,2,2,1,25,618.57,0
6,0,36,1,3145,28,7,16,3,1,1,30,154.92,0
0,0,41,0,0,0,8,0,2,1,2,25,36.0,1
4,0,36,0,733,12,21,17,3,1,2,30,113.8,1
0,1,35,0,969,10,0,48,2,1,1,30,280.884,1
4,0,39,0,4390,85,6,28,3,1,1,30,203.0,0
0,1,30,0,1391,28,0,2,3,1,2,25,98.649,1
14,0,40,2,3890,87,30,27,3,1,1,30,279.08,0
7,0,31,0,5082,100,0,23,4,1,2,25,7.21,1
10,0,40,1,13888,174,0,43,3,1,1,30,562.48,0
6,0,32,0,0,7,0,22,4,1,2,45,279.096,1
0,1,33,0,3114,0,0,30,3,1,2,30,60.119,1
0,0,34,0,1280,24,22,29,3,1,1,45,11.855,1
2,0,8,0,4275,34,183,6,3,1,1,30,904.36,0
1,0,30,0,2900,99,24,15,2,1,2,30,168.526,1
6,1,28,0,0,23,0,3,4,1,2,25,135.075,1
7,1,31,0,719,25,20,7,2,1,1,30,244.009,1
5,0,25,0,4720,56,1,14,3,1,1,45,107.211,1
0,0,25,0,3238,43,1,12,3,1,1,30,42.983,1
0,0,28,0,0,34,0,25,3,1,2,25,18.067,1
1,1,42,0,365,0,7,14,4,1,2,30,115.238,1
11,1,25,0,0,41,0,19,3,1,2,30,155.155,1
20,0,46,2,4763,82,23,43,1,1,1,15,392.975,0
2,0,29,0,3180,65,16,27,3,1,1,30,193.8,0
3,1,36,0,0,32,0,25,3,1,2,30,435.846,1
1,1,36,0,2830,31,0,6,2,1,2,30,303.511,1
16,0,31,2,1610,40,36,19,2,1,1,25,236.25,0
0,1,26,2,2037,21,23,14,3,1,1,25,81.174,1
10,0,39,0,15190,178,136,17,2,1,1,25,1303.56,0
9,0,38,2,7210,97,194,26,3,1,1,30,1068.28,0
0,0,31,2,803,25,0,19,3,1,2,25,40.796,1
27,1,33,0,1555,57,37,32,3,1,2,30,212.48,1
4,0,31,1,1270,40,201,15,2,2,1,25,963.45,0
1,0,28,0,2987,25,1,48,4,1,1,30,34.182,1
7,1,34,1,2332,0,15,14,2,1,1,30,474.869,1
0,0,24,0,0,0,0,0,4,1,2,45,0.0,0
0,0,40,0,0,0,0,0,3,1,2,30,0.0,0
0,1,26,0,885,24,0,24,2,1,1,25,215.758,1
2,0,36,0,13468,163,0,42,3,1,1,30,545.24,0
16,0,30,7,10175,83,0,36,4,1,1,45,256.45,0
0,0,34,1,1963,29,14,19,3,1,1,30,135.68,0
2,0,42,0,498,13,18,9,2,1,2,25,103.995,0
15,0,44,3,7023,87,123,40,3,1,1,30,776.4,0
18,0,33,2,14655,211,36,25,3,1,1,30,738.64,0
28,0,33,4,16135,241,5,82,2,1,1,25,759.42,0
0,0,31,0,708,39,4,24,2,1,1,30,325.73,1
9,0,28,0,0,0,30,0,2,1,2,45,117.629,1
0,0,25,0,4746,27,4,17,2,1,2,25,37.628,1
12,0,33,0,2573,44,33,32,3,1,2,30,236.68,1
0,0,35,0,1058,0,3,30,4,1,1,30,180.572,1
18,0,42,2,4563,75,13,39,1,1,1,15,326.59,0
0,1,34,0,1363,28,6,14,3,1,2,30,79.64,1
0,0,32,0,0,0,0,0,4,1,2,45,0.0,1
0,0,37,0,0,18,27,30,3,1,2,30,193.232,1
7,0,26,2,1440,34,189,8,3,2,1,30,814.96,0
20,0,30,3,15885,238,25,82,2,1,1,25,838.035,0
1,0,25,0,1255,33,188,9,2,2,1,25,903.96,0
7,1,35,0,2265,54,59,35,3,1,2,30,328.76,1
1,0,29,1,292,15,2,44,5,1,1,30,229.76,1
9,0,38,1,4705,84,11,28,3,1,1,30,235.56,0
7,0,10,1,4580,40,190,8,3,1,1,30,944.8,0
7,0,23,0,541,57,0,8,2,1,2,55,269.212,1
5,1,42,0,1103,36,11,33,3,1,2,30,0.0,1
4,0,34,3,6720,113,269,33,2,2,1,25,1517.985,0
19,0,19,5,3867,62,46,21,3,1,1,30,341.16,0
3,0,23,0,335,16,0,3,2,1,2,25,15.795,0
1,0,27,0,0,0,1,9,4,1,1,25,283.197,1
13,1,33,0,0,33,23,11,3,1,2,30,39.456,1
4,0,8,1,1892,24,1,5,3,1,1,30,80.64,1
5,0,23,0,920,26,12,11,2,1,1,25,96.57,0
11,0,37,3,12065,164,32,62,4,1,1,45,385.725,0
0,1,31,0,0,17,0,48,4,1,1,30,237.42,1
12,0,28,0,1405,40,30,18,2,1,1,25,200.025,0
3,0,41,1,6455,90,194,30,3,1,1,30,1037.8,0
0,0,38,0,1793,48,0,18,1,1,1,15,101.255,0
2,0,36,3,6740,112,274,35,2,2,1,25,1541.34,0
9,0,38,1,4760,86,7,25,3,1,1,30,221.84,0
2,0,18,0,1695,26,28,14,2,1,1,25,203.445,0
10,0,38,0,1973,40,20,18,3,1,2,30,160.52,1
9,0,28,1,1873,45,37,70,5,1,1,55,84.27,0
11,0,40,1,6223,101,14,14,3,1,1,30,308.96,0
5,0,38,0,933,13,16,6,4,1,2,45,63.65,1
6,1,37,0,1338,18,17,4,4,1,2,45,76.4,1
8,0,36,1,2585,43,282,16,3,1,1,30,1233.12,0
0,0,41,0,2088,58,3,32,2,1,1,25,110.07,0
1,1,34,0,0,62,1,7,2,1,1,45,0.0,1
9,0,33,0,1574,38,0,42,4,2,1,45,291.374,1
3,0,28,0,3959,0,26,5,2,1,2,25,87.279,1
0,0,9,0,334,4,3,3,2,1,1,30,225.252,1
0,0,36,0,1333,38,0,4,3,1,2,30,54.84,0
14,0,36,0,3180,41,7,14,3,1,2,30,156.84,1
1,0,26,0,2820,56,0,25,3,1,1,30,115.04,0
0,1,31,2,0,0,0,39,2,1,2,30,225.345,1
0,1,36,0,575,52,3,48,2,1,2,45,120.326,1
13,0,15,0,6333,138,80,40,1,2,1,15,795.905,0
0,1,38,0,3775,30,0,47,3,1,2,30,222.428,1
11,0,40,0,1890,31,15,13,2,1,2,25,153.945,0
16,0,38,2,5878,101,31,26,2,1,1,25,408.555,0
5,0,36,0,4310,68,0,15,2,1,1,25,197.01,0
4,0,26,0,1568,39,30,68,4,1,1,45,115.175,0
10,0,36,2,3380,63,196,38,2,1,1,25,1036.935,0
0,1,40,0,0,39,1,14,3,1,1,25,231.637,1
8,0,37,1,6718,75,108,37,2,1,1,25,791.685,0
0,1,28,0,780,64,22,5,3,1,2,25,99.143,1
7,0,31,1,7010,101,11,20,5,1,1,55,123.165,0
12,0,39,3,8413,143,412,60,3,1,1,30,1990.24,0
3,0,5,1,166,66,34,5,2,1,1,30,252.354,1
0,0,27,0,5417,2,11,26,2,1,1,25,259.051,1
0,1,25,3,218,44,0,42,2,1,1,30,77.423,1
10,0,42,0,2318,56,18,21,3,1,2,30,166.96,0
21,0,19,2,6697,147,92,44,2,2,1,25,721.98,0
7,0,27,1,3530,67,15,25,3,1,1,30,203.88,0
17,1,30,0,0,13,21,15,3,1,1,45,237.244,1
2,0,21,0,860,23,7,9,2,1,1,25,71.235,0
10,0,41,1,15565,184,160,34,2,1,1,25,1428.705,0
0,0,36,0,2903,14,28,21,3,1,1,30,340.654,1
2,0,35,0,13353,157,0,38,3,1,1,30,540.4,0
0,1,28,2,2478,32,7,21,3,1,1,30,0.0,1
0,0,33,0,330,20,16,44,4,1,2,25,403.488,1
4,0,28,0,1384,0,5,8,2,1,1,25,225.786,1
0,0,36,0,3465,55,0,10,2,1,1,25,158.4,0
6,1,38,0,316,47,0,26,3,1,1,25,404.929,1
28,0,28,3,16380,238,0,81,2,1,1,25,747.81,0
1,0,37,1,1783,31,32,10,4,1,1,45,125.35,0
0,0,24,0,364,56,4,1,2,1,1,25,0.0,1
19,0,22,2,9237,183,88,43,5,1,1,55,273.3,0
2,0,40,0,5693,91,10,14,2,1,1,25,305.28,0
9,0,33,4,7090,114,267,30,3,2,1,30,1356.16,0
0,1,32,0,0,8,6,43,3,1,2,30,142.797,1
1,0,41,1,2790,27,484,7,3,1,1,30,2048.68,0
0,0,29,0,1872,36,0,22,3,1,2,45,311.783,1
0,0,32,0,2535,16,0,12,3,1,1,30,102.04,0
0,0,36,0,0,0,0,0,3,1,1,30,0.0,1
0,0,37,1,2905,27,508,10,3,1,1,30,2149.28,0
20,1,27,0,502,35,4,14,2,1,1,25,294.206,1
9,0,40,0,4075,67,7,4,3,1,1,30,193.68,0
0,0,24,0,196,53,0,31,3,1,2,25,35.123,1
23,0,28,3,15895,230,0,75,2,1,1,25,725.625,0
0,0,28,0,1565,47,13,5,4,1,1,30,305.842,1
1,1,3,2,841,36,0,18,3,1,1,30,261.812,1
20,1,39,0,3283,61,49,33,4,1,2,45,206.1,1
0,0,25,0,5201,0,0,31,2,1,2,30,70.375,1
2,1,10,1,1082,14,0,9,3,1,1,30,43.84,1
0,0,32,0,650,27,6,18,3,1,2,30,51.08,0
0,0,24,0,0,0,0,0,2,1,2,25,0.0,0
3,0,41,0,7463,131,392,47,2,1,1,25,2105.73,0
0,1,31,1,2389,31,0,44,3,1,2,25,187.164,1
2,0,32,0,303,15,0,22,3,1,1,45,70.405,1
0,1,22,1,394,68,0,21,4,1,1,45,217.306,1
11,0,24,0,1630,37,20,11,2,1,1,25,165.015,0
4,0,37,0,2048,54,33,19,3,1,2,30,216.08,0
9,0,11,2,4885,47,231,15,3,1,1,30,1121.28,0
5,0,33,1,6545,82,178,22,3,1,1,30,977.08,0
5,0,36,0,2263,60,384,26,3,1,1,30,1628.92,0
2,0,40,0,3586,23,0,12,4,1,2,30,168.392,1
10,0,38,1,2568,66,391,28,3,1,1,30,1669.36,0
4,1,3,1,336,0,0,17,3,1,2,45,0.0,1
4,0,38,0,2360,39,285,18,3,1,1,30,1235.96,0
0,0,39,0,7283,123,387,45,2,1,1,25,2074.77,0
21,0,37,9,10550,99,33,46,5,1,1,55,209.235,0
3,0,32,2,6850,111,273,34,2,2,1,25,1541.745,0
12,0,37,1,3490,64,183,23,2,1,1,25,983.43,0
2,0,30,0,3778,24,0,8,3,1,2,30,525.955,1
11,0,34,1,7023,75,107,38,2,1,1,25,800.91,0
11,0,40,1,4485,76,3,16,3,1,1,30,194.44,0
0,0,34,0,1982,58,0,24,3,1,1,25,133.599,1
6,1,31,0,5333,84,8,17,2,1,1,25,279.765,1
0,1,30,0,3181,27,11,12,2,1,2,30,11.818,1
13,0,18,4,3157,51,38,21,3,1,1,30,280.32,0
0,1,42,0,4964,20,1,4,3,1,2,30,145.035,1
12,0,30,2,1933,48,42,72,5,1,1,55,92.715,0
1,0,33,1,2987,21,31,2,3,2,2,30,186.104,1
0,1,40,0,583,11,17,8,4,1,2,45,57.35,1
0,0,31,0,0,92,0,23,2,1,2,30,61.58,1
12,0,44,1,14033,179,15,50,3,1,1,30,628.48,0
0,0,36,0,0,0,0,0,2,1,2,25,0.0,0
22,0,38,4,6723,114,54,41,3,1,1,30,489.48,0
7,0,15,0,5488,125,57,25,1,2,1,15,622.215,0
6,0,32,0,626,0,0,24,3,1,1,25,143.155,1
1,0,30,0,4843,2,30,3,2,1,2,25,137.387,1
10,1,38,1,1240,0,22,9,5,1,1,25,63.142,1
9,0,10,2,2197,30,8,7,3,1,1,30,121.08,1
5,0,27,0,1015,10,7,2,4,1,2,45,43.125,0
9,0,29,2,1620,42,200,13,3,2,1,30,866.48,0
0,0,31,0,2295,39,157,16,2,1,1,25,811.53,0
26,0,30,3,16480,243,1,78,2,1,1,25,757.035,0
11,0,41,0,2418,62,19,22,3,1,2,30,175.2,0
0,0,27,0,0,14,14,28,3,1,2,25,30.09,1
6,1,25,0,2730,66,2,29,4,1,1,25,117.71,1
5,0,38,1,3833,87,0,27,3,1,1,30,156.8,0
0,0,35,0,760,9,2,12,2,1,2,25,43.605,0
5,0,41,0,623,11,14,6,3,1,2,30,81.36,0
7,0,24,1,1955,36,43,20,3,1,1,30,251.64,0
5,0,30,2,200,13,5,16,3,1,1,30,406.09,1
0,0,30,0,855,0,0,3,3,1,2,25,208.284,1
10,0,15,0,8742,170,64,37,4,1,1,45,382.8,0
0,0,35,1,148,4,29,4,5,1,1,55,45.78,0
15,0,29,0,4388,23,0,41,3,1,1,30,216.061,1
19,1,38,0,5491,2,5,28,3,1,2,25,86.111,1
18,0,36,2,14645,218,38,27,3,1,1,30,746.52,0
0,0,8,0,35,0,0,9,3,1,2,25,178.452,1
8,0,39,1,4485,77,37,21,3,1,1,30,330.48,0
6,0,16,1,1920,30,25,12,2,1,1,25,200.25,0
0,0,34,0,0,0,0,0,2,1,2,25,0.0,0
0,0,20,0,0,0,6,0,4,1,2,45,15.0,0
8,0,39,0,2960,61,186,28,2,1,1,25,972.945,0
16,0,44,2,15790,194,165,33,3,1,1,30,1299.36,0
13,0,40,3,7138,87,147,43,3,1,1,30,877.0,0
0,1,31,0,134,0,0,26,3,1,2,30,127.337,1
8,0,36,1,3335,29,16,19,3,1,1,30,198.56,0
0,1,30,1,237,10,8,35,2,1,2,25,385.755,1
1,0,23,0,5003,54,22,4,4,1,2,45,69.513,1
30,0,33,4,16380,244,7,82,2,2,1,25,779.58,0
8,1,22,0,3660,33,0,0,3,1,2,45,175.157,1
0,0,35,0,570,8,0,9,2,1,2,25,26.01,0
3,0,39,0,1955,34,267,20,3,1,1,30,1147.56,0
9,0,38,4,1243,20,32,19,5,1,1,55,66.945,0
0,0,35,0,0,0,0,0,5,1,1,55,0.0,0
0,1,30,3,642,36,5,43,2,1,2,25,127.106,1
9,0,40,2,3400,33,490,10,3,1,1,30,2097.32,0
9,0,43,0,1195,28,31,15,3,1,2,30,172.92,0
8,0,22,0,0,11,5,19,2,1,1,25,282.171,1
0,0,37,0,0,0,9,0,2,1,2,25,40.5,0
4,0,28,2,1430,42,225,15,3,2,1,30,958.88,0
0,0,40,0,238,20,0,27,4,1,1,45,269.203,1
3,1,39,1,60,3,5,2,2,1,1,25,25.335,1
5,0,32,0,3390,74,15,22,2,1,1,25,223.38,0
4,1,31,0,1217,0,0,10,2,1,2,45,115.578,1
16,0,39,1,4908,77,9,35,1,1,1,15,323.675,0
0,0,33,0,2691,30,0,1,4,1,1,25,90.03,1
14,0,36,1,4423,70,7,33,2,1,1,25,233.685,0
11,0,45,2,2665,51,300,21,4,1,1,45,817.9,0
6,0,31,0,355,37,4,3,4,1,1,25,245.721,1
0,0,3,0,758,13,10,46,2,1,2,30,208.698,1
6,0,25,0,625,22,0,2,2,1,1,25,29.115,0
6,1,4,0,0,66,0,6,4,1,1,55,73.303,1
11,0,34,3,1620,48,208,14,3,2,1,30,898.72,0
2,1,39,0,313,10,11,7,3,1,2,30,56.92,1
0,1,41,2,3064,4,36,17,2,1,2,30,44.813,1
6,1,35,0,0,5,12,29,3,1,2,30,268.001,1
25,0,34,8,10660,97,7,40,5,1,1,55,171.855,0
0,0,29,3,512,3,8,48,3,1,2,30,232.805,1
0,0,37,0,2780,39,22,47,2,1,2,30,222.331,1
25,0,39,4,15255,231,86,36,3,1,1,30,963.44,0
19,0,37,2,0,52,15,13,3,1,2,30,124.85,1
4,0,31,0,3470,70,17,25,2,1,1,25,235.8,0
0,0,3,0,845,6,39,36,4,1,1,30,122.622,1
16,0,26,0,650,35,1,14,2,1,2,25,35.325,1
7,0,14,4,3148,49,45,32,3,1,1,30,307.88,0
2,0,25,0,0,3,0,27,2,1,1,30,0.0,1
0,0,35,0,2760,65,0,26,2,1,1,25,127.125,0
11,0,45,0,3843,29,20,26,4,1,2,30,185.0,1
11,0,34,0,0,71,37,26,2,1,2,45,251.152,1
3,0,34,0,2720,50,170,21,2,1,1,25,889.65,0
10,1,37,2,0,0,0,13,3,1,1,25,71.262,1
17,0,35,2,9340,125,141,41,3,1,1,30,942.6,0
0,0,34,0,6080,74,147,20,3,1,1,30,834.16,0
11,0,35,2,1199,0,14,46,4,1,1,25,17.454,1
19,0,41,2,5385,88,37,19,3,1,1,30,366.92,0
2,1,26,0,0,38,35,24,2,1,2,30,140.219,1
0,0,28,1,1240,28,49,17,3,1,1,45,455.176,1
0,0,37,0,0,0,0,0,2,1,1,25,0.0,1
0,1,39,0,0,60,0,16,3,1,2,25,49.673,1
0,0,37,0,3910,52,15,2,3,2,2,25,61.485,1
10,0,37,0,2695,37,7,3,3,1,2,30,137.28,1
0,1,30,3,430,31,3,21,4,1,2,30,158.754,1
6,0,37,1,2518,56,7,30,2,1,1,25,147.33,0
0,0,24,0,520,4,14,1,4,1,2,45,48.1,0
0,1,41,0,269,0,7,45,3,1,2,25,376.081,1
12,0,29,0,727,4,0,15,3,1,2,25,106.084,1
0,0,23,0,2730,54,0,18,3,1,1,30,111.36,0
0,0,25,0,0,4,106,9,3,1,2,30,218.479,1
14,0,40,2,5010,90,18,30,3,1,1,30,276.0,0
15,0,25,0,925,29,7,5,3,1,2,30,66.16,0
3,0,37,0,10865,144,0,32,3,1,1,30,440.36,0
0,0,42,0,59,0,0,6,3,1,2,30,78.098,1
7,0,38,0,2328,62,363,27,2,1,1,25,1741.05,0
2,1,29,0,4938,19,4,4,3,2,2,25,238.325,1
26,0,40,2,14845,221,40,19,3,1,1,30,762.64,0
4,0,35,0,15180,176,143,28,2,1,1,25,1334.52,0
0,1,28,2,494,34,0,35,4,1,1,30,55.832,1
5,0,35,0,2148,54,352,22,2,1,1,25,1683.09,0
0,1,33,2,3398,19,4,27,2,1,2,30,172.132,1
20,0,36,2,14835,219,47,30,3,1,1,30,790.16,0
0,0,34,0,0,0,0,0,5,1,1,55,0.0,0
9,0,38,0,1038,18,28,19,3,1,2,30,154.24,1
0,1,39,1,197,53,38,18,3,1,2,30,111.802,1
6,0,38,0,3598,56,0,20,1,1,1,15,200.97,0
12,0,40,0,2688,45,7,21,3,1,2,25,31.492,1
28,0,33,4,16190,243,0,79,2,2,1,25,739.485,0
2,0,29,0,75,32,6,10,2,1,1,30,61.322,1
10,0,42,0,1970,56,53,23,4,1,2,45,183.15,0
12,0,37,1,5413,93,8,26,2,1,1,25,283.77,1
3,0,33,1,643,4,3,3,5,1,1,55,14.205,0
23,0,31,3,15830,235,0,80,2,1,1,25,722.925,0
7,0,43,0,933,19,24,7,4,1,2,45,83.8,1
1,0,31,0,4657,38,3,48,2,1,2,55,21.671,1
0,0,38,0,520,13,4,5,3,1,2,30,37.32,0
6,0,35,2,11760,158,25,60,3,1,1,30,576.72,0
0,0,14,0,1948,29,3,2,3,1,1,30,91.08,0
6,0,7,1,4615,44,212,8,3,1,1,30,1034.36,0
28,0,35,0,410,39,0,36,4,1,2,30,0.0,1
28,0,40,4,15200,228,59,34,3,1,1,30,853.12,0
8,0,37,0,0,2,0,20,2,1,2,55,421.832,1
10,0,26,0,2310,31,5,8,3,1,2,30,127.637,1
6,0,40,0,1028,16,15,4,3,1,2,30,101.76,0
1,0,34,0,2840,22,0,14,3,1,1,30,114.48,0
22,0,35,8,10840,98,2,40,4,1,1,45,278.45,0
11,1,37,0,3432,0,2,38,2,1,2,25,108.513,1
10,0,43,1,2878,72,20,40,2,1,1,25,222.75,0
1,0,30,0,504,59,21,0,4,1,2,25,20.154,1
0,0,36,0,3473,79,0,28,2,1,1,25,159.84,0
6,0,34,3,6965,116,271,33,2,2,1,25,1538.145,0
21,0,40,3,6183,107,38,28,3,1,1,30,403.6,0
0,0,35,0,7448,124,379,41,2,1,1,25,2046.24,0
0,1,8,1,1298,19,25,9,3,1,1,30,152.68,1
6,0,27,0,868,65,13,29,2,1,2,30,19.398,1
1,0,36,0,0,49,0,19,3,1,2,25,247.263,1
5,0,12,1,1668,27,11,12,3,1,1,30,111.8,1
0,0,34,0,5703,58,76,35,2,1,1,25,601.245,0
0,1,3,0,0,54,0,25,2,1,2,45,125.334,1
7,0,41,0,1130,26,52,14,3,1,2,30,254.24,0
0,0,39,0,318,5,7,4,2,1,2,25,46.035,0
9,1,35,0,2990,41,9,16,3,1,2,30,157.24,1
4,0,37,0,600,10,21,15,2,1,2,25,121.95,1
0,0,30,3,2336,22,0,18,2,1,1,30,191.916,1
30,0,40,4,15445,231,61,34,3,1,1,30,871.04,0
0,1,27,0,3027,52,17,27,3,2,2,25,16.456,1
3,1,24,0,0,40,0,24,3,1,1,30,293.677,1
0,0,33,0,13288,155,0,37,3,1,1,30,537.72,0
0,1,3,0,668,19,4,5,3,1,2,30,131.457,1
0,0,32,0,514,48,7,6,4,1,1,30,304.077,1
2,0,27,1,0,44,10,39,2,1,2,25,70.524,1
17,0,37,4,9715,131,165,58,3,2,1,30,1053.84,0
8,0,39,0,11170,150,7,34,4,1,1,45,300.5,0
0,0,37,0,3501,20,7,14,2,1,1,45,0.0,1
0,0,36,0,2088,52,0,31,1,1,1,15,117.7,0
1,1,27,0,0,0,1,18,3,1,2,30,0.0,1
8,0,33,0,4198,60,0,34,1,1,1,15,234.19,0
5,0,11,2,4450,43,220,12,3,1,1,30,1059.72,0
0,0,29,0,520,10,22,2,4,1,2,45,68.25,0
0,0,30,0,3678,0,16,35,2,1,2,30,77.074,1
3,0,23,0,236,67,5,16,4,1,2,45,398.429,1
4,1,28,0,373,46,3,7,2,1,2,30,117.705,1
0,0,27,0,1690,16,0,30,4,1,2,25,227.991,1
0,0,25,0,3769,6,14,17,4,1,2,25,0.0,1
10,0,23,0,620,23,0,3,2,1,2,25,28.935,0
0,0,7,0,1182,13,0,5,2,1,1,25,53.775,1
0,0,28,0,885,11,8,28,2,1,2,25,29.155,1
0,1,32,0,1614,65,0,30,2,1,2,25,229.852,1
18,0,32,0,1185,39,28,14,3,1,2,30,160.96,0
18,0,38,2,6123,104,33,26,2,1,1,25,428.715,0
0,0,24,0,0,24,0,23,2,1,1,30,0.0,1
4,0,31,0,2780,47,167,22,2,1,1,25,878.715,0
3,0,34,0,1180,14,0,12,2,1,2,25,53.73,0
25,0,31,3,16075,238,0,80,2,2,1,25,734.085,0
19,0,38,3,9825,132,152,43,3,1,1,30,1006.28,0
0,0,31,2,841,43,0,16,3,1,2,45,250.728,1
16,1,43,0,2573,56,49,34,4,1,2,45,188.225,1
5,0,30,2,6885,114,261,29,2,2,1,25,1489.455,0
11,0,36,4,7270,122,278,35,3,2,1,30,1407.68,0
7,0,38,2,11580,160,43,51,4,1,1,45,401.0,0
9,0,24,0,520,17,0,2,2,1,2,25,24.165,0
2,1,34,0,1189,37,11,18,3,1,1,25,167.17,1
9,0,36,1,7123,80,109,35,2,1,1,25,814.635,0
14,0,37,2,3053,70,380,39,3,1,1,30,1644.92,0
11,1,43,0,78,23,5,3,2,1,2,25,161.298,1
8,0,37,0,1970,50,45,22,3,1,2,30,260.8,0
22,0,32,2,15950,240,4,83,2,1,1,25,746.55,0
21,0,35,7,10320,87,0,38,4,2,1,45,260.175,0
0,0,8,0,3680,29,190,10,3,1,1,30,908.36,0
0,1,35,0,239,14,28,24,3,1,2,30,200.68,1
0,0,30,0,0,0,0,0,4,1,1,45,0.0,0
7,0,28,2,0,0,18,24,3,1,2,45,125.438,1
5,1,11,1,1193,15,7,2,3,1,1,30,76.32,1
3,0,24,0,3630,66,9,21,3,1,1,30,183.84,0
1,0,37,0,5728,95,32,14,3,1,1,30,360.92,0
2,0,34,0,0,0,30,42,3,1,2,30,68.067,1
0,0,34,0,1577,42,8,42,3,1,1,25,45.733,1
1,0,36,0,2980,22,485,9,3,1,1,30,2060.08,0
17,0,40,0,1388,15,0,13,2,1,1,25,504.813,1
0,0,30,0,2061,21,10,26,2,1,1,45,120.529,1
13,0,39,2,5225,94,10,25,3,1,1,30,252.76,0
21,0,40,2,3468,77,374,26,3,1,1,30,1637.8,0
0,0,28,0,0,0,0,0,2,1,2,25,0.0,1
0,0,26,0,798,24,6,48,3,1,2,30,353.597,1
1,1,38,0,362,32,0,7,2,1,2,45,49.695,1
5,0,31,0,2679,38,1,13,4,1,1,25,5.571,1
2,1,25,1,2339,78,1,16,3,1,2,25,215.535,1
2,0,29,0,1199,15,13,9,3,1,2,25,61.791,1
6,0,37,0,843,13,8,2,3,1,2,30,66.24,1
7,0,44,0,1180,26,15,14,3,1,2,30,108.24,0
0,0,27,0,735,0,0,16,3,1,2,30,194.22,1
0,1,28,0,0,55,0,29,2,1,2,30,266.036,1
6,0,23,0,856,9,6,48,3,1,2,30,233.167,1
0,0,37,0,0,33,2,17,3,1,2,25,215.247,1
12,0,29,2,1171,22,0,29,2,1,1,30,712.583,1
0,0,24,0,895,24,154,5,2,2,1,25,734.355,0
8,0,30,0,51,0,8,23,2,1,1,25,434.701,1
1,1,26,0,3284,94,0,16,4,1,2,45,25.798,1
21,0,19,2,6698,147,92,44,2,2,1,25,722.025,0
4,0,34,0,4913,82,0,7,2,1,1,25,224.775,1
0,0,29,0,0,0,0,0,3,1,2,30,0.0,1
0,1,28,0,0,0,0,7,2,1,2,30,235.602,1
0,0,7,0,1182,13,0,5,2,1,1,25,53.775,1
7,0,29,2,1375,39,198,13,3,2,1,30,848.56,0
0,0,36,0,133,2,0,2,3,1,2,30,5.4,1
5,0,8,2,4515,38,211,7,3,1,1,30,1026.12,0
7,0,31,1,3485,71,23,29,3,1,1,30,234.24,0
14,1,32,0,31,2,12,45,2,1,2,25,189.595,1
1,0,37,1,663,0,9,43,3,1,1,30,221.427,1
0,1,32,0,0,47,9,3,3,1,1,30,81.405,1
0,0,34,0,907,0,9,22,2,1,2,30,256.732,1
20,0,37,3,14950,225,79,34,3,1,1,30,923.0,0
7,0,41,2,823,18,22,9,5,1,1,55,45.615,0
1,0,36,0,3035,24,478,6,3,1,1,30,2034.36,0
7,1,30,0,0,0,0,42,3,1,2,45,45.283,1
0,0,24,0,0,0,11,9,2,1,2,25,0.0,1
10,0,34,0,5703,93,28,25,2,1,1,25,386.82,1
5,0,32,1,6008,46,0,34,3,1,2,30,249.674,1
20,0,29,0,1605,41,38,24,3,1,2,30,217.84,0
12,1,39,0,0,0,0,39,3,1,2,25,261.429,1
10,1,40,0,2348,46,44,35,3,1,2,30,271.76,1
7,0,37,2,3220,25,479,5,3,1,1,30,2045.8,0
7,1,44,0,0,0,8,8,2,1,2,45,242.728,1
0,1,31,0,0,0,0,27,3,1,2,30,8.471,1
0,0,36,0,2653,49,21,7,3,1,2,30,191.335,1
9,0,35,1,2748,64,373,37,2,1,1,25,1805.04,0
4,0,37,0,6118,65,87,22,2,1,1,25,669.735,0
1,1,25,0,27,56,8,19,2,1,1,25,448.159,1
1,0,37,0,1767,8,5,4,3,1,2,25,163.292,1
9,0,32,0,2141,50,0,38,2,1,2,30,0.0,1
0,1,44,0,273,20,0,2,3,1,1,25,302.607,1
5,0,23,0,3193,23,2,46,3,1,1,25,234.187,1
5,0,41,0,4065,71,6,16,3,1,1,30,189.44,0
20,0,19,2,9298,180,85,44,5,1,1,55,269.67,0
1,0,27,0,2063,43,0,25,4,1,1,30,204.148,1
7,0,26,0,1100,34,23,16,2,1,1,25,154.53,0
0,1,41,0,0,52,0,7,2,1,2,30,6.98,1
7,0,36,1,2618,62,7,31,2,1,1,25,152.1,0
0,0,34,0,2285,46,159,18,2,1,1,25,820.395,0
4,0,13,2,1568,21,10,11,3,1,1,30,103.56,1
0,0,29,0,1280,36,21,14,3,1,2,30,136.64,0
5,0,40,0,7688,135,395,48,2,1,1,25,2129.535,0
14,0,22,5,3238,53,48,25,3,2,1,30,323.64,0
22,0,36,2,15025,220,56,33,3,1,1,30,833.8,0
23,0,19,2,6887,148,101,47,2,2,1,25,771.075,0
0,0,30,0,2475,13,0,10,3,1,1,30,99.52,0
1,0,36,0,0,64,0,15,3,1,1,25,307.959,1
0,1,22,0,1185,24,9,23,3,1,1,30,297.603,1
1,0,36,0,2300,36,280,16,3,1,1,30,1213.44,0
2,0,34,1,6380,92,0,24,5,1,1,55,97.08,0
0,1,5,0,895,28,162,37,3,1,2,25,124.865,1
6,0,11,2,2852,39,23,18,3,1,1,30,207.64,0
0,0,21,0,621,8,6,25,3,1,2,25,60.879,1
10,0,39,2,11580,159,9,46,4,1,1,45,315.975,0
0,0,26,0,544,43,10,12,4,1,2,45,51.253,1
11,0,39,2,3890,88,64,32,3,1,1,30,415.12,0
1,0,13,0,1714,42,7,23,2,2,1,45,208.531,1
8,1,33,0,399,41,0,9,3,1,1,25,58.912,1
9,0,6,0,2795,40,0,11,3,1,2,30,107.126,1
0,0,35,0,7203,121,377,41,2,1,1,25,2026.08,0
0,0,27,0,1132,0,0,26,4,1,1,25,135.952,1
10,0,29,0,1391,22,0,13,3,1,2,55,198.289,1
0,1,23,0,0,61,0,40,3,1,2,25,46.433,1
7,0,13,0,8628,165,66,38,4,1,1,45,384.825,0
2,0,39,0,508,6,16,7,2,1,2,25,95.13,0
14,0,12,0,6392,135,77,41,1,2,1,15,782.485,0
12,0,31,0,780,27,20,11,3,1,2,30,112.28,0
23,0,38,3,14950,224,45,29,3,1,1,30,786.96,0
6,0,37,1,6528,74,99,34,2,1,1,25,742.59,0
0,0,34,0,5553,86,0,8,2,1,1,25,253.755,0
0,0,30,0,7203,115,369,40,2,1,1,25,1989.81,0
18,0,41,2,2818,69,371,28,3,1,1,30,1599.48,0
0,0,26,0,4006,12,14,0,3,1,2,30,58.463,1
0,1,26,0,1111,12,0,3,4,1,2,25,57.713,1
9,0,32,1,1828,49,45,74,5,1,1,55,95.655,0
5,0,39,0,305,6,7,2,2,1,2,25,45.495,1
0,0,29,2,509,12,55,48,4,2,2,30,449.96,1
6,0,34,1,3943,86,7,26,3,1,1,30,189.16,0
5,0,10,0,8448,157,55,33,4,1,1,45,352.625,0
6,0,42,1,1928,35,15,12,4,1,1,45,86.575,0
2,1,3,0,1019,8,0,2,2,2,2,30,0.0,1
1,0,28,0,5018,6,1,36,3,1,1,25,0.0,1
12,0,46,0,1275,30,35,16,3,1,2,30,192.2,0
0,1,36,0,628,7,9,4,4,1,2,45,38.375,1
2,0,38,1,2905,26,474,5,3,1,1,30,2013.24,0
3,0,37,3,6660,116,272,32,2,2,1,25,1528.92,0
0,0,36,2,2401,51,18,12,3,1,1,25,198.826,1
5,0,37,0,818,7,7,2,4,1,2,45,38.125,1
0,0,40,0,0,14,0,26,2,1,1,30,155.093,1
0,0,28,0,600,6,24,5,4,1,2,45,75.15,0
11,0,39,2,2030,53,50,24,4,1,1,45,177.075,0
0,0,18,0,1630,25,6,34,4,1,2,30,104.25,1
0,0,33,1,0,29,6,23,4,1,2,25,87.079,1
4,0,18,0,1885,27,37,17,2,1,1,25,252.54,0
0,0,38,0,0,40,0,25,2,1,2,30,52.04,1
7,0,32,0,0,28,0,15,2,1,2,25,214.369,1
5,0,32,1,305,6,7,2,3,1,1,30,40.44,0
0,0,32,0,6008,41,8,9,2,1,2,30,144.586,1
3,1,37,1,544,53,43,21,3,1,2,25,254.183,1
1,1,38,0,3429,0,4,33,3,1,2,30,166.176,1
5,0,39,0,1180,20,7,13,2,1,2,25,85.5,0
6,0,31,1,5904,19,0,48,4,1,2,25,65.012,1
4,0,41,1,3718,88,10,29,3,1,1,30,192.24,0
2,1,24,0,0,11,2,37,5,1,2,30,198.586,1
35,0,46,5,15705,241,76,40,3,1,1,30,941.84,0
3,0,31,0,15100,174,133,24,2,1,1,25,1285.83,0
8,0,38,0,4370,71,5,17,3,1,1,30,197.64,0
1,1,30,0,465,20,0,0,3,1,1,30,5.059,1
1,1,10,0,2245,23,1,24,3,1,1,25,210.68,1
3,1,44,0,0,19,37,40,3,1,1,25,111.268,1
9,0,29,2,3118,14,8,17,2,1,2,30,16.304,1
3,0,23,0,1130,10,20,4,4,1,2,45,78.5,0
0,1,27,1,505,1,43,3,4,1,2,55,48.591,1
0,0,30,0,0,0,0,0,3,1,1,30,0.0,0
14,0,39,1,15790,188,157,32,2,1,1,25,1425.51,0
0,0,34,0,0,0,2,0,3,1,2,30,8.0,1
3,0,35,2,6840,118,275,36,2,2,1,25,1550.61,0
1,0,33,0,1593,12,11,6,3,1,2,30,256.401,1
0,0,3,2,21,32,0,14,3,1,1,25,14.611,1
6,1,29,0,1838,18,4,5,3,1,1,30,135.539,1
3,0,39,0,1848,33,11,11,3,1,1,30,119.24,0
0,0,39,1,6275,82,189,28,3,1,1,30,1010.28,0
30,0,33,4,16380,244,7,82,2,2,1,25,779.58,0
6,1,38,0,2685,41,10,15,3,1,2,30,149.04,1
10,1,24,0,1825,26,0,20,3,1,1,25,98.159,1
12,0,39,2,11770,160,18,49,4,1,1,45,343.25,0
8,1,36,0,0,4,15,11,2,1,2,25,164.622,1
0,1,34,0,2370,53,14,15,3,1,2,30,440.422,1
15,0,40,2,9295,129,155,48,3,1,1,30,996.96,0
0,1,24,0,4528,47,0,23,2,1,1,30,100.132,1
9,0,20,1,2190,33,44,19,3,1,1,30,264.92,0
3,0,12,0,0,26,0,37,3,1,2,45,273.424,1
6,0,41,1,3275,35,494,13,3,1,1,30,2108.4,0
4,0,18,3,2628,41,34,21,3,1,1,30,242.76,0
0,0,30,2,2744,26,0,48,3,1,2,45,248.846,1
20,0,43,3,6123,110,41,27,3,1,1,30,413.32,0
11,0,28,2,339,26,0,21,2,1,2,30,0.0,1
0,1,39,1,2202,15,10,39,2,1,2,25,26.503,1
0,1,26,0,1277,39,0,22,2,1,1,25,56.115,1
2,1,3,0,0,36,0,19,4,1,2,45,0.0,1
10,0,34,0,5758,95,21,22,2,1,1,25,357.885,1
20,1,27,0,601,28,0,48,3,1,2,30,33.921,1
14,0,44,2,4755,79,22,23,3,1,1,30,281.36,0
0,0,26,2,4704,40,0,3,2,1,1,30,290.957,1
26,1,32,0,1080,45,12,14,3,1,2,30,93.0,1
9,0,28,1,1873,45,37,70,5,1,1,55,84.27,0
0,1,38,1,1709,0,1,13,2,1,2,25,52.473,1
13,0,38,1,6908,75,83,35,2,1,1,25,687.735,0
12,0,33,1,9035,119,134,39,3,1,1,30,902.16,0
8,1,25,3,3244,38,1,34,2,1,1,30,206.078,1
0,0,19,0,2840,53,0,17,3,1,1,30,115.72,0
23,1,37,0,910,51,24,21,2,1,2,25,151.245,1
0,1,37,0,1174,18,17,24,3,1,1,25,85.681,1
17,0,16,0,9123,171,48,38,4,1,1,45,352.35,0
2,0,27,0,0,13,0,9,3,1,1,30,121.079,1
0,0,21,0,930,28,176,5,2,2,1,25,835.11,0
12,0,39,2,11770,160,18,49,4,1,1,45,343.25,0
12,0,35,1,6943,79,105,35,2,1,1,25,788.49,0
10,1,28,2,673,0,0,36,4,2,2,30,211.929,1
0,0,26,0,2590,28,0,22,2,1,2,30,272.575,1
0,0,23,1,6008,32,7,8,3,1,2,30,199.81,1
5,0,29,1,0,0,27,16,2,1,2,30,265.695,1
0,0,38,0,3493,78,5,30,2,1,1,25,183.195,0
24,0,35,0,4678,2,33,37,2,1,2,30,126.051,1
1,1,30,0,1391,23,9,33,2,1,2,30,27.516,1
7,0,40,0,2148,60,360,23,3,1,1,30,1528.32,0
12,0,40,1,14078,175,7,46,3,1,1,30,598.12,0
8,0,39,2,7045,107,29,28,5,1,1,55,150.78,0
0,1,4,0,0,26,0,13,3,1,2,30,327.208,1
2,0,33,0,3245,27,1,12,3,1,1,30,134.88,0
0,0,13,1,1837,28,0,17,3,1,1,30,74.6,0
5,0,8,0,8627,159,58,37,4,1,1,45,364.65,0
0,0,3,0,4130,30,200,4,3,1,1,30,966.4,0
0,1,29,0,599,49,8,48,5,2,2,45,0.0,1
0,0,33,0,1765,36,143,21,2,1,1,25,724.545,0
0,0,37,0,2385,16,458,8,3,1,1,30,1928.04,0
14,0,41,2,3408,75,17,35,2,1,1,25,233.235,0
2,0,31,0,825,16,29,4,4,1,2,45,93.525,0
0,0,25,0,2598,19,18,29,3,1,2,25,280.299,1
10,0,40,2,8810,121,145,42,3,1,1,30,937.24,0
0,0,36,0,133,2,0,2,3,1,2,30,5.4,1
5,0,39,0,15260,178,153,32,2,1,1,25,1383.21,0
13,0,26,0,1157,24,7,27,2,1,1,30,270.764,1
0,0,26,0,0,0,0,28,4,1,2,25,204.549,1
12,0,44,2,4775,93,17,31,3,1,1,30,262.72,0
0,0,31,0,0,0,0,0,4,1,2,45,0.0,1
4,1,25,0,513,29,0,37,2,1,2,30,0.0,1
0,0,42,0,0,0,8,0,2,1,2,25,36.0,1
10,0,42,1,7993,141,402,50,3,1,1,30,1933.36,0
9,0,34,0,2283,50,7,13,3,1,2,30,121.32,0
20,0,38,0,0,0,204,40,4,1,2,30,10.484,1
0,0,28,0,2580,12,0,8,3,1,1,30,103.68,0
9,0,25,0,5409,7,24,21,2,1,1,45,298.384,1
29,0,29,3,16300,242,7,78,2,1,1,25,775.89,0
4,0,27,0,0,5,14,8,4,1,2,55,79.321,1
2,1,7,2,1783,23,14,20,3,1,1,30,128.24,1
3,0,40,0,13548,165,3,46,3,1,1,30,560.52,0
0,0,39,2,798,0,13,39,3,1,2,30,23.158,1
4,0,35,0,8210,105,116,26,3,1,1,30,796.6,0
12,0,41,0,4378,74,12,40,1,1,1,15,310.86,0
14,0,38,2,7428,86,116,37,2,1,1,25,860.13,0
8,0,35,1,8810,115,137,41,3,1,1,30,905.0,0
0,1,34,0,0,0,0,0,3,1,2,30,0.0,1
7,0,38,0,2485,49,161,10,2,1,1,25,838.53,0
10,0,40,3,7090,109,29,25,5,1,1,55,151.485,0
0,0,39,0,553,38,21,33,3,1,2,30,4.774,1
0,0,28,0,5745,8,0,25,2,1,2,25,131.832,1
12,1,25,0,0,0,33,31,4,1,2,30,289.287,1
7,0,25,1,1693,37,26,65,5,1,1,55,64.95,0
16,1,38,0,2763,51,50,36,4,1,2,45,195.35,1
6,1,27,0,0,39,0,25,3,1,1,25,332.248,1
6,0,26,1,3085,24,13,48,3,1,1,25,96.57,1
18,0,22,2,6392,147,93,43,2,2,1,25,712.755,0
2,0,38,0,2170,38,276,15,3,1,1,30,1192.32,0
9,1,31,0,3022,32,0,9,3,1,2,30,214.787,1
2,1,28,0,873,35,0,16,3,1,1,25,91.667,1
13,0,39,2,7023,81,115,39,2,1,1,25,837.18,0
0,0,34,0,0,7,0,42,3,1,2,30,0.0,1
0,0,23,0,761,40,25,13,3,1,1,30,164.874,1
0,0,19,0,2965,51,0,17,3,1,1,30,120.64,0
9,0,41,2,2780,51,324,24,4,1,1,45,880.775,0
1,0,36,0,5435,19,2,24,2,1,2,25,86.358,1
14,1,39,0,2688,56,73,37,4,1,2,45,251.1,1
5,0,17,1,1820,24,24,11,3,1,1,30,169.76,0
21,0,40,3,14915,221,57,34,3,1,1,30,833.44,0
10,0,10,0,8932,165,65,39,4,1,1,45,389.925,0
0,0,24,0,520,4,14,1,4,1,2,45,48.1,0
2,0,22,0,1650,30,36,18,2,1,1,25,237.6,0
0,0,7,0,0,0,0,0,2,1,1,25,0.0,1
24,0,36,4,15435,229,68,45,3,2,1,30,898.56,0
16,0,33,0,960,35,25,13,3,1,2,30,139.8,0
0,1,35,0,0,0,30,25,4,1,1,45,41.068,1
6,0,33,2,6850,110,239,29,2,2,1,25,1388.7,0
0,0,33,2,844,0,31,33,5,1,2,25,102.09,1
5,0,37,0,835,12,9,5,3,1,2,30,69.88,0
33,0,35,5,16440,247,12,84,2,2,1,25,804.915,0
0,1,39,0,1402,28,2,27,3,1,2,45,149.982,1
5,0,19,0,965,22,4,7,2,1,1,25,62.415,0
3,1,32,0,0,0,32,30,3,1,2,30,20.488,1
3,0,38,0,13173,159,0,29,3,1,1,30,533.28,0
9,0,38,1,3530,79,30,28,3,1,1,30,264.36,0
0,0,41,0,0,0,0,41,3,1,2,30,423.203,1
3,0,30,0,945,52,4,43,3,1,2,30,7.514,1
5,1,36,1,131,42,0,26,4,1,1,30,185.835,1
2,0,34,0,8100,104,112,41,3,1,1,30,776.16,0
2,0,30,0,188,19,1,47,3,1,2,25,293.758,1
0,0,29,0,574,90,3,17,3,1,1,30,466.722,1
0,0,37,0,685,13,0,8,2,1,2,25,31.41,0
16,0,35,8,10245,93,26,44,5,2,1,55,194.07,0
0,0,29,2,6480,102,253,26,2,2,1,25,1434.69,0
7,0,36,0,2078,43,25,28,3,1,2,30,184.84,1
5,0,40,0,2065,35,271,5,3,1,1,30,1168.0,0
3,1,29,0,56,0,0,43,2,1,2,30,128.121,1
3,1,24,0,0,14,0,26,3,1,2,25,277.508,1
0,0,7,1,1434,34,14,9,4,1,2,30,53.242,1
0,0,26,0,966,39,0,0,4,1,2,30,407.583,1
0,0,27,0,700,12,25,6,4,1,2,45,80.3,0
7,0,27,1,3530,67,15,25,3,1,1,30,203.88,0
25,0,30,2,15960,232,0,76,2,1,1,25,728.64,0
0,1,26,2,934,4,21,40,4,1,1,45,116.455,1
0,0,23,0,3110,56,10,24,3,1,1,30,166.64,0
2,1,10,0,0,1,0,24,3,1,1,25,159.18,1
9,0,38,0,13963,170,9,47,3,1,1,30,601.32,0
4,1,33,1,2957,0,12,4,2,1,2,45,48.72,1
13,0,37,2,9115,121,144,43,3,1,1,30,945.44,0
5,0,38,2,643,10,11,4,5,1,1,55,26.295,0
12,0,40,0,2633,68,370,29,3,1,1,30,1588.04,0
3,0,33,3,78,30,0,41,4,1,2,55,303.837,1
4,0,41,3,340,27,10,7,2,1,2,30,228.649,1
1,0,45,0,194,32,14,19,2,1,1,25,35.602,1
10,0,36,0,15890,187,151,28,2,1,1,25,1402.965,0
0,0,33,0,0,0,1,20,3,1,2,25,0.0,1
11,0,34,1,3820,78,24,24,3,1,1,30,251.92,0
7,0,38,0,13773,169,0,44,3,1,1,30,557.68,0
1,0,40,0,1623,29,8,10,3,1,1,30,98.08,0
2,1,23,0,3453,43,196,48,4,1,1,30,111.568,1
3,0,39,1,2690,22,465,10,3,1,1,30,1968.48,0
12,0,29,0,405,21,7,2,3,1,2,30,45.04,0
13,0,32,0,317,51,5,33,2,1,1,45,96.314,1
14,0,46,3,3660,43,505,16,4,1,1,45,1355.075,0
2,0,37,1,3833,88,34,32,3,1,1,30,292.84,0
0,0,35,0,0,0,0,0,2,1,2,25,0.0,0
0,0,37,0,875,14,0,11,2,1,2,25,40.005,0
5,0,35,0,1100,18,7,9,2,1,2,25,81.81,0
0,0,30,0,4930,1,33,42,4,1,2,25,284.708,1
3,0,34,0,3410,73,20,24,2,1,1,25,246.735,0
13,0,41,5,7270,128,286,36,3,2,1,30,1439.92,0
0,0,36,0,1540,46,42,23,3,1,2,30,231.44,0
0,0,29,0,2909,54,15,4,2,1,2,30,114.019,1
4,1,39,1,2837,0,20,22,3,1,1,30,6.48,1
0,0,26,0,607,0,0,5,3,1,1,45,96.129,1
0,1,23,0,0,21,35,9,3,1,2,30,237.681,1
12,0,42,2,3165,61,192,29,2,1,1,25,1009.17,0
0,0,13,0,1695,20,20,13,2,1,1,25,167.175,0
0,0,25,0,3035,60,0,20,3,1,1,30,123.8,0
10,0,41,0,1093,8,0,41,3,1,2,30,125.389,1
14,1,12,3,2502,36,15,9,3,1,1,30,161.52,1
14,0,38,2,4798,76,22,50,1,1,1,15,389.07,0
0,0,39,0,0,0,0,0,2,1,2,25,0.0,1
0,0,27,0,4890,40,0,22,3,1,2,25,314.216,1
0,0,38,0,990,20,32,15,2,1,2,25,189.45,0
5,0,35,1,1793,23,7,3,4,1,1,45,62.9,0
0,0,28,0,3078,45,2,48,2,1,2,30,0.0,1
9,0,25,2,2000,38,43,17,3,1,1,30,253.52,0
11,0,37,0,2970,53,150,21,2,1,1,25,811.035,0
1,0,32,2,6660,110,264,31,2,2,1,25,1492.65,0
6,0,27,0,6008,0,0,31,2,1,1,25,0.0,1
11,1,25,0,0,0,28,28,2,1,1,30,95.554,1
0,0,36,0,2055,33,278,16,3,1,1,30,1195.52,0
19,0,32,1,14755,217,37,26,3,1,1,30,746.88,0
1,1,37,0,0,21,0,25,2,1,2,30,200.262,1
13,0,27,0,890,26,19,10,2,1,2,25,126.72,0
3,0,23,0,1235,34,183,7,2,2,1,25,880.605,0
0,0,32,2,0,17,9,48,2,1,2,45,280.846,1
30,0,33,4,16380,244,7,82,2,2,1,25,779.58,0
2,1,23,0,3999,25,0,28,3,1,1,25,123.32,1
14,0,17,1,6202,140,76,39,2,2,1,25,627.39,0
16,1,41,0,2753,58,52,38,4,1,2,45,200.275,1
0,0,34,0,214,0,0,0,2,1,1,30,234.606,1
0,0,37,1,0,0,0,0,5,1,1,55,0.0,0
3,1,27,0,4643,23,47,20,3,1,2,30,142.32,1
6,1,34,0,2208,41,29,29,3,1,2,30,205.96,1
10,0,31,0,14,0,0,22,3,1,2,25,201.145,1
0,0,39,0,0,0,3,0,2,1,2,25,13.5,1
7,0,38,0,3175,72,11,13,3,1,1,30,173.88,0
7,0,38,0,1993,51,6,17,3,1,1,30,105.76,0
15,0,21,4,3338,59,49,26,3,1,1,30,331.88,0
8,0,26,2,2168,49,51,83,4,1,1,45,182.925,0
1,1,29,0,3115,38,2,20,2,1,1,55,92.207,1
13,0,25,1,0,4,6,16,4,1,2,30,91.431,1
3,0,32,0,1968,46,341,17,2,1,1,25,1625.13,0
26,1,35,1,1015,50,21,19,3,1,1,30,126.6,1
0,0,42,0,5490,56,0,25,3,1,2,30,231.837,1
2,0,35,0,14990,175,134,25,2,1,1,25,1285.425,0
0,0,40,1,3431,12,8,28,2,1,1,45,190.9,1
9,0,35,0,6223,95,6,13,2,1,1,25,311.31,0
33,1,41,0,1520,63,38,25,3,1,2,30,215.32,1
25,1,25,0,3416,0,0,39,2,1,1,30,227.914,1
0,0,24,0,1120,14,35,16,4,1,2,45,115.85,0
0,0,24,0,3590,61,0,17,2,1,2,25,337.64,1
0,0,12,0,177,22,7,10,3,1,2,30,87.981,1
0,0,39,1,33,4,5,1,5,1,1,55,8.055,0
1,0,32,0,203,11,0,18,2,1,2,30,111.891,1
0,0,32,0,0,0,0,0,2,1,2,25,0.0,1
2,0,26,0,451,0,1,34,2,1,1,25,221.752,1
0,0,18,0,1450,23,26,14,2,1,1,25,183.285,0
12,0,34,0,15790,182,149,31,2,1,1,25,1389.24,0
0,0,28,0,0,26,0,10,3,1,2,45,111.905,1
0,0,8,1,4200,40,240,12,3,1,1,30,1129.6,0
5,0,6,1,4695,40,214,11,3,1,1,30,1045.4,0
3,0,14,2,2548,39,24,17,3,1,1,30,199.48,0
3,1,30,0,219,43,29,24,4,1,2,25,152.578,1
2,0,33,0,2360,33,277,17,3,1,1,30,1203.72,0
12,0,43,2,11725,164,26,53,4,1,1,45,362.225,0
15,0,41,3,11830,163,23,51,4,1,1,45,357.325,0
8,0,40,3,6920,98,225,32,4,1,1,45,737.95,0
0,0,32,0,2415,44,163,19,2,1,1,25,844.155,0
23,0,41,9,10435,99,9,43,5,2,1,55,171.51,0
4,1,11,3,475,39,35,17,2,1,2,25,10.065,1
5,0,39,0,6205,82,172,13,3,1,1,30,939.48,0
2,0,33,0,6420,84,176,22,3,1,1,30,964.16,0
3,0,26,0,1441,8,9,39,4,2,2,30,49.218,1
0,0,39,0,0,0,1,0,3,1,2,30,4.0,1
7,1,28,1,978,16,0,23,4,1,2,30,70.752,1
12,0,43,1,4198,72,9,36,1,1,1,15,284.35,0
1,0,27,0,0,0,25,11,2,2,1,30,182.876,1
0,0,28,0,2920,61,9,22,3,1,1,30,155.24,0
4,0,38,0,5728,94,0,9,3,1,1,30,232.88,0
9,1,31,2,330,17,0,8,3,1,2,25,6.271,1
1,1,31,3,171,35,0,4,3,2,2,45,160.708,1
10,0,3,0,163,0,0,3,2,1,1,25,361.242,1
23,0,24,3,6697,153,100,45,2,2,1,25,758.25,0
0,0,35,0,513,1,0,3,4,1,2,45,12.85,1
16,0,40,2,4080,88,39,30,3,1,1,30,322.72,0
1,0,37,0,0,43,0,42,4,1,2,25,48.541,1
15,0,42,2,7203,89,126,44,2,1,1,25,895.14,0
5,0,40,0,1665,50,46,21,4,1,2,45,157.875,0
28,1,34,0,1145,47,7,15,2,1,2,25,85.14,1
27,0,36,4,16075,244,8,81,2,1,1,25,770.355,0
2,0,26,3,2490,23,0,16,3,2,1,45,190.363,1
5,0,38,0,305,6,7,2,2,1,2,25,45.495,1
9,0,40,0,1205,21,29,13,3,1,2,30,165.04,0
18,0,39,3,9420,127,151,45,3,1,1,30,985.88,0
32,0,28,0,0,0,0,37,2,1,2,30,19.479,1
2,0,31,0,6008,12,0,15,3,1,1,30,64.45,1
0,1,7,0,1372,14,2,8,2,1,1,25,71.37,1
0,0,40,0,2135,35,288,20,3,1,1,30,1238.8,0
5,0,38,1,4325,82,0,22,3,1,1,30,176.28,0
0,1,40,0,1814,26,0,13,2,2,2,30,96.495,1
6,1,25,2,3362,0,0,46,4,1,2,45,323.869,1
8,0,38,0,2085,56,77,26,4,1,2,45,246.025,0
13,0,37,1,4323,64,7,32,1,1,1,15,279.785,0
16,0,41,3,7083,84,120,41,2,1,1,25,862.515,0
3,1,24,0,4108,47,4,24,2,1,1,30,278.413,1
0,0,27,0,0,65,0,31,2,1,1,25,59.167,1
14,0,39,2,11960,161,27,52,4,1,1,45,370.525,0
4,0,27,0,965,8,1,23,3,1,2,25,251.735,1
0,0,32,0,912,56,4,35,2,1,2,30,110.827,1
1,0,22,0,1952,8,3,21,2,1,1,25,60.448,1
4,0,29,0,0,0,0,13,4,1,2,30,68.519,1
0,0,23,0,2920,55,1,21,3,1,1,30,123.0,0
4,0,29,2,6965,110,263,32,2,2,1,25,1501.875,0
2,0,3,0,2354,2,0,33,3,1,1,30,164.525,1
12,0,40,1,14078,175,7,46,3,1,1,30,598.12,0
0,0,28,0,532,0,0,3,2,1,1,25,25.82,1
0,0,23,0,2920,55,1,21,3,1,1,30,123.0,0
1,0,23,0,1862,50,0,21,3,2,1,30,36.134,1
7,0,40,0,1015,20,20,10,3,1,2,30,121.4,0
5,0,39,0,305,6,7,2,2,1,2,25,45.495,1
4,0,39,0,13648,171,4,47,3,1,1,30,568.76,0
13,0,46,2,2958,74,24,41,2,1,1,25,244.44,0
0,0,32,0,3095,25,1,31,2,1,2,45,35.17,1
0,0,22,0,2805,49,0,17,3,1,1,30,114.16,0
0,0,32,0,573,0,0,48,3,1,1,25,63.774,1
0,0,25,2,1544,0,18,31,3,1,2,25,92.556,1
5,0,22,0,305,6,13,2,4,1,2,45,40.275,0
14,1,34,0,6008,15,10,2,3,1,1,25,48.724,1
11,0,31,0,655,29,18,11,2,1,2,25,111.78,0
0,1,24,0,0,0,15,8,2,1,1,25,439.11,1
3,0,36,0,3703,59,0,30,2,1,1,25,169.29,0
2,0,37,0,595,8,0,4,2,1,2,25,27.135,0
0,1,24,0,1513,45,15,30,2,1,2,45,123.943,1
10,0,40,2,4083,91,14,32,3,1,1,30,222.96,0
0,0,45,0,1613,20,1,21,4,1,2,25,0.0,1
1,0,31,3,2479,43,9,27,2,1,2,25,280.796,1
1,0,3,0,160,0,0,28,3,1,1,25,172.441,1
0,0,30,0,942,0,17,2,3,1,2,25,140.891,1
2,0,9,0,1669,38,0,12,3,1,2,45,0.0,1
2,0,30,0,15180,170,135,27,2,1,1,25,1298.25,0
25,0,38,3,15140,225,54,32,3,1,1,30,830.6,0
0,1,27,0,1519,0,24,33,2,1,2,30,100.317,1
10,0,39,1,3370,77,14,30,3,1,1,30,193.88,0
1,0,35,0,1420,41,36,20,3,1,1,30,202.44,0
0,0,4,0,3905,26,197,3,3,1,1,30,945.24,0
7,0,42,0,13728,173,8,48,3,1,1,30,588.04,0
0,0,35,0,6005,79,170,21,3,1,1,30,923.36,0
1,0,38,0,2203,57,0,30,1,1,1,15,124.3,0
13,0,18,0,6268,143,89,45,1,2,1,15,842.105,0
0,0,21,0,1083,25,12,61,4,1,1,45,57.7,0
0,0,23,0,0,33,0,48,2,1,1,25,171.795,1
23,0,33,0,955,47,16,17,2,1,2,25,117.09,1
0,0,39,0,2047,0,0,39,3,1,1,25,60.942,1
4,0,36,1,2900,25,5,16,3,1,1,30,137.0,0
8,0,34,0,5513,92,19,22,2,1,1,25,337.725,1
16,0,39,4,12370,170,39,64,4,1,1,45,411.0,0
6,1,11,2,1548,22,5,9,3,1,1,30,82.8,1
0,0,24,0,1169,18,0,3,4,1,2,30,9.503,1
0,0,38,0,750,16,4,14,2,1,2,25,52.47,0
5,0,36,0,873,10,11,4,4,1,2,45,49.575,1
0,1,32,3,0,4,0,10,2,1,1,30,226.933,1
21,0,33,3,15850,234,3,82,2,1,1,25,737.28,0
0,0,38,0,7383,129,388,46,2,1,1,25,2084.04,0
5,0,45,0,578,15,22,10,3,1,2,30,111.72,0
11,1,29,1,1569,56,6,4,2,1,1,30,457.251,1
18,0,40,2,4270,89,48,33,3,1,1,30,366.36,0
1,0,3,0,538,37,4,13,2,1,1,30,363.89,1
8,0,36,3,7205,109,53,28,5,1,1,55,189.21,0
0,0,36,0,0,0,0,0,3,1,2,30,0.0,1
0,0,34,2,0,14,0,10,3,1,2,25,189.706,1
2,1,3,0,382,30,4,42,3,1,2,45,364.772,1
7,0,15,2,4650,50,230,16,3,1,1,30,1108.0,0
16,0,29,0,439,25,14,25,3,1,2,45,199.005,1
16,0,40,4,5420,99,30,42,3,1,1,30,340.76,0
7,0,27,1,0,46,0,13,2,1,2,25,169.619,1
0,1,41,0,1049,28,0,21,3,1,2,30,361.568,1
1,0,41,0,2055,39,286,17,3,1,1,30,1227.76,0
4,0,31,0,3145,22,0,15,3,1,1,30,126.68,0
0,0,37,0,5208,84,0,12,2,1,1,25,238.14,0
0,0,29,0,2355,8,0,7,3,1,1,30,94.52,0
0,1,29,0,53,35,17,12,2,1,2,30,176.293,1
5,1,9,1,1733,22,7,7,3,1,1,30,98.2,1
23,0,45,4,9680,137,166,51,3,1,1,30,1056.68,0
0,0,3,0,1182,7,0,4,2,1,1,25,53.505,1
15,0,30,1,14575,209,32,24,2,1,1,25,809.28,0
0,0,26,2,426,44,6,36,2,1,1,25,133.565,1
7,0,35,0,2058,46,0,12,3,1,2,30,84.16,0
4,0,40,1,11160,154,12,46,4,1,1,45,312.85,0
0,0,30,0,5353,79,0,4,2,1,1,25,244.44,0
5,0,11,2,4505,45,213,9,3,1,1,30,1034.0,0
0,1,28,0,0,16,0,16,3,1,2,25,5.237,1
5,0,32,1,3065,26,7,12,3,1,1,30,151.64,0
0,0,25,0,652,42,13,30,4,1,2,45,156.838,1
3,1,23,1,2645,0,0,25,4,1,2,25,162.594,1
0,0,32,0,131,0,8,45,2,1,2,30,135.898,1
15,0,34,0,14,52,0,37,2,1,2,45,329.687,1
0,0,15,0,680,9,0,12,2,1,1,25,31.005,0
19,0,40,3,5103,82,29,52,1,1,1,15,444.675,0
6,0,37,1,2895,59,207,27,2,1,1,25,1064.43,0
3,0,28,1,910,31,175,13,2,2,1,25,829.845,0
0,0,39,0,0,0,125,17,2,1,2,25,0.0,1
3,1,6,1,0,0,0,28,2,1,2,45,58.937,1
15,0,26,0,76,13,3,11,2,1,2,25,98.294,1
17,0,36,3,6418,108,47,39,2,1,1,25,505.17,0
9,0,31,3,7270,116,270,34,2,2,1,25,1547.37,0
0,0,21,0,0,0,3,0,4,1,2,45,7.5,0
4,1,26,0,4292,15,2,40,4,1,2,45,93.844,1
5,0,20,1,1810,31,26,13,3,1,1,30,177.64,0
5,0,29,1,6830,93,7,18,5,1,1,55,114.345,0
0,0,28,0,2215,37,153,15,2,1,1,25,789.84,0
1,0,36,0,1668,25,0,6,3,1,1,30,67.72,0
11,0,35,3,7155,116,246,31,2,2,1,25,1434.195,0
12,0,31,3,1680,45,205,15,3,2,1,30,889.0,0
1,0,41,0,80,2,10,4,2,1,2,25,48.69,1
0,0,23,0,1720,30,6,18,4,1,1,30,27.741,1
24,0,32,0,1360,52,17,15,2,1,2,25,140.04,1
0,0,28,0,510,39,0,39,2,1,2,30,0.0,1
8,0,37,0,4255,65,0,13,2,1,1,25,194.4,0
8,0,39,0,3650,84,36,31,2,1,1,25,330.03,0
22,0,36,2,15080,222,49,30,3,1,1,30,808.08,0
0,0,32,0,1370,28,6,16,2,1,1,25,118.14,1
5,0,36,0,1668,34,13,16,3,1,2,30,120.08,1
4,0,41,0,890,22,24,13,3,1,2,30,132.48,0
10,0,36,0,2338,54,327,20,2,1,1,25,1579.14,0
30,1,37,4,16335,248,15,86,2,1,1,25,813.735,0
0,0,34,0,923,11,23,17,4,1,2,45,80.85,1
0,0,31,0,13468,157,0,41,3,1,1,30,545.0,0
8,0,31,1,8855,111,129,37,3,1,1,30,874.64,0
3,0,31,0,74,0,26,14,2,1,1,25,199.665,1
0,0,31,0,1668,19,0,5,3,1,1,30,67.48,0
19,0,32,0,370,49,0,26,4,1,2,30,163.467,1
14,0,40,3,7515,103,201,28,3,1,1,30,1108.72,0
1,0,34,0,5419,54,0,19,3,1,1,25,280.098,1
6,0,39,1,4110,78,0,27,3,1,1,30,167.52,0
31,1,39,4,15850,236,62,32,3,1,1,30,891.44,0
0,1,35,0,2377,41,7,13,4,2,1,30,258.135,1
8,0,39,0,1833,49,0,19,3,1,2,30,75.28,0
6,0,24,0,0,51,0,6,3,1,1,45,281.57,1
3,0,26,0,1279,2,0,30,3,1,2,30,143.371,1
7,0,38,1,4023,88,9,30,3,1,1,30,200.44,0
0,0,26,0,532,4,0,23,2,1,1,30,148.992,1
9,0,37,0,15485,182,150,30,2,1,1,25,1380.015,0
10,0,39,0,950,0,2,12,2,1,2,25,296.566,1
14,0,33,0,4849,16,15,1,4,1,2,25,68.426,1
4,1,27,0,1743,31,0,33,4,1,2,45,178.323,1
11,1,26,0,0,16,12,4,2,1,2,25,211.248,1
0,1,29,0,109,42,1,25,4,1,2,25,94.965,1
18,0,16,1,9642,182,81,40,5,1,1,55,268.86,0
10,1,24,0,1001,35,0,5,3,1,2,30,192.281,1
0,0,3,3,0,0,3,23,3,1,2,30,66.677,1
7,0,35,1,3400,27,482,9,3,1,1,30,2065.08,0
2,0,37,0,190,1,9,3,2,1,2,25,49.095,1
14,0,43,1,14258,183,18,51,3,1,1,30,649.64,0
6,0,35,0,2665,47,143,19,2,1,1,25,765.54,0
6,0,26,1,1813,42,32,68,4,1,1,45,126.375,0
9,0,32,2,3530,73,23,26,4,1,1,45,147.575,0
0,1,34,0,966,0,0,42,3,1,2,30,23.586,1
12,0,40,2,4820,89,9,27,3,1,1,30,232.36,0
2,0,38,0,710,14,13,8,3,1,2,30,80.96,0
2,0,36,1,528,5,13,5,5,1,1,55,27.495,0
27,0,31,3,16265,239,9,83,2,1,1,25,783.18,0
0,1,40,0,1270,19,0,15,2,1,1,25,20.54,1
0,0,29,3,1188,65,1,32,3,1,2,30,98.483,1
11,0,45,3,3400,39,498,11,4,1,1,45,1330.975,0
1,0,17,2,2678,28,12,16,2,1,1,25,67.724,1
0,0,25,0,1093,87,0,2,3,1,2,30,47.298,1
0,0,35,0,0,0,25,0,3,1,2,30,100.0,1
3,0,36,0,4065,65,0,15,2,1,1,25,185.85,0
11,0,37,1,4495,69,7,14,3,1,1,30,210.56,0
14,0,39,1,5080,82,30,17,3,1,1,30,326.48,0
0,0,3,0,0,0,0,0,2,1,1,25,0.0,1
2,1,32,0,234,0,8,42,3,1,2,30,109.462,1
8,0,27,3,1915,46,214,26,2,2,1,25,1051.245,0
13,1,35,0,3590,51,30,31,3,1,2,30,265.64,1
8,0,42,1,13853,171,10,48,3,1,1,30,600.96,0
8,0,24,0,1483,24,0,14,3,1,1,30,73.627,1
0,0,28,0,0,22,13,20,3,1,2,45,162.359,1
8,0,41,2,3145,34,15,17,4,1,1,45,116.975,0
12,0,34,1,2110,9,0,29,2,1,1,45,56.484,1
8,0,37,0,1970,50,45,22,3,1,2,30,260.8,0
25,1,33,0,1200,50,18,17,3,1,2,30,122.0,1
1,0,32,0,4130,75,0,19,3,1,1,30,168.2,0
0,0,35,0,438,7,34,6,4,1,2,45,96.125,1
0,1,26,0,957,0,2,5,4,1,2,30,48.015,1
8,1,36,0,2585,36,0,18,3,1,2,30,104.84,1
1,0,35,0,4907,37,4,3,3,1,1,30,22.502,1
14,1,28,0,1419,66,39,9,3,1,2,25,10.31,1
9,0,33,0,3085,53,174,24,2,1,1,25,924.21,0
4,0,35,0,2078,44,59,33,3,1,2,30,320.88,1
21,0,20,3,6813,153,124,48,2,2,1,25,871.47,0
13,0,37,2,9115,121,144,43,3,1,1,30,945.44,0
0,0,15,0,1275,14,0,8,2,1,1,25,58.005,0
1,0,25,0,101,21,8,30,2,1,2,30,96.52,1
0,0,41,0,405,14,14,7,3,1,2,30,72.76,0
0,0,33,0,2650,22,25,16,3,1,1,30,206.88,0
5,1,14,2,1487,25,8,8,3,1,1,30,92.48,1
2,0,39,0,825,20,45,12,3,1,2,30,213.8,0
5,0,37,1,6745,89,188,26,3,1,1,30,1025.36,0
29,0,31,5,16675,248,21,95,2,1,1,25,856.035,0
0,0,36,0,0,0,0,0,4,1,2,45,0.0,1
0,0,32,0,2133,48,0,27,1,1,1,15,119.955,0
5,0,40,0,0,25,38,13,2,1,2,30,81.471,1
3,0,32,0,876,7,24,19,4,1,1,30,32.31,1
13,0,26,0,968,34,1,39,3,1,1,30,43.98,1
0,0,27,0,715,26,172,1,2,2,1,25,807.345,0
16,0,40,0,2733,61,24,22,3,1,2,30,207.76,0
6,1,36,0,2178,51,3,15,3,1,2,30,101.16,0
8,0,37,0,2208,57,357,24,2,1,1,25,1708.425,0
0,0,30,0,3633,50,0,27,1,1,1,15,202.565,0
11,1,33,1,5638,90,15,19,2,1,1,25,325.26,1
0,0,43,0,4220,29,37,36,2,1,1,55,490.514,1
12,0,28,0,0,0,0,0,3,1,1,25,145.241,1
7,0,37,0,15240,179,148,30,2,1,1,25,1359.855,0
7,0,35,0,2393,57,354,22,2,1,1,25,1703.25,0
36,0,41,5,16155,242,69,34,3,2,1,30,931.88,0
3,0,27,0,614,1,22,30,2,1,1,30,47.454,1
0,0,28,0,251,70,11,22,3,1,1,25,390.769,1
0,0,3,0,5149,0,11,21,4,1,2,30,193.913,1
17,0,40,2,2633,53,46,35,4,1,1,45,182.15,1
2,0,39,0,1988,53,0,35,2,1,1,25,91.845,0
12,1,32,0,5738,96,16,20,2,1,1,25,334.53,1
0,0,33,0,1211,9,0,1,4,1,2,30,399.576,1
0,0,28,0,0,19,0,6,2,1,2,25,182.154,1
0,0,25,0,28,6,5,7,2,1,2,30,141.691,1
10,0,34,1,11770,154,10,48,3,1,1,30,516.96,0
4,0,39,1,2475,45,317,22,4,1,1,45,855.5,0
0,0,37,0,5900,76,165,11,3,1,1,30,899.04,0
3,1,36,3,4755,19,13,36,2,1,2,25,56.423,1
0,0,26,0,1657,0,0,6,4,1,2,25,15.909,1
8,0,25,0,640,22,5,5,2,1,2,25,52.29,0
1,0,38,0,3774,0,0,16,3,1,2,25,177.19,1
11,0,38,3,4623,98,30,45,3,1,1,30,308.84,0
4,0,32,1,7190,102,15,20,4,1,1,45,219.8,0
3,1,27,0,1591,0,0,7,3,1,2,25,108.059,1
0,1,27,2,0,0,0,34,2,1,2,30,353.309,1
0,0,36,0,0,0,0,0,2,1,2,25,0.0,1
8,0,29,0,537,2,0,22,2,1,2,45,133.573,1
13,0,40,1,4675,77,12,19,3,1,1,30,238.08,0
0,1,28,0,0,34,0,26,3,1,1,25,0.0,1
6,0,32,0,1210,18,38,9,4,1,2,45,125.7,0
0,1,25,0,0,43,19,32,4,1,1,30,129.749,1
0,0,36,0,1368,36,46,18,2,1,2,25,85.153,1
11,0,42,2,3405,38,22,22,4,1,1,45,141.075,0
9,0,40,1,2665,45,292,20,3,1,1,30,1276.4,0
30,0,38,1,11340,109,29,59,5,1,1,55,215.235,0
0,0,36,0,5790,75,161,26,3,1,1,30,878.6,0
2,1,40,2,429,7,6,29,2,1,2,30,340.803,1
12,0,14,0,8818,165,41,36,4,1,1,45,327.075,0
3,0,37,0,2278,52,0,29,1,1,1,15,128.15,0
0,1,35,0,459,6,7,35,2,2,2,30,224.73,1
0,1,34,0,0,47,0,24,3,1,2,30,13.59,1
24,0,27,2,15995,236,0,76,2,1,1,25,730.395,0
6,1,33,0,1090,16,5,48,2,1,1,45,122.071,1
0,0,30,0,0,23,28,48,2,1,2,25,134.972,1
3,1,22,0,1487,0,0,4,3,1,1,25,59.858,1
16,1,40,0,3475,55,27,23,3,1,2,30,249.2,1
14,0,36,3,7800,114,29,24,5,1,1,55,162.21,0
7,0,28,0,1320,17,37,8,4,1,2,45,125.925,0
0,0,29,0,6420,88,2,18,4,1,1,45,167.7,0
8,0,37,1,4920,88,3,23,3,1,1,30,212.32,0
7,0,44,0,0,33,0,17,4,1,2,30,303.638,1
9,0,37,0,15485,182,150,30,2,1,1,25,1380.015,0
7,0,38,1,6313,70,90,39,2,1,1,25,692.235,0
0,0,26,0,906,30,3,0,3,1,2,25,160.348,1
7,0,35,0,3374,30,0,31,3,1,2,30,305.801,1
0,0,25,0,0,0,0,0,2,1,2,25,0.0,0
8,0,38,0,6108,96,16,15,3,1,1,30,312.16,0
0,1,30,0,0,0,0,0,5,1,1,55,0.0,1
0,0,4,0,1003,5,0,4,2,1,1,25,45.36,1
0,0,7,0,4085,34,208,8,3,1,1,30,996.76,0
4,1,28,0,30,40,33,30,3,2,1,25,41.213,1
20,0,44,4,9420,133,159,46,3,1,1,30,1018.12,0
15,0,39,0,4388,66,7,33,1,1,1,15,283.47,0
10,0,37,0,2453,60,359,24,3,1,1,30,1536.52,0
4,0,31,0,111,11,7,41,4,1,1,25,90.076,1
0,0,32,0,6008,33,0,8,2,1,1,30,262.387,1
10,0,39,1,4313,72,33,39,1,1,1,15,422.675,0
5,0,42,2,3175,29,493,12,3,1,1,30,2100.16,0
0,1,3,0,0,51,0,36,4,1,1,25,76.771,1
8,1,29,0,700,20,0,0,4,2,2,45,88.431,1
0,0,35,0,6195,80,179,24,3,1,1,30,967.0,0
8,0,41,1,3470,82,33,27,3,1,1,30,274.08,0
0,0,26,0,6480,85,0,19,4,1,1,45,164.125,0
9,0,38,1,2895,58,173,22,2,1,1,25,911.385,0
0,0,33,0,1360,38,31,18,3,1,2,30,179.92,0
8,0,41,2,1240,23,12,15,2,1,1,25,110.835,0
35,0,39,5,16640,254,22,88,2,2,1,25,859.23,0
0,0,3,0,0,59,32,13,5,1,1,25,455.338,1
0,0,34,0,2240,12,0,4,3,1,1,30,90.08,0
11,0,16,0,8527,166,55,42,5,1,1,55,212.895,0
2,0,34,0,3833,57,0,31,2,1,1,25,175.05,0
2,0,36,0,4754,46,29,30,2,1,2,55,33.681,1
2,1,29,2,0,45,0,13,2,1,1,30,70.726,1
0,0,24,0,1073,32,14,63,4,1,1,45,62.625,0
29,1,33,1,1879,41,14,7,3,1,2,45,53.1,1
0,0,39,0,0,0,11,22,3,1,1,25,0.0,1
12,1,40,0,2353,59,6,16,3,1,2,30,120.48,0
5,0,21,0,315,17,0,1,2,1,2,25,14.94,0
16,0,18,2,6508,147,117,46,2,2,1,25,825.975,0
0,0,27,0,4966,0,0,16,2,1,2,25,203.049,1
0,0,39,0,585,16,17,11,2,1,2,25,103.545,0
13,0,29,4,2220,52,221,28,3,2,1,30,974.88,0
0,0,39,0,1282,38,29,9,3,1,1,45,65.634,1
0,0,31,2,1338,77,0,21,4,1,2,25,190.818,1
28,1,39,0,1215,57,31,23,3,1,2,30,174.88,1
8,0,41,1,2780,59,183,24,2,1,1,25,951.255,0
23,1,33,0,955,47,16,17,2,1,2,25,117.09,1
9,0,28,0,1730,26,49,20,4,1,2,45,166.4,0
0,0,24,0,646,18,28,23,2,1,1,30,399.068,1
2,0,34,0,1773,37,18,26,3,1,2,30,144.4,1
0,1,30,0,223,61,10,8,4,1,2,45,141.817,1
0,0,43,0,0,34,1,27,2,1,2,25,420.659,1
19,1,43,0,3555,57,31,24,3,1,2,30,268.48,1
13,0,36,1,2578,58,355,21,3,1,1,30,1525.44,0
21,0,38,1,14540,215,33,17,3,1,1,30,722.2,0
0,0,34,0,368,0,24,14,2,2,2,25,254.592,1
0,0,27,0,3896,19,2,18,2,1,2,25,30.691,1
8,0,38,0,3953,63,0,35,1,1,1,15,220.88,0
9,0,38,1,3585,81,23,25,3,1,1,30,238.64,0
0,0,36,0,650,11,8,6,2,1,2,25,65.745,0
10,0,28,0,0,34,18,13,3,1,2,30,225.589,1
9,0,39,0,6423,71,94,24,2,1,1,25,715.23,0
7,0,31,0,50,2,0,1,2,1,2,25,2.34,1
0,0,38,0,2018,15,25,26,2,1,2,25,331.468,1
14,1,37,0,3295,47,16,18,3,1,2,30,197.68,1
5,0,38,0,955,17,15,8,3,1,2,30,98.88,0
0,0,28,0,0,0,0,0,3,1,1,30,0.0,0
11,0,11,4,5295,56,243,27,3,2,1,30,1186.04,0
0,1,27,0,2425,25,0,8,2,1,2,25,110.25,1
20,0,32,2,14880,215,39,26,3,1,1,30,759.8,0
0,0,23,0,705,30,7,13,2,1,2,30,87.088,1
0,1,24,0,1826,40,0,7,2,1,2,25,183.287,1
4,0,22,0,215,11,0,3,2,1,2,25,10.17,0
26,0,25,3,6958,157,107,50,2,2,1,25,801.675,0
1,1,28,1,1521,56,0,16,2,1,2,25,41.342,1
0,0,33,0,795,12,0,7,2,1,2,25,36.315,0
0,1,37,4,403,0,6,39,3,1,2,45,298.736,1
2,1,25,0,0,96,3,21,2,1,2,30,43.427,1
18,1,24,0,0,0,0,25,5,1,1,45,55.152,1
0,0,27,0,135,6,0,8,2,1,1,30,0.0,1
24,1,35,0,1445,62,7,29,3,1,2,30,52.43,1
0,1,25,1,597,23,7,24,3,1,2,25,292.047,1
2,0,29,0,1105,0,1,1,2,1,1,25,0.052,1
10,0,33,1,2498,56,351,20,3,1,1,30,1506.16,0
0,0,36,0,0,19,0,32,2,1,1,30,98.087,1
1,0,29,0,1263,39,31,67,4,1,1,45,110.05,0
23,0,39,0,22,0,19,37,4,1,1,45,64.943,1
2,0,31,0,1783,30,16,24,3,1,2,30,136.52,1
0,1,25,0,2797,35,2,39,3,1,2,45,316.792,1
3,1,23,0,3036,53,0,29,4,1,2,30,153.808,1
1,1,31,1,6008,18,50,19,3,1,1,30,177.736,1
2,0,32,0,311,60,0,6,2,1,2,30,228.923,1
1,0,36,0,1280,19,1,9,2,1,2,25,62.955,0
5,0,32,0,11465,148,3,46,3,1,1,30,476.52,0
14,0,40,2,3835,85,37,30,3,2,1,30,304.8,0
0,0,36,1,0,0,0,0,5,1,1,55,0.0,0
15,1,28,2,0,30,10,42,2,1,2,30,16.902,1
2,1,33,0,3332,0,23,9,4,1,1,25,93.629,1
2,0,31,0,11205,144,0,41,3,1,1,30,453.96,0
0,0,35,0,7013,120,368,38,2,1,1,25,1976.985,0
22,0,34,0,0,0,0,39,3,1,2,25,313.446,1
8,1,33,0,1224,28,25,20,4,1,1,30,84.132,1
2,0,32,0,0,51,0,45,5,1,2,25,0.0,1
12,0,37,1,4180,87,33,26,3,1,1,30,302.68,0
11,0,11,0,6133,131,70,36,1,2,1,15,729.52,0
17,0,27,0,570,39,0,11,2,1,2,25,27.405,1
13,0,27,0,945,28,12,7,3,1,2,30,86.92,0
8,0,42,2,4103,90,19,34,3,1,1,30,243.72,0
2,0,35,0,3424,17,0,3,2,1,2,30,58.308,1
0,0,24,0,520,4,14,1,4,1,2,45,48.1,0
10,0,38,2,7270,111,32,29,5,1,1,55,158.715,0
11,0,36,1,5628,97,17,21,2,1,1,25,334.125,1
14,1,41,0,2658,66,47,23,4,1,2,45,185.6,0
12,0,38,2,4970,81,26,32,3,1,1,30,306.04,0
1,0,25,1,0,39,31,2,2,1,2,25,76.953,1
8,0,39,2,6805,92,193,28,3,1,1,30,1047.88,0
0,1,23,0,3587,39,0,24,3,1,2,30,448.604,1
1,0,30,0,629,47,2,21,4,1,2,25,66.48,1
1,0,33,0,2725,16,0,10,3,1,1,30,109.64,0
0,0,33,0,1249,71,0,40,3,2,2,25,153.437,1
0,0,41,1,1350,2,1,27,3,1,2,45,117.487,1
1,0,3,0,5542,37,0,29,2,1,2,25,267.623,1
5,1,38,0,933,13,16,6,4,1,2,45,63.65,1
0,0,28,0,427,29,15,21,3,1,1,25,11.211,1
5,0,24,0,305,6,18,2,4,1,2,45,52.775,0
0,0,33,2,251,39,0,45,2,1,2,25,238.138,1
7,0,32,0,2810,33,0,11,3,1,2,30,113.72,1
0,0,32,0,1975,24,0,14,2,1,2,25,89.955,1
14,1,38,0,955,58,0,6,2,1,1,25,77.08,1
12,0,32,0,0,18,10,9,4,1,1,45,74.184,1
0,1,33,0,3857,0,12,7,2,1,1,45,154.508,1
0,1,31,0,0,3,0,31,4,1,2,30,230.951,1
0,0,30,0,6365,85,0,16,4,1,1,45,161.25,0
20,0,23,0,4355,46,0,1,3,2,2,30,987.255,1
5,0,36,0,0,0,6,19,2,1,2,25,113.919,1
0,1,31,2,0,0,0,7,3,1,2,25,144.914,1
11,0,38,2,14373,179,21,59,3,1,1,30,666.08,0
0,0,4,0,3857,19,0,22,3,1,1,30,31.703,1
1,1,35,0,0,37,0,18,4,1,2,30,112.375,1
0,0,33,0,0,0,0,0,2,1,2,25,0.0,1
0,0,29,0,0,12,0,17,3,1,2,30,38.898,1
22,0,34,3,15770,238,1,79,2,1,1,25,724.86,0
17,0,39,2,4485,93,40,28,3,1,1,30,343.12,0
8,0,38,1,2163,32,16,11,4,1,1,45,94.875,0
15,0,41,2,5818,104,34,25,3,1,1,30,372.88,0
5,0,9,1,1677,20,9,10,3,1,1,30,103.88,1
0,1,8,1,134,3,0,18,2,1,2,30,0.0,1
0,0,30,0,791,34,8,24,5,1,1,25,212.253,1
0,0,27,0,0,0,0,46,2,2,2,30,9.015,1
1,0,25,0,1020,2,8,0,2,1,2,25,332.029,1
15,1,30,0,0,33,0,27,2,1,2,30,62.667,1
0,0,36,0,438,6,0,1,4,1,2,45,11.1,1
5,0,25,0,1973,44,31,66,4,1,1,45,127.925,0
0,0,35,0,0,0,2,0,2,1,2,25,9.0,1
12,0,42,2,3855,84,42,32,3,1,1,30,325.56,0
9,0,33,1,15530,178,142,26,2,1,1,25,1345.86,0
0,0,30,0,5770,80,0,20,4,1,1,45,146.25,0
12,1,38,1,2328,47,39,33,3,1,1,30,251.0,1
3,0,36,1,6528,75,133,39,2,1,1,25,895.635,0
1,0,35,0,1033,12,10,2,4,1,2,45,51.125,1
3,0,36,2,3390,31,497,21,3,1,1,30,2124.84,0
0,0,3,0,1255,39,65,28,3,1,2,25,291.696,1
24,1,38,9,10495,96,6,44,5,2,1,55,167.865,0
6,0,39,1,1697,29,3,41,3,1,1,30,0.0,1
1,0,31,0,4043,2,7,0,2,1,2,25,95.888,1
25,1,31,0,1639,32,4,18,3,1,2,30,341.288,1
18,0,21,2,9318,179,90,46,5,1,1,55,277.455,0
15,0,45,2,4675,83,20,20,3,1,1,30,270.32,0
4,0,37,1,0,69,41,17,3,1,2,45,285.42,1
9,0,37,0,2383,50,66,35,4,1,2,45,225.825,1
5,1,32,0,5453,89,14,20,2,1,1,25,312.39,1
0,0,27,0,2163,35,0,28,2,1,2,25,48.588,1
1,0,31,3,2582,60,15,14,2,1,1,30,287.241,1
2,0,36,0,6008,64,83,37,2,1,1,25,646.74,0
1,1,35,4,0,63,0,35,2,1,1,25,109.979,1
1,0,28,0,1190,38,197,14,2,2,1,25,941.76,0
0,0,39,0,1730,0,30,18,2,1,2,25,124.327,1
0,0,31,0,405,2,0,5,2,1,2,25,18.315,0
5,0,20,1,1755,29,33,16,2,1,1,25,228.78,0
19,0,39,3,3358,76,387,41,3,1,1,30,1685.36,0
0,1,28,0,0,11,0,0,4,1,2,25,234.265,1
8,0,24,1,1793,43,27,66,4,1,1,45,113.4,0
0,0,37,0,875,14,0,11,2,1,2,25,40.005,0
0,1,33,0,0,0,0,0,2,1,2,25,0.0,1
2,0,42,0,665,18,21,12,3,1,2,30,111.32,0
0,0,36,0,2190,11,455,5,3,1,1,30,1908.04,0
3,0,27,1,933,26,0,13,3,2,2,25,135.291,1
0,0,23,0,1814,84,0,31,2,1,2,25,176.485,1
0,0,28,0,6300,83,0,15,4,1,1,45,159.575,0
1,0,35,0,2590,53,200,25,2,1,1,25,1018.935,0
0,0,34,0,0,0,0,0,4,1,2,45,0.0,1
0,1,31,1,1400,0,8,46,3,1,2,25,72.355,1
0,1,35,0,302,9,11,0,2,1,2,45,209.116,1
7,0,42,1,4470,87,10,29,3,1,1,30,222.28,0
2,0,22,0,0,53,7,43,2,1,2,25,35.873,1
0,0,25,0,1010,30,186,9,2,2,1,25,883.8,0
4,1,39,0,0,0,0,27,3,1,1,45,154.974,1
8,0,33,1,6763,71,100,33,2,1,1,25,757.53,0
0,1,32,0,0,0,0,11,4,1,1,45,278.769,1
0,0,23,0,0,21,0,34,2,1,1,45,0.045,1
0,0,45,3,291,68,0,41,2,1,2,30,157.256,1
13,0,37,2,5933,104,58,28,3,1,1,30,473.48,0
6,0,36,0,0,55,34,45,3,1,2,55,71.804,1
9,0,16,0,8808,173,77,43,4,1,1,45,417.025,0
1,1,37,0,1139,28,0,48,4,1,2,45,139.724,1
14,0,20,1,8932,177,81,41,5,1,1,55,258.135,0
11,0,15,0,6087,135,78,40,1,2,1,15,771.21,0
0,1,33,0,1385,0,0,5,5,1,2,30,207.916,1
0,1,30,0,4380,30,103,7,2,1,1,25,141.295,1
0,0,36,0,81,41,1,39,3,1,2,30,0.0,1
10,0,42,2,6718,81,116,38,2,1,1,25,827.955,0
7,0,37,1,2378,36,8,6,4,1,1,45,80.35,0
7,0,14,0,8743,171,98,42,5,1,1,55,280.71,0
3,0,32,0,6670,91,0,18,4,1,1,45,169.025,0
7,0,13,0,8627,165,66,38,4,1,1,45,384.8,0
1,1,27,0,550,48,0,44,4,1,2,25,247.108,1
14,1,37,0,3295,47,16,18,3,1,2,30,197.68,1
3,0,35,0,4123,87,3,26,2,1,1,25,202.95,0
2,0,30,1,6008,12,0,22,2,1,2,45,0.0,1
2,1,34,0,6008,46,0,24,2,1,2,30,243.634,1
3,1,29,0,2605,33,0,10,2,1,2,25,118.71,1
7,0,40,2,3155,30,488,10,3,1,1,30,2079.4,0
3,1,30,0,4635,14,23,24,2,1,1,30,165.736,1
7,0,29,3,0,27,16,19,2,1,2,25,134.364,1
0,0,38,0,465,11,11,8,2,1,1,25,70.92,0
3,0,39,0,5793,97,11,15,2,1,1,25,314.55,0
0,0,25,0,858,28,5,68,4,1,1,45,34.65,0
5,1,32,1,3742,22,0,14,3,1,2,30,570.259,1
18,0,30,0,535,35,0,11,2,1,2,25,25.65,1
16,0,20,5,3218,54,43,23,3,2,1,30,302.88,0
18,0,29,2,1590,41,31,17,2,1,1,25,212.895,0
0,1,32,0,0,0,0,0,3,1,2,30,0.0,1
0,0,28,0,1260,64,8,4,2,1,2,25,199.505,1
0,0,3,0,1199,4,0,30,2,1,2,25,189.495,1
1,0,9,2,799,36,4,8,4,1,2,30,0.0,1
0,1,3,2,12,37,0,27,2,1,1,25,77.708,1
1,1,25,1,64,28,13,43,2,1,2,25,230.745,1
0,0,32,0,4530,46,0,28,2,1,1,30,29.528,1
0,1,31,0,197,39,11,42,4,1,2,30,59.099,1
2,1,30,0,2505,27,0,9,2,1,2,25,113.94,1
0,0,29,0,3413,70,0,25,2,1,1,25,156.735,0
2,0,31,0,308,48,8,25,2,1,2,45,186.884,1
0,0,42,0,13,5,8,3,3,1,2,30,32.72,0
0,0,35,0,6603,111,356,26,2,1,1,25,1904.13,0
3,0,41,0,5613,95,8,11,3,1,1,30,260.32,0
0,1,34,0,1424,14,0,15,4,1,2,45,297.874,1
13,0,43,0,2230,60,60,28,4,1,2,45,207.25,0
0,0,34,0,1438,43,327,22,2,1,1,25,1538.145,0
0,1,30,0,924,43,2,23,2,1,2,25,987.255,1
12,0,15,0,8933,171,73,40,4,1,1,45,410.1,0
3,1,31,0,284,0,22,48,2,1,2,45,21.071,1
15,0,27,1,1530,38,26,15,2,1,1,25,187.56,0
0,1,22,0,0,0,0,0,2,1,2,30,207.109,1
14,0,40,0,2543,60,15,19,3,1,2,30,164.12,0
32,0,45,5,15445,237,69,35,3,2,1,30,903.28,0
0,0,34,0,997,62,0,38,2,1,2,30,84.386,1
7,0,12,0,8513,159,34,34,4,1,1,45,301.8,0
10,0,38,2,6518,105,28,27,3,1,1,30,376.92,0
0,1,14,0,4936,34,5,17,3,1,2,30,247.142,1
0,0,27,0,288,62,14,44,3,1,2,25,169.279,1
0,1,30,0,1111,32,21,29,2,1,2,55,290.307,1
5,0,36,1,1913,28,7,6,4,1,1,45,66.025,0
5,0,37,0,2765,44,286,16,3,1,1,30,1256.36,0
6,1,27,0,0,33,14,5,2,2,1,25,247.212,1
8,0,38,1,6163,98,9,12,3,1,1,30,286.44,0
0,0,37,0,0,32,2,15,3,1,1,30,0.0,1
0,0,37,0,0,0,0,0,2,1,2,25,0.0,0
0,0,8,0,248,75,8,27,2,1,1,25,176.028,1
0,0,26,1,0,50,10,8,2,1,1,45,15.353,1
4,0,26,0,1425,20,42,18,4,1,2,45,141.125,0
0,1,40,0,1895,18,28,3,2,1,1,25,44.24,1
19,0,16,2,6518,139,81,39,2,2,1,25,664.065,0
0,0,16,0,1200,19,12,9,2,1,1,25,108.855,0
5,0,33,1,7553,123,376,39,2,1,1,25,2037.42,0
1,0,34,0,2840,22,0,14,3,1,1,30,114.48,0
7,0,37,0,4400,77,0,21,3,1,1,30,179.08,0
5,0,30,1,1648,41,40,72,4,1,1,45,142.225,0
3,0,33,1,6785,97,14,22,5,1,1,55,124.23,0
0,0,33,0,0,0,0,0,5,1,1,55,0.0,0
0,1,36,0,310,0,0,25,3,1,2,30,74.676,1
0,0,33,2,6255,105,246,33,2,2,1,25,1393.2,0
6,1,28,0,2,58,3,7,2,1,2,30,61.926,1
11,1,39,0,2448,52,45,36,3,1,2,30,280.0,1
0,0,35,0,996,43,11,9,2,1,1,55,0.0,1
1,0,37,1,1403,21,0,34,2,1,2,45,453.362,1
2,0,25,0,0,25,0,29,3,1,1,25,109.306,1
0,0,28,2,595,19,12,24,2,1,2,45,460.826,1
0,0,39,0,323,7,10,3,4,1,2,45,33.25,1
2,0,36,0,2180,43,154,8,2,1,1,25,793.035,0
2,1,41,0,0,21,2,31,2,1,1,30,338.673,1
0,0,41,0,830,18,8,15,2,1,2,25,74.16,0
3,0,38,0,248,7,0,1,3,1,2,30,10.2,1
0,0,34,0,2730,18,471,4,3,1,1,30,1993.92,0
0,0,34,0,568,4,4,2,4,1,2,45,24.3,1
3,1,9,1,1487,19,0,7,3,1,1,30,60.24,1
0,1,32,0,0,5,0,5,2,1,2,25,0.0,1
0,0,37,0,875,14,0,11,2,1,2,25,40.005,1
0,1,26,1,1326,33,9,30,2,1,2,30,79.046,1
7,0,40,1,2420,42,290,20,3,1,1,30,1258.48,0
0,1,31,0,3895,12,0,21,4,2,2,30,74.787,1
10,0,19,3,3033,53,42,24,3,1,1,30,291.44,0
3,0,5,0,1353,91,5,27,3,1,2,30,0.0,1
0,0,36,0,0,2,28,8,2,1,2,25,77.748,1
15,0,38,1,16195,193,158,30,2,1,1,25,1448.46,0
1,0,7,2,4685,44,229,23,3,1,1,30,1105.16,0
2,1,33,0,4803,81,0,22,2,1,1,25,219.78,1
15,0,36,6,7870,132,299,50,3,2,1,30,1516.08,0
0,0,32,0,0,0,0,0,2,1,2,25,0.0,1
0,0,35,0,3355,54,0,15,2,1,1,25,153.405,0
0,0,36,0,4874,0,2,8,3,1,1,30,40.025,1
7,0,40,2,3210,32,481,7,3,1,1,30,2053.68,0
8,0,20,3,2808,49,39,23,3,1,1,30,270.28,0
1,0,32,0,13388,161,0,38,3,1,1,30,541.96,0
11,0,41,2,6338,107,46,18,3,1,1,30,441.8,0
7,0,29,2,1430,41,191,10,3,2,1,30,822.84,0
6,0,24,0,0,0,15,19,2,1,1,30,216.902,1
11,0,36,4,7270,122,278,35,3,2,1,30,1407.68,0
0,0,34,0,3759,1,3,11,4,1,1,45,200.479,1
4,0,12,1,4570,48,226,15,3,1,1,30,1088.72,0
11,0,37,0,4603,71,2,33,1,1,1,15,268.07,0
14,0,28,1,15060,221,0,78,2,1,1,25,687.645,0
0,0,30,0,0,0,0,0,2,1,2,25,0.0,1
4,0,40,0,4145,67,8,19,2,1,1,25,225.54,0
0,1,31,1,3871,64,0,30,2,1,1,30,283.308,1
1,1,32,1,837,36,0,29,3,1,2,30,117.303,1
7,0,11,2,4695,46,222,12,3,1,1,30,1077.64,0
3,0,26,2,5756,81,0,4,2,1,2,25,465.956,1
0,0,36,0,405,8,6,6,2,1,2,25,45.585,0
1,1,30,1,137,22,38,40,2,1,2,25,65.738,1
0,0,24,0,0,0,5,0,4,1,2,45,12.5,0
0,1,33,0,882,0,0,20,2,1,2,30,77.835,1
5,0,38,1,4270,80,0,25,3,1,1,30,174.0,0
9,1,42,0,2193,58,16,21,3,1,2,30,154.04,0
0,0,40,0,0,45,0,22,3,1,1,55,281.665,1
7,0,37,1,11465,154,11,47,4,1,1,45,317.975,0
11,0,41,3,6865,95,198,30,3,1,1,30,1070.4,0
6,0,38,1,2605,42,287,18,3,1,1,30,1253.88,0
2,0,24,0,3110,55,0,19,3,1,1,30,126.6,0
6,1,29,0,2697,40,10,7,4,1,1,30,261.549,1
0,0,33,2,219,35,0,48,2,1,2,25,359.158,1
4,0,40,1,4915,51,18,48,2,1,2,30,66.065,1
9,0,28,0,0,0,0,25,4,1,2,25,12.35,1
8,0,10,2,5100,51,223,10,3,1,1,30,1098.04,0
2,1,32,0,431,2,0,13,2,1,2,45,70.544,1
6,0,38,1,1973,31,7,8,4,1,1,45,67.6,0
0,0,28,0,0,6,26,11,3,1,2,25,108.458,1
8,0,43,1,954,1,4,6,3,1,2,25,117.059,1
21,1,40,8,10390,97,9,46,5,2,1,55,170.805,0
6,0,33,0,2930,38,4,14,2,1,2,25,151.56,1
3,0,37,0,2655,55,179,26,2,1,1,25,927.45,0
0,0,36,0,1898,51,0,28,1,1,1,15,107.195,0
9,0,37,1,11710,157,13,47,4,1,1,45,329.175,0
13,0,41,2,4790,83,44,23,3,1,1,30,370.92,0
0,0,31,0,6670,92,16,23,4,1,1,45,209.05,0
5,0,37,0,1370,40,24,7,3,1,2,30,152.4,0
0,0,28,0,1081,25,0,48,3,1,2,25,227.664,1
7,0,38,2,2993,68,23,48,2,1,1,25,241.245,0
0,1,32,3,3659,0,8,43,3,1,1,30,315.709,1
0,0,12,0,1310,18,11,8,2,1,1,25,109.26,0
0,1,33,0,484,0,0,20,3,1,1,45,40.399,1
1,0,27,3,140,64,0,18,2,1,1,30,33.92,1
0,1,28,0,3918,20,0,34,2,1,2,25,185.703,1
6,1,31,0,2439,1,0,9,2,1,1,30,130.944,1
22,0,34,0,550,42,0,19,3,1,2,30,23.68,1
0,0,37,0,613,9,21,17,2,1,2,25,122.49,0
11,0,40,1,6223,101,14,14,3,1,1,30,308.96,0
0,0,31,0,5880,81,0,5,4,1,1,45,149.025,0
3,0,36,0,5858,92,2,10,2,1,1,25,276.75,0
8,0,35,1,8810,115,137,41,3,1,1,30,905.0,0
2,0,25,0,1780,22,31,13,3,1,1,25,217.325,1
0,0,27,0,2535,10,0,11,3,1,1,30,101.8,0
29,1,39,0,1340,55,33,23,3,1,2,30,187.8,1
0,1,29,0,0,23,0,47,3,1,2,45,146.446,1
25,0,35,3,16030,242,8,84,2,1,1,25,768.24,0
4,0,41,1,7588,129,394,47,3,1,1,30,1884.68,0
3,0,30,0,2148,48,344,21,2,1,1,25,1646.82,0
0,0,3,0,5799,16,5,13,3,1,2,25,88.689,1
0,0,36,2,0,52,17,34,3,1,2,25,390.257,1
1,0,33,0,15120,173,138,26,2,1,1,25,1309.185,0
3,0,38,0,743,12,7,3,4,1,2,45,36.375,1
1,1,26,0,1227,12,0,4,3,1,1,30,14.596,1
5,0,13,0,8437,164,57,35,4,1,1,45,357.525,0
8,0,35,0,4018,58,0,30,1,1,1,15,224.18,0
10,0,13,3,4755,49,227,14,3,1,1,30,1100.16,0
14,1,42,0,2528,54,49,37,4,1,2,45,187.05,1
0,0,27,0,0,0,0,5,2,1,2,25,0.0,1
1,0,24,0,1453,34,32,69,4,1,1,45,117.175,0
0,0,32,2,2823,40,2,41,3,1,1,30,163.503,1
9,1,36,0,3105,47,41,20,3,1,2,30,290.08,1
9,0,36,0,2268,44,34,31,3,1,2,30,228.48,1
22,1,28,0,0,10,19,33,2,1,1,30,477.517,1
0,0,23,0,0,0,0,0,2,1,1,25,0.0,0
11,0,42,1,3040,63,190,29,2,1,1,25,994.635,0
0,1,21,0,1576,81,14,30,2,1,1,25,272.522,1
1,0,32,2,1330,12,0,27,2,1,2,30,280.573,1
0,0,35,0,3528,82,27,30,3,1,1,30,252.4,0
2,0,38,1,6095,81,168,28,3,1,1,30,919.04,0
7,0,42,0,485,14,18,7,2,1,2,25,103.455,1
8,0,41,0,6098,103,18,17,3,1,1,30,320.04,0
4,0,25,0,1453,33,0,64,4,1,1,45,37.15,0
0,0,30,0,3950,67,0,17,3,1,1,30,160.68,0
0,0,36,0,685,14,25,13,2,1,2,25,143.955,0
0,1,38,3,1942,43,6,14,2,1,2,25,82.685,1
8,0,41,1,6673,79,116,41,2,1,1,25,825.84,0
11,0,28,0,924,99,0,16,2,1,2,25,261.245,1
3,0,31,0,3217,22,9,11,3,1,2,45,173.832,1
13,0,36,1,5818,98,26,24,2,1,1,25,383.22,1
0,1,29,0,5209,15,0,5,3,1,2,30,381.94,1
0,0,17,0,2660,45,0,15,3,1,1,30,108.2,0
10,0,35,0,14078,169,0,45,3,1,1,30,569.88,0
2,0,40,0,1055,22,11,16,2,1,2,25,97.965,0
5,1,28,2,6008,5,9,23,2,1,2,30,248.454,1
3,0,34,0,2665,48,177,24,2,1,1,25,918.585,0
0,0,29,0,0,36,0,18,3,1,2,25,138.337,1
0,0,31,0,6115,78,169,20,3,1,1,30,923.72,0
0,0,36,0,153,0,0,8,4,1,2,45,305.263,1
0,0,35,0,4470,1,0,41,2,1,2,30,112.229,1
0,0,28,0,782,39,42,31,2,1,2,30,284.194,1
11,1,29,0,1364,12,0,2,3,1,2,30,273.15,1
13,0,43,2,3775,88,40,29,3,1,1,30,314.52,0
8,1,27,2,0,19,28,48,4,1,2,25,213.154,1
15,0,36,1,4000,86,29,26,3,1,1,30,279.44,0
4,0,20,0,395,13,0,4,2,1,2,25,18.36,0
0,0,25,0,0,1,11,27,3,1,1,25,325.367,1
18,0,43,2,4260,96,50,35,3,1,1,30,374.24,0
6,0,25,0,395,19,3,5,2,1,2,25,32.13,0
19,0,31,2,1065,34,22,11,3,1,1,30,131.96,0
15,0,39,1,2758,66,366,26,3,1,1,30,1576.96,0
14,0,44,3,11770,166,26,50,4,1,1,45,363.4,0
26,0,39,10,10855,105,40,48,5,2,1,55,224.4,0
0,0,25,0,0,0,0,47,2,1,1,45,196.666,1
11,0,20,3,2600,42,56,31,3,1,1,30,329.68,0
18,0,34,7,10320,88,3,43,4,1,1,45,267.7,0
8,0,41,2,2813,70,41,39,2,1,1,25,314.235,0
6,0,33,0,4370,65,0,16,2,1,1,25,199.575,0
0,0,39,0,0,19,33,26,2,2,2,30,190.776,1
0,0,34,0,1025,30,5,31,3,1,2,30,0.0,1
13,0,44,2,14158,177,17,50,3,1,1,30,641.4,0
0,0,42,2,881,61,30,13,2,1,2,25,242.101,1
0,0,32,0,0,28,5,45,3,1,2,25,467.283,1
6,0,24,0,280,13,0,1,2,1,2,25,13.185,0
0,0,36,0,1423,22,0,6,3,1,1,30,57.8,0
21,0,35,0,1265,41,32,15,3,1,2,30,180.24,0
11,0,42,2,2758,67,14,37,2,1,1,25,190.125,0
11,0,27,1,930,28,7,2,2,1,1,25,74.61,0
20,0,31,0,840,42,18,18,2,1,2,25,120.69,1
5,0,41,0,2573,66,13,38,1,1,1,15,216.645,0
9,0,42,2,11465,160,19,48,4,1,1,45,338.125,0
6,0,38,1,1973,31,7,8,4,1,1,45,67.6,0
4,0,21,0,1875,34,39,19,2,1,1,25,261.405,0
2,0,10,2,4505,46,247,14,3,1,1,30,1170.04,0
10,0,37,0,2643,59,9,15,3,1,2,30,144.08,0
3,0,8,1,4795,45,216,8,3,1,1,30,1057.6,0
16,0,39,1,3965,82,7,26,3,1,1,30,189.88,0
0,0,24,0,6008,44,0,14,3,1,1,30,67.39,1
34,0,37,2,0,33,0,18,3,1,1,30,73.502,1
9,0,27,1,3720,68,24,28,3,1,1,30,247.52,0
2,0,36,0,3718,82,2,28,2,1,1,25,180.0,0
0,0,28,1,0,0,10,30,2,1,2,25,207.388,1
0,0,16,0,1390,20,21,12,2,1,1,25,157.95,0
8,1,6,0,1929,31,0,28,3,1,2,30,72.65,1
12,0,41,3,4935,95,41,31,4,1,1,45,228.25,0
7,1,3,0,3177,2,0,0,2,1,1,30,140.367,1
5,0,38,0,2583,59,11,36,1,1,1,15,205.81,0
8,1,33,0,6008,41,5,13,3,1,2,45,128.474,1
2,0,4,1,6008,35,8,45,3,1,2,25,0.0,1
6,0,37,0,1853,50,338,9,2,1,1,25,1606.635,0
0,0,32,0,1131,33,0,31,3,1,1,45,210.095,1
0,0,35,0,6195,80,179,24,3,1,1,30,967.0,0
22,0,30,0,0,50,5,35,3,1,2,30,275.818,1
19,1,24,0,3524,47,6,22,2,1,2,25,173.037,1
7,1,34,4,1295,2,35,0,3,1,1,45,220.287,1
8,0,37,0,1970,50,45,22,3,1,2,30,260.8,0
6,0,18,2,2295,36,49,29,2,1,1,25,325.395,0
0,0,29,0,375,90,0,10,2,1,2,30,431.311,1
16,0,29,0,1005,31,17,9,3,1,2,30,109.44,0
4,0,29,0,2261,36,0,7,3,1,1,30,81.462,1
0,0,38,1,0,0,7,0,5,1,1,55,10.5,0
0,0,29,0,2132,24,0,46,3,1,2,25,216.299,1
6,0,30,0,1401,21,0,3,2,1,1,25,923.729,1
3,0,33,0,438,2,0,3,3,1,2,30,17.6,1
6,0,37,0,1780,49,36,19,3,1,2,30,217.16,0
0,1,22,0,105,2,0,6,3,1,2,25,495.381,1
8,0,36,0,1855,44,13,18,3,1,2,30,127.96,0
2,0,26,0,1015,11,30,6,4,1,2,45,100.65,0
0,0,30,0,0,18,25,2,2,1,2,25,244.831,1
2,0,41,2,338,10,12,3,5,1,1,55,23.22,0
0,0,31,0,2420,10,0,8,3,1,1,30,97.2,0
1,0,5,0,4310,38,205,6,3,1,1,30,993.92,0
0,0,12,0,300,44,12,22,2,1,1,25,18.798,1
8,1,31,0,0,35,7,4,3,1,2,25,44.689,1
0,0,37,3,78,34,16,28,3,1,2,25,45.087,1
12,0,44,2,4283,98,24,36,3,1,1,30,271.24,0
4,0,37,0,2798,63,3,31,1,1,1,15,173.855,0
4,1,3,2,0,1,0,7,3,1,2,30,46.25,1
1,1,26,1,802,30,0,8,3,1,1,45,405.309,1
0,0,34,0,0,0,0,0,5,1,1,55,0.0,0
16,1,43,0,0,48,0,37,3,1,2,25,0.0,1
20,0,28,1,15655,226,0,74,2,1,1,25,714.645,0
11,0,34,0,0,14,3,48,4,1,2,25,165.411,1
0,0,21,0,825,4,13,2,4,1,2,45,53.225,0
15,0,43,2,15870,190,167,36,2,1,1,25,1474.2,0
10,0,45,2,2698,70,17,36,2,1,1,25,201.06,0
0,0,33,0,0,0,0,0,2,1,2,25,0.0,0
3,0,30,0,1883,36,17,25,3,1,2,30,144.76,1
1,0,27,3,4268,6,0,6,2,1,2,45,134.732,1
0,0,30,0,0,26,38,34,2,1,1,45,245.604,1
0,0,32,0,971,15,1,0,3,1,1,45,81.064,1
0,0,32,0,0,40,0,47,4,1,2,30,361.378,1
21,0,31,1,15475,228,0,65,2,1,1,25,706.635,0
9,0,27,0,1758,39,7,66,4,1,1,45,62.425,0
10,1,32,0,50,15,0,14,2,1,2,25,190.207,1
5,0,39,0,7213,123,370,30,3,1,1,30,1773.44,0
8,0,34,0,2158,52,0,13,3,1,2,30,88.4,0
13,0,35,1,15710,186,147,28,2,1,1,25,1376.82,0
0,0,33,0,0,5,1,4,3,1,1,30,183.834,1
0,1,37,0,0,48,4,8,2,1,2,25,160.977,1
17,0,27,1,15710,229,0,76,2,1,1,25,717.255,0
8,0,38,3,3695,37,504,23,3,1,1,30,2165.28,0
0,0,36,0,7318,127,409,45,3,1,1,30,1933.8,0
1,0,36,0,0,10,52,23,4,1,2,30,324.68,1
16,0,38,2,5933,103,24,23,2,1,1,25,379.62,0
0,0,37,2,453,10,36,6,5,1,1,55,60.945,0
2,0,31,0,0,89,0,29,2,1,2,25,71.786,1
3,0,35,0,1665,44,38,20,3,1,2,30,220.36,0
12,0,36,1,4595,75,7,15,3,1,1,30,214.8,0
1,0,33,0,2249,46,0,28,5,1,2,30,266.19,1
0,1,40,0,340,1,0,14,4,1,1,45,42.113,1
5,0,35,1,4335,75,0,20,3,1,1,30,176.4,0
7,0,38,0,2048,53,0,14,3,1,2,30,84.04,0
24,0,26,0,543,15,0,48,2,1,2,30,987.255,1
0,1,43,0,0,31,0,18,3,1,2,25,21.748,1
8,0,34,0,2273,52,348,19,3,1,1,30,1485.0,0
8,0,35,2,7090,103,21,24,5,1,1,55,139.395,0
0,0,37,0,1650,28,260,18,3,1,1,30,1107.12,0
18,0,39,3,9420,127,151,45,3,1,1,30,985.88,0
22,1,39,5,10020,137,172,60,3,1,1,30,1094.28,0
8,0,19,1,2405,37,36,14,2,1,1,25,271.89,0
1,0,36,0,1668,25,0,6,3,1,1,30,67.72,0
4,1,28,1,155,27,7,4,4,1,2,30,256.532,1
2,0,34,0,11045,142,0,41,3,1,1,30,447.48,0
10,0,33,0,3775,22,0,30,3,1,2,25,115.954,1
23,0,25,0,920,3,0,31,2,1,1,55,0.0,1
0,1,12,1,0,0,0,3,4,1,2,30,131.965,1
12,0,34,0,626,39,11,7,2,1,1,30,291.841,1
1,0,31,0,11080,146,0,41,3,1,1,30,449.04,0
4,0,38,1,3095,27,483,8,3,1,1,30,2056.88,0
0,0,25,0,2980,58,6,23,3,1,1,30,145.52,0
5,0,36,0,3893,60,0,33,1,1,1,15,217.415,0
2,0,37,0,1065,15,9,14,2,1,2,25,89.1,0
0,0,10,0,5516,56,0,7,3,1,2,45,335.889,1
7,0,27,0,100,15,0,3,2,1,2,25,5.175,0
0,0,33,0,1898,0,22,39,2,1,1,45,71.017,1
0,0,37,0,473,12,27,43,3,1,2,25,214.912,1
18,0,42,2,6078,108,41,30,2,1,1,25,462.87,0
0,0,36,0,1228,41,0,48,2,1,2,30,7.145,1
8,0,17,4,2968,51,63,23,3,2,1,30,372.76,0
5,0,31,0,2648,46,0,42,3,1,2,30,0.0,1
14,1,41,0,3250,51,24,22,3,1,2,30,228.04,1
23,1,27,0,396,63,0,8,3,1,2,30,57.541,1
0,0,7,0,4330,37,210,8,3,1,1,30,1014.68,0
5,0,39,0,116,0,0,10,4,1,2,30,27.759,1
0,1,27,1,395,33,27,29,2,1,2,30,248.748,1
5,0,38,0,305,6,7,2,3,1,2,30,40.44,0
9,0,43,3,6885,94,203,32,3,1,1,30,1091.16,0
4,0,31,0,6008,48,62,44,4,1,1,30,41.381,1
0,0,24,0,0,25,10,46,3,1,1,45,273.796,1
1,0,37,1,6310,85,177,23,3,1,1,30,963.8,0
11,0,36,0,2858,65,360,22,2,1,1,25,1751.535,0
13,0,28,2,4240,78,23,25,3,1,1,30,264.72,0
0,0,37,0,223,2,0,6,4,1,2,45,5.625,1
0,1,30,3,1339,46,6,26,2,1,2,25,64.632,1
20,0,40,4,4680,98,60,45,3,1,1,30,431.12,0
3,0,41,1,1668,31,8,7,4,1,1,45,62.475,0
1,0,26,0,2612,0,0,9,2,2,1,45,112.915,1
0,0,34,0,695,6,0,6,2,1,2,25,31.545,0
0,1,26,0,0,26,0,10,3,1,2,45,0.0,1
0,0,45,0,0,25,0,9,3,1,2,30,33.908,1
4,0,36,0,3280,75,16,23,2,1,1,25,222.975,0
7,0,39,2,4630,89,34,29,3,1,1,30,324.76,0
0,0,24,0,305,100,0,30,2,1,2,30,364.323,1
7,0,23,0,1165,29,14,11,2,1,1,25,116.73,0
1,0,30,0,905,12,31,7,4,1,2,45,100.425,0
12,0,35,0,2543,54,7,18,3,1,2,30,131.88,0
0,1,27,0,89,47,0,17,3,1,2,45,69.359,1
0,0,35,0,6440,83,181,24,3,1,1,30,984.92,0
0,0,25,0,458,8,0,22,2,1,1,30,201.167,1
22,0,41,3,4790,99,47,30,3,1,1,30,383.56,0
0,0,38,2,0,0,204,1,2,1,2,30,241.468,1
13,0,35,0,4503,66,0,36,1,1,1,15,251.295,0
0,0,33,0,0,0,0,0,3,1,2,30,0.0,1
15,0,38,3,3685,69,203,40,2,1,1,25,1082.43,0
20,0,15,1,6618,145,82,40,2,2,1,25,673.335,0
4,0,36,0,6008,34,0,36,2,1,1,30,212.711,1
27,0,20,3,7407,158,100,44,2,2,1,25,790.425,0
0,0,39,0,318,5,7,4,2,1,2,25,46.035,0
10,0,5,0,0,0,1,14,3,1,2,30,107.183,1
0,0,37,0,533,45,0,29,3,1,2,30,45.332,1
13,0,28,3,2473,55,58,85,5,1,1,55,124.92,0
1,0,39,1,26,20,5,41,2,1,1,45,265.309,1
3,1,27,0,1006,30,4,34,3,1,1,30,89.192,1
9,1,15,3,1873,27,17,13,3,1,1,30,144.0,1
0,0,35,1,0,9,0,15,2,1,2,55,22.497,1
6,0,32,1,8630,107,126,36,3,1,1,30,853.48,0
1,1,28,2,1981,18,11,11,4,1,2,30,355.705,1
0,0,33,0,710,8,5,7,2,1,2,25,54.81,0
14,0,15,1,9178,174,75,40,5,1,1,55,252.78,0
0,0,25,0,0,81,0,40,2,1,1,30,198.898,1
0,1,37,0,315,29,0,23,3,1,2,30,252.209,1
0,0,31,0,0,9,2,27,2,1,2,30,505.513,1
1,0,34,0,2475,47,168,21,2,1,1,25,869.49,0
1,0,42,0,0,7,1,8,5,2,2,25,128.886,1
11,1,40,4,7225,126,286,39,3,2,1,30,1438.04,0
4,0,38,1,3095,27,483,8,3,1,1,30,2056.88,0
0,0,30,0,610,6,21,33,4,1,2,25,36.28,1
0,0,30,0,0,51,12,24,3,1,2,30,189.451,1
15,0,38,0,2643,60,334,22,2,1,1,25,1624.635,0
8,0,36,0,0,0,0,30,3,1,2,30,378.782,1
0,0,29,0,1268,19,0,18,4,1,1,55,317.467,1
5,1,36,1,0,37,7,13,3,1,2,30,102.997,1
1,0,29,2,0,57,0,2,3,1,2,30,0.0,1
3,0,35,0,6413,69,101,35,2,1,1,25,746.19,0
2,0,33,0,7428,125,374,39,2,1,1,25,2022.885,0
0,0,3,0,0,39,7,15,2,1,2,25,0.0,1
1,0,34,0,1795,28,22,12,2,1,1,45,117.863,1
0,1,27,0,430,8,0,22,5,1,1,25,292.942,1
0,0,34,0,1173,18,0,1,3,1,1,30,47.64,0
14,0,40,2,15905,194,189,36,3,1,1,30,1399.96,0
9,0,41,0,13953,177,11,49,3,1,1,30,609.2,0
5,0,27,1,3285,64,13,25,3,1,1,30,185.96,0
13,0,28,0,0,0,1,36,3,1,2,45,81.283,1
0,0,37,0,213,6,8,5,5,1,1,55,15.285,0
0,0,38,0,110,4,0,1,2,1,2,25,5.13,0
5,0,33,0,13773,163,0,43,3,1,1,30,557.44,0
6,0,30,0,8810,109,129,40,3,1,1,30,872.76,0
18,1,29,0,1374,51,22,32,3,1,1,25,127.267,1
2,0,31,0,418,33,6,48,2,2,1,30,271.904,1
8,1,34,0,5513,92,19,22,2,1,1,25,337.725,1
0,0,24,1,0,2,0,22,3,1,1,25,4.977,1
0,1,34,1,6008,76,90,16,4,1,2,25,317.805,1
0,0,34,0,659,72,0,25,3,1,1,30,234.927,1
0,1,37,0,264,12,0,37,3,1,2,25,27.899,1
0,1,14,0,3759,7,43,15,3,1,1,25,233.839,1
31,1,32,0,3854,37,5,6,2,1,1,30,199.7,1
8,0,25,1,1540,40,190,9,3,2,1,30,823.2,0
17,0,30,1,1710,46,37,20,2,1,1,25,245.52,0
1,0,35,0,5498,83,0,6,2,1,1,25,251.145,0
0,0,3,0,3873,31,10,9,2,1,2,25,52.937,1
14,0,40,2,8523,144,399,45,3,1,1,30,1942.68,0
8,0,10,1,1678,19,7,5,3,1,1,30,95.88,1
8,0,36,0,2970,54,184,26,2,1,1,25,964.08,0
20,0,35,0,3500,0,11,14,2,1,2,45,166.999,1
1,1,40,0,79,0,0,22,4,1,2,25,296.321,1
12,0,16,5,3453,55,52,34,3,1,1,30,348.32,0
4,0,36,0,1933,48,1,15,3,1,2,30,83.24,0
11,1,4,0,0,0,96,7,3,1,2,25,0.712,1
11,0,39,0,2158,56,345,11,3,1,1,30,1468.56,0
0,0,42,0,1549,13,0,21,2,1,2,25,222.149,1
11,0,38,3,5115,93,23,40,3,1,1,30,300.32,0
8,1,15,2,1748,29,15,13,3,1,1,30,131.08,1
20,0,41,0,3253,71,23,19,4,1,2,45,140.6,0
11,1,28,1,0,17,1,7,4,1,2,25,0.0,1
15,1,44,0,2623,62,25,23,3,1,2,30,207.4,0
15,0,23,1,15510,222,0,72,2,1,1,25,707.94,0
0,0,32,0,875,8,0,10,2,1,2,25,39.735,0
3,0,36,0,1858,26,9,9,3,1,1,30,111.36,0
2,1,25,0,0,40,6,47,3,1,2,30,70.999,1
8,1,4,3,2393,34,31,41,4,1,1,25,168.85,1
3,0,10,2,1603,25,32,11,3,1,1,30,193.12,1
18,0,37,7,10310,95,5,45,4,2,1,45,272.625,0
8,0,27,0,0,0,0,19,2,1,1,30,242.948,1
5,0,28,0,842,19,0,4,2,1,2,45,324.157,1
7,0,41,0,3412,0,0,21,2,1,1,25,67.901,1
4,0,36,0,13658,164,2,45,3,1,1,30,560.88,0
8,0,34,1,4415,67,7,13,3,1,1,30,207.28,0
6,0,34,3,6965,116,271,33,2,2,1,25,1538.145,0
2,0,36,0,3718,82,2,28,2,1,1,25,180.0,0
22,0,39,0,0,25,36,11,2,1,1,25,272.536,1
0,0,34,0,633,9,12,24,2,1,2,30,330.174,1
22,0,38,7,10140,89,7,29,5,1,1,55,163.935,0
0,0,31,0,0,42,9,32,3,1,2,30,199.619,1
1,0,3,0,0,0,0,28,2,1,2,25,0.0,1
3,0,35,0,6413,69,101,35,2,1,1,25,746.19,0
22,0,41,3,14835,225,55,31,3,1,1,30,822.4,0
1,0,32,0,1429,19,2,22,3,1,1,30,44.827,1
0,0,3,0,4331,52,0,3,4,1,2,25,41.273,1
4,0,36,0,13713,166,0,42,3,1,1,30,555.16,0
4,0,36,0,2535,50,173,23,2,1,1,25,894.825,0
13,0,40,1,4675,77,12,19,3,1,1,30,238.08,0
21,1,36,8,10435,93,1,42,5,2,1,55,159.42,0
13,0,26,0,449,0,0,35,2,1,2,25,239.546,1
0,0,34,0,0,0,0,0,2,1,2,25,0.0,1
1,1,27,2,57,16,12,11,2,1,1,25,207.737,1
0,0,35,0,6195,80,179,24,3,1,1,30,967.0,0
11,1,3,0,0,41,0,11,3,1,2,30,304.381,1
0,0,28,0,2455,14,0,8,3,1,1,30,98.76,0
31,0,44,5,15525,233,71,38,3,1,1,30,914.32,0
0,0,34,0,6008,0,0,42,3,1,1,25,123.985,1
0,1,34,0,0,1,0,17,2,1,2,25,242.13,1
0,0,19,0,1570,28,32,17,2,1,1,25,215.91,0
2,0,26,1,2634,0,4,5,3,1,2,25,216.146,1
2,0,34,0,248,35,0,19,2,1,2,45,0.0,1
0,0,34,0,13408,160,0,40,3,1,1,30,542.72,0
0,0,38,3,531,14,39,40,4,1,1,25,251.803,1
8,0,26,1,0,30,0,24,3,2,2,30,138.959,1
2,0,27,0,239,33,9,10,3,1,1,25,413.722,1
4,0,38,0,900,15,22,11,3,1,2,30,124.6,0
6,0,38,0,5918,95,7,12,3,1,1,30,268.52,0
4,0,36,0,7913,132,385,41,2,1,1,25,2094.525,0
0,1,29,2,499,100,19,36,4,1,2,30,84.04,1
1,0,29,1,6008,8,0,14,3,1,1,45,118.226,1
0,1,31,0,0,0,0,0,2,1,2,25,0.0,1
5,0,38,0,0,1,11,8,2,1,2,30,241.688,1
16,0,39,3,9230,126,142,42,3,1,1,30,942.24,0
0,1,35,0,4621,35,0,31,2,1,1,30,211.661,1
4,0,30,0,2701,23,29,21,4,1,2,25,316.452,1
0,0,23,0,950,27,181,7,2,2,1,25,858.465,0
0,1,25,0,0,2,0,19,3,1,2,30,204.674,1
0,0,29,0,1888,44,337,16,2,1,1,25,1603.44,0
0,0,31,0,628,1,1,3,4,1,2,45,18.225,1
5,0,43,0,260,10,15,6,2,1,2,25,79.65,1
7,0,29,0,475,21,13,9,2,1,2,25,80.82,0
0,0,39,0,2114,11,0,8,3,1,1,45,332.356,1
0,0,16,0,3843,39,0,25,4,1,2,30,365.532,1
0,0,35,0,3008,71,0,28,2,1,1,25,138.555,0
1,0,30,0,2222,46,0,13,3,1,2,25,224.572,1
14,0,17,4,3562,56,39,19,3,2,1,30,300.72,0
0,0,36,0,165,3,0,11,2,1,2,25,7.56,0
15,0,40,1,4503,72,8,37,1,1,1,15,295.625,0
24,0,39,3,6833,115,41,26,3,1,1,30,441.92,0
9,0,36,0,15370,176,118,26,2,1,1,25,1230.57,0
1,0,34,0,2840,22,0,14,3,1,1,30,114.48,0
6,1,8,2,1613,17,7,4,3,1,1,30,93.2,1
5,0,33,0,8750,112,132,39,3,1,1,30,882.48,0
2,0,39,0,808,15,20,9,4,1,2,45,70.575,1
6,0,39,0,2228,56,362,26,2,1,1,25,1731.78,0
10,0,25,0,0,0,0,27,3,1,1,45,318.433,1
19,0,36,0,423,0,4,1,3,1,2,30,79.745,1
21,0,41,2,5213,83,16,37,1,1,1,15,379.28,0
0,0,32,0,3296,36,19,11,2,1,2,25,0.0,1
0,0,35,0,290,2,0,2,2,1,2,25,13.14,0
0,0,35,0,0,0,0,0,4,1,1,45,0.0,0
2,1,26,0,2325,3,0,23,2,1,2,30,315.471,1
1,0,3,0,6008,54,1,6,2,1,2,30,164.994,1
6,0,37,1,3585,82,57,30,3,1,1,30,374.68,0
27,0,41,3,15320,233,65,37,3,1,1,30,882.12,0
6,0,9,0,8548,163,56,34,4,1,1,45,357.775,0
10,0,40,1,2888,65,18,38,2,1,1,25,213.885,0
0,0,25,0,635,10,46,5,4,1,2,45,131.125,0
5,0,28,0,1130,16,28,5,4,1,2,45,98.65,0
0,0,18,0,1505,25,19,11,2,1,1,25,154.35,0
5,0,19,3,2547,45,32,18,3,1,1,30,231.68,0
10,0,42,0,4153,70,9,39,1,1,1,15,281.765,0
6,1,36,0,0,40,17,17,2,1,2,30,911.336,1
16,0,45,0,722,15,49,7,4,1,1,30,100.233,1
4,0,33,0,5918,89,0,11,2,1,1,25,270.315,0
2,1,28,0,0,1,0,29,4,1,2,30,99.656,1
6,1,32,2,1315,42,201,12,3,2,1,30,858.28,1
0,0,33,0,1170,37,22,15,3,1,2,30,136.28,0
7,0,41,1,11420,158,19,51,4,1,1,45,336.95,0
6,0,37,2,1048,15,12,2,5,1,1,55,33.945,0
0,1,24,0,765,7,16,1,4,1,2,45,59.3,1
4,0,42,0,0,41,13,6,2,1,2,45,64.148,1
3,0,36,0,1780,50,70,24,4,1,2,45,220.75,0
0,0,25,0,181,23,12,5,2,1,2,25,208.798,1
1,0,42,0,2796,44,11,7,3,1,1,25,117.741,1
12,0,37,3,7318,85,129,52,2,1,1,25,913.635,0
5,0,37,1,305,6,7,2,5,1,1,55,15.165,0
11,0,34,0,3255,55,0,6,4,1,2,30,116.48,1
0,1,29,0,0,12,0,34,3,1,2,25,40.127,1
5,0,26,0,1070,13,23,3,4,1,2,45,84.575,0
2,0,29,0,4473,13,26,30,3,1,2,30,237.246,1
3,0,14,2,2547,39,24,17,3,1,1,30,199.44,0
0,0,24,0,3035,61,33,25,3,1,1,30,255.84,0
7,0,36,2,6670,112,257,20,3,2,1,30,1299.28,0
5,0,38,0,1845,52,49,25,3,1,2,30,271.88,0
7,0,13,0,8627,165,66,38,4,1,1,45,384.8,0
9,0,41,3,3515,39,522,14,4,1,1,45,1393.85,0
2,0,33,0,3095,21,475,7,3,1,1,30,2024.64,0
3,0,38,1,688,10,14,6,4,1,1,45,52.45,1
9,0,40,1,6033,100,5,11,3,1,1,30,265.32,0
0,0,22,0,1914,46,2,14,2,1,2,25,88.141,1
0,1,34,0,0,0,0,0,3,1,2,30,0.0,1
6,1,42,0,1013,15,26,10,4,1,2,45,90.7,1
13,0,38,3,9230,127,176,47,3,1,1,30,1078.28,0
0,0,3,0,1103,11,0,1,2,1,1,25,50.13,1
0,0,19,0,750,20,171,3,2,2,1,25,804.15,0
0,1,23,0,0,8,39,14,2,1,2,25,137.646,1
1,1,26,0,0,59,0,14,3,1,1,30,0.0,1
5,0,37,1,11275,153,2,44,4,1,1,45,290.7,0
0,1,38,0,0,0,1,46,2,1,2,55,408.598,1
0,1,10,0,0,64,175,32,2,1,2,25,89.409,1
0,0,26,0,4843,42,17,15,2,1,1,45,297.675,1
0,0,30,0,781,37,1,22,2,1,2,30,206.166,1
1,1,34,1,970,27,29,18,3,1,1,45,204.079,1
0,1,3,0,4637,71,7,19,3,1,2,30,264.674,1
0,0,35,0,0,0,0,0,2,1,2,25,0.0,0
9,0,43,2,7893,135,401,49,3,1,1,30,1925.12,0
16,0,28,0,470,33,0,10,2,1,2,25,22.635,1
8,0,32,0,1640,26,16,13,3,1,1,25,156.019,1
5,0,38,0,933,13,16,6,4,1,2,45,63.65,1
10,0,44,2,2745,47,302,24,4,1,1,45,824.8,0
0,0,6,0,4592,0,20,18,3,1,2,25,79.144,1
0,0,35,0,0,0,0,0,2,1,2,25,0.0,1
12,0,37,1,3050,44,14,18,3,1,1,30,179.76,1
11,0,39,2,6833,80,106,36,2,1,1,25,788.085,0
15,0,27,1,1530,38,26,15,2,1,1,25,187.56,0
0,0,30,2,6008,34,4,10,2,1,2,30,99.486,1
3,0,33,0,1763,38,17,17,3,1,2,30,53.843,1
11,0,14,0,5973,129,46,36,1,2,1,15,588.61,0
0,1,27,0,5099,39,0,48,4,1,1,30,19.894,1
16,0,33,0,449,0,17,10,3,1,1,30,116.465,1
0,1,26,0,0,0,25,3,3,1,2,25,10.704,1
20,0,39,3,9610,128,160,48,3,1,1,30,1029.52,0
10,0,37,1,13898,167,7,41,3,1,1,30,590.6,0
1,0,24,2,0,0,0,38,2,1,1,30,237.179,1
8,0,40,1,2698,64,9,35,2,1,1,25,164.79,0
18,0,29,2,15580,231,0,75,2,1,1,25,711.495,0
1,1,6,1,0,4,0,25,3,1,2,30,204.255,1
13,0,34,0,2758,60,358,25,2,1,1,25,1737.81,0
0,0,26,0,825,10,21,3,4,1,2,45,73.375,1
0,1,26,0,18,11,0,26,2,1,2,25,76.972,1
13,0,21,2,2710,43,43,16,3,1,1,30,282.12,0
12,1,31,2,1811,14,0,4,4,1,2,30,140.845,1
0,0,27,0,5536,54,13,5,2,1,2,30,211.62,1
0,0,13,0,1210,12,10,7,2,1,1,25,99.99,0
0,0,29,0,2636,85,0,42,4,1,2,30,354.971,1
15,0,30,6,10050,85,0,36,4,1,1,45,253.375,0
4,0,27,1,1315,36,193,11,2,2,1,25,929.295,0
1,0,30,0,166,55,0,13,4,1,2,25,0.0,1
10,0,44,3,3480,35,500,14,4,1,1,45,1337.875,0
2,0,9,1,4390,40,215,10,3,1,1,30,1037.2,0
10,0,26,1,1340,38,51,17,2,1,1,25,291.51,0
4,0,11,0,8568,162,61,36,4,1,1,45,370.75,0
5,1,28,0,1107,41,0,26,2,1,2,25,37.251,1
0,0,34,0,0,0,0,0,4,1,1,45,0.0,0
1,0,31,1,6545,104,232,27,2,2,1,25,1343.205,0
11,0,36,4,7270,122,278,35,3,2,1,30,1407.68,0
3,0,41,1,378,8,12,6,3,1,1,30,63.44,0
0,0,30,0,1283,17,0,5,3,1,1,30,52.0,0
0,0,31,0,3407,4,26,15,4,1,2,25,0.0,1
0,0,20,0,0,0,4,0,4,1,2,45,10.0,0
14,0,28,0,635,33,0,13,3,1,1,30,270.038,1
18,0,39,8,10130,93,2,41,5,1,1,55,156.345,0
20,0,36,2,14835,219,47,30,3,1,1,30,790.16,0
13,0,40,1,4258,69,6,37,1,1,1,15,270.985,0
0,0,34,0,0,0,0,0,2,1,2,25,0.0,0
0,0,29,0,287,36,7,13,2,1,2,25,41.499,1
0,0,30,0,2760,20,0,10,3,1,1,30,111.2,0
3,0,23,0,730,25,3,8,2,1,1,25,47.475,0
7,0,38,0,628,9,16,7,3,1,2,30,89.48,1
0,1,5,0,531,49,9,7,3,1,2,30,179.587,1
0,1,32,0,0,52,0,10,3,1,2,30,335.631,1
2,0,27,0,1449,17,0,0,2,1,2,30,182.427,1
18,0,31,0,650,41,9,15,2,1,2,25,71.595,1
0,1,32,1,3751,44,0,8,2,1,2,55,180.209,1
11,0,41,2,7873,136,396,47,3,1,1,30,1904.36,0
7,0,36,0,4083,61,3,36,1,1,1,15,244.42,0
14,0,29,6,10130,81,0,39,4,1,1,45,255.275,0
13,0,40,4,4000,43,511,25,4,1,1,45,1378.575,0
1,0,33,0,2393,52,0,32,1,1,1,15,134.475,0
0,0,25,1,1793,28,23,21,3,1,1,30,337.205,1
4,1,29,0,2200,0,7,5,3,1,2,30,359.017,1
9,0,30,3,1735,48,232,17,3,2,1,30,999.32,0
0,0,33,0,6135,77,174,22,3,1,1,30,944.48,0
5,0,33,0,6008,0,17,7,2,1,2,55,308.142,1
3,0,37,1,6500,86,186,26,3,1,1,30,1007.44,0
24,0,34,2,15060,223,44,28,3,1,1,30,787.32,0
10,0,37,0,2453,60,359,24,3,1,1,30,1536.52,0
4,0,28,0,5861,12,2,25,2,1,1,25,0.0,1
0,0,24,1,6008,33,5,7,2,1,1,30,383.417,1
13,0,38,1,3275,60,191,28,2,1,1,25,1009.575,0
11,0,37,2,8870,118,142,43,3,1,1,30,927.52,0
5,0,32,0,305,6,7,2,3,1,2,30,40.44,1
19,0,33,0,355,37,0,2,2,1,2,25,17.64,1
0,1,30,3,830,82,1,5,2,1,1,25,199.482,1
12,0,40,2,4820,89,9,27,3,1,1,30,232.36,0
21,0,46,3,4340,98,54,36,3,1,1,30,393.52,0
13,0,24,1,1350,30,15,10,2,1,1,25,129.6,0
0,0,29,0,6943,111,362,35,2,1,1,25,1946.43,0
10,0,30,0,288,0,4,9,3,1,2,25,194.701,1
5,0,23,0,920,26,12,11,2,1,1,25,96.57,0
9,1,32,0,2313,40,26,27,3,1,2,30,198.12,1
0,0,28,0,6008,15,10,39,2,2,2,25,394.182,1
14,0,29,3,708,45,12,48,4,1,1,25,0.0,1
5,0,40,1,770,17,18,10,3,1,1,30,103.48,0
16,1,42,5,7530,132,293,41,3,2,1,30,1478.48,0
14,0,26,0,825,23,7,4,3,1,2,30,61.92,0
0,0,33,0,0,5,18,26,3,1,2,30,97.94,1
0,1,7,0,1183,13,0,5,2,1,2,25,53.82,1
3,0,33,0,933,7,8,5,4,1,2,45,43.5,1
6,0,29,0,4028,18,0,32,2,1,1,30,47.568,1
1,0,26,0,388,0,3,9,4,1,1,45,41.916,1
3,0,35,0,6413,69,101,35,2,1,1,25,746.19,0
0,0,3,0,1926,0,12,48,2,1,2,45,223.431,1
0,0,37,0,1744,45,0,4,3,1,2,30,203.379,1
0,0,19,0,1263,27,15,65,4,1,1,45,69.75,0
1,1,29,0,0,43,0,5,3,1,2,30,0.0,1
0,0,34,0,1995,30,273,14,3,1,1,30,1173.0,0
0,1,40,0,2338,79,43,21,3,2,1,30,210.681,1
6,0,36,1,3145,28,7,16,3,1,1,30,154.92,0
18,0,39,3,9420,127,151,45,3,1,1,30,985.88,0
4,0,38,0,2360,39,285,18,3,1,1,30,1235.96,0
0,1,35,0,295,4,14,13,2,1,2,25,76.455,1
6,1,30,0,2045,11,33,6,5,1,2,25,287.201,1
23,0,18,2,9947,188,88,42,5,1,1,55,284.025,0
13,0,39,4,7450,130,289,40,3,2,1,30,1459.2,0
0,0,37,0,1543,27,4,9,3,1,1,30,78.8,0
4,1,30,2,85,57,0,9,2,1,1,25,76.707,1
3,0,35,0,1958,53,343,19,2,1,1,25,1633.995,0
7,0,35,0,3185,58,176,21,2,1,1,25,937.935,0
3,0,36,0,4065,65,0,15,2,1,1,25,185.85,0
2,0,35,0,2177,20,0,6,2,1,2,30,115.733,1
3,1,29,2,0,25,0,0,4,1,2,30,235.913,1
10,0,37,0,2160,51,54,25,3,1,2,30,304.44,0
5,1,27,0,2267,48,0,48,2,1,2,25,21.634,1
2,0,31,1,2834,73,3,25,2,1,2,45,111.796,1
15,0,23,5,3157,57,46,22,4,1,1,45,195.35,0
0,0,33,0,2670,16,0,24,2,1,1,25,145.699,1
0,0,32,0,5533,87,0,6,2,1,1,25,252.9,0
15,1,35,0,0,38,8,0,2,1,1,30,88.499,1
17,0,36,6,9835,83,0,27,4,1,1,45,247.95,0
8,0,33,0,5398,86,0,18,2,1,1,25,246.78,1
6,1,24,0,2158,31,3,0,3,1,1,25,275.522,1
32,1,32,0,445,12,0,20,4,1,1,45,357.114,1
0,0,37,0,0,0,0,0,2,1,2,25,0.0,0
4,0,39,2,3210,33,515,12,4,1,1,45,1368.575,0
8,0,37,3,7145,124,282,38,2,2,1,25,1596.105,0
5,0,3,2,842,28,34,16,3,1,2,30,112.6,1
3,0,22,1,1775,28,38,18,2,1,1,25,252.135,0
4,1,27,0,0,47,4,43,3,1,1,30,128.858,1
5,0,29,0,1245,22,60,9,4,1,2,45,181.675,0
0,0,38,0,0,25,166,0,2,1,2,25,45.093,1
24,0,29,4,16370,242,14,93,2,1,1,25,810.54,0
12,0,39,1,4705,83,7,23,3,1,1,30,219.52,0
0,0,36,0,0,0,25,0,2,1,2,25,112.5,1
8,1,29,2,1756,44,4,17,4,1,2,45,60.608,1
0,0,6,1,4210,32,204,5,3,1,1,30,985.68,0
0,1,30,2,4207,57,4,13,2,1,2,30,0.0,1
4,1,38,0,0,15,4,22,3,1,2,25,67.645,1
10,0,41,0,4550,79,16,22,3,1,1,30,249.16,0
8,0,32,0,2188,42,24,27,3,1,2,30,185.2,1
4,0,34,0,15065,170,111,24,2,1,1,25,1185.075,0
18,0,46,2,4935,87,27,25,3,1,1,30,308.88,0
6,0,41,0,2540,47,296,23,3,1,1,30,1287.48,0
1,0,37,0,13063,158,0,44,3,1,1,30,528.84,0
21,1,36,8,10435,93,1,42,5,1,1,55,159.42,0
3,0,31,0,6458,65,93,31,2,1,1,25,712.035,0
0,0,35,0,530,6,2,3,3,1,2,30,29.44,0
3,0,36,0,7393,121,352,39,2,1,1,25,1922.13,0
16,0,30,0,1120,37,49,13,3,1,2,30,242.28,0
0,0,32,0,2008,50,0,27,1,1,1,15,113.19,0
1,0,28,0,0,30,21,26,2,1,2,55,125.934,1
2,0,36,0,4210,77,0,23,3,1,1,30,171.48,0
0,0,28,0,0,24,0,1,4,1,2,30,0.0,1
5,0,24,1,3350,59,7,20,3,1,1,30,164.36,0
0,1,32,0,3166,36,21,38,2,1,2,30,90.034,1
6,1,36,0,2123,49,10,18,3,1,2,30,126.88,0
0,1,35,0,120,60,0,5,3,1,2,30,123.631,1
12,0,26,2,2260,42,50,22,3,1,1,30,292.08,0
0,1,29,0,93,16,0,6,2,1,2,25,251.916,1
1,0,28,2,6705,106,256,27,2,2,1,25,1458.495,0
13,1,36,0,2868,54,55,46,3,1,2,30,336.88,1
5,0,38,0,13583,168,0,41,3,1,1,30,550.04,0
0,0,28,0,5833,17,0,18,5,1,2,30,232.599,1
9,1,38,0,2238,54,8,17,3,1,2,30,123.68,0
11,0,34,2,8935,113,133,38,3,1,1,30,893.92,0
15,0,25,0,0,0,3,19,3,1,1,30,133.521,1
0,0,22,0,830,22,175,4,2,2,1,25,825.84,0
5,0,37,1,3500,32,484,6,3,1,1,30,2077.28,0
9,0,32,0,0,51,0,20,2,2,2,45,0.0,1
3,0,37,1,6500,86,186,26,3,1,1,30,1007.44,0
3,0,26,0,0,0,0,6,3,1,2,25,432.585,1
28,1,36,0,1375,59,55,23,3,1,2,30,277.36,1
7,0,40,1,3550,78,35,30,3,1,1,30,285.12,0
0,1,22,0,5667,17,6,29,2,1,2,30,91.648,1
4,0,39,2,3584,0,0,8,3,1,1,25,98.42,1
0,0,36,0,628,7,9,4,4,1,2,45,38.375,1
13,0,39,1,2513,63,364,26,3,1,1,30,1559.04,0
5,0,36,2,2268,35,21,21,4,1,1,45,110.075,0
0,1,28,0,3679,35,0,18,2,1,2,25,262.004,1
1,0,14,0,1615,24,18,10,2,1,1,25,154.755,0
0,0,31,0,0,25,0,6,4,1,1,30,43.21,1
2,1,4,0,453,3,6,40,4,1,1,30,2.38,1
0,0,36,0,0,0,0,0,2,1,2,25,0.0,0
0,1,32,0,719,31,14,35,4,1,2,25,38.823,1
10,1,31,2,1129,8,0,25,3,1,2,45,341.771,1
0,0,32,0,10980,140,0,40,3,1,1,30,444.8,0
9,0,16,3,4695,52,230,13,3,1,1,30,1109.88,0
0,0,12,1,1182,19,1,6,3,1,1,30,52.04,1
0,0,36,0,0,11,20,31,2,1,2,30,0.0,1
0,0,38,2,54,33,0,8,2,1,2,25,83.008,1
0,0,36,0,1488,42,0,16,1,1,1,15,84.15,0
6,0,3,0,0,12,17,39,3,2,1,25,140.254,1
0,0,4,0,4390,34,207,9,3,1,1,30,1004.96,0
1,0,25,0,1230,15,22,1,4,1,2,45,86.125,0
0,0,33,0,6185,87,0,7,4,1,1,45,156.8,0
0,1,27,0,0,0,0,13,2,1,1,25,189.415,1
4,0,39,1,6493,71,111,39,2,1,1,25,794.88,0
1,1,40,0,708,9,19,8,4,1,2,45,65.425,1
7,0,32,1,0,41,0,37,4,1,1,30,235.14,1
5,1,36,0,212,8,10,48,3,1,2,30,23.946,1
6,1,34,0,2153,39,36,32,3,1,2,30,231.68,1
2,1,22,2,0,79,12,19,4,1,1,25,338.2,1
2,0,15,2,2142,34,6,19,3,1,1,30,111.04,0
0,0,31,0,6480,91,7,20,4,1,1,45,181.775,0
1,0,36,0,5613,89,0,10,2,1,1,25,256.59,0
0,0,40,0,140,18,52,2,2,1,2,30,7.483,1
1,0,31,1,2617,0,14,4,4,2,1,25,49.766,1
26,0,35,4,16155,240,10,84,2,1,1,25,782.775,0
5,0,42,1,7508,133,392,44,3,1,1,30,1873.64,0
0,0,22,0,3045,53,0,18,3,1,1,30,123.92,0
0,0,38,0,2495,17,462,7,3,1,1,30,1948.48,0
0,0,26,2,1951,40,21,23,3,1,1,25,178.593,1
0,1,30,0,1682,47,6,23,3,1,2,30,274.962,1
2,1,32,2,0,33,19,3,3,1,2,30,106.74,1
6,0,34,1,5963,91,7,8,3,1,1,30,270.16,0
0,0,36,0,1068,15,0,3,3,1,1,30,43.32,0
0,0,35,0,958,14,0,6,3,1,1,30,38.88,0
0,0,29,0,14920,166,128,22,2,1,1,25,1254.87,0
0,1,36,0,3860,22,29,15,3,1,2,30,64.31,1
24,0,33,1,5447,33,0,21,2,1,2,25,218.257,1
9,0,40,1,5978,98,12,14,3,1,1,30,291.04,0
4,0,35,0,15180,176,143,28,2,1,1,25,1334.52,0
6,1,39,0,32,0,1,6,2,1,2,25,259.847,1
0,0,29,0,1092,53,3,44,3,1,1,25,34.708,1
0,0,33,0,5433,81,0,5,2,1,1,25,248.13,0
2,0,41,0,628,13,17,5,4,1,2,45,58.525,1
2,0,37,1,4325,83,27,27,3,1,1,30,284.32,0
1,0,33,0,0,61,23,23,4,1,2,25,207.494,1
15,1,24,0,1066,96,7,48,3,1,2,45,154.059,1
0,0,33,0,0,0,0,0,2,1,2,25,0.0,1
1,0,12,0,7917,154,41,38,4,1,1,45,304.275,0
7,0,35,1,7733,131,381,41,3,1,1,30,1838.56,0
23,1,31,1,2522,73,0,35,4,1,2,30,163.343,1
0,0,28,2,1083,24,0,14,2,1,1,45,153.37,1
16,0,44,2,3345,69,197,31,2,1,1,25,1040.13,0
6,0,13,3,2673,37,20,14,3,1,1,30,188.4,0
8,0,41,0,1925,54,53,26,3,1,2,30,291.16,0
14,0,34,7,9940,86,0,37,4,1,1,45,250.65,0
9,0,38,0,2238,54,8,17,3,1,2,30,123.68,0
2,0,36,0,4210,77,0,23,3,1,1,30,171.48,0
6,0,31,0,0,34,0,1,2,1,2,30,83.612,1
8,1,34,0,0,96,0,30,3,1,1,30,96.571,1
2,0,28,0,36,29,0,16,2,2,2,30,167.208,1
1,0,36,0,0,0,4,20,3,1,2,30,62.765,1
0,0,23,0,4895,44,6,33,5,1,1,30,26.926,1
3,1,29,1,466,23,0,7,4,1,2,25,111.444,1
14,0,40,0,2543,60,15,19,3,1,2,30,164.12,0
9,0,38,1,5593,94,29,26,2,1,1,25,386.415,1
0,0,39,0,2495,38,1,37,3,1,2,30,284.919,1
0,0,33,0,1605,41,33,18,3,1,2,30,197.84,0
0,0,26,0,928,53,57,41,3,1,2,30,169.494,1
0,0,32,0,0,0,0,0,5,1,1,55,0.0,0
0,0,16,0,1635,23,23,12,2,1,1,25,178.11,0
3,0,26,0,0,24,0,16,2,1,2,30,90.241,1
0,0,33,0,0,15,0,1,2,1,2,30,40.045,1
1,0,26,0,0,56,4,20,4,1,1,30,199.439,1
0,0,38,3,2037,0,27,5,2,1,1,30,0.0,1
8,1,24,0,4678,0,0,8,3,1,2,30,0.0,1
6,1,28,0,0,60,0,39,5,2,2,30,18.861,1
0,0,35,0,1394,3,1,3,4,1,2,45,168.067,1
4,0,38,1,1728,28,5,8,4,1,1,45,56.4,0
0,0,34,0,1475,44,63,22,3,1,2,30,312.76,0
0,0,34,0,69,72,27,26,5,1,1,25,204.673,1
0,0,29,0,5935,70,164,18,3,1,1,30,896.2,0
0,1,25,0,2055,4,29,8,2,1,2,25,115.707,1
12,1,11,4,2393,35,28,24,3,1,1,30,209.12,1
3,0,41,0,433,10,5,3,3,1,2,30,37.72,0
4,0,35,0,15180,176,143,28,2,1,1,25,1334.52,0
10,0,34,0,3695,80,22,24,3,1,1,30,239.0,0
15,0,41,3,4110,44,498,10,4,1,1,45,1348.85,0
1,0,35,0,1553,19,0,2,3,1,1,30,62.88,0
0,1,29,4,330,0,145,46,3,1,2,25,14.55,1
13,1,29,1,0,0,20,6,2,1,2,45,62.65,1
2,0,33,0,1051,47,7,29,3,1,1,30,29.87,1
3,1,26,0,0,48,0,0,4,1,2,25,143.064,1
10,0,34,1,3005,57,172,21,2,1,1,25,911.79,0
6,1,39,0,0,19,0,14,3,1,1,30,114.218,1
3,0,33,1,6785,97,14,22,5,1,1,55,124.23,0
13,0,45,3,7065,102,208,34,4,1,1,45,699.175,0
0,1,24,0,3409,37,37,27,3,1,2,30,99.022,1
8,0,32,0,3688,76,34,7,4,1,1,55,212.492,1
0,0,38,0,1873,31,4,17,3,1,1,25,257.041,1
0,0,35,0,1065,34,17,5,3,1,2,30,111.96,0
11,0,27,0,700,25,10,7,2,1,2,25,77.625,0
11,0,35,0,3235,44,11,16,3,1,2,30,175.16,1
10,1,35,0,2673,49,35,29,3,1,2,30,248.88,1
8,0,37,0,127,54,0,36,5,1,1,25,22.983,1
0,0,34,0,1608,22,0,4,3,1,1,30,65.2,0
2,0,36,0,1743,47,0,12,3,1,2,30,71.6,0
1,0,32,0,859,45,21,34,2,1,1,25,249.671,1
12,0,38,0,2383,49,32,30,4,1,2,45,140.8,1
0,0,23,0,2325,35,0,23,2,1,2,45,285.924,1
13,0,44,1,4630,81,20,23,3,1,1,30,268.44,0
0,0,40,0,1058,24,14,35,3,1,2,25,666.758,1
13,1,34,0,2493,48,31,29,3,1,2,30,225.64,1
12,0,38,1,11655,154,7,45,3,1,1,30,500.36,0
17,1,31,0,0,8,3,16,2,1,2,45,137.436,1
9,0,20,4,2933,47,41,23,3,1,1,30,283.2,0
3,0,35,0,1665,44,38,20,3,1,2,30,220.36,0
0,0,5,0,0,32,2,33,3,1,1,30,189.471,1
5,1,38,0,92,32,6,10,2,1,2,30,0.0,1
0,1,42,0,2116,53,5,14,2,1,2,25,457.675,1
0,0,37,0,1683,47,0,33,1,1,1,15,95.15,0
1,0,38,3,0,4,17,20,2,1,2,30,158.591,1
0,0,28,0,1360,32,23,17,3,1,2,30,147.68,0
17,0,43,1,4683,80,19,42,1,1,1,15,366.465,0
0,0,32,1,0,0,12,27,4,1,1,45,208.665,1
6,1,37,0,1445,53,9,31,2,1,2,30,47.591,1
9,0,40,2,3400,33,490,10,3,1,1,30,2097.32,0
1,0,15,0,866,13,0,22,2,1,1,45,344.455,1
3,0,36,0,14775,171,125,30,2,1,1,25,1235.07,0
2,0,23,0,882,15,6,22,2,1,2,25,265.58,1
0,0,28,0,0,34,43,21,2,1,2,30,274.021,1
0,0,33,0,307,78,0,14,4,1,1,25,325.729,1
12,0,44,2,6303,103,24,18,3,1,1,30,352.24,0
4,1,34,0,2892,30,22,26,3,1,2,25,261.458,1
2,0,26,1,3340,67,40,27,3,1,1,30,296.28,0
0,1,24,0,2789,23,5,19,2,1,1,45,127.11,1
7,0,12,3,4810,52,254,16,3,1,1,30,1210.48,0
2,0,3,0,1070,28,8,39,2,1,2,25,117.309,1
8,0,40,1,2698,64,9,35,2,1,1,25,164.79,0
0,0,20,0,3225,55,0,22,3,1,1,30,131.2,0
7,0,33,0,6638,73,98,33,2,1,1,25,742.995,0
10,0,37,0,2453,60,359,24,3,1,1,30,1536.52,0
3,0,6,1,451,5,0,19,3,1,2,30,459.801,1
0,1,36,2,1026,90,28,19,4,1,2,55,508.648,1
15,0,26,0,1415,32,7,11,2,1,1,25,96.615,0
0,1,3,0,1680,26,0,6,3,1,2,30,213.69,1
17,0,17,1,9238,177,80,42,5,1,1,55,261.225,0
23,0,33,2,15140,219,46,31,3,1,1,30,798.36,0
7,0,41,0,3893,66,2,34,1,1,1,15,228.745,0
0,0,28,0,4964,11,14,19,2,1,1,45,255.433,1
5,0,35,0,0,0,0,17,2,2,2,30,238.851,1
16,0,43,2,2838,68,376,30,3,1,1,30,1620.24,0
9,1,32,0,2500,8,0,23,3,1,2,30,131.37,1
8,0,26,0,0,22,0,18,4,1,1,30,220.631,1
6,1,26,0,311,43,0,1,3,1,1,45,936.905,1
6,0,40,1,2453,61,7,35,2,1,1,25,144.63,0
1,0,30,0,6413,63,93,34,2,1,1,25,709.92,0
13,0,40,1,6413,102,23,17,3,1,1,30,352.6,0
6,0,34,0,7813,127,383,44,2,1,1,25,2080.8,0
1,0,27,0,202,7,0,7,4,1,2,45,63.135,1
6,1,35,2,309,7,39,21,4,1,2,30,492.839,1
29,0,28,3,0,69,0,27,2,1,1,30,158.189,1
8,0,32,0,5131,50,0,28,3,1,2,25,278.277,1
0,0,29,0,0,0,0,0,2,1,2,25,0.0,1
0,1,40,1,3522,28,9,36,2,1,2,25,357.472,1
7,0,19,0,1885,26,7,12,2,1,1,25,117.495,0
1,0,35,1,2955,28,32,18,3,1,1,30,247.32,0
3,0,24,0,1869,0,14,15,2,1,2,30,165.062,1
14,1,39,0,2428,54,7,15,3,1,2,30,127.28,0
9,0,35,0,2990,41,9,16,3,1,2,30,157.24,1
1,0,33,0,1188,48,2,46,3,1,2,55,65.589,1
0,0,35,0,6385,81,188,27,3,1,1,30,1010.64,0
19,0,46,0,2803,70,30,25,4,1,2,45,146.825,0
0,0,38,0,12,11,37,46,2,1,1,30,288.297,1
0,0,36,1,2505,11,41,33,4,1,1,30,340.408,1
0,0,35,0,7393,122,386,44,2,1,1,25,2075.175,0
1,0,32,0,5658,85,0,6,2,1,1,25,258.435,0
6,1,36,0,2865,43,13,19,2,1,2,25,189.36,1
5,0,33,1,6975,98,23,25,5,1,1,55,140.595,0
5,0,38,0,2043,40,37,33,3,1,2,30,231.32,1
34,1,24,4,0,0,0,13,3,1,2,25,232.823,1
3,0,36,2,1625,38,0,13,2,1,2,25,441.219,1
5,0,40,0,420,12,39,6,3,1,2,30,173.28,1
13,0,37,2,9115,121,144,43,3,1,1,30,945.44,0
6,1,33,0,50,34,35,8,3,1,2,45,55.387,1
13,0,36,4,7460,123,287,38,3,2,1,30,1451.32,0
0,0,33,0,0,0,0,0,3,1,2,30,0.0,1
15,0,28,0,647,21,9,5,2,1,1,25,182.653,1
5,0,39,0,305,6,7,2,2,1,2,25,45.495,1
1,0,32,0,7508,121,376,42,2,1,1,25,2035.305,0
0,0,36,0,595,9,15,9,2,1,2,25,94.68,0
0,0,29,0,2475,41,160,20,2,1,1,25,833.22,0
0,0,35,0,0,21,36,9,2,1,1,25,8.353,1
0,0,24,0,3455,59,0,5,2,1,1,25,114.646,1
0,0,28,0,4023,30,0,9,3,1,2,30,94.976,1
10,0,37,2,4640,81,7,22,3,1,1,30,216.84,0
0,1,31,0,297,0,40,8,4,1,2,30,411.323,1
1,0,36,0,2251,19,0,48,2,1,2,45,215.146,1
3,1,28,1,4663,0,1,19,2,2,2,25,208.638,1
0,0,32,0,3353,73,0,24,2,1,1,25,154.17,0
0,1,3,1,802,36,61,28,3,1,1,45,293.177,1
0,0,23,0,1148,27,0,62,4,1,1,45,29.375,0
3,0,39,1,11240,150,14,49,3,1,1,30,511.6,0
10,1,28,0,196,16,19,26,3,1,2,30,193.168,1
1,0,19,0,1290,21,10,16,2,1,1,25,103.995,0
0,0,36,0,2055,33,278,16,3,1,1,30,1195.52,0
6,0,7,2,684,31,0,42,3,1,2,30,196.538,1
3,0,42,3,0,0,35,23,3,1,2,30,119.091,1
6,1,31,0,0,68,10,45,4,1,2,25,94.678,1
1,0,36,0,10755,143,0,47,3,1,1,30,435.92,0
5,1,37,0,0,0,6,32,2,1,2,30,449.796,1
0,0,33,1,1201,26,12,27,4,1,2,30,122.308,1
3,0,37,0,7508,127,384,43,2,1,1,25,2071.575,0
0,1,31,2,1057,16,3,2,2,1,2,30,231.954,1
17,0,39,4,7623,91,136,54,2,2,1,25,959.13,0
0,0,28,0,120,52,2,28,2,1,2,25,73.726,1
1,1,26,0,0,3,0,45,2,1,1,30,25.001,1
1,1,34,3,573,32,12,8,2,1,2,30,74.915,1
5,0,37,1,6690,87,195,29,3,1,1,30,1051.08,0
8,0,36,0,3715,79,27,26,3,1,1,30,259.76,0
0,1,31,0,127,24,27,30,3,1,1,25,64.828,1
0,0,32,0,2725,17,2,15,3,1,1,30,117.68,0
0,0,30,0,4632,35,41,4,2,1,2,30,68.438,1
0,0,12,1,2488,36,19,15,3,1,1,30,176.96,0
2,0,29,0,4042,23,9,15,4,1,1,45,379.787,1
1,1,27,0,0,4,0,27,4,1,2,25,148.318,1
1,0,38,0,1474,49,1,9,4,1,1,25,55.828,1
17,0,45,2,4503,78,16,38,1,1,1,15,339.955,0
7,0,38,1,4515,83,2,25,3,1,1,30,191.92,0
2,0,24,1,1135,28,182,6,2,2,1,25,871.335,0
14,0,38,0,15675,182,125,28,2,1,1,25,1276.065,0
15,0,40,2,2873,72,398,30,3,1,1,30,1709.8,0
0,0,37,0,1440,40,41,22,3,1,2,30,223.2,0
0,0,35,0,7203,121,377,41,2,1,1,25,2026.08,0
0,0,39,0,0,28,0,21,3,1,2,30,68.737,1
0,0,22,0,0,0,9,0,4,1,2,45,22.5,0
6,0,38,0,710,11,8,2,2,1,2,25,68.445,1
1,0,21,0,3145,59,0,19,3,1,1,30,128.16,0
1,0,34,0,630,12,3,4,2,1,2,25,42.39,0
0,0,36,0,2790,21,476,6,3,1,1,30,2016.44,0
11,0,28,0,815,31,42,11,3,1,2,30,201.84,0
0,0,37,0,0,0,0,0,2,1,2,25,0.0,1
0,1,41,0,427,9,5,27,2,1,2,30,169.536,1
1,0,31,0,0,54,0,13,2,1,1,30,0.0,1
0,0,34,0,0,0,6,0,5,1,1,55,9.0,0
0,0,34,0,633,36,7,48,3,1,2,25,27.553,1
0,0,33,0,4030,69,0,18,3,1,1,30,163.96,0
16,1,34,0,1826,10,4,35,2,1,1,45,181.71,1
0,1,23,1,0,24,0,30,4,1,1,25,209.244,1
3,0,13,1,2433,33,0,13,3,1,1,30,98.64,0
0,0,34,0,2050,17,19,22,3,1,2,25,350.032,1
2,0,26,0,4046,26,3,7,2,1,2,30,333.753,1
1,1,3,0,0,89,0,18,4,1,2,25,273.377,1
1,0,26,0,2021,27,12,40,2,1,2,30,292.798,1
1,0,18,0,1245,15,33,35,2,1,1,25,290.252,1
5,0,7,0,1787,65,3,1,3,1,2,25,283.099,1
4,1,35,0,6008,34,0,23,2,1,1,25,65.685,1
1,0,32,0,1485,36,27,15,3,1,2,30,168.84,0
23,0,44,3,6383,114,48,32,3,1,1,30,451.88,0
11,1,36,0,2458,45,43,34,3,1,2,30,272.12,1
18,0,40,4,9535,133,183,49,3,1,1,30,1118.72,0
12,0,41,2,14193,181,39,50,3,1,1,30,730.96,0
7,0,42,0,1360,28,18,18,2,1,2,25,143.46,0
0,1,28,2,745,9,0,16,2,1,1,45,315.721,1
4,0,35,0,5738,87,0,7,3,1,1,30,233.0,0
1,0,34,0,2475,47,168,21,2,1,1,25,869.49,0
4,0,23,3,1699,38,1,20,3,1,2,45,238.766,1
2,1,23,0,0,8,0,11,3,1,2,25,248.042,1
0,0,37,3,379,25,0,22,3,1,2,30,287.257,1
0,0,34,0,2813,66,0,11,2,1,1,25,129.555,0
0,0,40,0,0,33,4,3,3,1,2,45,256.022,1
0,0,31,0,881,9,43,19,2,1,1,30,272.116,1
0,0,22,0,1815,9,51,22,4,1,2,25,467.273,1
6,0,39,2,6615,91,184,25,3,1,1,30,1004.24,0
0,1,23,0,1754,26,0,8,4,1,2,25,252.227,1
10,0,44,3,6805,98,201,29,4,1,1,45,675.075,0
24,0,35,9,10560,91,7,39,5,1,1,55,170.265,0
0,0,35,0,1223,37,0,15,3,1,2,30,50.4,0
25,0,38,3,15140,225,54,32,3,1,1,30,830.6,0
10,0,25,0,1225,32,19,13,2,1,1,25,142.065,0
6,0,39,1,7568,130,389,45,3,1,1,30,1863.92,0
4,0,40,0,42,3,32,25,3,1,1,30,140.367,1
1,1,40,0,0,9,0,40,2,1,2,30,25.066,1
17,0,40,3,5275,87,33,34,3,1,1,30,346.48,0
11,1,37,0,0,5,11,34,2,1,1,25,179.773,1
7,1,30,0,1465,38,8,33,2,1,2,30,145.27,1
16,0,44,2,4583,74,18,41,1,1,1,15,355.135,0
5,1,34,0,0,19,8,32,2,2,2,25,31.418,1
3,0,36,0,623,5,6,5,2,1,2,25,55.26,0
0,0,20,0,2740,47,0,16,3,1,1,30,111.48,0
10,0,11,0,6008,133,68,36,1,2,1,15,711.755,0
4,0,34,0,1963,38,27,29,3,1,2,30,188.04,1
13,0,35,0,2703,0,17,8,3,1,2,30,268.1,1
4,1,26,0,0,38,0,3,2,1,2,45,290.08,1
29,0,35,0,530,32,6,45,4,1,2,25,95.845,1
9,0,10,0,6087,129,70,39,1,2,1,15,726.88,0
0,1,6,0,1068,7,0,1,2,1,1,25,48.375,1
10,0,38,0,4198,66,1,35,1,1,1,15,240.02,0
0,0,24,2,2924,23,0,7,4,1,1,45,146.697,1
1,0,37,0,3883,25,13,14,3,1,1,25,233.541,1
1,0,36,0,388,39,9,26,2,1,2,30,0.0,1
4,1,30,0,1882,14,66,48,2,1,1,25,349.375,1
23,0,39,8,10615,101,12,47,5,1,1,55,178.74,0
3,0,34,0,160,6,20,19,3,2,2,45,219.44,1
6,0,39,1,6033,101,39,16,3,1,1,30,401.36,0
5,1,30,0,963,0,0,11,2,1,2,30,25.677,1
18,0,38,2,6123,104,33,26,2,1,1,25,428.715,0
15,1,41,0,3375,49,26,22,3,1,2,30,240.96,1
13,0,17,3,3043,45,7,17,3,1,1,30,151.52,0
4,0,36,0,3562,43,6,10,2,1,1,45,0.0,1
0,0,24,0,2515,50,0,23,3,1,1,30,102.6,0
8,0,17,0,8708,167,76,42,4,1,1,45,411.875,0
1,0,31,0,1456,0,0,48,3,1,2,30,222.098,1
17,0,37,5,7980,133,286,35,3,2,1,30,1468.52,0
2,0,10,1,2468,37,14,13,3,1,1,30,156.2,0
3,0,30,1,2292,42,17,8,3,1,1,45,33.262,1
10,0,32,3,7190,120,268,31,3,2,1,30,1364.4,0
1,1,40,0,0,45,0,23,2,1,1,30,12.148,1
0,0,33,0,3538,74,0,23,2,1,1,25,162.54,0
0,0,31,0,0,0,0,0,3,1,2,30,0.0,1
0,0,29,0,0,0,0,0,4,1,1,45,0.0,0
31,0,37,5,16460,246,17,86,2,1,1,25,828.27,0
0,0,34,0,6660,99,18,25,4,1,1,45,213.975,0
17,0,32,0,245,36,0,17,2,1,2,25,12.645,1
4,0,39,0,918,15,28,19,3,1,2,30,149.32,0
0,0,36,2,6008,43,0,23,2,1,2,25,138.995,1
13,0,19,1,9013,173,83,44,5,1,1,55,262.29,0
2,0,37,0,3660,60,0,17,2,1,1,25,167.4,0
0,1,43,3,2036,0,2,41,2,1,2,45,143.773,1
4,0,33,0,3290,68,14,21,2,1,1,25,214.11,0
2,0,38,0,2115,36,283,18,3,1,1,30,1218.04,0
0,0,32,0,2710,19,466,2,3,1,1,30,1973.16,0
0,0,28,0,635,52,7,9,4,1,1,55,38.826,1
0,0,31,0,1825,5,0,12,3,1,1,30,73.2,0
14,0,45,3,4820,95,17,28,4,1,1,45,165.375,0
5,0,36,0,305,6,7,2,3,1,2,30,40.44,1
12,0,39,1,6628,106,15,12,3,1,1,30,329.36,0
4,0,42,1,3050,31,491,12,3,1,1,30,2087.24,0
3,0,38,2,398,7,9,4,5,1,1,55,19.575,0
9,0,40,1,11645,162,22,52,4,1,1,45,350.175,0
13,0,43,2,3085,65,190,26,3,1,1,30,886.0,0
0,1,11,3,0,0,9,26,5,1,1,30,371.767,1
19,0,20,1,9418,185,91,47,5,1,1,55,280.545,0
1,0,36,0,3036,47,0,14,2,1,1,30,100.943,1
12,1,30,0,0,0,14,29,2,1,2,45,24.132,1
0,0,34,0,1875,37,147,6,2,1,1,25,747.54,0
5,0,28,0,1273,35,16,55,4,1,1,45,72.7,0
0,0,36,1,338,4,4,2,5,1,1,55,11.13,0
0,1,24,1,2739,42,0,46,5,1,1,25,136.121,1
0,0,31,0,1289,5,0,23,4,1,2,45,24.837,1
7,0,31,0,1977,36,13,7,2,1,2,25,141.218,1
12,0,15,0,8932,171,73,40,4,1,1,45,410.075,0
14,1,17,1,6148,138,83,42,1,2,1,15,802.23,0
0,1,29,1,2458,4,0,34,2,1,2,25,15.309,1
0,0,35,1,6560,93,17,24,4,1,1,45,208.825,0
0,1,34,0,323,1,2,2,4,1,2,45,13.1,1
0,1,27,0,410,0,2,8,3,1,1,30,186.437,1
0,0,36,0,133,2,0,2,3,1,2,30,5.4,1
0,0,29,2,6008,30,0,39,4,1,1,30,76.95,1
1,1,34,0,595,0,30,45,3,1,1,25,139.628,1
0,1,7,0,1723,0,0,40,4,1,2,25,20.56,1
9,0,37,0,8515,111,123,28,3,1,1,30,837.04,0
0,0,25,0,3660,44,0,28,4,1,2,55,42.618,1
2,0,3,0,1489,50,8,32,4,1,2,55,235.252,1
4,0,9,1,4580,41,224,13,3,1,1,30,1080.84,0
1,0,39,0,305,9,0,10,3,1,2,30,12.56,0
22,1,43,1,0,0,0,10,3,1,2,30,0.0,1
0,0,36,0,2615,18,3,16,3,1,1,30,117.32,0
12,1,30,1,0,0,1,12,3,1,2,30,299.058,1
8,0,26,0,1564,18,0,27,2,1,1,30,83.665,1
30,0,40,4,15445,231,61,34,3,2,1,30,871.04,0
13,0,32,0,0,0,0,6,2,1,2,45,82.198,1
5,0,43,0,1135,24,15,17,2,1,2,25,119.655,0
0,0,32,0,0,15,7,4,3,1,2,25,0.0,1
0,0,36,0,5423,88,0,7,2,1,1,25,247.995,0
0,0,26,0,1097,0,0,0,2,1,1,25,137.36,1
0,1,25,0,3119,38,5,33,4,2,1,25,987.255,1
8,1,40,2,993,16,21,8,4,1,1,45,77.725,1
18,0,39,3,16390,198,178,47,2,1,1,25,1547.46,0
17,0,38,8,10210,89,4,44,4,2,1,45,267.475,0
1,0,40,0,213,4,10,6,3,1,2,30,48.68,1
2,0,26,0,1378,38,21,65,4,1,1,45,87.9,0
32,0,43,4,15625,239,72,39,3,1,1,30,922.56,0
33,1,29,0,0,42,0,32,2,1,2,45,76.085,1
1,0,35,2,875,0,0,16,3,1,1,25,278.068,1
1,0,29,0,1965,35,0,24,2,1,2,30,398.302,1
0,0,24,0,663,23,2,51,4,1,1,45,22.15,0
9,1,36,0,5218,88,5,9,2,1,1,25,261.27,1
9,0,38,2,3205,31,12,18,3,1,1,30,177.44,0
3,1,23,0,3228,0,0,29,2,1,2,25,87.705,1
1,1,14,1,1165,15,6,12,3,1,1,30,102.852,1
11,0,23,0,795,0,0,24,2,2,1,30,203.265,1
0,0,25,2,0,36,0,19,5,2,2,30,183.088,1
11,0,44,2,2233,41,22,14,4,1,1,45,111.85,0
7,0,28,0,920,32,20,12,2,1,1,25,132.84,0
14,0,38,0,2573,50,41,33,4,1,2,45,168.075,1
0,0,35,0,610,20,1,27,3,1,2,45,209.642,1
0,1,27,2,1516,58,0,10,4,1,1,45,249.382,1
1,0,25,0,1338,34,14,12,3,1,2,25,397.423,1
27,0,28,0,0,34,3,25,2,1,2,25,271.058,1
1,0,24,0,2858,0,0,31,2,1,1,55,11.138,1
12,0,39,1,15545,185,155,32,2,1,1,25,1405.35,0
0,0,40,1,293,8,12,6,5,1,1,55,22.515,0
16,0,40,3,14678,185,28,61,3,1,1,30,706.52,0
0,0,32,0,0,37,10,38,4,1,1,25,289.681,1
1,0,30,0,1665,38,30,19,3,1,2,30,188.12,0
23,1,30,0,5380,19,12,30,4,1,2,45,30.508,1
0,0,27,0,1169,72,4,28,4,1,2,45,0.0,1
1,0,41,0,955,16,10,15,2,1,2,25,88.695,0
3,0,33,0,1860,26,26,26,2,1,1,25,124.146,1
6,1,9,0,1286,0,10,19,2,2,2,30,0.0,1
0,1,34,0,0,10,0,26,3,1,1,30,59.156,1
0,0,32,2,6470,109,255,28,2,2,1,25,1443.555,0
1,1,30,0,10,52,0,23,2,1,1,30,271.256,1
4,0,37,0,1475,24,21,26,2,1,2,25,161.955,0
0,0,22,0,2732,43,0,33,3,1,2,25,69.957,1
0,1,28,0,370,23,0,33,3,1,1,45,155.75,1
10,1,44,0,1193,23,31,12,4,1,2,45,107.9,1
0,0,34,0,0,0,0,0,5,1,1,55,0.0,0
10,0,42,2,1075,23,25,12,3,1,1,30,143.92,0
0,0,36,3,0,0,0,27,4,1,2,25,35.734,1
0,0,38,0,0,1,16,6,2,1,2,30,107.025,1
4,0,19,0,840,24,2,7,2,1,1,25,47.88,0
12,0,25,2,5663,0,9,48,2,1,2,25,272.633,1
12,0,31,0,4787,7,11,18,2,1,2,30,125.797,1
0,0,32,0,54,0,0,12,3,1,2,30,54.976,1
14,0,24,0,1005,25,9,8,2,1,2,25,86.85,0
0,0,24,0,0,0,0,40,3,1,2,30,277.531,1
2,0,40,0,180,8,11,5,2,1,2,25,57.96,1
5,0,34,2,3440,32,21,29,3,1,1,30,222.88,0
13,0,18,4,3157,51,38,21,3,1,1,30,280.32,0
8,0,38,2,2960,49,306,33,3,1,1,30,1344.36,0
0,0,33,0,0,18,18,26,2,1,2,25,271.076,1
0,1,33,1,0,38,18,29,4,1,2,25,76.329,1
0,0,32,0,6075,86,0,22,4,1,1,45,154.025,0
0,0,26,0,3352,67,0,31,4,1,1,25,308.741,1
0,0,35,0,0,29,2,37,2,2,2,45,953.501,1
2,0,34,3,1209,6,5,45,2,1,2,25,61.421,1
15,0,35,0,114,27,8,20,2,1,2,30,379.545,1
0,1,41,0,2187,0,1,33,3,1,2,30,225.767,1
6,0,38,0,5918,95,7,12,3,1,1,30,268.52,0
27,0,31,3,16320,241,7,80,2,1,1,25,776.745,0
19,0,17,1,9427,178,89,45,5,1,1,55,277.575,0
0,0,24,0,1347,36,0,48,2,1,1,30,63.271,1
6,0,32,1,2825,49,167,19,2,1,1,25,880.83,0
3,0,35,0,1665,44,38,20,3,1,2,30,220.36,0
0,0,28,0,0,100,0,5,2,1,1,30,121.497,1
0,0,28,0,393,0,17,14,4,1,2,30,160.128,1
7,0,44,0,305,12,15,3,3,1,2,30,72.68,1
0,0,34,0,0,0,0,0,2,1,2,25,0.0,1
5,0,35,0,6658,72,103,35,2,1,1,25,766.35,0
0,1,29,0,1430,20,0,25,2,1,2,30,357.97,1
8,0,41,2,11545,156,21,51,4,1,1,45,345.025,0
0,0,31,0,93,24,4,42,2,1,2,25,304.792,1
8,1,39,0,365,29,4,48,3,1,1,30,228.387,1
6,0,38,1,1973,31,7,8,4,1,1,45,67.6,0
10,0,39,2,6995,93,202,31,3,1,1,30,1091.52,0
1,1,27,0,54,36,0,37,2,1,2,30,404.314,1
0,0,3,0,2188,0,30,8,2,1,2,30,190.234,1
2,0,32,0,0,10,15,22,2,1,2,25,23.47,1
2,0,26,0,1188,48,0,39,2,1,2,45,270.646,1
0,0,25,0,0,0,8,15,2,1,1,25,237.182,1
0,0,26,0,1155,9,15,22,3,1,2,30,188.779,1
0,1,37,1,434,27,0,11,4,1,2,30,34.084,1
13,0,39,2,4733,99,17,30,3,1,1,30,261.28,0
11,0,36,2,6843,73,104,34,2,1,1,25,779.22,0
13,0,12,3,5405,57,230,12,3,1,1,30,1138.48,0
1,0,36,0,5613,89,0,10,2,1,1,25,256.59,0
0,0,23,0,473,60,0,25,5,1,1,30,385.422,1
34,1,40,6,16045,241,82,49,3,2,1,30,979.44,0
5,1,31,0,1205,30,13,20,2,1,2,30,0.0,1
3,0,26,2,2253,4,0,9,3,1,1,25,209.218,1
1,1,34,0,2267,24,0,43,3,1,2,25,197.481,1
8,0,41,1,2153,39,18,13,4,1,1,45,99.8,0
24,0,21,3,6758,150,97,46,2,2,1,25,747.36,0
5,0,37,0,7698,128,393,46,2,1,1,25,2120.67,0
1,0,27,0,3130,0,0,39,2,1,2,45,93.776,1
10,0,42,2,6985,100,204,33,3,1,1,30,1099.4,0
0,0,35,0,0,0,0,0,2,1,2,25,0.0,1
24,0,40,4,10130,138,159,45,3,1,1,30,1046.72,0
1,0,33,0,2360,41,136,17,2,1,1,25,720.045,0
5,0,38,2,643,10,11,4,5,1,1,55,26.295,0
12,0,19,1,6168,137,88,44,1,2,1,15,830.775,0
0,0,33,1,0,61,0,29,2,1,2,45,70.45,1
0,0,36,0,0,33,15,48,3,1,1,25,205.343,1
7,1,28,0,2414,32,0,30,2,1,2,25,118.79,1
0,0,32,0,7023,113,366,36,2,1,1,25,1968.12,0
0,0,28,0,0,38,0,22,2,2,1,45,291.416,1
20,1,34,0,830,49,20,20,2,1,2,25,129.555,1
13,0,45,2,6223,107,22,15,3,1,1,30,341.2,0
0,0,40,0,433,11,39,8,3,1,2,30,173.76,0
9,0,39,2,8890,117,147,45,3,1,1,30,948.28,0
0,0,35,0,1973,46,0,27,1,1,1,15,111.045,0
7,0,36,0,11350,148,0,43,3,1,1,30,459.92,0
7,0,28,2,3645,73,47,29,4,1,1,45,210.45,0
0,1,30,0,0,28,47,9,4,1,2,25,55.45,1
5,0,25,1,3470,64,10,23,3,1,1,30,181.36,0
0,0,23,0,0,80,12,22,3,1,1,45,186.147,1
0,1,27,2,1690,7,199,46,2,1,2,25,373.693,1
0,1,35,0,76,64,10,42,2,1,2,25,344.179,1
9,0,15,3,3257,50,32,17,3,1,1,30,260.28,0
0,1,37,0,503,9,13,7,4,1,2,45,45.3,1
0,0,33,0,760,28,10,3,3,1,2,30,71.52,0
4,1,30,0,2008,34,19,25,3,1,2,30,157.68,1
4,1,34,0,2800,41,34,18,3,1,2,30,249.64,1
9,0,38,1,14018,172,7,44,3,1,1,30,595.6,0
0,0,30,0,1141,43,0,42,2,1,2,30,0.0,1
8,0,40,0,4220,79,7,12,3,1,1,30,199.96,0
1,0,41,1,0,15,10,23,2,1,1,45,258.104,1
14,0,29,0,815,30,8,6,3,1,2,30,65.8,0
3,1,41,3,0,39,34,22,2,1,2,25,0.0,1
0,0,35,0,570,8,0,9,2,1,2,25,26.01,0
9,0,18,2,2558,41,17,6,3,1,1,30,171.96,0
0,0,29,0,6008,35,10,7,3,1,2,30,198.013,1
0,1,26,0,0,43,4,28,3,1,2,30,190.02,1
0,0,17,0,1505,26,53,16,2,1,1,25,307.395,0
5,0,15,0,2000,26,27,15,2,1,1,25,212.67,0
11,1,36,0,2513,47,36,31,3,1,2,30,246.4,1
10,0,41,0,2408,64,367,28,3,1,1,30,1566.88,0
13,0,22,0,1530,32,18,14,2,1,1,25,151.29,0
3,0,37,2,0,0,0,34,4,1,2,30,98.359,1
11,0,28,6,9870,77,0,34,4,2,1,45,248.675,0
7,0,37,1,2485,37,281,15,3,1,1,30,1224.88,0
0,0,36,0,0,0,0,0,3,1,2,30,0.0,1
9,0,30,0,3657,0,0,28,3,1,2,30,0.0,1
0,1,38,0,788,20,8,48,2,1,2,30,92.671,1
0,0,40,0,0,1,12,10,2,1,2,30,0.0,1
0,1,24,0,3557,44,0,18,2,1,1,30,219.923,1
10,0,43,1,4370,77,13,18,3,1,1,30,229.88,0
8,0,25,0,585,20,12,8,2,1,2,25,81.225,0
20,0,41,2,6303,112,44,31,2,1,1,25,486.675,0
16,0,29,0,1005,31,17,9,3,1,2,30,109.44,0
6,1,30,1,1495,44,204,16,2,2,1,25,987.255,1
5,0,40,0,825,19,11,7,3,1,2,30,77.76,0
7,0,39,0,4073,68,5,38,1,1,1,15,255.255,0
10,0,47,0,883,21,29,12,3,1,2,30,152.16,0
13,0,27,0,754,0,1,7,3,1,2,30,0.0,1
22,1,40,9,10515,95,11,46,5,1,1,55,175.65,0
0,1,33,0,508,0,4,4,3,1,1,30,424.482,1
9,1,32,0,0,4,28,7,2,1,2,45,266.343,1
0,0,37,0,258,2,2,2,2,1,2,25,20.7,0
0,0,40,0,0,18,0,8,3,1,2,45,142.134,1
0,1,29,0,2801,69,0,48,4,1,2,45,279.876,1
30,0,39,3,15330,225,29,30,3,1,1,30,738.2,0
3,0,30,0,0,0,0,14,3,1,2,30,363.596,1
10,0,16,0,5682,130,60,42,1,2,1,15,649.66,0
0,0,34,0,3603,77,4,29,2,1,1,25,183.6,0
0,0,31,1,19,0,0,15,3,1,1,25,183.715,1
14,0,43,2,5000,97,20,32,3,1,1,30,283.88,0
9,0,40,1,2665,45,292,20,3,1,1,30,1276.4,0
0,0,38,0,1030,21,5,22,4,1,2,30,86.847,1
0,0,26,0,580,7,19,3,4,1,1,45,62.175,0
5,1,31,0,0,15,2,13,4,1,2,55,338.321,1
3,1,32,0,1035,45,9,29,2,1,2,30,61.025,1
0,0,31,0,2790,15,468,5,3,1,1,30,1984.2,0
11,0,43,2,3580,41,501,15,3,1,1,30,2148.84,0
1,0,24,0,855,47,19,8,2,1,2,30,140.881,1
0,1,30,0,1081,51,5,33,2,1,1,25,335.654,1
6,0,33,0,755,4,0,3,4,1,2,45,224.21,1
0,0,24,0,710,5,23,4,4,1,2,45,75.375,0
0,0,36,0,383,4,7,4,4,1,1,45,27.175,1
0,0,14,1,1207,0,1,39,2,1,2,30,195.115,1
0,0,33,0,0,0,0,0,2,1,2,25,0.0,1
0,0,26,0,87,43,0,30,3,1,2,25,323.063,1
0,0,23,1,2680,25,6,17,4,1,2,30,298.955,1
20,0,17,3,6993,151,106,57,2,2,1,25,798.48,0
5,0,35,1,3843,80,7,25,3,1,1,30,184.92,0
8,0,22,0,1045,24,8,8,2,1,1,25,84.105,0
0,0,28,0,6008,50,7,33,3,1,2,30,0.0,1
0,0,27,0,561,65,5,24,3,1,1,30,377.586,1
8,0,39,1,7813,133,391,45,3,1,1,30,1881.84,0
8,0,39,1,7813,133,391,45,3,1,1,30,1881.84,0
0,1,3,0,0,0,42,26,2,1,2,25,66.164,1
0,0,32,0,0,0,0,0,2,1,2,25,0.0,0
0,0,23,0,2097,0,0,9,4,1,2,45,277.302,1
2,0,9,0,3144,63,0,38,4,1,1,45,0.314,1
0,1,26,0,0,47,0,36,4,1,2,25,370.738,1
0,0,26,0,35,40,16,20,5,2,2,25,261.845,1
10,0,38,3,2573,41,28,23,4,1,1,45,135.35,0
3,0,26,0,1925,38,61,22,2,1,1,25,268.081,1
5,0,27,0,2930,57,7,10,3,1,1,30,147.48,0
2,0,30,0,3824,100,7,17,3,1,2,30,201.962,1
7,0,40,0,0,30,3,36,2,1,1,45,230.318,1
7,0,38,1,4023,88,9,30,3,1,1,30,200.44,0
1,1,33,0,636,21,0,6,4,1,1,25,71.088,1
0,0,32,0,2345,15,0,9,3,1,1,30,94.4,0
0,0,31,0,2660,14,0,9,3,1,1,30,106.96,0
15,0,27,1,1530,38,26,15,2,1,1,25,187.56,0
0,0,26,0,0,60,14,28,2,1,2,45,230.029,1
0,1,30,0,5951,95,57,5,2,1,2,25,92.471,1
26,0,37,8,10625,93,7,40,4,1,1,45,285.45,0
5,0,25,0,1684,100,0,21,3,1,1,45,393.193,1
7,0,43,3,643,16,19,5,5,1,1,55,38.385,0
11,0,37,1,15730,185,152,30,2,1,1,25,1400.175,0
10,0,36,3,3745,38,28,31,3,1,1,30,263.32,0
0,0,12,0,1435,16,13,8,2,1,1,25,123.795,0
15,1,29,3,501,9,66,21,4,1,2,30,229.027,1
13,0,19,5,3273,57,70,25,4,1,1,45,258.25,0
0,0,38,0,0,0,0,0,2,1,2,25,0.0,0
0,0,32,0,0,0,0,0,4,1,1,45,0.0,0
0,1,13,0,0,20,2,16,2,1,2,45,27.911,1
9,0,26,0,820,27,1,15,2,1,1,25,42.615,0
11,0,37,5,7385,128,310,39,3,2,1,30,1540.52,0
6,1,28,0,4096,0,14,26,3,1,2,45,113.839,1
0,0,26,0,2034,0,24,34,2,1,1,55,256.695,1
2,0,38,0,650,4,0,11,3,1,2,25,42.996,1
4,0,39,0,1745,46,48,24,3,1,2,30,263.64,0
15,0,14,1,9058,169,69,37,5,1,1,55,241.905,0
5,0,30,1,2885,18,7,10,3,1,1,30,144.12,0
1,0,32,2,6660,110,264,31,2,2,1,25,1492.65,0
19,0,33,8,10255,85,0,37,5,1,1,55,155.1,0
16,0,38,1,3163,71,367,24,3,1,1,30,1597.36,0
6,0,39,1,7623,132,382,42,3,1,1,30,1838.2,0
7,1,36,0,2802,7,10,8,4,1,2,45,749.528,1
19,0,36,8,10245,92,0,39,5,2,1,55,155.055,0
7,0,23,0,1873,39,29,69,4,1,1,45,120.3,0
11,0,41,1,2533,62,369,28,3,1,1,30,1579.8,0
4,0,25,0,3415,62,17,26,3,1,1,30,207.08,0
17,0,21,1,9193,181,88,46,5,1,1,55,272.61,0
0,0,17,0,985,15,3,14,2,1,1,25,58.5,0
0,0,32,1,160,31,12,48,3,1,2,25,73.382,1
11,1,31,1,1659,55,10,22,3,1,1,25,177.253,1
7,0,36,1,4665,75,19,30,2,1,1,25,298.8,0
13,0,20,1,6087,141,86,41,2,2,1,25,667.26,0
5,0,38,2,643,10,11,4,5,1,1,55,26.295,0
13,1,31,0,852,51,0,2,3,1,2,30,284.841,1
0,1,39,0,2792,16,0,27,2,1,1,45,254.3,1
32,0,38,5,16380,250,15,83,2,2,1,25,815.85,0
2,0,35,0,2073,30,1,4,3,1,1,30,88.12,0
9,1,41,0,0,28,2,30,2,1,2,45,103.049,1
0,0,40,0,7203,127,385,42,3,1,1,30,1833.2,0
24,0,35,0,660,43,7,4,3,1,2,30,56.12,1
1,0,38,0,2148,55,0,33,1,1,1,15,121.165,0
18,0,43,3,9375,131,159,49,3,1,1,30,1016.24,0
5,0,26,1,1720,41,194,9,2,2,1,25,952.245,0
0,0,33,0,2085,25,0,9,2,1,2,25,94.95,1
0,0,28,0,1343,35,33,70,4,1,1,45,116.95,0
6,0,37,2,3260,34,39,20,4,1,1,45,179.85,0
0,0,34,0,323,1,2,2,4,1,2,45,13.1,1
12,0,42,2,2725,48,297,22,4,1,1,45,811.825,0
0,0,6,0,517,42,5,36,2,1,2,30,0.0,1
14,0,41,3,9195,123,154,47,3,1,1,30,988.72,0
12,0,30,1,1225,38,27,14,2,1,1,25,178.335,0
13,0,41,1,3265,67,193,30,2,1,1,25,1018.44,0
10,0,38,0,4198,66,1,35,1,1,1,15,240.02,0
11,0,18,4,2913,48,36,21,3,1,1,30,262.44,0
5,0,34,1,1893,29,7,4,4,1,1,45,65.55,0
13,0,36,1,9000,115,112,39,3,1,1,30,812.6,0
8,0,24,4,1537,35,16,8,2,1,2,45,96.126,1
11,0,38,1,3775,82,32,28,3,1,1,30,282.28,0
5,0,24,0,1035,32,44,15,2,1,1,25,246.015,0
0,0,40,0,2168,54,5,35,1,1,1,15,149.71,0
0,1,28,0,0,0,0,0,4,1,1,45,0.0,1
0,0,33,0,0,0,0,0,2,1,2,25,0.0,0
0,0,40,0,193,7,11,7,2,1,2,25,58.5,0
0,0,29,0,0,0,0,0,2,1,2,25,0.0,1
0,0,32,0,450,4,0,2,2,1,2,25,20.43,0
3,0,28,0,5531,23,39,9,2,1,1,30,251.945,1
0,0,26,0,825,10,21,3,4,1,2,45,73.375,0
20,0,34,9,10730,97,15,55,4,1,1,45,308.175,0
0,0,8,0,2162,31,2,11,3,1,2,30,230.751,1
3,1,27,0,1443,33,0,13,2,1,1,30,85.014,1
21,0,41,4,9480,130,156,47,3,1,1,30,1008.4,0
3,0,9,1,1488,19,0,7,3,1,1,30,60.28,1
1,0,32,2,5742,3,0,30,2,1,2,25,0.0,1
1,0,26,0,839,28,0,20,3,1,2,45,52.038,1
1,0,29,0,1649,37,0,13,4,1,2,30,184.518,1
5,1,28,0,2001,0,7,33,2,1,1,25,152.19,1
15,0,29,0,590,38,4,13,2,1,2,25,46.26,1
1,0,35,0,538,7,1,1,3,1,2,30,25.8,1
0,0,35,0,570,8,0,9,2,1,2,25,26.01,0
12,0,39,2,11770,160,18,49,4,1,1,45,343.25,0
0,0,33,1,2395,27,12,26,3,1,2,25,27.382,1
9,0,40,2,3400,33,490,10,3,1,1,30,2097.32,0
11,1,13,3,1853,28,12,11,3,1,1,30,123.24,1
1,0,25,0,137,20,0,40,2,1,2,30,91.924,1
22,0,29,2,15960,233,2,81,2,1,1,25,737.685,0
7,0,14,1,256,51,12,40,2,1,2,45,165.031,1
0,1,38,0,2226,23,0,21,3,1,1,30,103.41,1
5,0,29,1,1020,32,179,2,3,2,1,30,758.08,0
0,0,35,1,1051,42,0,43,5,1,2,30,128.124,1
8,0,39,2,6805,92,193,28,3,1,1,30,1047.88,0
5,0,39,0,580,10,7,2,2,1,2,25,58.05,0
0,0,37,0,0,32,0,6,2,1,1,30,277.042,1
7,0,33,0,1890,48,35,18,3,1,2,30,217.52,0
5,1,5,0,1533,15,7,3,3,1,1,30,89.92,1
1,0,27,0,0,34,33,5,3,1,1,25,144.957,1
0,0,38,0,115,6,32,4,2,1,2,25,149.445,1
0,0,12,1,1053,7,1,0,2,1,1,25,6.829,1
0,0,33,0,653,8,0,4,3,1,1,30,26.44,0
11,0,18,4,2967,50,29,18,3,1,1,30,236.68,0
3,0,24,1,1863,43,44,81,4,1,1,45,157.65,0
4,0,41,0,750,24,36,10,4,1,1,45,300.26,1
6,0,32,0,3515,72,17,22,2,1,1,25,237.915,0
6,0,37,1,1725,47,43,22,3,1,1,30,242.88,0
7,0,40,0,1015,20,20,10,3,1,2,30,121.4,0
9,0,33,0,739,48,0,18,3,1,1,45,244.489,1
0,1,41,0,1187,21,26,22,2,1,2,25,157.548,1
4,0,41,2,6580,88,196,30,3,1,1,30,1050.72,0
3,0,36,0,5803,90,9,13,2,1,1,25,305.685,0
5,0,40,0,415,10,7,2,3,1,2,30,45.0,0
0,1,33,0,4438,25,0,24,4,2,2,25,78.051,1
0,0,26,0,1322,39,3,48,2,2,2,45,254.18,1
7,0,26,0,3415,61,7,21,3,1,1,30,167.04,0
0,1,24,0,3815,3,3,29,3,1,2,30,144.364,1
0,0,7,1,0,14,35,21,3,1,1,30,188.346,1
0,1,27,0,116,42,13,11,3,1,2,30,293.486,1
0,0,32,0,744,7,4,22,2,1,2,25,0.0,1
12,1,32,0,3295,41,8,17,3,1,2,30,165.44,1
6,0,40,0,3973,62,4,37,2,1,1,25,199.575,0
9,0,40,2,2033,34,12,10,4,1,1,45,81.675,0
4,0,36,3,938,14,25,17,5,1,1,55,51.78,0
4,1,28,2,1617,41,0,32,3,1,2,25,114.555,1
7,0,40,1,2475,44,283,17,3,1,1,30,1232.76,0
0,0,27,0,2665,26,6,20,2,1,2,30,460.055,1
5,0,35,0,1855,45,47,23,3,1,2,30,264.0,0
10,0,39,2,11525,157,16,49,4,2,1,45,332.05,0
8,0,39,4,6965,122,279,34,3,2,1,30,1399.48,0
14,0,18,0,9113,179,84,45,4,1,1,45,442.3,0
5,0,38,0,305,6,7,2,4,1,2,45,25.275,1
0,0,32,0,1245,32,0,14,3,1,2,30,51.08,0
8,0,38,1,6690,86,161,24,3,1,1,30,915.04,0
0,0,28,0,449,12,8,39,4,1,1,30,60.807,1
8,1,25,0,1121,45,0,47,4,1,2,30,10.908,1
24,0,39,3,14735,220,36,34,3,1,1,30,742.2,0
36,0,34,5,17090,255,15,82,2,2,1,25,848.025,0
0,0,37,0,1263,20,0,8,4,1,1,45,32.075,0
17,0,34,1,6043,102,23,22,2,1,1,25,380.025,0
14,0,39,1,8820,117,130,30,3,1,1,30,877.48,0
0,1,33,0,0,34,8,17,4,1,2,30,38.329,1
0,0,37,0,0,0,6,17,3,1,2,45,203.241,1
9,0,35,0,2990,41,9,16,3,1,2,30,157.24,1
8,0,34,3,7155,117,280,36,2,2,1,25,1587.24,0
12,1,30,0,0,26,2,20,4,1,1,30,95.603,1
0,1,37,0,1444,76,23,15,3,1,2,25,0.0,1
8,0,40,0,13478,165,7,31,3,1,1,30,573.72,0
7,0,35,1,3550,33,8,14,3,1,1,30,175.32,0
6,0,38,0,1585,25,8,11,2,1,2,25,108.45,0
5,0,28,0,0,35,0,17,4,1,2,55,44.865,1
14,0,37,2,3900,80,28,25,3,1,1,30,271.2,0
8,0,28,0,0,16,0,23,2,1,2,25,18.386,1
5,0,40,1,6680,94,197,31,3,1,1,30,1058.96,0
27,0,42,10,10820,101,18,48,5,1,1,55,190.815,0
0,1,34,3,1838,6,0,28,2,2,2,30,76.55,1
0,0,32,0,1303,16,0,2,3,1,1,30,52.76,0
0,0,28,2,1479,16,1,20,2,1,2,25,250.056,1
2,0,25,0,3225,61,8,23,3,1,1,30,163.44,0
28,0,30,4,16200,236,7,77,2,2,1,25,771.12,0
6,1,38,1,431,0,83,48,3,1,1,25,144.599,1
0,0,38,2,0,59,2,23,2,1,1,25,3.413,1
1,0,28,0,0,43,7,45,3,1,1,25,142.201,1
7,0,26,3,1600,55,8,24,2,1,2,25,318.421,1
0,1,28,0,1703,28,12,23,3,1,2,30,117.24,1
6,1,44,0,1725,36,14,5,3,1,2,30,174.056,1
0,0,3,0,0,34,0,46,3,1,2,30,237.208,1
0,1,33,0,1207,33,0,46,3,2,1,45,79.07,1
14,1,38,0,2573,50,41,33,4,1,2,45,168.075,1
0,1,27,0,0,2,0,18,3,1,1,30,238.102,1
3,0,40,1,3798,84,12,32,3,1,1,30,203.28,0
6,0,30,1,7090,97,13,23,4,1,1,45,212.175,0
10,0,40,2,4630,88,0,24,3,1,1,30,188.72,0
5,0,43,0,0,0,4,10,3,1,1,45,324.165,1
11,0,35,0,0,26,20,7,2,1,2,30,188.642,1
0,0,36,0,4020,76,0,20,3,1,1,30,163.84,0
8,0,40,2,7928,139,423,49,3,1,1,30,2014.68,0
9,0,35,0,2153,38,2,27,3,1,2,30,95.64,1
9,0,15,0,5897,134,69,37,1,2,1,15,711.205,0
6,0,35,1,8620,114,128,38,3,1,1,30,861.36,0
7,0,28,1,1683,44,28,67,5,1,1,55,67.905,0
13,0,40,1,4313,71,0,34,1,1,1,15,241.12,0
0,1,34,0,2549,20,14,13,4,1,1,30,0.0,1
5,0,34,0,2033,48,320,18,2,1,1,25,1533.645,0
0,0,30,0,0,17,0,7,2,1,1,25,162.034,1
15,0,28,0,0,27,0,4,4,1,2,30,102.284,1
22,1,30,0,1715,42,25,9,3,1,2,30,170.28,1
11,0,43,1,2845,53,303,25,3,1,1,30,1327.92,0
0,0,31,0,479,38,0,29,2,1,2,25,172.203,1
5,0,38,0,1638,44,0,2,3,1,2,30,67.28,0
2,0,32,0,13513,159,0,38,3,1,1,30,546.88,0
0,0,38,0,6375,88,190,29,3,1,1,30,1018.52,0
26,0,33,2,15780,234,7,67,2,1,1,25,752.13,0
0,0,34,2,6008,6,29,17,2,1,2,45,143.612,1
11,0,38,1,3775,82,32,28,3,1,1,30,282.28,0
16,0,34,2,9420,121,143,44,3,1,1,30,953.64,0
9,0,34,2,7495,108,22,22,5,1,1,55,147.045,0
20,0,25,2,15815,228,0,74,2,1,1,25,721.935,0
0,0,34,0,3413,76,0,26,2,1,1,25,157.005,0
0,0,40,0,1025,0,0,29,3,1,2,45,66.065,1
15,0,40,1,4865,78,21,22,3,1,1,30,281.72,0
5,0,33,0,920,10,7,7,2,1,2,25,73.35,0
0,0,34,0,955,33,13,20,3,1,2,30,91.52,0
30,0,10,0,0,65,22,20,2,1,1,45,187.691,1
18,0,38,2,9305,121,119,41,3,1,1,30,853.04,0
0,1,3,1,823,48,0,0,2,1,2,25,85.809,1
5,0,34,0,305,6,7,2,3,1,2,30,40.44,1
0,1,29,1,1289,31,13,9,3,1,1,30,181.733,1
1,0,35,1,743,9,5,1,5,1,1,55,18.78,0
15,0,37,2,9360,124,146,43,3,1,1,30,963.36,0
18,0,38,0,3173,60,62,48,4,1,2,45,235.825,1
5,0,42,0,738,17,46,10,3,1,2,30,214.2,0
2,0,34,1,6365,106,250,18,2,2,1,25,1416.195,0
0,0,38,0,1760,29,264,3,3,1,1,30,1127.56,0
0,0,30,0,929,55,5,10,2,1,1,25,80.966,1
3,0,28,0,940,15,19,2,4,1,2,45,71.375,0
14,0,42,2,6283,104,19,16,3,1,1,30,331.48,0
2,1,28,0,260,46,11,0,2,1,2,45,221.189,1
0,0,3,0,1704,61,0,36,3,1,1,25,192.657,1
0,0,30,3,3208,7,0,21,3,1,2,45,181.244,1
21,0,23,2,6653,151,100,48,2,2,1,25,756.18,0
19,0,14,1,6697,141,84,43,1,2,1,15,838.09,0
1,0,27,0,2607,75,0,39,2,1,2,25,274.06,1
5,0,34,0,755,10,7,4,3,1,2,30,58.6,0
2,0,23,0,2366,30,0,31,3,1,2,30,109.769,1
11,0,27,0,700,25,10,7,2,1,2,25,77.625,0
0,1,26,3,6008,56,0,29,2,1,1,30,4.588,1
7,0,38,1,4515,83,2,25,3,1,1,30,191.92,0
12,0,35,4,7690,113,42,39,5,1,1,55,180.045,0
5,0,21,1,3270,57,7,19,3,1,1,30,161.08,0
0,0,20,0,1308,29,15,62,4,1,1,45,70.925,0
0,0,29,0,2581,53,21,39,2,1,2,45,55.223,1
5,0,23,0,920,26,12,11,2,1,1,25,96.57,0
14,1,5,0,0,39,5,8,3,1,2,30,237.082,1
3,0,40,1,4290,79,5,27,3,1,1,30,194.76,0
6,0,35,0,2700,34,5,27,3,1,2,30,176.857,1
1,0,4,0,1487,13,0,6,2,1,1,25,67.5,1
12,0,19,1,0,16,0,17,2,1,2,45,81.177,1
11,0,34,0,1637,40,0,33,3,1,2,30,306.207,1
5,1,37,0,305,6,7,2,3,1,2,30,40.44,1
8,0,37,0,2263,59,350,21,3,1,1,30,1492.88,0
7,0,41,0,1113,21,27,11,4,1,2,45,95.85,1
0,1,14,0,0,43,166,31,3,1,2,45,17.488,1
0,0,24,0,0,32,0,1,3,1,2,25,48.001,1
2,0,36,1,2688,62,16,46,1,1,1,15,239.25,0
9,0,38,1,8218,138,392,43,3,1,1,30,1902.24,0
6,0,28,0,0,23,0,36,3,1,2,30,151.272,1
7,0,37,2,8108,137,405,58,3,1,1,30,1949.8,0
14,1,37,0,3295,47,16,18,3,1,2,30,197.68,1
16,1,37,0,3485,48,25,21,3,1,2,30,241.32,1
4,0,25,0,205,18,0,2,2,1,2,25,10.035,0
6,0,37,0,5803,89,0,8,2,1,1,25,265.14,0
8,1,11,2,1793,25,7,9,3,1,1,30,100.72,1
0,0,32,0,6008,0,23,1,2,1,1,30,261.442,1
0,1,27,1,0,95,0,33,3,1,2,30,235.528,1
1,0,9,1,2547,33,16,16,3,1,1,30,167.2,0
5,0,26,1,5299,11,9,39,2,1,1,45,283.969,1
0,0,28,0,1719,0,0,27,4,1,2,30,10.263,1
0,0,41,0,5503,37,0,1,3,1,2,45,82.208,1
0,0,35,0,1940,27,246,12,3,1,1,30,1062.68,0
0,1,34,0,5426,45,0,16,3,2,2,45,182.909,1
3,0,15,3,2663,45,56,21,3,1,1,30,332.32,0
5,1,32,0,1246,24,0,2,3,1,2,30,95.791,1
4,0,25,0,715,93,0,44,2,1,1,30,57.776,1
7,1,25,1,1447,37,2,20,2,2,2,45,63.491,1
16,1,45,1,3250,19,23,34,3,1,2,45,106.6,1
13,0,43,1,6403,109,25,19,3,1,1,30,360.48,0
0,0,36,0,0,0,0,48,2,1,1,30,32.889,1
32,0,33,4,16570,245,16,85,2,2,1,25,828.675,0
2,0,40,1,1748,27,10,10,4,1,1,45,69.375,0
0,0,40,1,2870,23,486,10,3,1,1,30,2059.72,0
2,0,35,0,11160,148,4,45,3,1,1,30,468.32,0
7,1,37,1,0,0,10,48,3,1,2,45,8.161,1
16,0,34,7,10130,87,0,40,4,1,1,45,255.425,0
0,0,7,0,3485,24,187,21,3,1,1,30,888.36,0
13,0,38,1,3965,83,41,31,3,1,1,30,325.92,0
13,0,17,0,8638,167,59,27,5,1,1,55,220.575,0
0,1,32,0,289,0,9,29,4,1,2,45,152.726,1
21,0,17,3,9838,187,101,57,5,1,1,55,301.875,0
0,0,27,1,6660,104,256,30,2,2,1,25,1456.38,0
0,0,34,0,345,5,1,4,2,1,2,25,20.25,0
2,0,19,1,1810,32,60,18,3,1,1,30,313.68,0
0,1,3,0,0,35,5,36,2,1,2,30,56.231,1
0,1,34,0,334,3,0,5,3,1,2,25,0.0,1
0,1,39,0,3293,14,0,20,4,1,1,30,66.383,1
0,1,35,0,569,54,6,3,3,1,2,30,245.406,1
1,0,33,0,483,0,2,6,3,1,1,30,9.302,1
2,0,33,0,0,23,0,30,2,1,1,30,78.273,1
11,1,28,0,0,49,58,11,2,1,2,30,235.2,1
19,0,30,2,15365,227,0,80,2,1,1,25,701.64,0
0,0,3,0,0,32,0,8,3,1,1,45,0.0,1
28,0,43,10,10740,105,16,45,5,2,1,55,186.675,0
12,1,3,0,224,12,0,23,3,1,2,45,0.0,1
5,0,35,0,305,6,7,2,2,1,2,25,45.495,0
16,0,33,0,2928,0,0,36,2,1,2,30,77.321,1
22,0,24,1,1207,41,0,28,3,1,1,25,81.777,1
21,0,32,8,10480,89,7,38,5,1,1,55,169.035,0
2,0,35,2,6795,90,200,39,3,1,1,30,1075.4,0
0,0,37,0,0,0,0,0,2,1,2,25,0.0,0
27,0,38,3,15330,226,63,35,3,1,1,30,874.24,0
5,0,34,1,3085,25,7,14,3,1,1,30,152.4,0
10,0,38,0,4560,72,14,20,3,1,1,30,241.28,0
0,0,30,0,522,0,3,10,2,1,2,25,140.0,1
16,0,42,1,15970,196,168,37,2,1,1,25,1483.47,0
0,0,20,0,1010,24,178,8,2,2,1,25,847.53,0
0,1,34,0,0,31,14,10,4,1,2,25,112.948,1
21,0,19,2,6697,147,92,44,2,2,1,25,721.98,0
16,1,32,0,0,22,0,25,4,1,2,25,256.071,1
1,0,34,0,2475,47,168,21,2,1,1,25,869.49,0
5,0,37,0,4008,66,26,37,1,1,1,15,367.07,0
0,1,35,0,0,0,0,0,2,1,2,25,0.0,1
0,1,29,0,3302,62,0,28,4,1,2,30,235.422,1
0,0,35,0,14580,166,122,13,2,1,1,25,1212.57,0
6,0,25,0,395,19,3,5,2,1,2,25,32.13,0
0,1,23,0,0,31,2,35,2,1,1,45,59.38,1
0,1,29,2,1361,33,0,26,2,1,2,25,0.0,1
23,1,33,0,955,47,16,17,2,1,2,25,117.09,1
0,0,11,1,4165,36,218,12,3,1,1,30,1040.04,0
3,0,38,0,2393,58,2,33,1,1,1,15,145.805,0
0,0,35,0,1170,18,14,24,2,1,2,25,116.46,0
4,0,38,0,0,39,204,20,2,1,2,45,363.46,1
2,0,34,0,0,0,0,5,2,1,2,25,28.066,1
19,0,19,2,6507,146,83,41,2,2,1,25,672.885,0
5,0,39,0,4245,73,9,20,2,1,1,25,234.81,0
2,1,33,0,1960,48,52,33,3,1,2,30,288.32,1
5,0,34,1,3075,57,189,36,2,1,1,25,991.44,0
25,1,26,0,950,0,1,1,2,1,2,30,41.534,1
14,1,27,0,494,2,0,37,4,1,1,30,117.684,1
0,0,24,1,901,39,4,32,5,1,1,45,67.882,1
1,0,30,3,1146,45,0,9,4,1,2,25,23.469,1
11,0,29,1,1305,34,29,17,2,1,1,25,190.755,0
0,0,26,1,887,0,0,6,2,1,2,30,71.314,1
7,0,39,0,495,7,16,5,2,1,2,25,94.59,1
0,0,35,0,2070,42,150,23,2,1,1,25,770.04,0
25,0,34,3,15185,221,46,28,3,1,1,30,800.24,0
21,1,28,0,955,41,8,16,2,1,2,25,80.82,1
1,0,27,0,0,0,12,18,4,1,2,25,68.31,1
0,0,37,0,6908,117,363,28,2,1,1,25,1949.625,0
6,0,24,0,0,54,0,6,2,1,1,25,372.618,1
3,0,31,0,3893,54,0,32,1,1,1,15,217.085,0
0,0,37,2,0,35,21,31,3,1,2,45,168.382,1
19,0,31,7,10435,87,0,41,4,1,1,45,263.05,0
0,0,23,0,2744,38,0,21,2,1,2,25,264.025,1
0,0,39,1,3474,81,10,0,5,1,1,25,90.313,1
8,0,39,2,6805,92,193,28,3,1,1,30,1047.88,0
1,0,32,0,1227,15,0,19,4,1,2,55,380.037,1
14,0,29,2,0,51,6,8,2,1,2,30,247.777,1
0,1,11,0,1805,0,0,16,3,1,2,30,167.069,1
11,0,36,0,1063,0,0,34,3,1,2,30,109.11,1
7,0,42,0,3164,24,0,34,4,1,2,25,0.0,1
3,0,38,2,453,9,2,1,5,1,1,55,9.93,0
0,0,31,0,6480,91,7,20,4,1,1,45,181.775,0
1,1,38,0,336,41,1,29,5,1,2,25,330.291,1
1,0,32,0,6233,61,90,30,2,1,1,25,688.23,0
7,0,38,0,1123,14,25,9,4,1,2,45,90.925,1
7,0,30,0,891,0,8,28,3,1,2,45,198.926,1
7,1,30,0,2990,35,1,15,2,1,2,25,140.625,1
4,1,31,2,2568,0,0,45,3,1,2,30,7.726,1
31,1,32,4,16785,249,8,80,2,1,1,25,802.53,0
10,0,16,3,1792,31,15,10,3,1,1,30,132.92,1
1,1,34,1,847,0,0,9,2,2,1,30,251.807,1
8,0,38,0,4370,71,5,17,3,1,1,30,197.64,0
0,0,25,0,2625,51,0,8,3,1,1,30,107.04,0
2,0,27,1,2200,41,11,22,4,1,2,30,0.0,1
6,0,36,0,3470,76,25,26,2,1,1,25,272.07,0
0,0,34,0,1363,19,0,4,3,1,1,30,55.28,0
6,0,14,0,2465,0,29,7,4,1,2,25,109.987,1
7,0,30,1,2214,16,11,17,2,1,2,30,161.591,1
2,0,44,0,318,11,15,5,3,1,2,30,73.16,0
4,0,42,1,2473,60,12,37,2,1,1,25,167.985,0
0,0,9,0,3790,30,194,23,3,1,1,30,928.8,0
1,1,37,0,0,22,0,25,2,1,2,55,277.889,1
16,0,42,2,4735,80,17,21,3,1,1,30,260.6,0
2,0,24,0,316,20,0,4,2,1,1,45,122.334,1
1,1,31,0,0,0,0,6,3,1,2,30,35.412,1
17,0,34,0,1857,19,0,28,3,1,2,45,158.885,1
5,1,35,0,0,19,37,22,2,1,2,30,106.331,1
7,0,41,0,813,12,23,9,3,1,2,30,125.0,0
2,0,36,0,3718,82,2,28,2,1,1,25,180.0,0
0,0,35,0,0,0,0,0,2,1,2,25,0.0,1
4,0,30,0,727,0,17,24,2,1,2,25,407.44,1
0,0,28,0,595,67,12,37,2,1,2,25,207.6,1
10,0,35,0,5379,0,0,5,3,1,2,25,121.436,1
25,1,36,0,1135,55,27,22,2,1,2,25,175.05,1
4,1,26,3,2771,44,0,36,4,1,1,25,76.469,1
0,0,39,0,2268,60,6,36,1,1,1,15,161.04,0
0,0,35,0,2215,1,0,18,3,1,2,30,0.0,1
7,1,24,0,1018,14,12,5,3,1,1,30,325.927,1
5,0,32,1,305,6,7,2,5,1,1,55,15.165,1
0,1,3,0,173,18,4,7,5,1,1,30,125.582,1
16,0,34,7,10130,87,0,40,4,1,1,45,255.425,0
2,0,5,0,1408,17,0,3,3,1,1,30,57.0,1
1,0,27,0,4228,7,0,14,3,1,2,25,28.562,1
1,0,27,0,107,0,5,39,2,1,1,30,229.498,1
8,0,36,1,3025,56,177,23,2,1,1,25,935.145,0
4,0,38,0,5673,92,5,12,2,1,1,25,281.925,0
0,0,33,1,185,36,0,48,4,1,2,30,246.57,1
0,0,33,0,7143,118,372,39,2,1,1,25,2000.745,0
0,0,15,0,1515,18,17,9,2,1,1,25,145.485,0
1,0,25,0,2108,78,7,19,3,1,2,25,243.876,1
0,1,24,0,6008,65,0,2,2,1,2,30,83.243,1
0,0,34,0,3223,75,0,23,2,1,1,25,148.41,0
6,0,38,3,6920,120,279,37,2,2,1,25,1572.3,0
0,0,38,0,0,0,0,0,2,1,2,25,0.0,1
15,0,42,2,14138,178,12,48,3,1,1,30,620.64,0
11,1,35,0,3180,42,18,19,3,1,2,30,200.88,1
1,0,35,0,502,0,8,9,2,1,2,30,174.518,1
0,0,34,0,630,39,1,18,3,1,2,25,226.545,1
0,0,27,0,6008,0,0,46,2,1,2,25,307.314,1
9,0,28,1,1505,36,168,9,2,2,1,25,825.345,0
5,0,33,0,255,60,15,6,4,1,2,30,14.991,1
12,0,42,3,3460,36,495,12,4,1,1,45,1324.9,0
23,0,32,0,840,41,0,13,2,1,2,25,39.645,1
17,0,39,2,3795,70,190,25,2,1,1,25,1028.925,0
0,1,22,0,6008,3,0,6,3,1,2,25,83.031,1
0,1,29,0,2622,2,45,33,2,1,2,25,200.091,1
4,0,36,1,2955,27,0,13,3,1,1,30,119.28,0
2,0,37,0,2954,0,0,3,4,1,2,30,100.373,1
5,1,34,0,1554,13,0,38,2,1,1,45,128.691,1
0,0,33,0,253,35,0,8,3,1,2,30,61.471,1
0,1,31,1,355,49,11,32,4,1,1,30,221.609,1
7,1,41,0,618,16,18,9,3,1,2,30,97.36,1
0,0,39,0,656,40,1,28,4,1,2,25,266.918,1
15,0,36,1,6063,101,28,24,2,1,1,25,403.38,0
0,1,42,0,611,22,9,9,3,1,2,30,369.098,1
0,1,23,1,2382,30,13,34,2,1,2,45,113.991,1
20,0,37,8,10030,88,0,44,5,1,1,55,151.77,0
9,0,33,0,3775,76,24,27,2,1,1,25,281.295,0
13,0,14,0,9337,176,74,38,4,1,1,45,422.825,0
5,1,29,2,1871,78,0,36,3,1,2,30,0.0,1
5,0,36,0,951,36,0,19,3,1,1,25,221.361,1
0,0,10,0,775,34,41,17,4,1,1,45,103.553,1
0,0,34,0,2650,21,0,11,3,1,1,30,106.84,0
18,1,34,4,2015,39,12,37,4,2,2,25,50.962,1
11,0,37,0,15675,183,159,33,2,1,1,25,1429.11,0
4,0,38,0,11340,156,15,50,3,1,1,30,519.84,0
12,0,37,1,2698,63,361,24,3,1,1,30,1554.44,0
3,0,37,1,6740,101,22,26,5,1,1,55,135.615,0
18,0,40,0,3143,70,36,34,3,1,2,30,272.52,0
5,0,36,1,6213,99,21,25,2,1,1,25,378.54,0
8,0,27,3,0,23,8,33,2,1,2,25,590.544,1
5,0,42,1,2440,41,295,22,3,1,1,30,1279.24,0
4,0,38,1,3095,27,483,8,3,1,1,30,2056.88,0
5,1,29,0,238,15,9,8,3,1,2,25,267.474,1
0,0,30,0,2139,57,11,12,4,1,2,45,18.539,1
0,0,34,0,3413,76,0,26,2,1,1,25,157.005,0
8,0,42,2,4595,85,12,29,3,1,1,30,235.2,0
0,0,28,2,1088,52,10,47,4,1,1,25,61.905,1
5,0,33,0,0,38,0,4,3,1,2,25,319.702,1
5,0,38,2,6785,103,22,23,5,1,1,55,136.32,0
3,0,16,1,0,24,24,33,2,1,2,30,58.716,1
0,1,3,0,0,17,40,14,3,1,1,25,140.152,1
0,0,43,0,273,9,15,8,2,1,2,25,80.19,0
10,0,15,0,8688,168,71,40,4,1,1,45,398.9,0
3,0,38,0,2393,58,2,33,1,1,1,15,145.805,0
0,0,38,0,4665,45,35,24,4,1,2,30,401.448,1
14,0,26,0,68,23,0,39,4,1,2,30,5.025,1
0,0,40,0,0,0,1,0,2,1,2,25,4.5,1
2,0,36,0,323,3,9,5,3,1,2,30,49.04,1
0,0,42,0,822,3,0,10,3,1,2,45,10.901,1
8,0,44,0,1095,22,30,14,3,1,2,30,164.68,0
6,0,36,1,14068,173,14,57,3,1,1,30,625.64,0
1,1,26,0,0,60,12,22,2,1,1,25,245.855,1
0,0,9,1,4200,39,206,7,3,1,1,30,993.56,0
1,0,30,0,1551,27,5,48,3,1,1,45,113.039,1
0,0,34,0,6008,19,24,17,4,1,2,25,176.884,1
13,0,29,0,3187,49,1,0,4,1,2,30,224.047,1
23,0,38,3,14895,222,52,32,3,1,1,30,812.68,0
5,0,38,1,1373,21,7,2,4,1,1,45,52.35,0
8,1,12,3,1908,31,39,13,3,1,1,30,233.56,1
1,0,34,1,4013,86,16,41,2,1,1,25,256.455,0
2,0,31,0,6333,67,91,31,2,1,1,25,697.5,0
5,0,38,0,438,8,7,4,3,1,2,30,45.84,1
0,0,34,0,889,15,0,12,2,1,2,25,29.466,1
26,0,38,9,10740,99,8,44,5,2,1,55,174.585,0
3,0,27,1,0,16,2,26,2,1,2,45,316.953,1
0,0,42,1,1662,53,0,27,3,1,2,30,108.613,1
0,0,36,0,980,92,0,27,2,1,1,30,35.027,1
4,0,36,0,3908,83,11,31,2,1,1,25,229.095,0
0,0,33,0,0,0,0,0,3,1,2,30,0.0,1
5,0,5,1,4435,36,207,6,3,1,1,30,1006.84,0
6,0,38,0,4180,70,0,14,3,1,1,30,170.0,0
7,0,43,0,438,14,15,5,3,1,2,30,78.08,1
3,1,24,2,1804,0,12,16,2,1,2,30,14.224,1
0,0,33,0,312,3,16,15,4,1,2,30,34.635,1
7,0,37,1,11465,154,11,47,4,1,1,45,317.975,0
0,1,42,0,0,0,1,7,5,1,2,30,120.776,1
6,0,41,0,1933,54,9,16,3,1,2,30,115.48,0
4,1,27,1,1315,36,193,11,2,2,1,25,929.295,1
3,0,34,0,2280,37,275,14,3,1,1,30,1192.68,0
0,0,35,0,931,38,7,0,3,1,1,30,255.414,1
5,0,35,0,1910,47,40,20,3,1,2,30,238.28,0
1,0,25,0,672,20,0,34,2,1,1,30,270.787,1
5,0,32,0,3763,0,0,32,2,1,2,30,173.606,1
12,1,31,0,221,35,12,21,4,1,1,25,101.102,1
23,0,29,0,1000,43,8,13,2,1,2,25,82.935,1
12,0,36,1,15610,180,146,27,2,1,1,25,1367.55,0
8,0,25,0,1035,31,10,10,2,1,1,25,92.97,0
7,0,34,1,13818,165,7,40,3,1,1,30,587.32,0
30,0,32,3,16265,238,7,78,2,1,1,25,774.135,0
3,0,42,0,790,16,23,12,3,1,2,30,124.24,0
5,1,27,0,1012,26,21,9,3,1,2,25,139.899,1
8,1,36,0,584,51,6,0,3,1,2,25,228.157,1
2,1,30,3,1078,26,204,11,4,1,2,30,445.124,1
3,0,30,0,0,54,8,22,4,1,1,30,0.0,1
0,0,30,0,2395,45,158,17,2,1,1,25,820.8,0
1,0,37,0,3313,77,0,30,3,1,1,30,135.6,0
8,0,44,1,2653,68,17,39,2,1,1,25,198.945,0
1,0,11,2,2368,31,13,12,3,1,1,30,147.96,0
19,0,37,2,14430,214,29,32,3,1,1,30,701.76,0
0,0,39,0,0,4,5,18,3,1,2,25,99.157,1
2,0,21,0,1568,33,22,67,4,1,1,45,95.025,0
0,1,34,0,1233,20,6,22,3,1,1,30,121.924,1
18,0,20,1,6573,149,96,47,2,2,1,25,734.49,0
2,0,35,0,3933,0,9,42,3,1,2,30,373.208,1
7,0,32,0,0,85,0,13,2,1,2,30,417.23,1
6,0,9,0,5828,125,63,34,1,2,1,15,673.915,0
1,1,31,0,2625,32,0,12,2,1,2,25,119.565,1
0,1,39,2,0,0,1,18,2,1,2,25,300.457,1
10,0,38,1,8990,123,148,46,3,1,1,30,956.52,0
7,0,35,0,5108,87,1,24,2,1,1,25,238.275,1
16,0,45,0,2543,66,23,20,4,1,2,45,122.725,0
0,0,25,0,1378,39,55,70,4,1,1,45,172.925,0
2,0,38,0,710,14,13,8,3,1,2,30,80.96,0
1,0,31,0,667,44,32,37,2,1,2,25,85.592,1
4,0,36,0,1933,48,1,15,3,1,2,30,83.24,0
0,1,26,0,1521,4,6,43,2,1,2,25,115.078,1
0,0,32,0,1975,31,268,12,3,1,1,30,1152.24,0
13,0,22,4,3113,55,46,25,3,1,1,30,310.72,0
0,0,23,2,3426,45,6,26,2,1,1,25,0.0,1
3,1,8,0,1373,13,0,3,2,1,1,25,62.37,1
4,0,34,3,6775,115,262,30,2,2,1,25,1489.05,0
0,0,26,1,0,20,11,1,2,1,1,25,39.722,1
5,0,18,1,1940,29,30,14,2,1,1,25,223.605,0
0,0,29,0,6153,59,86,29,2,1,1,25,666.54,0
0,0,28,0,0,27,2,4,3,1,1,25,69.918,1
2,0,32,0,3985,63,0,11,2,1,1,25,182.16,0
9,0,31,0,3035,37,7,12,3,1,2,30,150.88,1
0,1,34,0,0,18,7,9,5,1,2,45,137.048,1
12,0,45,0,2506,6,5,20,2,1,2,30,298.849,1
0,0,37,0,2203,58,27,35,2,1,1,25,223.245,0
0,0,36,0,405,8,6,6,2,1,2,25,45.585,0
0,1,27,0,4788,0,0,24,3,1,2,30,264.37,1
6,0,35,0,15370,177,152,31,2,1,1,25,1383.615,0
3,0,25,0,516,28,5,9,2,1,1,30,135.536,1
3,0,34,0,3015,25,473,4,3,1,1,30,2013.6,0
0,1,45,0,0,32,42,9,4,1,2,45,48.139,1
4,0,31,0,2068,52,342,18,2,1,1,25,1634.4,0
0,0,32,0,3545,27,0,13,2,1,1,30,424.362,1
0,0,27,2,68,25,35,48,4,1,2,30,0.0,1
0,0,24,0,0,39,0,0,2,1,2,30,194.22,1
0,0,35,0,2741,0,19,48,5,1,2,30,69.023,1
0,0,23,2,0,42,0,4,3,1,2,25,96.684,1
0,1,34,0,0,36,189,31,3,1,1,25,332.09,1
18,0,45,3,4080,94,47,31,3,1,1,30,354.96,0
0,0,34,0,0,0,0,0,5,1,1,55,0.0,0
7,0,35,0,2745,38,7,16,3,1,1,30,139.32,1
0,0,27,0,1127,17,13,45,2,1,2,45,18.74,1
1,0,30,0,2520,43,160,17,2,1,1,25,835.335,0
1,1,26,0,1896,27,9,36,2,1,1,30,257.341,1
3,1,27,2,0,53,4,20,4,1,1,25,153.68,1
8,0,37,0,14178,174,1,42,3,1,1,30,578.08,0
8,0,40,3,703,13,16,6,5,1,1,55,34.74,0
8,0,27,0,629,45,4,32,2,1,2,45,807.344,1
10,0,16,3,3098,48,33,19,3,1,1,30,257.84,0
9,1,24,0,0,47,0,18,2,2,1,30,194.636,1
0,0,41,0,2010,25,21,26,3,1,2,45,76.432,1
8,0,35,1,15780,186,164,43,2,1,1,25,1456.47,0
19,0,40,3,7733,92,123,39,2,1,1,25,905.625,0
5,0,36,1,305,6,7,2,5,1,1,55,15.165,0
0,1,28,0,6008,14,0,29,3,1,2,25,77.55,1
7,0,39,0,900,14,7,6,2,1,2,25,72.63,0
0,0,31,0,460,78,29,24,3,1,1,25,118.024,1
0,1,31,0,479,12,7,30,4,1,2,25,67.681,1
1,1,32,0,2735,49,10,39,2,1,2,25,233.883,1
0,0,34,0,640,31,0,28,2,1,2,30,167.214,1
12,0,39,0,13963,169,7,42,3,1,1,30,593.28,0
0,0,17,0,2116,23,35,44,4,1,2,30,94.294,1
10,1,25,0,824,0,3,6,4,1,1,25,204.148,1
11,1,43,0,2238,60,16,18,3,1,2,30,155.92,0
7,0,9,0,8673,161,58,34,4,1,1,45,365.85,0
0,1,23,1,4382,20,0,13,3,1,2,25,112.968,1
0,0,41,2,1638,28,0,7,3,1,2,25,330.31,1
20,0,33,2,1790,48,41,21,2,1,1,25,267.21,0
5,0,36,0,0,0,9,6,3,1,2,25,430.069,1
7,0,20,1,2000,32,35,16,3,1,1,30,221.28,0
17,0,18,6,3758,61,59,36,3,2,1,30,388.76,0
1,1,35,0,404,0,19,40,2,1,2,45,83.289,1
4,0,26,0,1200,30,161,7,2,2,1,25,779.85,0
7,0,44,0,803,19,25,11,3,1,2,30,132.88,0
22,0,23,3,6778,149,102,48,2,2,1,25,770.715,0
5,1,36,0,0,41,2,28,4,1,1,45,302.044,1
5,1,25,0,924,0,0,5,2,1,2,25,70.458,1
17,0,21,2,6473,143,95,46,2,2,1,25,725.22,0
5,0,38,0,3423,78,7,15,3,1,1,30,168.04,0
0,0,31,0,4210,71,0,22,3,1,1,30,171.24,0
20,1,38,0,4005,58,24,18,3,1,2,30,258.52,1
13,0,39,1,14483,180,8,44,3,1,1,30,618.52,0
10,0,44,3,903,20,26,10,5,1,1,55,52.845,0
11,1,41,0,2268,50,42,32,4,1,2,45,162.95,1
0,0,28,0,3305,42,0,23,2,1,2,45,180.557,1
0,0,39,0,0,2,0,40,2,1,2,25,17.848,1
12,0,35,3,9410,125,158,56,3,1,1,30,1013.4,0
0,0,24,0,965,44,0,0,2,1,1,45,176.695,1
8,0,20,0,1225,26,11,12,2,1,1,25,105.795,0
0,1,37,0,623,43,9,20,3,1,2,30,111.646,1
15,0,40,3,6823,111,35,29,3,1,1,30,417.36,0
14,1,44,0,2498,64,23,23,3,1,2,30,194.48,0
5,1,27,2,1170,0,0,43,2,1,2,30,147.981,1
5,0,39,0,1180,20,7,13,2,1,2,25,85.5,0
2,0,26,0,0,16,10,5,2,1,1,25,31.91,1
0,0,39,0,318,5,7,4,2,1,2,25,46.035,0
1,1,28,0,0,54,30,48,3,1,1,30,70.541,1
0,0,36,0,3954,65,0,7,2,1,2,25,229.738,1
0,0,3,1,3308,26,36,13,2,1,2,45,434.758,1
7,0,44,0,970,24,28,14,3,1,2,30,151.76,0
0,0,26,0,0,34,31,38,4,1,2,30,251.312,1
8,0,31,2,3610,69,25,29,3,1,1,30,247.16,0
18,0,37,1,6008,98,7,22,2,1,1,25,306.27,1
13,0,44,3,4900,91,19,31,3,1,1,30,275.64,0
1,0,3,0,217,13,0,7,4,1,2,30,0.0,1
2,0,38,1,2850,24,481,8,3,1,1,30,2038.96,0
0,0,29,0,3347,46,31,16,2,1,2,25,167.51,1
11,0,35,0,4675,71,4,18,2,1,1,25,231.57,0
3,0,37,0,1528,43,0,17,3,1,2,30,62.84,0
0,1,32,0,1670,21,23,28,3,1,1,25,210.387,1
12,1,26,2,0,27,0,30,3,1,2,25,162.723,1
5,1,32,1,1067,38,4,36,3,1,2,30,0.0,1
17,0,41,2,15850,191,162,34,2,1,1,25,1450.845,0
7,1,41,0,339,5,20,7,2,1,1,25,116.526,1
0,1,34,2,167,45,0,0,2,1,2,25,123.46,1
0,0,36,0,2278,53,4,34,1,1,1,15,150.205,0
16,1,43,0,2723,68,26,24,3,1,2,30,215.64,0
0,1,24,0,411,0,18,33,2,1,2,25,9.663,1
8,0,33,1,226,39,2,31,2,1,1,25,20.116,1
0,0,32,0,1184,30,0,24,4,1,2,30,58.443,1
17,1,28,0,2182,22,6,4,3,1,2,30,126.867,1
7,1,3,0,319,38,0,16,3,1,2,25,56.623,1
5,0,11,1,4095,36,201,25,3,1,1,30,969.24,0
10,0,39,2,3805,38,491,8,3,1,1,30,2117.72,0
14,0,29,0,4425,30,15,33,3,2,1,25,79.274,1
9,1,25,0,2631,7,6,22,2,1,2,30,249.441,1
0,0,33,0,2130,11,0,14,3,1,1,30,85.64,0
5,0,22,0,805,20,0,7,1,1,1,15,45.375,0
0,1,30,0,0,0,0,0,2,1,2,25,0.0,1
0,1,27,0,407,40,10,40,2,1,1,25,8.299,1
5,0,35,0,6603,70,110,38,2,1,1,25,795.285,0
11,0,42,0,1333,22,22,6,3,1,2,30,142.2,0
0,0,42,0,0,19,13,9,2,1,2,25,41.557,1
17,0,18,2,9353,183,112,46,5,1,1,55,311.04,0
2,0,35,0,11160,148,4,45,3,1,1,30,468.32,0
5,0,39,0,563,8,9,4,3,1,2,30,58.84,0
0,0,22,0,1121,34,0,26,2,1,1,30,29.273,1
13,0,36,0,1621,0,0,30,3,1,1,25,134.435,1
1,0,34,0,4317,5,0,23,3,2,2,45,250.284,1
4,0,34,0,1963,38,27,29,3,1,2,30,188.04,1
0,0,34,0,3903,73,0,7,4,1,1,25,156.445,1
11,0,40,1,6223,101,14,14,3,1,1,30,308.96,0
10,0,44,0,698,18,22,10,3,1,2,30,116.64,1
18,0,32,0,765,47,41,19,3,1,2,30,196.48,1
0,0,31,2,4070,31,0,24,2,1,2,30,156.473,1
0,0,33,4,1535,0,16,20,3,2,2,45,27.894,1
9,0,39,3,7170,105,31,28,5,1,1,55,155.625,0
0,0,10,0,1130,10,6,6,2,1,1,25,78.3,0
0,0,35,0,5210,24,3,31,2,1,2,45,0.0,1
4,0,28,0,610,0,2,6,3,1,1,45,230.976,1
10,0,37,1,6963,78,110,37,2,1,1,25,811.845,0
5,0,34,1,305,6,7,2,5,1,1,55,15.165,0
14,1,27,0,6008,10,0,22,3,1,2,25,285.775,1
0,0,36,0,3528,81,0,25,2,1,1,25,162.405,0
12,0,37,0,3105,46,7,15,3,1,2,30,154.04,1
0,0,36,1,93,1,2,2,5,1,1,55,4.41,0
0,0,34,0,14470,165,118,28,2,1,1,25,1189.575,0
26,0,42,9,10695,103,16,48,5,2,1,55,185.97,0
0,0,33,0,0,36,1,1,2,1,2,25,154.284,1
2,0,26,0,1323,36,28,68,4,1,1,45,103.975,0
4,0,39,0,173,0,0,37,4,1,2,25,24.978,1
12,0,38,0,4388,67,10,38,1,1,1,15,300.025,0
0,0,30,0,3805,55,0,9,2,1,1,25,173.7,0
0,0,42,0,2123,29,12,25,4,2,1,25,127.699,1
18,1,31,0,650,41,9,15,2,1,2,25,71.595,1
0,0,34,0,1363,19,0,4,3,1,1,30,55.28,0
5,0,39,0,1048,19,48,10,4,1,2,45,146.675,1
13,0,17,3,2053,35,22,15,3,1,1,30,171.52,1
8,0,16,3,2852,45,31,19,3,1,1,30,239.88,0
19,1,35,0,774,3,0,8,3,1,2,25,54.409,1
7,1,33,0,2088,36,23,26,3,1,2,30,176.96,1
0,1,35,0,664,0,2,10,3,1,1,30,101.931,1
0,0,25,0,0,23,2,13,2,1,1,30,105.786,1
8,0,43,2,6760,96,201,32,3,1,1,30,1078.24,0
2,0,31,0,2780,4,37,46,2,1,2,30,2.271,1
9,0,39,0,3793,61,0,37,1,1,1,15,211.97,0
8,0,29,3,0,23,0,36,3,1,2,45,321.258,1
4,0,27,0,0,8,0,41,3,1,2,25,216.52,1
13,0,28,0,72,25,3,25,3,1,2,30,347.278,1
5,0,37,0,14885,172,129,15,2,1,1,25,1258.065,0
0,0,33,0,0,0,0,0,4,1,1,45,0.0,0
0,0,34,0,323,1,2,2,4,1,2,45,13.1,1
7,0,39,2,4138,94,41,34,3,1,1,30,333.28,0
0,0,32,0,263,1,0,1,3,1,2,30,10.56,1
9,1,36,4,7025,119,276,35,3,2,1,30,1389.76,0
0,0,31,0,3938,6,10,19,3,1,2,30,3.267,1
6,0,37,0,1858,25,7,4,3,1,1,30,103.32,0
10,0,24,0,1110,26,0,9,2,1,1,25,51.12,0
0,0,39,0,0,0,0,0,2,1,2,25,0.0,0
3,1,27,0,282,20,21,23,2,1,1,30,140.288,1
6,0,38,0,15360,184,154,33,2,1,1,25,1392.48,0
0,0,9,1,4145,37,213,10,3,1,1,30,1019.28,0
10,0,12,0,8753,163,62,35,4,1,1,45,377.9,0
3,0,39,0,1620,48,46,24,3,1,2,30,250.72,0
0,0,33,0,3298,70,0,22,2,1,1,25,151.56,0
12,1,28,0,1500,42,11,21,3,1,2,25,106.685,1
3,0,36,2,1050,44,0,3,2,1,2,25,61.017,1
0,0,31,0,304,32,19,34,3,2,2,45,143.701,1
11,0,42,1,3730,86,40,32,3,1,1,30,312.64,0
5,0,36,1,2545,18,7,6,3,1,1,30,130.52,0
0,1,33,0,1549,40,0,21,3,1,1,30,512.391,1
8,0,33,0,15405,180,140,26,2,1,1,25,1331.325,0
0,0,24,0,300,19,161,9,2,2,1,25,738.855,0
12,1,3,0,0,37,0,7,3,1,2,30,82.476,1
8,0,33,0,3285,45,23,29,2,1,2,25,253.35,1
5,0,30,0,1512,50,5,17,2,1,1,30,139.293,1
10,0,29,0,1180,36,27,17,2,1,1,25,176.22,0
0,0,35,1,1949,0,18,43,2,2,2,30,478.782,1
9,0,28,1,0,100,2,3,2,1,1,45,122.159,1
3,0,14,2,2547,39,24,17,3,1,1,30,199.44,0
11,0,27,3,4130,77,36,40,3,1,1,30,312.28,0
9,1,17,0,4035,16,0,27,3,1,2,25,288.338,1
16,0,17,1,6393,141,85,42,2,2,1,25,676.53,0
0,0,25,0,187,32,0,46,2,1,1,25,224.374,1
6,0,38,0,5918,95,7,12,3,1,1,30,268.52,0
11,1,36,1,5573,95,24,24,2,1,1,25,363.06,1
0,0,35,0,12758,152,0,42,3,1,1,30,516.4,0
0,0,32,0,0,0,0,0,2,1,2,25,0.0,0
22,0,31,0,1250,51,30,30,2,1,2,25,193.545,1
28,1,35,0,1260,53,23,19,3,1,2,30,144.52,1
13,0,39,0,4560,71,7,15,2,1,1,25,239.895,0
0,0,31,0,615,4,0,5,2,1,2,25,27.855,0
6,0,35,0,3030,22,7,12,3,1,1,30,150.08,0
5,0,39,0,1180,20,7,13,2,1,2,25,85.5,0
23,0,26,2,16075,232,0,79,2,1,1,25,733.815,0
18,1,27,0,695,37,1,11,2,1,2,25,37.44,1
0,1,25,0,4221,0,10,42,3,1,2,25,130.009,1
4,0,30,1,3225,67,16,24,3,1,1,30,195.68,0
0,0,23,0,628,16,0,31,2,1,2,25,125.716,1
5,1,42,0,51,0,0,48,2,1,1,25,257.698,1
0,0,26,0,0,9,0,8,3,1,1,25,884.218,1
0,0,35,0,7203,121,377,41,2,1,1,25,2026.08,0
3,0,34,0,6298,63,69,31,2,1,1,25,596.745,0
6,0,36,1,7633,125,380,40,3,1,1,30,1830.32,0
0,1,26,0,1213,31,0,17,2,1,2,25,213.107,1
0,0,33,0,0,0,11,42,2,1,1,25,88.752,1
13,0,32,1,5863,94,18,20,2,1,1,25,349.065,1
15,0,44,1,4458,76,16,41,1,1,1,15,337.37,0
22,0,23,2,9498,187,95,48,5,1,1,55,287.775,0
0,0,27,0,6400,89,0,16,4,1,1,45,162.225,0
5,0,36,0,305,6,7,2,2,1,2,25,45.495,1
9,0,39,0,2550,39,260,16,3,1,1,30,1143.56,0
7,1,36,0,2023,41,32,31,3,1,1,30,210.56,1
5,0,38,0,6593,77,112,40,2,1,1,25,804.15,0
3,0,36,0,6385,80,154,22,3,1,1,30,874.6,0
8,0,31,0,4652,0,29,41,2,1,2,30,258.563,1
0,0,30,3,1728,41,16,7,5,1,1,25,262.939,1
0,0,29,0,0,27,21,14,3,1,1,30,47.641,1
1,0,37,0,2889,13,14,22,4,1,1,45,294.56,1
0,0,36,0,1455,23,257,1,3,1,1,30,1087.12,0
5,0,42,0,888,17,24,10,4,1,2,45,82.625,1
0,0,37,0,0,0,0,0,2,1,2,25,0.0,1
3,0,38,0,2393,58,2,33,1,1,1,15,145.805,0
5,0,36,1,3963,85,7,28,3,1,1,30,189.92,0
9,0,41,2,6798,77,118,41,2,1,1,25,840.375,0
11,0,35,0,0,49,0,39,4,1,2,25,74.364,1
0,1,3,0,6008,38,0,41,3,1,2,45,154.699,1
0,1,32,0,462,11,11,19,2,1,2,30,176.763,1
0,0,26,0,2028,15,0,26,2,1,2,30,0.0,1
4,0,37,0,2245,33,253,14,3,1,1,30,1103.12,0
1,1,37,0,2914,6,49,11,3,1,1,25,37.39,1
7,0,43,0,1056,23,0,48,3,1,1,25,151.325,1
0,0,34,0,2595,19,0,14,3,1,1,30,104.56,0
