15,0,27,1,1530,38,26,15,2,1,1,25,187.56,0
0,0,36,0,628,7,9,4,4,1,2,45,38.375,1
0,0,29,0,0,0,0,0,3,1,2,30,0.0,1
16,0,34,7,10130,87,0,40,4,1,1,45,255.425,0
0,0,36,0,2190,11,455,5,3,1,1,30,1908.04,0
8,0,34,0,5513,92,19,22,2,1,1,25,337.725,1
1,0,40,0,1541,33,66,0,3,1,2,25,92.884,1
14,0,17,1,6202,140,76,39,2,2,1,25,627.39,0
12,1,34,0,3115,39,7,13,3,1,2,30,154.16,1
16,0,17,1,6393,141,85,42,2,2,1,25,676.53,0
11,0,40,1,4485,76,3,16,3,1,1,30,194.44,0
3,1,37,0,2397,10,1,0,2,1,2,25,188.071,1
4,0,14,2,4390,46,223,11,3,1,1,30,1069.44,0
8,0,30,1,0,72,2,0,4,1,2,30,103.604,1
3,0,32,0,1510,6,0,0,3,1,2,30,57.111,1
1,0,39,0,305,9,0,10,3,1,2,30,12.56,0
2,1,32,0,6123,8,45,0,3,1,2,45,61.179,1
8,0,34,1,6975,97,7,20,4,1,1,45,194.3,0
2,0,31,0,1585,42,28,16,3,1,2,30,177.08,0
0,1,40,0,583,11,17,8,4,1,2,45,57.35,1
3,0,38,0,2937,90,31,9,3,2,2,30,62.515,1
14,0,44,3,11770,166,26,50,4,1,1,45,363.4,0
10,0,45,0,3670,23,21,0,3,1,1,25,37.928,1
0,0,32,0,6060,100,243,16,2,2,1,25,1370.7,0
9,0,34,2,7495,108,22,22,5,1,1,55,147.045,0
16,1,43,0,2723,68,26,24,3,1,2,30,215.64,0
13,0,41,1,3265,67,193,30,2,1,1,25,1018.44,0
32,0,33,4,16570,245,16,85,2,2,1,25,828.675,0
9,0,9,1,378,0,35,0,3,1,2,25,17.133,1
4,0,36,0,2881,22,0,2,2,1,2,25,0.0,1
0,0,36,0,2333,55,0,31,1,1,1,15,131.34,0
34,0,32,0,3081,53,0,4,3,1,2,25,251.439,1
34,1,40,0,0,0,0,10,2,1,2,25,44.12,1
8,0,41,1,3470,82,33,27,3,1,1,30,274.08,0
11,0,15,0,6087,135,78,40,1,2,1,15,771.21,0
0,0,29,0,520,10,22,2,4,1,2,45,68.25,0
22,0,35,8,10840,98,2,40,4,1,1,45,278.45,0
8,0,38,0,6108,96,16,15,3,1,1,30,312.16,0
9,0,10,2,2197,30,8,7,3,1,1,30,121.08,1
5,0,40,0,2013,50,11,19,3,1,2,30,126.52,0
0,0,29,0,1203,41,3,36,2,1,1,30,0.0,1
7,0,15,2,4650,50,230,16,3,1,1,30,1108.0,0
14,1,31,0,1447,0,9,0,2,1,2,30,0.0,1
1,0,41,0,2055,39,286,17,3,1,1,30,1227.76,0
24,1,42,0,1543,16,51,0,3,1,2,30,81.224,1
0,0,38,0,1360,44,39,19,3,1,2,30,212.16,0
3,0,36,0,779,51,14,1,3,1,2,25,40.746,1
15,0,40,1,4503,72,8,37,1,1,1,15,295.625,0
2,0,39,0,2428,1,33,3,2,1,2,30,0.0,1
9,0,39,2,8890,117,147,45,3,1,1,30,948.28,0
11,0,39,0,2158,56,345,11,3,1,1,30,1468.56,0
15,0,28,2,1645,44,58,19,2,1,1,25,337.005,0
0,0,26,0,580,7,19,3,4,1,1,45,62.175,0
7,0,38,0,13773,169,0,44,3,1,1,30,557.68,0
0,0,36,1,338,4,4,2,5,1,1,55,11.13,0
7,0,39,0,900,14,7,6,2,1,2,25,72.63,0
0,0,36,0,1488,42,0,16,1,1,1,15,84.15,0
5,1,11,1,1193,15,7,2,3,1,1,30,76.32,1
3,0,35,0,4370,1,4,7,4,1,1,25,0.0,1
10,0,37,1,6908,76,117,40,2,1,1,25,840.78,0
5,0,28,0,1130,16,28,5,4,1,2,45,98.65,0
1,0,34,0,1213,24,10,1,4,1,2,30,0.0,1
0,0,33,0,0,0,0,0,5,1,1,55,0.0,0
0,0,7,0,4085,34,208,8,3,1,1,30,996.76,0
1,0,38,0,393,16,70,14,4,1,2,25,0.0,1
3,0,38,0,743,12,7,3,4,1,2,45,36.375,1
4,0,32,0,2371,0,2,24,3,1,1,45,18.461,1
15,0,38,3,3685,69,203,40,2,1,1,25,1082.43,0
4,0,25,0,5101,11,3,0,3,1,2,30,10.916,1
32,0,39,10,11450,110,16,44,5,1,1,55,197.4,0
0,0,12,1,4085,40,216,9,3,1,1,30,1029.0,0
8,0,37,0,1863,39,16,33,3,1,2,30,140.08,1
2,0,38,1,980,0,9,0,2,1,2,30,0.0,1
32,0,40,1,839,4,6,8,3,1,2,25,0.0,1
0,0,41,0,2593,7,0,0,4,1,2,25,75.606,1
34,1,43,0,536,46,74,0,3,1,2,25,0.0,1
2,0,41,1,3229,4,18,3,3,1,2,25,308.296,1
19,1,41,1,637,7,0,16,3,1,2,25,223.391,1
0,0,3,0,2820,1,0,4,3,1,1,45,0.0,1
0,0,32,0,6015,72,168,19,3,1,1,30,915.48,0
8,0,39,2,6805,92,193,28,3,1,1,30,1047.88,0
8,0,38,1,830,30,7,0,5,1,2,45,81.128,1
4,0,26,0,1568,39,30,68,4,1,1,45,115.175,0
0,0,25,0,1903,20,165,8,2,2,1,25,829.035,0
6,1,31,0,5899,1,23,3,2,1,2,30,245.6,1
9,0,38,1,2840,56,180,25,2,1,1,25,940.32,0
22,0,29,0,875,45,6,13,2,1,2,25,68.4,1
34,0,41,0,3229,67,11,14,5,1,2,45,32.965,1
7,1,33,0,2238,48,0,16,3,1,2,30,91.44,0
14,0,37,3,1171,30,80,4,4,1,2,25,94.549,1
3,0,38,2,6615,92,218,30,3,1,1,30,1140.28,0
8,1,31,0,2436,34,13,0,2,1,2,45,0.0,1
4,1,37,2,352,15,6,5,3,1,2,45,133.951,1
5,1,32,1,6123,15,0,4,2,1,2,25,0.0,1
14,1,44,0,2498,64,23,23,3,1,2,30,194.48,0
4,0,34,0,0,93,4,0,2,1,2,45,70.941,1
15,0,29,2,2583,56,45,70,5,1,1,55,107.085,0
8,0,38,1,3734,100,0,9,3,1,1,45,0.0,1
4,0,24,0,515,21,0,13,2,1,1,25,24.12,0
11,1,34,0,135,100,0,0,2,1,2,30,230.003,1
14,0,40,0,967,9,9,7,4,1,1,30,0.0,1
0,0,41,0,2208,0,35,0,3,1,1,45,226.87,1
34,0,39,0,3407,33,18,0,3,1,2,25,228.674,1
4,0,37,0,3488,55,0,35,1,1,1,15,194.865,0
6,0,38,0,1310,24,34,23,3,1,2,30,189.36,0
10,0,16,3,1792,31,15,10,3,1,1,30,132.92,1
8,0,39,4,6965,122,279,34,3,2,1,30,1399.48,0
4,1,27,2,6123,0,1,0,4,2,2,25,314.948,1
2,0,36,0,1743,47,0,12,3,1,2,30,71.6,0
7,0,33,0,4512,18,7,4,2,1,1,25,105.512,1
1,0,36,0,5613,89,0,10,2,1,1,25,256.59,0
8,0,28,0,575,27,14,10,2,1,2,25,90.09,0
0,0,39,0,323,7,10,3,4,1,2,45,33.25,1
0,0,27,0,6400,89,0,16,4,1,1,45,162.225,0
8,0,37,3,7145,124,282,38,2,2,1,25,1596.105,0
12,0,45,0,758,0,16,8,4,1,1,30,0.0,1
2,1,38,1,971,21,0,1,3,1,1,30,0.0,1
3,0,39,0,1955,34,267,20,3,1,1,30,1147.56,0
0,0,33,0,1253,27,2,29,3,1,2,30,59.2,1
6,1,32,0,1435,4,7,0,3,2,2,25,9.545,1
8,1,11,2,1792,25,7,9,3,1,1,30,100.68,1
13,0,41,0,1725,31,28,10,3,1,2,30,182.24,0
14,0,29,0,815,30,8,6,3,1,2,30,65.8,0
0,0,37,0,0,0,0,0,2,1,2,25,0.0,1
24,1,32,3,15670,233,0,82,2,1,1,25,715.635,0
11,0,29,1,1305,34,29,17,2,1,1,25,190.755,0
0,1,24,0,765,7,16,1,4,1,2,45,59.3,1
8,0,39,0,2960,61,186,28,2,1,1,25,972.945,0
1,0,41,0,824,60,28,3,2,1,2,30,154.83,1
16,0,34,7,10130,87,0,40,4,1,1,45,255.425,0
4,0,42,0,957,5,9,11,2,1,2,45,102.007,1
0,0,37,0,8,4,4,5,3,1,2,30,16.48,1
6,0,38,1,2605,42,287,18,3,1,1,30,1253.88,0
9,0,33,0,0,96,6,24,2,1,2,30,88.67,1
12,0,35,0,2393,42,30,28,4,1,2,45,135.875,1
8,0,38,3,3695,37,504,23,3,1,1,30,2165.28,0
0,0,29,0,2475,41,160,20,2,1,1,25,833.22,0
13,0,37,2,9115,121,144,43,3,1,1,30,945.44,0
14,0,40,0,3766,49,25,17,2,1,1,45,48.945,1
9,0,41,2,6798,77,118,41,2,1,1,25,840.375,0
0,1,7,0,1372,14,2,8,2,1,1,25,71.37,1
14,0,37,0,2353,0,0,0,3,1,2,30,51.501,1
0,1,37,0,0,16,24,0,4,1,2,25,142.776,1
19,0,19,5,3867,62,46,21,3,1,1,30,341.16,0
11,0,41,2,7873,136,396,47,3,1,1,30,1904.36,0
7,0,40,2,3210,32,481,7,3,1,1,30,2053.68,0
0,0,30,0,3950,67,0,17,3,1,1,30,160.68,0
2,0,37,0,1065,15,9,14,2,1,2,25,89.1,0
13,0,39,0,2533,18,14,7,2,1,2,30,0.0,1
3,1,42,0,3115,21,13,3,3,1,2,25,102.028,1
11,0,39,2,3890,88,64,32,3,1,1,30,415.12,0
0,0,29,0,0,0,0,0,2,1,2,25,0.0,1
13,0,39,2,5225,94,10,25,3,1,1,30,252.76,0
7,1,35,0,2265,54,59,35,3,1,2,30,328.76,1
12,0,37,0,2643,61,368,27,3,1,1,30,1580.16,0
10,0,36,0,15890,187,151,28,2,1,1,25,1402.965,0
0,0,33,0,0,0,0,0,4,1,1,45,0.0,0
0,0,32,0,2535,16,0,12,3,1,1,30,102.04,0
5,0,9,1,1677,20,9,10,3,1,1,30,103.88,1
0,0,34,0,695,6,0,6,2,1,2,25,31.545,0
28,0,41,9,10920,107,19,49,5,2,1,55,193.905,0
0,0,7,0,4085,34,208,8,3,1,1,30,996.76,0
4,0,38,0,3770,61,0,2,2,1,1,25,172.395,0
10,0,11,0,6008,133,68,36,1,2,1,15,711.755,0
22,0,31,0,0,22,20,2,3,1,2,30,34.232,1
0,0,38,0,3493,78,5,30,2,1,1,25,183.195,0
0,0,20,0,1308,29,15,62,4,1,1,45,70.925,0
9,0,27,1,3720,68,24,28,3,1,1,30,247.52,0
0,0,27,0,6525,87,0,16,4,1,1,45,165.3,0
10,0,19,3,3033,53,42,24,3,1,1,30,291.44,0
3,0,34,0,2280,37,275,14,3,1,1,30,1192.68,0
1,1,38,0,760,0,1,2,3,1,2,25,221.163,1
5,0,14,0,5377,124,53,40,1,2,1,15,594.055,0
19,0,39,0,0,0,5,4,3,1,2,30,92.013,1
25,0,4,0,6123,83,0,0,2,2,2,30,0.0,1
2,0,36,0,6008,64,83,37,2,1,1,25,646.74,0
13,0,42,0,3933,57,2,0,2,1,2,25,84.915,1
7,1,41,0,3819,0,68,7,3,1,2,30,0.0,1
6,0,42,0,518,10,17,8,3,1,2,30,89.12,1
9,0,39,1,3285,27,458,6,3,1,1,30,1964.48,0
20,0,35,0,929,0,9,0,2,1,2,25,0.0,1
2,1,40,0,3210,21,6,20,3,1,2,45,0.0,1
16,0,40,4,5420,99,30,42,3,1,1,30,340.76,0
13,1,42,0,1283,9,0,22,2,1,2,25,19.662,1
1,0,30,0,1665,38,30,19,3,1,2,30,188.12,0
34,0,42,0,4271,0,3,0,3,1,2,30,35.302,1
4,0,34,0,485,14,0,0,2,1,2,45,83.541,1
6,0,36,0,2780,53,175,23,2,1,1,25,914.985,0
18,0,40,3,12480,171,26,49,4,1,1,45,381.275,0
0,0,18,0,1003,23,8,60,4,1,1,45,45.65,0
24,0,38,9,10550,98,0,41,5,1,1,55,159.72,0
5,0,39,0,305,6,7,2,2,1,2,25,45.495,1
0,0,35,0,0,0,0,0,2,1,2,25,0.0,1
3,0,43,1,0,4,52,0,4,1,1,30,43.215,1
5,0,43,1,2393,64,10,34,2,1,1,25,155.565,0
0,0,31,0,2420,10,0,8,3,1,1,30,97.2,0
0,1,31,1,5988,0,8,4,3,1,2,25,4.418,1
13,0,20,1,6087,141,86,41,2,2,1,25,667.26,0
4,0,33,0,2685,35,2,14,2,1,2,25,131.4,1
16,0,29,0,15170,222,0,63,2,1,1,25,692.64,0
31,0,40,0,2631,0,4,0,4,1,1,25,0.0,1
23,0,33,0,955,47,16,17,2,1,2,25,117.09,1
8,0,33,0,2683,14,45,0,4,1,2,25,134.583,1
1,1,44,0,1142,49,7,2,2,1,2,25,7.377,1
12,0,43,1,4198,72,9,36,1,1,1,15,284.35,0
5,0,24,0,1035,32,44,15,2,1,1,25,246.015,0
25,1,38,0,3503,5,46,3,2,1,2,25,305.748,1
5,0,36,0,305,6,7,2,2,1,2,25,45.495,1
1,0,34,0,2840,22,0,14,3,1,1,30,114.48,0
9,0,16,0,8808,173,77,43,4,1,1,45,417.025,0
0,0,10,0,1130,10,6,6,2,1,1,25,78.3,0
10,1,37,0,4276,92,28,1,4,1,1,30,94.121,1
2,1,27,1,1070,33,191,11,2,2,1,25,909.135,0
1,0,36,0,2245,34,287,19,3,1,1,30,1239.16,0
0,0,34,1,589,58,0,8,3,1,2,25,0.0,1
0,0,34,0,0,0,24,0,2,1,1,30,51.661,1
0,0,40,0,2050,2,19,1,3,1,2,30,38.031,1
1,0,37,1,6310,85,177,23,3,1,1,30,963.8,0
17,0,32,1,1171,0,14,0,3,1,1,25,65.886,1
11,1,36,1,5573,95,24,24,2,1,1,25,363.06,1
14,0,18,0,9113,179,84,45,4,1,1,45,442.3,0
5,0,32,1,305,6,7,2,3,1,1,30,40.44,0
12,0,40,2,4351,3,6,14,2,1,2,30,0.791,1
3,1,3,0,410,6,0,0,3,1,2,30,0.0,1
15,0,40,3,6823,111,35,29,3,1,1,30,417.36,0
22,0,29,2,16015,235,0,78,2,1,1,25,731.25,0
0,0,33,0,2130,11,0,14,3,1,1,30,85.64,0
8,0,34,1,4415,67,7,13,3,1,1,30,207.28,0
3,0,28,1,885,13,26,5,4,1,1,45,87.45,0
20,1,40,1,6006,27,25,0,3,1,2,30,52.147,1
5,0,33,1,6975,98,23,25,5,1,1,55,140.595,0
7,0,35,1,3550,33,8,14,3,1,1,30,175.32,0
1,0,37,0,3805,72,0,25,3,1,1,30,155.08,0
5,0,22,0,305,6,13,2,4,1,2,45,40.275,0
3,0,33,0,438,2,0,3,3,1,2,30,17.6,1
0,0,37,0,5900,76,165,11,3,1,1,30,899.04,0
5,0,31,0,2193,50,344,18,2,1,1,25,1648.935,0
17,0,35,2,9340,125,141,41,3,1,1,30,942.6,0
5,0,25,0,305,6,17,2,4,1,2,45,50.275,0
21,1,23,0,430,0,6,0,2,1,2,25,76.252,1
24,0,36,0,1218,1,0,16,2,1,2,30,180.913,1
34,1,39,0,2866,0,13,5,3,1,1,25,73.99,1
25,0,38,3,15140,225,54,32,3,1,1,30,830.6,0
1,0,32,0,1903,35,22,27,3,1,2,30,165.52,1
2,1,37,0,4016,0,58,6,2,1,2,30,87.16,1
0,0,36,0,0,0,0,0,4,1,2,45,0.0,1
0,0,24,0,520,4,14,1,4,1,2,45,48.1,0
10,1,32,0,589,16,0,0,2,1,2,25,185.19,1
2,0,45,0,829,58,9,3,4,1,2,25,68.054,1
24,0,39,3,6833,115,41,26,3,1,1,30,441.92,0
8,0,28,0,2530,2,13,2,3,1,2,25,0.0,1
19,0,44,0,6123,0,0,0,4,1,2,25,0.0,1
20,0,45,2,3018,76,381,32,3,1,1,30,1647.76,0
8,0,36,0,3660,77,34,29,2,1,1,25,321.165,0
17,0,40,1,4693,73,17,40,1,1,1,15,355.63,0
16,1,37,0,3485,48,25,21,3,1,2,30,241.32,1
11,0,36,3,0,57,18,0,3,1,2,30,240.184,1
6,0,40,0,3973,62,4,37,2,1,1,25,199.575,0
5,0,9,1,4635,43,217,10,3,1,1,30,1055.12,0
24,0,40,4,10130,138,159,45,3,1,1,30,1046.72,0
5,0,30,2,6885,114,261,29,2,2,1,25,1489.455,0
0,1,34,0,323,1,2,2,4,1,2,45,13.1,1
13,0,28,0,343,0,34,0,4,1,1,30,0.0,1
19,0,45,0,651,0,42,4,2,1,2,30,52.944,1
34,0,29,0,1845,33,0,20,3,1,2,45,0.0,1
3,0,38,1,7623,133,416,47,3,1,1,30,1974.24,0
0,0,34,0,2823,14,0,0,3,1,2,30,134.817,1
16,0,46,2,6483,111,29,20,3,1,1,30,379.76,0
12,0,37,1,3050,44,14,18,3,1,1,30,179.76,1
1,0,41,0,80,2,10,4,2,1,2,25,48.69,1
24,1,30,0,3848,0,6,7,3,1,2,25,0.0,1
10,0,33,3,1700,44,210,17,3,2,1,30,909.76,0
0,1,35,0,0,0,0,0,2,1,2,25,0.0,1
0,0,35,0,2760,65,0,26,2,1,1,25,127.125,0
2,0,37,2,4280,29,2,0,4,2,2,30,1.758,1
13,1,37,1,4262,50,0,18,2,1,2,30,205.52,1
10,0,37,0,2160,51,54,25,3,1,2,30,304.44,0
4,0,40,0,1344,0,0,0,2,1,1,25,100.938,1
0,0,34,0,1438,43,327,22,2,1,1,25,1538.145,0
1,0,33,0,2735,15,9,4,2,1,2,30,0.0,1
0,0,28,0,6300,83,0,15,4,1,1,45,159.575,0
15,0,18,4,3347,52,47,24,3,1,1,30,323.96,0
0,0,41,0,569,8,7,0,2,1,2,25,0.0,1
2,0,37,0,1497,7,9,0,2,1,2,25,41.79,1
13,1,35,0,5703,92,0,20,2,1,1,25,260.775,1
1,0,30,0,1599,84,11,6,3,1,2,25,0.0,1
0,1,40,0,1036,14,4,28,2,1,2,30,59.649,1
7,0,14,4,3148,49,45,32,3,1,1,30,307.88,0
1,0,42,0,1613,90,28,0,4,1,2,30,89.345,1
6,1,36,0,2865,43,13,19,2,1,2,25,189.36,1
7,0,40,1,2420,42,290,20,3,1,1,30,1258.48,0
2,0,32,0,3188,0,3,4,3,1,2,25,74.925,1
0,0,33,0,4356,17,0,1,2,1,1,30,134.808,1
5,0,37,0,3065,71,7,28,3,1,1,30,153.44,0
0,0,33,1,1104,65,10,8,3,1,2,30,0.0,1
8,0,24,1,1793,43,27,66,4,1,1,45,113.4,0
5,0,41,0,305,6,7,2,3,1,2,30,40.44,0
19,0,42,3,6203,106,43,30,3,1,1,30,424.36,0
0,0,21,0,825,4,13,2,4,1,2,45,53.225,0
7,0,38,1,4515,83,2,25,3,1,1,30,191.92,0
0,0,34,0,0,0,0,0,2,1,2,25,0.0,0
0,0,31,0,0,0,0,0,3,1,1,30,0.0,0
3,0,35,0,6413,69,101,35,2,1,1,25,746.19,0
0,0,17,0,660,16,0,5,2,1,1,25,30.42,0
1,0,32,0,6233,61,90,30,2,1,1,25,688.23,0
20,0,36,2,14835,219,47,30,3,1,1,30,790.16,0
8,0,25,0,640,22,5,5,2,1,2,25,52.29,0
4,0,37,0,2048,54,33,19,3,1,2,30,216.08,0
10,0,40,3,7090,109,29,25,5,1,1,55,151.485,0
0,0,12,0,1961,100,30,0,3,1,2,30,0.0,1
0,0,34,0,3413,76,0,26,2,1,1,25,157.005,0
0,0,31,0,1300,35,26,16,3,1,2,30,157.4,0
10,0,9,0,636,0,7,3,3,1,2,45,62.54,1
0,0,30,0,3633,50,0,27,1,1,1,15,202.565,0
3,0,42,0,4,30,29,1,3,1,2,25,0.0,1
20,0,37,3,14950,225,79,34,3,1,1,30,923.0,0
0,0,30,0,3805,55,0,9,2,1,1,25,173.7,0
2,0,35,0,3603,76,0,24,2,1,1,25,165.555,0
3,0,25,2,1610,40,207,24,2,2,1,25,1005.75,0
0,0,33,0,2703,65,0,26,2,1,1,25,124.56,0
10,0,34,0,5703,93,28,25,2,1,1,25,386.82,1
9,0,41,0,15440,186,158,34,2,1,1,25,1414.17,0
22,0,28,0,3914,71,0,0,2,1,1,25,0.0,1
6,1,34,0,749,0,53,0,2,1,2,30,95.53,1
4,0,39,0,13648,171,4,47,3,1,1,30,568.76,0
3,0,36,0,4065,65,0,15,2,1,1,25,185.85,0
8,0,38,0,15080,177,132,32,2,1,1,25,1280.565,0
11,1,28,0,3908,0,10,0,2,1,2,25,132.791,1
26,0,45,0,2055,0,37,3,2,1,2,25,166.55,1
2,0,29,0,1005,18,32,8,4,1,2,45,105.575,0
23,0,38,3,14950,224,45,29,3,1,1,30,786.96,0
0,1,40,1,392,6,4,10,3,1,1,45,100.052,1
34,1,3,1,2181,89,24,0,5,1,2,30,0.0,1
0,0,27,0,1100,28,16,12,3,1,2,30,109.12,0
34,0,39,2,2547,25,9,4,3,1,2,30,125.296,1
4,0,37,2,6865,99,24,26,5,1,1,55,140.46,0
4,0,42,0,3827,2,0,12,3,1,2,30,161.719,1
0,0,35,0,6195,80,179,24,3,1,1,30,967.0,0
0,0,34,0,2240,12,0,4,3,1,1,30,90.08,0
0,0,35,0,0,0,0,0,2,1,2,25,0.0,1
12,0,42,2,3165,61,192,29,2,1,1,25,1009.17,0
9,1,39,0,905,16,28,17,2,1,2,25,167.445,1
11,0,27,0,700,25,10,7,2,1,2,25,77.625,0
12,0,11,1,8978,167,65,36,4,1,1,45,391.125,0
2,1,41,0,788,19,0,18,3,1,2,45,180.549,1
13,0,36,2,2513,16,0,0,4,1,2,25,0.0,1
3,0,27,0,1937,59,0,7,3,1,2,30,115.755,1
17,0,39,0,2769,24,39,0,3,1,2,55,0.0,1
7,0,36,0,844,77,0,5,4,2,2,30,31.568,1
34,0,36,0,2948,0,3,43,3,1,1,30,0.0,1
0,0,35,0,1378,41,0,31,1,1,1,15,78.045,0
10,0,39,1,4313,72,33,39,1,1,1,15,422.675,0
5,0,40,1,6413,75,109,36,2,1,1,25,782.46,0
0,0,29,0,6153,59,86,29,2,1,1,25,666.54,0
0,0,23,0,2320,45,0,6,3,1,1,30,94.6,0
9,1,40,0,2844,78,6,4,3,1,2,45,0.0,1
2,0,31,0,825,16,29,4,4,1,2,45,93.525,0
34,0,35,0,3760,12,0,17,2,1,1,25,10.705,1
31,1,34,0,0,0,21,0,2,1,2,45,20.004,1
13,0,37,1,4323,64,7,32,1,1,1,15,279.785,0
7,0,38,0,1993,51,6,17,3,1,1,30,105.76,0
2,0,44,0,318,11,15,5,3,1,2,30,73.16,0
2,1,37,1,0,58,0,0,4,1,2,25,42.056,1
32,0,36,1,789,16,0,3,4,1,2,30,123.031,1
12,0,30,2,4177,40,43,0,3,1,2,25,0.0,1
3,0,37,0,1528,43,0,17,3,1,2,30,62.84,0
13,0,43,0,4276,48,8,7,3,1,2,25,0.0,1
1,0,30,0,2520,43,160,17,2,1,1,25,835.335,0
4,1,45,0,2974,35,5,1,3,1,1,45,0.0,1
8,0,39,1,7813,133,391,45,3,1,1,30,1881.84,0
9,0,45,0,6123,0,7,0,3,1,1,25,87.364,1
26,0,39,10,10855,105,40,48,5,2,1,55,224.4,0
28,0,33,4,16135,241,5,82,2,1,1,25,759.42,0
0,0,31,0,615,4,0,5,2,1,2,25,27.855,0
0,0,37,1,2905,27,508,10,3,1,1,30,2149.28,0
0,0,36,0,2088,52,0,31,1,1,1,15,117.7,0
0,0,31,0,581,65,62,2,3,1,2,25,0.0,1
2,1,28,0,1151,0,0,19,2,1,2,30,0.0,1
31,0,31,0,433,47,15,11,5,1,2,30,0.0,1
0,0,29,0,2355,8,0,7,3,1,1,30,94.52,0
3,1,30,0,7,15,5,12,3,1,2,25,81.705,1
0,0,28,0,600,6,24,5,4,1,2,45,75.15,0
22,0,18,2,7102,152,93,42,2,2,1,25,744.93,0
10,0,39,2,6995,93,202,31,3,1,1,30,1091.52,0
13,0,27,1,1285,35,24,15,2,1,1,25,167.4,0
3,1,38,0,4000,0,1,0,3,1,2,25,0.0,1
14,1,37,0,3295,47,16,18,3,1,2,30,197.68,1
3,0,36,0,1871,66,0,3,2,1,1,25,0.0,1
9,1,28,0,1450,4,34,3,3,1,2,25,115.35,1
0,0,35,0,4903,78,0,10,2,1,1,25,224.145,0
11,1,39,0,2448,52,45,36,3,1,2,30,280.0,1
0,0,24,0,0,0,5,0,4,1,2,45,12.5,0
8,0,36,2,1835,0,0,0,4,1,2,30,168.906,1
9,0,40,1,5978,98,12,14,3,1,1,30,291.04,0
0,0,37,0,685,13,0,8,2,1,2,25,31.41,0
4,1,36,0,932,63,0,0,2,1,2,30,15.384,1
2,1,29,1,769,20,12,0,2,1,2,25,163.014,1
0,0,33,0,770,53,14,0,2,1,2,25,0.0,1
13,0,29,0,1969,10,16,0,4,1,2,45,60.862,1
6,0,33,0,1715,3,0,0,3,1,2,45,0.0,1
33,0,36,0,4090,15,3,8,3,1,2,45,0.0,1
0,0,33,0,510,5,0,7,2,1,2,25,23.175,0
2,0,34,0,959,0,0,0,2,1,2,25,160.295,1
0,0,36,0,0,0,0,0,2,1,2,25,0.0,0
22,1,34,2,0,0,30,5,2,1,2,30,132.172,1
23,1,43,0,772,20,15,7,3,1,2,25,0.0,1
20,0,42,0,1022,0,17,0,2,1,1,25,221.425,1
10,0,24,0,1110,26,0,9,2,1,1,25,51.12,0
0,1,37,1,0,43,0,0,2,1,1,25,60.582,1
25,0,42,0,3064,0,0,6,4,1,1,25,37.457,1
7,0,34,0,4290,69,0,13,2,1,1,25,196.155,0
16,0,33,0,6123,12,0,2,2,1,2,30,291.964,1
0,1,15,0,1119,100,32,3,4,1,2,25,19.359,1
2,1,38,2,1153,51,0,0,2,1,2,30,0.0,1
6,0,33,2,6850,110,239,29,2,2,1,25,1388.7,0
11,0,37,1,768,0,0,0,5,1,2,30,56.049,1
2,0,29,0,1451,100,24,1,2,1,2,45,126.282,1
0,1,34,0,0,0,0,0,3,1,2,30,0.0,1
14,0,44,2,4755,79,22,23,3,1,1,30,281.36,0
0,1,45,0,3838,28,33,0,2,1,2,30,0.0,1
8,1,34,0,2563,48,48,44,3,1,2,30,296.44,1
2,1,43,0,1453,0,5,1,3,1,2,25,321.454,1
15,1,33,0,4220,72,16,11,3,2,2,45,0.0,1
7,0,32,1,4392,49,0,4,2,1,1,25,0.0,1
5,0,38,2,643,10,11,4,5,1,1,55,26.295,0
0,0,36,0,13278,162,0,39,3,1,1,30,537.6,0
1,0,38,0,1605,26,41,2,3,1,2,30,34.148,1
19,0,36,8,10245,92,0,39,5,2,1,55,155.055,0
0,0,41,2,2380,25,31,2,4,1,2,30,35.869,1
0,0,38,2,962,33,9,4,4,1,1,45,0.0,1
0,0,35,0,3500,66,0,23,3,1,1,30,142.64,0
8,0,41,2,365,9,12,4,3,1,1,30,62.96,1
3,0,39,1,2508,64,34,37,2,1,1,25,268.74,0
0,0,36,0,1333,38,0,4,3,1,2,30,54.84,0
0,0,37,0,1543,27,4,9,3,1,1,30,78.8,0
0,0,42,0,2865,81,42,3,4,1,2,25,0.0,1
3,0,36,0,7393,121,352,39,2,1,1,25,1922.13,0
2,1,45,0,1201,10,4,2,3,1,2,30,185.162,1
0,0,41,0,405,14,14,7,3,1,2,30,72.76,0
5,0,27,1,3340,66,6,22,3,1,1,30,160.24,0
4,0,35,0,11405,151,6,45,3,1,1,30,486.24,0
3,0,37,0,7508,127,384,43,2,1,1,25,2071.575,0
19,0,31,2,3858,7,11,0,3,1,2,45,113.754,1
1,1,13,1,6123,8,0,0,4,1,2,45,89.791,1
0,0,7,0,3485,24,187,21,3,1,1,30,888.36,0
0,0,40,3,2624,64,2,0,3,1,2,25,209.256,1
4,0,31,1,1270,40,201,15,2,2,1,25,963.45,0
22,0,38,4,6723,114,54,41,3,1,1,30,489.48,0
2,0,44,0,1844,34,0,0,3,1,2,30,451.262,1
2,0,38,0,2115,36,283,18,3,1,1,30,1218.04,0
11,0,40,1,2855,46,301,23,3,1,1,30,1320.04,0
16,0,15,2,9533,181,94,55,5,1,1,55,286.71,0
0,0,41,0,525,37,28,2,3,1,2,45,0.0,1
9,0,36,1,4493,70,15,48,1,1,1,15,333.465,0
14,0,40,3,7515,103,201,28,3,1,1,30,1108.72,0
3,0,32,0,6670,91,0,18,4,1,1,45,169.025,0
1,0,41,1,4007,21,6,0,2,1,2,30,125.73,1
0,0,32,0,2835,17,468,2,3,1,1,30,1986.08,0
13,1,34,2,1259,64,67,3,2,1,2,30,216.269,1
8,0,39,0,2583,58,7,31,1,1,1,15,183.755,0
16,0,40,0,2733,61,24,22,3,1,2,30,207.76,0
3,0,39,0,0,48,0,0,4,1,2,25,0.0,1
8,0,37,1,6718,75,108,37,2,1,1,25,791.685,0
5,1,32,0,704,40,0,8,2,1,2,25,356.564,1
6,1,38,0,304,29,6,11,2,1,1,30,0.0,1
6,0,38,0,5918,95,7,12,3,1,1,30,268.52,0
25,1,31,3,16075,238,0,80,2,1,1,25,734.085,0
1,1,44,0,3031,7,24,1,4,1,1,25,0.0,1
34,1,30,0,533,0,0,0,4,1,2,30,10.74,1
4,1,30,0,1340,16,6,0,3,1,2,55,169.016,1
9,0,32,0,1075,0,5,4,3,1,2,30,93.553,1
0,1,10,0,1363,21,4,10,2,1,1,25,80.28,1
2,0,35,1,7803,131,398,56,2,1,1,25,2148.03,0
9,0,20,4,2933,47,41,23,3,1,1,30,283.2,0
0,0,35,0,7013,120,368,38,2,1,1,25,1976.985,0
11,1,45,1,4079,20,10,3,3,1,2,25,0.0,1
0,1,36,0,18,12,1,0,4,1,1,30,17.626,1
12,1,33,0,660,11,0,5,2,1,2,30,35.064,1
13,0,32,0,1143,62,16,0,3,2,1,25,217.331,1
34,0,37,0,3591,16,0,19,4,1,2,30,111.279,1
0,0,31,0,13468,157,0,41,3,1,1,30,545.0,0
4,0,34,3,6775,115,262,30,2,2,1,25,1489.05,0
1,0,39,0,6123,7,2,0,3,2,2,30,12.52,1
7,0,38,1,4023,88,9,30,3,1,1,30,200.44,0
34,0,45,1,2219,27,55,0,3,1,1,30,150.788,1
0,0,29,0,2603,14,4,7,2,1,2,30,0.0,1
22,0,41,3,14835,225,55,31,3,1,1,30,822.4,0
6,0,35,4,3590,46,6,0,3,1,2,30,14.021,1
0,0,16,0,1635,23,23,12,2,1,1,25,178.11,0
11,0,41,0,343,25,11,6,2,1,1,25,14.274,1
2,1,34,0,4558,7,2,3,2,1,2,30,0.0,1
17,0,37,5,7980,133,286,35,3,2,1,30,1468.52,0
0,1,45,0,1826,49,13,0,4,1,2,25,0.0,1
1,0,38,0,2148,55,0,33,1,1,1,15,121.165,0
34,1,45,0,3980,84,7,15,2,1,2,30,86.648,1
7,0,39,0,4073,68,5,38,1,1,1,15,255.255,0
19,0,42,3,4140,91,44,32,3,1,1,30,345.24,0
2,0,35,1,5440,9,0,0,2,1,1,25,24.707,1
21,0,18,1,6583,141,60,40,1,2,1,15,699.82,0
6,0,39,2,6560,89,191,28,3,1,1,30,1029.96,0
9,1,43,0,469,38,3,0,3,1,2,30,7.202,1
9,1,27,0,6123,59,33,3,4,1,2,45,108.966,1
15,0,42,1,537,49,61,0,3,1,1,30,28.975,1
9,0,12,0,5908,127,67,35,1,2,1,15,700.425,0
16,1,29,0,164,38,0,0,3,1,2,25,0.0,1
6,1,42,0,1013,15,26,10,4,1,2,45,90.7,1
2,0,32,0,13513,159,0,38,3,1,1,30,546.88,0
1,0,42,1,973,0,12,0,4,1,1,45,28.586,1
22,0,34,3,15770,238,1,79,2,1,1,25,724.86,0
11,0,28,0,815,31,42,11,3,1,2,30,201.84,0
12,0,39,1,2969,29,0,0,2,1,2,25,74.897,1
9,0,40,0,4075,67,7,4,3,1,1,30,193.68,0
0,0,30,0,974,0,0,25,2,1,2,25,0.0,1
4,1,45,0,675,47,23,0,3,1,2,25,26.287,1
12,0,41,0,2675,0,202,3,4,1,2,25,191.094,1
5,1,35,0,305,6,7,2,3,1,2,30,40.44,1
7,0,11,2,4695,46,222,12,3,1,1,30,1077.64,0
29,1,39,0,1340,55,33,23,3,1,2,30,187.8,1
2,0,35,0,11160,148,4,45,3,1,1,30,468.32,0
11,0,35,0,887,0,0,0,3,2,2,30,0.0,1
0,1,29,2,3170,15,2,0,2,1,2,45,0.0,1
14,0,41,3,9195,123,154,47,3,1,1,30,988.72,0
0,0,34,0,6660,99,18,25,4,1,1,45,213.975,0
0,0,33,0,13288,155,0,37,3,1,1,30,537.72,0
11,1,43,0,429,57,2,0,2,1,2,30,0.0,1
14,0,43,0,447,27,12,1,4,1,1,45,0.0,1
2,0,40,1,1748,27,10,10,4,1,1,45,69.375,0
0,0,33,0,3604,12,2,9,3,1,2,30,0.0,1
16,0,43,2,2838,68,376,30,3,1,1,30,1620.24,0
12,1,40,0,2353,59,6,16,3,1,2,30,120.48,0
5,0,45,0,1028,100,21,2,2,1,2,25,28.09,1
15,0,14,1,9058,169,69,37,5,1,1,55,241.905,0
8,0,36,0,2970,54,184,26,2,1,1,25,964.08,0
8,0,31,0,3351,22,53,0,4,1,2,30,0.0,1
20,1,34,0,5884,38,2,0,3,1,2,25,100.227,1
0,0,37,0,0,0,0,0,2,1,2,25,0.0,1
3,1,39,0,979,19,8,1,3,1,2,30,116.502,1
0,0,30,0,3458,72,0,22,2,1,1,25,158.85,0
32,1,35,0,1860,63,44,34,3,1,2,30,252.92,1
7,0,23,0,1110,27,21,14,2,1,1,25,145.665,0
8,0,42,2,4595,85,12,29,3,1,1,30,235.2,0
10,0,14,2,1973,33,18,14,3,1,1,30,152.24,1
0,1,31,0,889,100,25,5,2,1,2,30,0.0,1
13,1,45,1,765,34,2,5,2,1,2,25,29.2,1
0,0,29,0,2840,16,0,13,3,1,1,30,114.24,0
0,0,35,0,2675,15,444,2,3,1,1,30,1883.6,0
12,1,39,0,29,100,5,3,4,2,1,25,88.303,1
2,0,42,0,5573,40,10,4,3,1,2,30,376.78,1
2,0,22,0,1315,30,185,10,2,2,1,25,893.025,0
0,0,37,0,0,0,0,0,2,1,2,25,0.0,1
31,1,30,0,715,2,31,0,3,1,2,30,101.654,1
9,0,41,1,4203,96,20,35,3,1,1,30,251.96,0
1,0,37,1,6255,83,184,26,3,1,1,30,989.52,0
6,0,34,1,6538,67,97,32,2,1,1,25,733.725,0
20,0,30,2,4144,50,1,3,3,1,2,45,0.0,1
2,0,42,0,665,18,21,12,3,1,2,30,111.32,0
27,0,41,3,15320,233,65,37,3,1,1,30,882.12,0
1,0,42,0,455,95,1,0,3,2,2,25,77.769,1
8,0,33,0,4198,60,0,34,1,1,1,15,234.19,0
32,1,33,0,4198,38,45,22,2,1,2,30,17.821,1
13,1,41,0,1785,17,28,11,2,1,2,45,8.532,1
2,0,37,0,1850,22,27,0,3,1,2,25,197.051,1
0,0,37,0,630,11,0,11,2,1,1,25,28.845,0
0,0,44,0,1313,0,6,19,2,1,2,30,0.0,1
13,0,22,0,1530,32,18,14,2,1,1,25,151.29,0
18,1,27,0,1532,56,0,0,3,1,2,30,0.0,1
3,1,40,0,2053,22,29,17,3,1,2,30,205.01,1
31,0,37,0,445,37,0,3,4,1,2,25,35.499,1
5,0,23,0,920,26,12,11,2,1,1,25,96.57,0
4,0,12,1,4570,48,226,15,3,1,1,30,1088.72,0
17,1,45,0,800,18,0,1,2,1,2,25,108.306,1
10,0,37,0,2682,11,16,0,2,1,2,25,0.0,1
10,1,31,0,1542,0,14,7,3,1,2,45,227.216,1
5,0,8,2,4515,38,211,7,3,1,1,30,1026.12,0
1,0,34,0,1873,45,0,13,3,1,2,30,76.72,0
19,1,33,0,1059,3,0,22,3,1,2,30,0.0,1
10,1,33,0,6123,14,6,5,3,1,2,45,20.352,1
9,0,37,0,15485,182,150,30,2,1,1,25,1380.015,0
1,0,19,0,1290,21,10,16,2,1,1,25,103.995,0
21,0,41,4,9480,130,156,47,3,1,1,30,1008.4,0
9,1,44,0,969,24,9,8,4,1,2,25,135.924,1
0,0,29,0,5935,70,164,18,3,1,1,30,896.2,0
6,1,36,0,97,3,0,0,2,1,2,30,284.948,1
0,0,38,0,1793,48,0,18,1,1,1,15,101.255,0
4,0,38,1,3095,27,483,8,3,1,1,30,2056.88,0
0,0,21,0,0,0,3,0,4,1,2,45,7.5,0
15,0,39,1,2758,66,366,26,3,1,1,30,1576.96,0
2,0,34,0,1292,4,0,0,2,1,1,30,198.12,1
6,0,37,1,3585,82,57,30,3,1,1,30,374.68,0
12,0,36,1,15610,180,146,27,2,1,1,25,1367.55,0
4,1,42,0,2243,0,1,5,3,1,2,25,0.0,1
21,0,40,3,6183,107,38,28,3,1,1,30,403.6,0
3,1,43,0,971,7,25,3,3,1,2,30,104.692,1
0,0,19,0,520,4,6,2,4,1,2,45,28.1,0
25,0,38,3,15140,225,54,32,3,1,1,30,830.6,0
22,0,11,0,4486,55,0,0,2,1,2,30,92.428,1
7,0,38,1,4023,88,9,30,3,1,1,30,200.44,0
8,0,39,1,7813,133,391,45,3,1,1,30,1881.84,0
0,0,32,0,0,0,0,0,5,1,1,55,0.0,0
0,0,22,0,2210,44,0,21,3,1,1,30,90.16,0
10,0,40,1,13833,172,5,46,3,1,1,30,580.2,0
19,0,35,0,730,43,19,19,2,1,2,25,120.285,1
34,1,30,1,683,0,1,25,3,1,2,25,176.943,1
5,0,36,0,1000,12,7,8,2,1,2,25,77.04,0
28,1,34,0,35,32,44,0,3,1,2,25,0.0,1
28,1,8,0,2235,52,1,0,3,1,2,25,231.172,1
9,0,38,1,5593,94,29,26,2,1,1,25,386.415,1
9,0,34,0,584,0,0,0,2,1,2,25,0.0,1
12,0,26,0,1105,30,11,5,2,1,2,25,100.575,0
23,0,45,0,2694,13,3,0,3,1,2,30,30.791,1
17,0,39,2,3795,70,190,25,2,1,1,25,1028.925,0
8,0,36,1,3335,29,16,19,3,1,1,30,198.56,0
17,0,29,0,187,10,12,0,3,1,1,30,182.11,1
11,0,36,4,7270,122,278,35,3,2,1,30,1407.68,0
10,1,41,0,3943,46,13,21,2,1,2,30,143.013,1
15,0,39,2,7213,82,124,42,2,1,1,25,886.275,0
3,0,36,0,2969,0,7,0,3,1,2,30,0.0,1
11,0,38,1,3775,82,32,28,3,1,1,30,282.28,0
34,0,30,0,609,0,3,0,3,1,2,30,27.404,1
0,0,30,0,2395,45,158,17,2,1,1,25,820.8,0
20,0,35,1,14720,213,15,26,2,1,1,25,739.485,0
4,1,45,0,809,2,0,4,2,1,2,25,175.967,1
5,0,36,0,3893,60,0,33,1,1,1,15,217.415,0
11,1,37,0,222,17,0,12,3,1,2,25,243.579,1
6,1,35,0,2230,53,0,0,3,1,2,30,0.0,1
6,1,30,0,2073,49,37,0,2,1,2,30,0.0,1
4,0,35,0,11350,149,13,48,3,1,1,30,511.96,0
0,0,23,0,3110,56,10,24,3,1,1,30,166.64,0
3,0,30,0,2242,0,5,20,2,1,2,30,0.0,1
11,0,39,1,1294,0,5,10,2,1,2,30,0.0,1
0,0,34,0,2730,18,471,4,3,1,1,30,1993.92,0
18,0,41,2,14788,186,15,46,3,1,1,30,658.96,0
13,0,37,2,16085,192,171,45,2,1,1,25,1501.965,0
0,0,34,0,323,1,2,2,4,1,2,45,13.1,1
2,0,18,0,1695,26,28,14,2,1,1,25,203.445,0
27,0,29,0,2464,19,0,17,4,1,2,45,0.0,1
0,0,36,0,0,0,0,0,2,1,2,25,0.0,1
5,0,35,1,4335,75,0,20,3,1,1,30,176.4,0
0,1,36,1,1978,24,11,0,4,1,2,25,0.0,1
18,1,31,0,650,41,9,15,2,1,2,25,71.595,1
2,0,25,0,3225,61,8,23,3,1,1,30,163.44,0
25,0,27,3,16120,234,7,76,2,1,1,25,767.43,0
5,0,11,1,4095,36,201,25,3,1,1,30,969.24,0
34,0,40,0,2528,45,12,23,4,1,2,45,76.134,1
2,0,31,1,1090,50,0,0,5,1,2,25,158.051,1
17,0,16,0,102,24,0,10,3,1,1,30,0.0,1
8,0,37,1,6718,75,108,37,2,1,1,25,791.685,0
0,0,34,2,633,8,18,15,5,1,1,55,36.615,0
9,1,45,2,860,51,11,28,4,1,2,25,44.3,1
3,0,32,0,458,1,0,0,4,1,2,30,323.865,1
22,0,36,0,483,39,0,3,2,1,2,45,0.0,1
6,0,35,4,7080,122,303,37,3,2,1,30,1500.08,0
2,0,33,2,2896,0,8,3,2,1,1,30,0.0,1
2,1,41,0,1852,36,11,0,3,1,2,30,46.938,1
34,1,34,4,1341,0,0,12,5,1,1,30,138.177,1
29,0,36,0,3611,30,11,6,2,1,2,25,73.249,1
4,0,45,0,2907,0,8,4,2,1,2,25,0.0,1
1,0,36,0,1668,25,0,6,3,1,1,30,67.72,0
7,0,30,0,5433,90,9,18,2,1,1,25,289.035,1
34,1,45,0,547,3,46,3,2,2,1,25,229.346,1
11,0,28,0,325,14,0,0,3,1,2,25,126.335,1
6,0,37,0,3362,1,0,0,4,1,2,30,111.531,1
4,0,29,2,6965,110,263,32,2,2,1,25,1501.875,0
5,0,43,0,1135,24,15,17,2,1,2,25,119.655,0
0,1,11,1,1263,15,3,9,3,1,1,30,63.12,1
6,0,39,2,2088,37,39,12,4,1,1,45,150.625,0
4,1,29,0,2378,11,10,2,3,1,1,30,151.791,1
14,0,38,0,2680,61,53,22,4,1,2,45,201.025,0
2,1,35,0,2165,0,1,0,2,1,2,30,23.851,1
10,0,34,0,1813,24,0,16,3,1,2,30,18.235,1
10,0,34,0,881,87,55,1,3,1,2,30,6.204,1
2,1,36,0,78,0,0,0,2,1,1,45,90.786,1
18,0,17,1,6582,142,94,45,2,2,1,25,725.58,0
15,0,30,1,14575,209,32,24,2,1,1,25,809.28,0
33,0,33,0,6123,34,5,5,3,1,2,30,27.104,1
6,0,23,1,3450,65,7,21,3,1,1,30,168.6,0
8,0,26,1,3935,72,16,23,3,1,1,30,224.28,0
16,0,28,0,890,25,7,5,2,1,2,25,72.675,0
13,1,25,0,390,31,0,9,2,1,2,25,18.945,1
25,0,36,0,2500,72,27,0,3,1,2,25,22.136,1
3,0,24,0,120,20,12,0,3,1,1,25,0.0,1
9,0,40,1,2665,45,292,20,3,1,1,30,1276.4,0
14,1,38,0,2573,50,41,33,4,1,2,45,168.075,1
0,0,41,0,137,0,40,8,4,1,2,30,0.0,1
0,0,38,0,1088,17,0,0,3,1,2,25,14.099,1
17,0,17,1,9237,177,80,42,5,1,1,55,261.21,0
5,0,12,1,1668,27,11,12,3,1,1,30,111.8,1
0,0,33,0,0,0,0,0,2,1,2,25,0.0,0
11,1,38,0,3170,49,20,21,3,1,2,30,208.76,1
11,0,33,2,1873,51,45,71,5,1,1,55,96.36,0
11,1,40,4,7225,126,286,39,3,2,1,30,1438.04,0
0,1,44,0,2717,100,15,0,4,1,1,25,60.639,1
6,0,30,1,7090,97,13,23,4,1,1,45,212.175,0
32,0,45,5,15445,237,69,35,3,2,1,30,903.28,0
11,0,16,0,8527,166,55,42,5,1,1,55,212.895,0
7,0,17,3,2447,40,13,21,3,1,1,30,151.48,0
4,0,36,0,561,0,36,14,2,1,2,25,204.559,1
0,0,31,0,6480,91,7,20,4,1,1,45,181.775,0
7,0,21,2,2115,38,67,20,3,1,1,30,354.12,0
8,0,34,0,5513,92,19,22,2,1,1,25,337.725,1
18,0,43,3,9375,131,159,49,3,1,1,30,1016.24,0
0,0,31,0,6290,90,0,17,4,1,1,45,159.5,0
0,0,36,0,405,8,6,6,2,1,2,25,45.585,0
5,0,10,0,8448,157,55,33,4,1,1,45,352.625,0
18,0,38,2,6123,104,33,26,2,1,1,25,428.715,0
12,0,9,0,6123,10,29,0,4,1,2,30,64.141,1
2,0,39,0,876,52,0,28,2,1,2,30,0.0,1
4,0,29,0,1244,0,61,5,3,1,2,45,157.361,1
14,0,29,1,760,28,15,9,3,1,1,30,91.52,0
23,0,33,2,15140,219,46,31,3,1,1,30,798.36,0
0,0,39,0,3413,82,3,27,3,1,1,30,151.8,0
0,0,32,0,2780,19,0,12,3,1,1,30,111.96,0
5,0,32,0,305,6,7,2,4,1,2,45,25.275,1
4,0,39,0,1745,46,48,24,3,1,2,30,263.64,0
2,0,9,1,4390,40,215,10,3,1,1,30,1037.2,0
13,0,36,1,2578,58,355,21,3,1,1,30,1525.44,0
0,0,30,0,1064,34,0,2,3,1,2,25,0.0,1
4,0,25,0,205,18,0,2,2,1,2,25,10.035,0
3,0,36,2,3390,31,497,21,3,1,1,30,2124.84,0
2,0,34,1,6380,92,0,24,5,1,1,55,97.08,0
16,1,38,0,853,31,0,4,2,1,2,30,239.82,1
0,0,36,0,760,8,0,7,2,1,2,25,34.56,0
3,0,34,0,1180,14,0,12,2,1,2,25,53.73,0
13,0,43,2,3085,65,190,26,3,1,1,30,886.0,0
2,0,36,0,1260,39,20,22,3,1,2,30,131.96,0
10,0,10,0,8932,165,65,39,4,1,1,45,389.925,0
13,0,32,0,700,31,18,8,3,1,2,30,101.24,0
15,0,12,0,9237,171,72,41,4,1,1,45,415.2,0
14,1,38,0,800,16,41,0,4,1,2,30,132.939,1
11,0,37,0,3860,36,8,0,3,1,2,30,0.0,1
5,0,32,1,3763,78,7,24,2,1,1,25,204.345,0
27,1,31,0,1180,51,13,15,3,1,2,30,101.24,1
0,0,38,0,115,6,32,4,2,1,2,25,149.445,1
30,0,37,1,459,48,0,5,2,1,2,45,8.58,1
5,0,28,0,305,6,7,2,4,1,2,45,25.275,0
3,0,13,2,4470,42,225,14,3,1,1,30,1080.48,0
0,0,17,0,1505,26,53,16,2,1,1,25,307.395,0
6,0,38,0,4125,68,3,17,2,1,1,25,202.185,0
1,0,4,0,1487,13,0,6,2,1,1,25,67.5,1
5,1,18,0,2629,9,0,32,2,1,2,30,23.06,1
17,0,45,3,12030,170,33,55,4,1,1,45,387.5,0
6,0,37,0,5803,89,0,8,2,1,1,25,265.14,0
4,1,3,0,2738,0,1,0,2,1,2,25,40.116,1
16,0,20,0,4362,0,10,11,3,1,2,30,128.77,1
0,1,44,3,5941,0,22,9,3,1,2,30,20.959,1
12,1,38,0,736,18,5,5,3,1,1,25,182.347,1
5,0,37,0,2765,44,286,16,3,1,1,30,1256.36,0
4,0,31,0,15225,172,135,24,2,1,1,25,1300.365,0
3,0,40,0,6123,13,1,2,2,1,1,30,113.026,1
0,0,35,0,1973,46,0,27,1,1,1,15,111.045,0
11,0,34,3,1620,48,208,14,3,2,1,30,898.72,0
14,0,40,2,15905,194,189,36,3,1,1,30,1399.96,0
18,1,41,0,451,23,31,0,2,1,1,25,0.0,1
2,1,45,0,779,3,21,0,2,1,1,45,3.422,1
2,0,40,0,3089,0,9,0,5,1,2,45,0.0,1
14,0,32,0,1943,23,40,8,2,2,2,55,0.0,1
0,1,8,1,1298,19,25,9,3,1,1,30,152.68,1
23,0,42,1,0,4,29,0,2,1,2,30,0.0,1
5,0,31,0,1710,40,30,16,3,1,2,30,190.0,0
23,1,37,0,910,51,24,21,2,1,2,25,151.245,1
7,0,33,1,11510,150,7,43,4,1,1,45,309.0,0
1,0,17,0,2686,13,4,20,3,1,1,25,272.543,1
2,0,29,0,903,12,48,0,3,1,2,30,0.0,1
10,0,40,2,4630,88,0,24,3,1,1,30,188.72,0
15,0,36,1,6008,99,35,27,2,1,1,25,432.315,1
3,0,41,3,230,50,15,1,2,1,1,25,36.565,1
14,0,27,0,3181,19,0,0,2,1,2,55,35.644,1
2,0,40,0,614,0,66,0,4,1,2,25,0.0,1
0,0,45,0,3121,12,37,0,3,1,2,45,141.319,1
0,0,34,0,0,0,0,0,5,1,1,55,0.0,0
7,1,43,1,5388,18,0,4,3,1,1,30,229.199,1
1,1,41,0,2935,11,5,0,3,1,2,25,0.0,1
5,0,45,0,578,15,22,10,3,1,2,30,111.72,0
29,0,28,0,0,0,3,13,2,1,1,30,0.0,1
0,0,38,0,1443,21,3,8,3,1,1,30,70.56,0
8,0,39,1,3325,36,18,21,3,1,1,30,206.44,0
8,0,44,0,1095,22,30,14,3,1,2,30,164.68,0
1,0,8,3,997,0,12,0,4,1,2,45,176.352,1
3,0,38,0,4084,92,8,3,3,1,2,45,6.529,1
10,0,12,0,912,37,0,5,3,1,1,30,859.872,1
7,0,38,0,2328,62,363,27,2,1,1,25,1741.05,0
13,0,40,1,4675,77,12,19,3,1,1,30,238.08,0
6,1,30,0,0,10,5,2,3,1,2,55,0.0,1
6,0,31,0,0,0,0,18,3,1,1,25,50.696,1
1,1,36,0,946,0,10,10,2,1,2,25,0.0,1
0,0,34,0,513,2,11,5,4,1,2,45,40.375,1
1,0,28,3,305,55,0,33,2,1,1,25,0.0,1
0,0,36,0,2055,33,278,16,3,1,1,30,1195.52,0
13,1,40,0,1167,10,1,20,5,1,2,45,0.0,1
0,0,40,0,193,7,11,7,2,1,2,25,58.5,0
15,1,37,0,436,0,47,0,2,1,2,30,0.0,1
0,1,29,0,3069,0,54,5,3,1,2,45,0.0,1
0,0,25,0,6220,81,0,14,4,1,1,45,157.525,0
9,1,36,0,207,4,0,8,3,1,2,45,0.0,1
3,1,43,0,1031,19,0,0,2,1,2,25,0.0,1
20,0,33,0,1160,7,1,13,4,1,1,30,237.97,1
2,0,33,0,6420,84,176,22,3,1,1,30,964.16,0
9,0,28,1,1873,45,37,70,5,1,1,55,84.27,0
4,1,41,0,6123,12,0,6,3,1,2,25,33.981,1
6,0,34,0,4108,37,12,1,3,1,2,25,0.0,1
34,1,42,1,444,41,0,6,2,1,2,25,217.676,1
9,1,39,0,2353,60,40,21,3,1,2,30,256.52,0
18,0,34,7,10375,90,0,40,4,1,1,45,261.625,0
2,0,31,0,6123,0,11,0,2,1,2,30,0.0,1
0,1,27,0,2425,25,0,8,2,1,2,25,110.25,1
0,1,28,0,151,79,45,0,3,1,2,30,116.472,1
5,0,39,0,5513,90,0,14,3,1,1,30,224.12,0
36,0,41,5,16155,242,69,34,3,2,1,30,931.88,0
8,0,36,0,3715,79,27,26,3,1,1,30,259.76,0
0,0,36,0,2790,21,476,6,3,1,1,30,2016.44,0
0,0,31,0,0,0,0,0,2,1,2,25,0.0,1
2,1,39,0,122,10,12,0,3,1,2,30,36.736,1
18,0,32,0,1185,39,28,14,3,1,2,30,160.96,0
0,0,31,0,2088,46,0,30,1,1,1,15,117.37,0
2,1,34,0,3685,1,5,7,2,1,2,30,52.168,1
11,0,40,1,2372,65,6,1,3,1,1,25,28.764,1
0,0,35,0,0,0,0,0,2,1,2,25,0.0,0
0,1,36,0,315,61,0,0,2,1,2,30,0.0,1
11,1,3,0,2797,66,33,2,3,1,2,45,0.0,1
24,0,25,0,763,0,3,2,2,1,1,30,0.0,1
12,0,27,0,3696,19,26,1,2,2,2,30,0.0,1
26,1,32,0,1080,45,12,14,3,1,2,30,93.0,1
0,1,30,0,2977,36,11,0,4,1,2,55,69.814,1
18,0,33,0,88,32,23,0,4,1,2,25,0.0,1
0,0,32,1,3956,0,1,0,4,1,1,45,26.702,1
3,0,31,0,3989,4,1,0,3,1,2,30,46.254,1
20,0,36,0,650,47,17,16,3,1,2,30,95.88,1
18,0,32,2,0,16,28,0,3,1,2,25,0.0,1
5,1,35,0,2496,11,6,0,2,1,2,30,11.54,1
4,1,40,0,1152,10,0,0,3,1,1,30,242.02,1
3,0,36,0,623,5,6,5,2,1,2,25,55.26,0
2,0,25,0,3225,61,8,23,3,1,1,30,163.44,0
23,1,40,1,1659,1,1,1,3,1,2,30,142.166,1
2,0,36,0,13468,163,0,42,3,1,1,30,545.24,0
34,1,42,1,257,95,0,0,2,1,2,30,0.0,1
11,1,40,4,3726,39,1,0,2,1,2,30,22.793,1
13,0,40,1,5773,102,34,28,2,1,1,25,417.375,0
7,0,31,0,8730,113,127,37,3,1,1,30,861.72,0
4,0,35,0,5738,87,0,7,3,1,1,30,233.0,0
20,1,39,0,3283,61,49,33,4,1,2,45,206.1,1
7,0,44,0,305,12,15,3,3,1,2,30,72.68,1
12,1,42,0,2224,4,2,0,4,1,2,25,252.995,1
5,0,38,1,4325,82,0,22,3,1,1,30,176.28,0
11,0,43,2,3580,41,501,15,3,1,1,30,2148.84,0
0,0,45,0,747,68,3,2,2,1,1,25,0.0,1
21,1,30,2,873,28,10,0,3,1,2,25,74.731,1
0,0,38,0,1760,29,264,3,3,1,1,30,1127.56,0
11,0,37,0,15675,183,159,33,2,1,1,25,1429.11,0
16,0,20,5,3218,54,43,23,3,2,1,30,302.88,0
9,0,21,0,1145,30,9,9,2,1,1,25,93.375,0
8,0,43,1,7768,137,399,49,3,1,1,30,1912.2,0
4,0,16,1,2253,35,10,4,3,1,1,30,131.52,0
16,0,34,7,10130,87,0,40,4,1,1,45,255.425,0
7,0,36,0,2078,43,25,28,3,1,2,30,184.84,1
5,0,22,1,1613,35,22,64,4,1,1,45,96.2,0
8,0,37,0,1970,50,45,22,3,1,2,30,260.8,0
2,0,35,0,2180,31,274,13,3,1,1,30,1184.44,0
21,0,3,0,1961,31,59,0,2,1,1,25,4.339,1
15,0,39,1,2758,66,366,26,3,1,1,30,1576.96,0
1,0,34,0,630,12,3,4,2,1,2,25,42.39,0
3,1,38,0,2979,28,0,17,2,1,2,45,122.249,1
3,0,36,0,3932,18,0,0,3,1,2,25,135.121,1
27,1,33,0,1555,57,37,32,3,1,2,30,212.48,1
34,0,29,0,329,0,10,1,2,1,2,30,0.0,1
0,0,38,0,465,11,11,8,2,1,1,25,70.92,0
0,0,41,1,1873,73,3,39,4,1,1,25,0.0,1
9,1,35,0,2990,41,9,16,3,1,2,30,157.24,1
0,0,35,0,3528,82,27,30,3,1,1,30,252.4,0
8,0,38,1,2163,32,16,11,4,1,1,45,94.875,0
15,0,30,3,2330,53,208,13,3,2,1,30,927.32,0
8,0,39,2,7045,107,29,28,5,1,1,55,150.78,0
5,1,31,0,763,44,14,21,3,1,1,25,0.0,1
4,0,36,0,4455,80,0,23,3,1,1,30,181.4,0
34,0,39,0,2477,0,57,1,2,1,2,30,37.765,1
30,0,37,0,3719,54,28,30,3,1,2,45,757.573,1
7,0,36,1,8405,110,119,43,3,1,1,30,816.6,0
0,0,34,0,0,0,0,0,2,1,2,25,0.0,1
3,0,39,0,2481,20,7,4,3,1,2,45,46.479,1
0,1,38,0,1156,8,0,0,3,1,2,30,0.0,1
14,1,29,0,949,0,1,26,2,1,1,25,56.826,1
5,0,33,0,13773,163,0,43,3,1,1,30,557.44,0
1,1,31,2,2427,0,0,38,2,1,2,45,192.219,1
0,0,29,0,3413,70,0,25,2,1,1,25,156.735,0
9,0,18,0,8627,171,74,39,5,1,1,55,242.97,0
8,1,34,0,3079,5,14,27,3,1,2,25,0.0,1
1,0,37,0,13063,158,0,44,3,1,1,30,528.84,0
0,0,39,0,73,2,5,4,2,1,1,25,25.875,0
5,0,36,1,2545,18,7,6,3,1,1,30,130.52,0
25,1,33,0,1145,48,25,20,2,1,2,25,166.185,1
2,0,36,0,2870,66,4,11,2,1,1,25,150.12,0
2,0,17,1,0,63,7,0,3,2,2,45,0.0,1
23,0,36,0,2136,31,0,0,3,1,1,25,29.694,1
5,0,35,1,305,6,7,2,5,1,1,55,15.165,0
5,0,42,0,738,17,46,10,3,1,2,30,214.2,0
18,1,32,2,876,24,10,2,2,1,2,30,13.216,1
5,0,32,0,2700,51,165,19,2,1,1,25,866.295,0
1,0,35,0,5498,83,0,6,2,1,1,25,251.145,0
21,0,37,9,10550,99,33,46,5,1,1,55,209.235,0
5,0,38,0,1845,52,49,25,3,1,2,30,271.88,0
14,0,46,3,3660,43,505,16,4,1,1,45,1355.075,0
1,0,26,0,2992,100,1,1,2,1,2,25,0.461,1
10,0,13,3,4755,49,227,14,3,1,1,30,1100.16,0
1,0,37,0,7318,126,375,40,2,1,1,25,2022.48,0
0,0,38,0,0,0,3,0,3,1,2,30,12.0,1
7,0,12,2,2773,43,21,15,3,1,1,30,196.64,0
6,0,41,0,6123,45,0,0,3,1,2,45,0.0,1
18,0,17,1,6638,144,87,42,2,2,1,25,696.69,0
9,0,40,1,11645,162,22,52,4,1,1,45,350.175,0
4,0,26,0,1425,20,42,18,4,1,2,45,141.125,0
9,0,33,0,1535,44,0,0,2,1,2,30,233.743,1
0,0,22,0,1203,30,18,64,4,1,1,45,75.825,0
0,0,29,0,6943,111,362,35,2,1,1,25,1946.43,0
6,0,41,0,2540,47,296,23,3,1,1,30,1287.48,0
17,0,27,0,570,39,0,11,2,1,2,25,27.405,1
11,0,40,2,3590,34,499,13,3,1,1,30,2140.96,0
2,0,29,0,738,15,49,2,2,1,2,25,127.989,1
31,0,37,5,16460,246,17,86,2,1,1,25,828.27,0
5,0,34,0,305,6,7,2,3,1,2,30,40.44,1
1,0,36,0,3293,50,0,18,1,1,1,15,183.865,0
1,1,27,0,2576,0,5,0,3,1,1,30,138.53,1
9,0,13,0,8873,168,68,38,4,1,1,45,396.025,0
6,0,30,0,8810,109,129,40,3,1,1,30,872.76,0
14,0,25,2,1825,42,40,28,2,1,1,25,264.015,0
20,0,46,2,4763,82,23,43,1,1,1,15,392.975,0
33,0,39,0,2592,17,9,1,3,1,2,45,238.46,1
16,0,33,0,960,35,25,13,3,1,2,30,139.8,0
0,0,30,0,5353,79,0,4,2,1,1,25,244.44,0
2,0,27,1,796,8,0,0,3,1,2,30,127.782,1
1,0,41,1,2790,27,484,7,3,1,1,30,2048.68,0
29,0,44,0,734,36,11,3,4,1,2,30,50.347,1
1,0,10,0,2137,56,11,0,3,1,2,30,0.0,1
0,1,28,0,104,0,0,0,2,1,2,30,0.0,1
2,0,9,1,4390,40,215,10,3,1,1,30,1037.2,0
7,0,42,2,2053,33,17,12,4,1,1,45,94.65,0
9,0,36,0,15370,176,118,26,2,1,1,25,1230.57,0
8,0,41,0,691,39,55,6,4,1,2,25,0.0,1
20,0,29,0,1605,41,38,24,3,1,2,30,217.84,0
0,0,26,0,635,9,12,1,4,1,2,45,46.1,0
34,1,32,3,5463,31,6,4,4,1,2,30,134.321,1
0,1,33,0,517,24,0,3,2,1,1,25,6.832,1
7,0,38,0,1123,14,25,9,4,1,2,45,90.925,1
11,0,44,1,6178,105,22,18,3,1,1,30,339.32,0
1,1,43,0,398,7,17,8,3,1,2,30,84.2,1
6,0,26,1,1813,42,32,68,4,1,1,45,126.375,0
0,0,26,0,968,29,9,53,4,1,1,45,47.425,0
0,0,8,1,2288,29,9,11,3,1,1,30,128.68,0
7,0,36,0,667,0,6,0,5,1,2,45,130.623,1
1,0,32,0,3729,0,0,0,3,1,2,30,309.676,1
9,1,31,1,662,53,4,0,2,2,2,30,97.178,1
12,0,36,0,1055,60,0,26,2,1,1,30,277.597,1
13,0,43,0,2230,60,60,28,4,1,2,45,207.25,0
4,0,39,0,5148,0,34,9,4,1,2,30,166.485,1
9,0,38,1,8218,138,392,43,3,1,1,30,1902.24,0
0,0,35,0,2435,17,0,16,3,1,1,30,98.08,0
10,0,16,0,5682,130,60,42,1,2,1,15,649.66,0
11,1,30,0,3032,35,20,0,2,1,2,30,33.127,1
8,1,36,1,682,14,4,11,3,1,2,30,112.05,1
6,0,40,0,2799,36,25,43,2,1,1,30,0.0,1
15,0,36,1,6063,101,28,24,2,1,1,25,403.38,0
0,0,34,0,455,2,0,5,2,1,2,25,20.565,0
0,0,35,0,1940,27,246,12,3,1,1,30,1062.68,0
26,1,45,0,1277,57,14,20,2,1,2,30,24.305,1
15,0,44,1,4458,76,16,41,1,1,1,15,337.37,0
0,0,32,0,0,0,0,0,4,1,1,45,0.0,0
1,1,38,0,1337,0,5,27,2,1,2,30,0.0,1
34,0,36,2,1161,56,24,0,3,1,2,30,119.679,1
0,1,38,0,2204,4,29,0,2,1,2,45,61.131,1
23,0,38,2,3689,0,7,2,3,1,2,55,189.436,1
1,0,34,1,6320,78,175,21,3,1,1,30,955.92,0
6,1,32,2,1315,42,201,12,3,2,1,30,858.28,1
14,0,43,2,1911,8,23,15,3,1,1,45,100.665,1
12,0,30,1,1225,38,27,14,2,1,1,25,178.335,0
9,0,43,2,7893,135,401,49,3,1,1,30,1925.12,0
7,0,41,0,1130,26,52,14,3,1,2,30,254.24,0
4,0,35,0,3920,0,0,0,3,2,2,30,94.843,1
0,0,28,0,0,0,0,0,2,1,2,25,0.0,1
2,0,19,3,641,12,0,0,3,1,2,30,7.246,1
0,0,7,0,4330,37,210,8,3,1,1,30,1014.68,0
2,0,31,0,6333,67,91,31,2,1,1,25,697.5,0
17,0,40,2,2633,53,46,35,4,1,1,45,182.15,1
4,0,34,0,2607,10,8,4,2,1,2,25,0.0,1
0,0,35,0,6440,83,181,24,3,1,1,30,984.92,0
2,0,32,0,2385,30,0,10,5,1,2,25,331.846,1
8,0,41,1,6673,79,116,41,2,1,1,25,825.84,0
3,0,41,0,3242,8,0,18,4,1,2,30,132.792,1
0,0,36,0,383,4,7,4,4,1,1,45,27.175,1
2,1,7,2,1164,0,9,0,2,1,2,45,57.861,1
6,1,36,0,6123,28,48,3,4,1,2,30,0.0,1
0,0,24,0,1120,14,35,16,4,1,2,45,115.85,0
14,0,30,0,2556,11,2,3,2,1,2,30,0.0,1
24,0,29,4,16370,242,14,93,2,1,1,25,810.54,0
15,0,42,3,9115,127,152,44,3,1,1,30,977.68,0
7,0,37,0,6323,100,8,10,2,1,1,25,325.035,0
6,0,31,1,1568,45,38,69,5,1,1,55,81.195,0
11,0,39,2,3200,65,214,29,3,1,1,30,986.6,0
15,0,15,2,6688,145,99,55,1,2,1,15,920.315,0
8,0,43,1,5918,101,15,13,3,1,1,30,300.76,0
6,1,11,2,1548,22,5,9,3,1,1,30,82.8,1
5,0,37,0,835,12,9,5,3,1,2,30,69.88,0
18,0,39,8,10130,93,2,41,5,1,1,55,156.345,0
11,1,39,0,49,0,17,0,2,1,2,30,207.349,1
8,0,45,0,4190,35,0,0,2,1,1,30,149.795,1
0,0,35,2,608,36,5,0,2,1,2,25,0.0,1
17,0,46,2,14338,185,22,52,3,1,1,30,668.92,0
0,0,27,0,399,7,0,0,3,1,2,25,35.371,1
0,0,26,0,1422,0,16,4,2,1,1,45,0.0,1
6,0,6,1,1792,19,0,8,3,1,1,30,72.44,1
18,0,24,1,15770,226,0,77,2,1,1,25,719.82,0
0,1,33,0,4635,41,16,0,4,1,2,30,0.0,1
3,0,14,2,2547,39,24,17,3,1,1,30,199.44,0
14,0,39,1,8820,117,130,30,3,1,1,30,877.48,0
7,0,38,0,13773,169,0,44,3,1,1,30,557.68,0
12,0,36,1,4595,75,7,15,3,1,1,30,214.8,0
1,1,3,0,4599,0,0,3,2,1,2,30,0.0,1
0,0,36,0,438,6,0,1,4,1,2,45,11.1,1
0,0,3,0,1182,7,0,4,2,1,1,25,53.505,1
2,0,42,0,669,49,0,10,4,1,1,30,0.79,1
1,0,40,0,2940,3,43,7,2,1,1,25,113.306,1
6,0,35,2,6900,102,12,21,5,1,1,55,123.03,0
8,0,37,0,4255,65,0,13,2,1,1,25,194.4,0
13,0,45,0,1136,18,7,0,2,2,2,30,40.26,1
0,1,45,0,2289,16,28,0,2,1,2,30,18.971,1
28,0,26,1,4032,6,0,9,2,1,2,30,108.755,1
2,0,39,0,1058,0,0,2,2,1,2,30,0.0,1
12,0,15,0,8932,171,73,40,4,1,1,45,410.075,0
34,0,38,0,4372,6,3,1,2,1,2,30,0.0,1
0,0,33,0,5433,81,0,5,2,1,1,25,248.13,0
27,1,36,0,611,56,65,0,3,1,1,25,11.464,1
0,0,34,0,2028,49,0,29,1,1,1,15,114.235,0
2,0,34,0,8100,104,112,41,3,1,1,30,776.16,0
2,0,42,0,2890,0,0,4,2,1,1,25,102.748,1
11,0,18,4,2913,48,36,21,3,1,1,30,262.44,0
0,0,36,0,405,8,6,6,2,1,2,25,45.585,0
15,0,18,1,5987,136,67,44,2,2,1,25,577.035,0
0,0,34,0,0,0,0,0,2,1,2,25,0.0,1
13,1,36,1,5818,98,26,24,2,1,1,25,383.22,1
1,1,42,0,1197,46,0,10,3,1,1,30,7.902,1
0,0,35,0,585,65,4,4,2,1,2,30,24.574,1
10,0,39,1,8003,134,400,48,3,1,1,30,1925.48,0
0,0,23,0,0,0,0,0,4,1,2,45,0.0,0
6,0,38,1,3285,28,492,11,3,1,1,30,2100.52,0
1,0,15,0,2278,13,16,2,3,1,2,25,57.714,1
0,0,30,0,0,0,0,0,3,1,2,30,0.0,1
2,1,20,0,3335,25,53,0,4,1,2,30,0.0,1
18,0,37,7,10310,95,5,45,4,2,1,45,272.625,0
0,0,15,0,680,9,0,12,2,1,1,25,31.005,0
8,0,37,0,1970,50,45,22,3,1,2,30,260.8,0
16,0,30,0,845,22,2,3,4,1,2,30,27.453,1
5,0,25,1,3470,64,10,23,3,1,1,30,181.36,0
5,0,38,2,6785,103,22,23,5,1,1,55,136.32,0
24,0,39,3,14735,220,36,34,3,1,1,30,742.2,0
6,0,37,2,3260,34,39,20,4,1,1,45,179.85,0
1,0,45,0,2262,47,0,0,3,1,1,30,978.39,1
0,0,36,1,2380,100,44,0,2,1,2,30,11.173,1
5,0,33,1,7553,123,376,39,2,1,1,25,2037.42,0
6,0,35,0,3408,0,25,0,3,1,1,30,89.585,1
2,0,33,0,2088,51,347,20,2,1,1,25,1657.755,0
0,0,37,0,0,0,0,0,2,1,2,25,0.0,1
0,0,28,0,2215,37,153,15,2,1,1,25,789.84,0
0,0,32,0,1935,6,0,2,3,1,1,30,77.64,0
11,0,37,3,12065,164,32,62,4,1,1,45,385.725,0
3,0,30,0,1883,36,17,25,3,1,2,30,144.76,1
9,1,42,0,268,9,0,1,3,2,2,25,517.334,1
5,0,42,0,104,22,3,2,3,1,2,30,0.0,1
16,1,36,0,877,23,177,0,3,1,2,30,0.0,1
2,1,38,0,841,87,44,10,3,1,2,45,193.173,1
10,0,37,2,4640,81,7,22,3,1,1,30,216.84,0
5,1,38,0,305,6,7,2,3,1,2,30,40.44,1
2,1,33,0,2495,34,0,11,2,1,2,25,113.805,1
0,0,22,0,3045,53,0,18,3,1,1,30,123.92,0
2,0,27,0,1623,9,13,0,2,1,2,30,0.0,1
29,1,30,0,956,8,18,6,2,1,2,30,36.243,1
0,0,37,1,1002,14,65,1,3,1,2,30,0.0,1
1,0,38,0,695,98,0,0,2,1,2,30,0.0,1
7,0,38,1,4023,88,9,30,3,1,1,30,200.44,0
1,0,45,0,981,0,33,0,3,1,2,25,0.0,1
0,1,40,0,1725,21,24,0,2,1,2,30,0.0,1
1,0,28,0,991,41,0,0,3,1,2,45,0.0,1
1,0,32,0,2421,48,54,0,5,1,1,25,52.707,1
10,0,26,1,1340,38,51,17,2,1,1,25,291.51,0
14,0,39,2,11960,161,27,52,4,1,1,45,370.525,0
3,0,37,0,2278,52,0,29,1,1,1,15,128.15,0
11,0,40,0,1015,17,15,2,3,1,2,30,101.28,1
16,1,40,0,3475,55,27,23,3,1,2,30,249.2,1
9,0,37,0,15485,182,150,30,2,1,1,25,1380.015,0
11,1,33,1,5638,90,15,19,2,1,1,25,325.26,1
4,0,31,0,2068,52,342,18,2,1,1,25,1634.4,0
14,0,37,2,3900,80,28,25,3,1,1,30,271.2,0
13,1,39,1,1124,100,6,0,3,1,2,45,0.0,1
5,0,36,2,2268,35,21,21,4,1,1,45,110.075,0
2,1,39,0,1569,54,0,8,3,1,2,25,0.0,1
10,1,33,0,5961,15,5,4,4,1,1,25,207.37,1
7,0,28,1,1683,44,28,67,5,1,1,55,67.905,0
7,0,41,2,823,18,22,9,5,1,1,55,45.615,0
10,0,36,0,0,0,3,0,3,2,2,25,555.105,1
10,0,40,0,2150,58,56,27,3,1,2,30,312.32,0
34,0,28,0,2023,48,0,15,3,2,2,25,97.869,1
7,1,8,0,0,0,4,0,3,1,2,30,0.0,1
0,0,7,0,992,12,0,2,2,1,1,25,45.18,1
9,0,38,0,13963,170,9,47,3,1,1,30,601.32,0
0,0,18,0,1450,23,26,14,2,1,1,25,183.285,0
6,1,33,0,1058,16,27,37,2,1,1,45,64.038,1
7,0,37,0,3908,82,7,26,2,1,1,25,211.05,0
11,1,25,0,4456,0,0,1,3,1,2,30,453.707,1
12,1,40,0,1395,63,4,0,3,1,2,25,0.0,1
4,0,40,1,11160,154,12,46,4,1,1,45,312.85,0
2,0,36,1,528,5,13,5,5,1,1,55,27.495,0
1,0,9,1,1297,18,0,4,3,1,1,30,52.6,1
9,0,31,3,7270,116,270,34,2,2,1,25,1547.37,0
12,0,32,0,252,66,1,9,2,1,2,30,0.0,1
0,1,36,1,4264,45,3,0,2,1,1,30,39.996,1
11,1,36,0,2741,0,9,0,3,1,2,45,251.165,1
14,1,31,1,1204,0,0,0,3,1,2,25,21.731,1
13,0,37,2,5933,104,58,28,3,1,1,30,473.48,0
5,0,34,1,2405,35,277,14,3,1,1,30,1205.6,0
15,0,28,1,656,34,0,18,2,1,2,30,0.0,1
0,1,40,0,0,9,58,3,2,1,1,25,81.955,1
10,1,30,0,679,51,0,0,2,1,2,30,0.0,1
3,0,35,0,898,35,34,0,2,1,2,25,0.0,1
10,0,35,0,14078,169,0,45,3,1,1,30,569.88,0
0,0,33,0,4030,69,0,18,3,1,1,30,163.96,0
9,0,36,0,2268,44,34,31,3,1,2,30,228.48,1
3,1,28,0,949,3,53,0,2,1,2,45,98.73,1
10,0,34,0,3695,80,22,24,3,1,1,30,239.0,0
20,0,32,2,1662,71,20,0,2,1,2,25,0.0,1
22,0,23,2,9498,187,95,48,5,1,1,55,287.775,0
9,0,45,1,2301,13,39,0,2,1,2,25,47.09,1
12,0,39,1,6628,106,15,12,3,1,1,30,329.36,0
3,0,34,0,6298,63,69,31,2,1,1,25,596.745,0
0,0,38,0,6375,88,190,29,3,1,1,30,1018.52,0
8,0,28,0,3353,22,0,0,2,1,1,25,0.0,1
17,1,41,1,2089,9,16,0,4,1,2,25,133.875,1
2,0,35,1,2179,95,21,3,3,1,2,30,18.652,1
15,0,32,0,6123,40,22,0,2,1,2,55,157.967,1
0,0,23,0,0,0,10,0,4,1,2,45,25.0,0
5,0,22,0,805,20,0,7,1,1,1,15,45.375,0
17,0,18,6,3758,61,59,36,3,2,1,30,388.76,0
7,0,26,2,1440,34,189,8,3,2,1,30,814.96,0
4,0,41,1,3718,88,10,29,3,1,1,30,192.24,0
12,0,35,0,2543,54,7,18,3,1,2,30,131.88,0
14,0,34,2,370,0,15,2,3,1,1,25,12.675,1
28,0,35,0,1260,53,23,19,3,1,2,30,144.52,1
11,0,38,0,2483,57,10,17,3,1,2,30,141.6,0
0,0,36,0,2088,52,0,31,1,1,1,15,117.7,0
0,0,8,0,777,8,0,7,3,1,1,30,31.4,1
3,0,38,0,2393,58,2,33,1,1,1,15,145.805,0
10,0,16,3,3042,46,40,22,3,1,1,30,283.52,0
4,0,32,0,2549,71,17,0,2,1,1,45,225.356,1
2,0,18,0,1695,26,28,14,2,1,1,25,203.445,0
33,1,41,0,1520,63,38,25,3,1,2,30,215.32,1
0,0,26,0,825,10,21,3,4,1,2,45,73.375,0
22,0,39,0,4653,0,22,0,2,1,2,25,108.485,1
0,0,3,0,1103,11,0,1,2,1,1,25,50.13,1
0,0,28,0,2920,61,9,22,3,1,1,30,155.24,0
10,0,44,3,903,20,26,10,5,1,1,55,52.845,0
11,0,27,0,700,25,10,7,2,1,2,25,77.625,0
6,0,23,0,3805,46,47,0,2,1,2,25,19.927,1
0,0,33,0,0,0,0,0,2,1,2,25,0.0,0
2,0,26,0,1323,36,28,68,4,1,1,45,103.975,0
3,1,28,1,1284,47,26,0,3,1,2,45,0.0,1
12,0,17,0,5793,131,64,27,1,2,1,15,677.82,0
7,0,33,0,6638,73,98,33,2,1,1,25,742.995,0
0,0,36,0,1478,24,0,3,3,1,1,30,60.08,0
3,1,39,0,0,6,2,0,3,1,2,30,73.849,1
26,0,30,0,696,23,2,0,3,1,2,30,29.286,1
5,0,34,0,755,10,7,4,3,1,2,30,58.6,0
19,1,36,0,942,0,0,4,3,1,2,25,160.773,1
19,0,45,2,16050,198,172,38,2,1,1,25,1505.16,0
5,1,37,0,1386,10,69,0,2,1,1,30,32.791,1
5,0,34,1,3075,57,189,36,2,1,1,25,991.44,0
17,0,38,1,6123,100,13,0,3,1,2,25,150.584,1
1,0,41,0,1270,37,4,2,3,1,1,25,6.524,1
26,0,25,3,6958,157,107,50,2,2,1,25,801.675,0
0,0,24,0,300,19,161,9,2,2,1,25,738.855,0
0,1,36,0,0,0,0,0,2,1,2,25,0.0,1
6,0,44,0,884,30,4,0,2,1,2,25,39.68,1
11,0,32,1,9115,115,136,42,3,1,1,30,913.2,0
9,1,8,2,2847,100,23,0,4,2,1,30,64.295,1
5,0,35,0,619,22,6,1,2,1,2,30,85.963,1
10,0,22,2,2060,35,40,18,3,1,1,30,243.8,0
3,0,37,0,4180,71,30,19,3,1,1,30,290.04,0
0,0,36,0,405,8,6,6,2,1,2,25,45.585,0
2,1,38,0,848,0,0,0,3,1,1,45,254.422,1
0,0,36,0,215,7,0,3,2,1,2,25,9.99,0
22,1,44,0,371,0,62,0,2,2,2,30,285.295,1
5,0,17,0,6123,23,0,5,3,1,2,25,39.636,1
5,0,36,0,2263,60,384,26,3,1,1,30,1628.92,0
0,0,37,0,0,0,0,0,2,1,2,25,0.0,0
14,0,28,1,15060,221,0,78,2,1,1,25,687.645,0
0,0,33,0,3538,74,0,23,2,1,1,25,162.54,0
2,0,7,0,8368,155,51,32,4,1,1,45,340.575,0
0,0,26,2,445,100,0,0,2,1,2,25,483.276,1
3,1,37,0,0,18,21,23,2,1,2,30,180.953,1
6,1,43,0,728,100,7,10,2,1,2,30,11.798,1
25,1,38,0,955,53,24,18,3,1,2,30,136.32,1
27,0,36,4,16075,244,8,81,2,1,1,25,770.355,0
13,0,33,0,3254,0,3,25,2,1,2,30,0.0,1
0,0,6,0,817,0,16,0,2,1,2,45,0.0,1
0,0,35,0,10560,138,0,30,3,1,1,30,427.92,0
2,0,24,1,1135,28,182,6,2,2,1,25,871.335,0
5,0,29,1,1020,32,179,2,3,2,1,30,758.08,0
3,0,23,0,335,16,0,3,2,1,2,25,15.795,0
30,0,40,4,15445,231,61,34,3,2,1,30,871.04,0
0,0,31,0,2295,39,157,16,2,1,1,25,811.53,0
4,1,39,0,1218,87,12,23,3,1,1,25,0.0,1
0,1,38,0,1069,2,0,5,2,1,2,30,96.845,1
11,0,40,1,6223,101,14,14,3,1,1,30,308.96,0
10,1,25,1,6123,33,3,9,4,1,2,45,0.0,1
0,1,39,0,3634,49,7,2,4,1,1,25,14.36,1
22,1,40,0,616,0,58,0,4,1,1,30,0.0,1
8,0,41,1,2153,39,18,13,4,1,1,45,99.8,0
3,1,30,0,2568,44,0,0,3,2,2,45,123.129,1
14,0,43,3,7103,83,125,43,2,1,1,25,885.87,0
0,0,42,0,4104,14,2,0,3,1,2,25,0.0,1
1,1,36,0,1889,1,33,0,3,1,1,30,38.573,1
4,0,36,0,13658,164,2,45,3,1,1,30,560.88,0
2,0,35,0,11160,148,4,45,3,1,1,30,468.32,0
6,0,9,0,8548,163,56,34,4,1,1,45,357.775,0
9,1,41,0,2050,52,55,26,4,1,2,45,190.05,0
34,0,39,0,0,48,4,3,2,1,2,45,38.385,1
5,0,35,0,2148,54,352,22,2,1,1,25,1683.09,0
5,0,39,0,1180,20,7,13,2,1,2,25,85.5,0
0,0,32,1,6595,97,39,24,5,1,1,55,158.88,0
0,1,22,0,3325,100,59,0,3,1,1,30,0.0,1
2,0,34,0,928,20,0,0,2,1,2,25,0.0,1
1,0,34,0,2475,47,168,21,2,1,1,25,869.49,0
14,1,33,1,0,69,27,3,3,1,2,45,97.559,1
2,0,29,0,6705,95,4,18,4,1,1,45,180.0,0
0,0,23,0,2730,54,0,18,3,1,1,30,111.36,0
0,1,28,0,1188,33,14,9,3,1,1,30,96.22,1
22,0,41,3,4790,99,47,30,3,1,1,30,383.56,0
12,0,41,3,4935,95,41,31,4,1,1,45,228.25,0
11,0,42,1,3040,63,190,29,2,1,1,25,994.635,0
0,0,42,0,2361,6,0,0,3,1,2,30,242.175,1
0,0,33,0,847,0,16,9,2,1,1,25,44.353,1
1,0,36,0,10755,143,0,47,3,1,1,30,435.92,0
3,0,38,1,688,10,14,6,4,1,1,45,52.45,1
30,0,29,0,2549,91,0,0,3,1,2,30,147.843,1
32,1,40,4,15635,232,70,37,3,1,1,30,914.68,0
0,0,33,0,2610,13,465,1,3,1,1,30,1964.92,0
13,0,36,1,5818,98,26,24,2,1,1,25,383.22,1
12,0,30,2,1933,48,42,72,5,1,1,55,92.715,0
0,0,36,0,2600,20,467,3,3,1,1,30,1972.8,0
3,0,30,0,155,18,19,29,2,1,2,25,228.389,1
2,0,36,0,739,0,0,0,3,1,2,30,0.0,1
1,0,38,0,202,0,25,0,3,1,1,25,0.0,1
19,0,31,7,10435,87,0,41,4,1,1,45,263.05,0
6,0,38,0,710,11,8,2,2,1,2,25,68.445,1
8,0,24,0,4363,17,1,20,3,1,2,45,132.357,1
0,0,36,0,5013,79,0,13,2,1,1,25,229.14,0
0,0,29,0,6420,88,2,18,4,1,1,45,167.7,0
13,0,36,0,1182,0,6,0,2,2,1,55,22.987,1
10,0,44,3,3480,35,500,14,4,1,1,45,1337.875,0
11,1,36,0,2458,45,43,34,3,1,2,30,272.12,1
0,0,34,0,3413,76,0,26,2,1,1,25,157.005,0
0,0,37,0,0,20,6,0,4,1,1,30,0.0,1
18,0,42,2,6078,108,41,30,2,1,1,25,462.87,0
4,0,28,0,3405,69,19,28,3,1,1,30,214.96,0
18,0,26,2,15590,224,0,73,2,1,1,25,711.63,0
13,0,38,1,3275,60,191,28,2,1,1,25,1009.575,0
1,1,39,0,2151,13,2,0,3,1,2,25,0.0,1
7,0,42,1,4470,87,10,29,3,1,1,30,222.28,0
16,0,32,0,2372,0,0,0,2,1,2,30,8.393,1
0,0,16,0,1580,21,30,15,2,1,1,25,207.045,0
4,0,37,0,1475,24,21,26,2,1,2,25,161.955,0
20,0,27,0,3610,92,48,0,3,1,1,30,0.0,1
28,1,35,0,1260,53,23,19,3,1,2,30,144.52,1
15,0,27,1,1530,38,26,15,2,1,1,25,187.56,0
8,1,11,2,1792,25,7,9,3,1,1,30,100.68,1
3,0,36,1,6528,75,133,39,2,1,1,25,895.635,0
0,0,32,0,575,23,14,1,2,1,2,30,0.0,1
3,0,36,0,3703,59,0,30,2,1,1,25,169.29,0
10,0,44,0,1096,10,30,4,2,1,2,30,313.291,1
10,0,38,1,343,32,2,4,2,1,2,25,174.852,1
24,1,38,2,3350,0,0,5,2,1,2,25,70.627,1
32,0,34,0,968,16,0,0,3,1,1,25,152.577,1
3,0,39,1,935,17,5,13,2,1,1,25,65.34,0
21,0,35,0,1265,41,32,15,3,1,2,30,180.24,0
6,0,38,1,1973,31,7,8,4,1,1,45,67.6,0
4,0,23,0,132,16,21,7,2,1,2,45,148.593,1
1,0,12,0,2031,26,5,0,2,1,2,25,0.443,1
6,1,34,0,2956,88,0,0,3,1,2,45,8.51,1
7,0,23,0,1873,39,29,69,4,1,1,45,120.3,0
0,0,29,0,10900,138,0,39,3,1,1,30,441.52,0
0,0,33,0,1908,44,0,26,1,1,1,15,107.36,0
2,1,26,0,1051,18,0,4,3,1,2,30,8.702,1
3,0,45,1,970,12,20,7,2,1,1,25,145.098,1
18,0,46,2,4935,87,27,25,3,1,1,30,308.88,0
2,0,31,0,1933,42,0,14,3,1,2,30,79.0,0
10,0,25,0,1225,32,19,13,2,1,1,25,142.065,0
9,0,37,0,15485,182,150,30,2,1,1,25,1380.015,0
0,1,40,0,629,0,34,3,3,1,2,30,47.452,1
3,1,8,0,1373,13,0,3,2,1,1,25,62.37,1
0,0,37,2,453,10,36,6,5,1,1,55,60.945,0
9,0,26,0,820,27,1,15,2,1,1,25,42.615,0
3,0,40,0,13548,165,3,46,3,1,1,30,560.52,0
1,0,39,0,346,74,12,0,3,1,2,25,0.0,1
3,1,30,1,2104,0,23,0,2,1,2,25,242.27,1
11,1,37,0,2234,32,4,11,3,1,2,30,75.501,1
9,0,30,2,1232,0,4,0,2,1,2,30,0.0,1
34,0,37,0,2373,39,6,2,2,1,1,30,140.135,1
8,1,34,1,3119,62,0,0,4,1,1,30,113.044,1
0,0,26,1,1125,36,218,13,2,2,1,25,1033.245,0
4,0,11,0,8568,162,61,36,4,1,1,45,370.75,0
5,0,43,2,51,53,0,0,3,1,2,45,54.549,1
5,0,40,0,305,6,7,2,2,1,2,25,45.495,0
1,0,28,0,3789,47,10,5,3,1,2,30,0.0,1
0,0,22,0,0,0,11,0,4,1,2,45,27.5,0
3,0,31,0,3893,54,0,32,1,1,1,15,217.085,0
0,0,32,0,3043,0,0,1,3,1,2,45,0.0,1
0,0,33,0,1488,17,0,1,3,1,1,30,60.2,0
29,0,40,0,487,91,8,0,4,1,1,30,0.0,1
10,0,42,0,1970,56,53,23,4,1,2,45,183.15,0
8,0,35,1,8810,115,137,41,3,1,1,30,905.0,0
8,0,15,3,4775,48,232,16,3,1,1,30,1120.92,0
10,0,37,1,13898,167,7,41,3,1,1,30,590.6,0
2,1,38,0,0,53,41,0,3,1,2,25,0.0,1
2,0,35,2,6795,90,200,39,3,1,1,30,1075.4,0
2,1,34,0,410,52,0,0,3,1,2,30,3.22,1
16,0,39,3,9175,124,149,45,3,1,1,30,967.96,0
0,0,34,0,1363,19,0,4,3,1,1,30,55.28,0
0,0,41,2,307,47,31,0,2,1,1,30,0.0,1
0,1,30,0,0,0,0,0,4,1,2,45,0.0,1
34,0,45,0,3998,46,0,15,3,1,2,45,150.268,1
0,0,40,0,433,11,39,8,3,1,2,30,173.76,0
34,0,23,0,1469,20,0,10,2,1,2,25,212.639,1
0,0,34,0,5703,58,76,35,2,1,1,25,601.245,0
4,0,36,0,1933,48,1,15,3,1,2,30,83.24,0
0,0,37,0,0,0,9,0,2,1,2,25,40.5,0
11,0,37,5,7385,128,310,39,3,2,1,30,1540.52,0
2,0,39,0,1988,53,0,35,2,1,1,25,91.845,0
24,1,45,0,983,56,202,0,3,1,2,25,125.865,1
6,0,35,0,2698,58,1,34,1,1,1,15,157.08,0
0,0,20,0,0,0,6,0,4,1,2,45,15.0,0
12,0,26,0,1233,10,0,6,2,2,2,30,38.847,1
0,0,36,0,0,0,0,0,2,1,2,25,0.0,0
7,0,35,2,7013,79,122,50,2,1,1,25,868.14,0
4,0,37,1,1242,21,35,15,2,1,2,25,56.525,1
15,0,38,1,16195,193,158,30,2,1,1,25,1448.46,0
31,1,37,2,1320,56,28,21,3,1,1,30,167.04,1
0,0,35,0,2080,10,451,6,3,1,1,30,1887.6,0
5,0,36,1,3963,85,7,28,3,1,1,30,189.92,0
0,0,28,0,825,0,28,0,3,1,1,30,39.752,1
0,0,33,0,1550,39,40,21,3,1,2,30,223.56,0
11,0,36,1,13998,173,7,42,3,1,1,30,594.84,0
26,0,38,9,10740,99,8,44,5,1,1,55,174.585,0
5,0,35,3,6560,111,253,35,2,2,1,25,1438.695,0
0,0,35,0,1223,37,0,15,3,1,2,30,50.4,0
3,0,36,0,5670,17,0,0,3,1,2,25,386.114,1
34,0,29,0,3256,8,36,6,2,1,2,30,84.138,1
0,0,3,0,4130,30,200,4,3,1,1,30,966.4,0
5,0,29,0,1551,10,105,0,2,1,2,25,0.0,1
0,0,35,0,0,0,0,0,2,1,2,25,0.0,0
16,0,26,0,650,35,1,14,2,1,2,25,35.325,1
24,1,38,9,10495,96,6,44,5,2,1,55,167.865,0
0,0,34,0,1553,20,2,7,3,1,1,30,70.92,0
0,0,32,0,6075,86,0,22,4,1,1,45,154.025,0
5,1,41,0,4409,0,0,0,3,1,1,30,84.61,1
29,0,45,0,396,93,7,6,4,1,1,30,0.0,1
4,0,35,0,15180,176,143,28,2,1,1,25,1334.52,0
21,1,40,0,550,31,29,7,4,1,1,25,0.0,1
6,0,45,2,462,29,0,3,3,1,2,25,1.867,1
1,1,36,0,6123,100,58,7,2,1,2,30,147.125,1
0,0,37,0,5208,84,0,12,2,1,1,25,238.14,0
11,0,39,0,1019,0,30,21,2,1,1,45,10.066,1
11,0,36,1,4740,87,7,23,3,1,1,30,221.08,0
20,0,26,0,0,0,13,0,2,1,2,30,66.621,1
0,0,30,0,0,0,0,0,2,1,2,25,0.0,1
27,1,34,3,16255,246,11,85,2,1,1,25,792.045,0
10,0,34,0,1390,26,43,11,4,1,2,45,142.9,0
20,0,38,0,1037,0,0,1,3,1,2,30,0.0,1
0,0,32,0,650,27,6,18,3,1,2,30,51.08,0
0,0,30,0,5770,80,0,20,4,1,1,45,146.25,0
1,1,42,2,3608,2,5,7,3,1,2,30,169.234,1
21,1,28,0,955,41,8,16,2,1,2,25,80.82,1
34,1,40,2,6123,11,0,0,2,1,2,45,0.0,1
0,0,36,1,338,4,4,2,5,1,1,55,11.13,0
11,0,37,3,7150,106,26,26,5,1,1,55,147.84,0
0,0,6,1,4210,32,204,5,3,1,1,30,985.68,0
13,0,39,2,7023,81,115,39,2,1,1,25,837.18,0
9,0,40,0,2223,48,42,35,3,1,2,30,258.84,1
0,0,36,0,0,0,0,0,3,1,2,30,0.0,1
4,1,42,0,1460,12,0,7,3,1,1,45,84.515,1
4,0,38,0,11340,156,15,50,3,1,1,30,519.84,0
1,1,39,0,768,0,8,3,2,1,2,30,257.823,1
3,0,41,0,433,10,5,3,3,1,2,30,37.72,0
4,0,41,0,2818,0,0,4,2,1,2,25,201.695,1
6,0,40,1,2508,63,0,32,2,1,1,25,115.695,0
4,0,37,0,655,22,20,0,2,1,1,25,118.79,1
34,0,45,0,1933,38,0,5,2,1,2,30,174.185,1
0,0,44,0,545,0,62,0,3,1,1,30,0.0,1
4,0,38,0,900,15,22,11,3,1,2,30,124.6,0
14,0,36,1,0,47,22,3,2,1,2,30,0.0,1
11,0,37,0,1824,0,51,0,3,1,2,25,397.735,1
2,1,39,0,2507,0,9,7,2,1,2,30,0.0,1
8,0,42,0,1969,0,4,0,5,1,2,45,0.0,1
0,0,30,1,1330,10,31,5,3,1,1,25,0.0,1
12,0,36,0,1727,3,5,10,3,1,2,25,0.0,1
9,0,33,0,1473,3,0,0,3,1,1,30,268.722,1
17,1,24,1,1520,6,7,21,4,1,2,25,188.365,1
16,0,13,1,9158,175,70,38,5,1,1,55,244.995,0
3,0,29,0,8550,105,122,35,3,1,1,30,834.2,0
0,0,42,0,413,4,31,0,3,1,2,25,0.0,1
33,0,34,1,754,0,45,10,4,1,2,30,96.465,1
17,0,33,0,1085,33,27,13,3,1,2,30,152.72,0
12,0,29,0,2539,20,13,0,2,1,1,25,0.0,1
8,0,40,0,4220,79,7,12,3,1,1,30,199.96,0
10,0,27,1,2278,50,38,68,4,1,1,45,153.2,0
9,0,8,1,1439,0,0,0,3,1,1,25,0.0,1
9,1,36,0,5218,88,5,9,2,1,1,25,261.27,1
8,0,20,3,2808,49,39,23,3,1,1,30,270.28,0
34,0,43,0,0,0,13,7,2,1,2,30,195.12,1
3,0,30,1,2281,44,5,0,3,1,1,25,210.271,1
3,0,13,0,8028,155,45,23,4,1,1,45,317.075,0
13,0,12,3,5405,57,230,12,3,1,1,30,1138.48,0
0,0,27,0,3959,57,3,0,2,1,2,30,7.035,1
0,0,37,0,0,0,0,0,2,1,2,25,0.0,0
16,0,30,7,10175,83,0,36,4,1,1,45,256.45,0
10,0,25,0,995,29,24,20,2,1,2,25,154.08,0
12,0,40,0,2633,68,370,29,3,1,1,30,1588.04,0
16,0,44,2,15790,194,165,33,3,1,1,30,1299.36,0
14,0,31,7,9950,79,0,35,4,1,1,45,250.725,0
5,0,38,1,3778,85,7,30,3,1,1,30,182.52,0
2,0,37,1,6123,59,6,7,3,1,2,30,0.0,1
5,0,37,1,40,21,16,0,4,1,1,55,0.0,1
2,0,35,0,0,16,2,28,2,1,2,30,54.599,1
16,0,33,1,6123,98,25,25,2,1,1,25,392.445,1
34,0,42,0,4200,0,2,0,3,1,1,25,11.358,1
21,0,19,2,6698,147,92,44,2,2,1,25,722.025,0
0,1,34,0,1363,28,6,14,3,1,2,30,79.64,1
0,1,32,0,0,0,0,0,3,1,2,30,0.0,1
1,0,34,0,842,2,3,12,3,1,2,25,0.0,1
5,0,33,1,2965,20,7,11,3,1,1,30,147.4,0
1,0,35,0,2590,53,200,25,2,1,1,25,1018.935,0
0,0,33,0,1605,41,33,18,3,1,2,30,197.84,0
0,1,9,0,888,9,0,3,3,1,1,30,35.88,1
4,0,33,0,3535,31,17,0,2,1,1,30,0.0,1
8,0,34,3,7155,117,280,36,2,2,1,25,1587.24,0
15,0,40,1,4865,78,21,22,3,1,1,30,281.72,0
4,0,42,2,948,58,35,16,2,1,2,45,104.247,1
7,1,31,3,1105,93,10,0,3,1,2,30,0.0,1
6,0,16,3,2608,42,29,19,3,1,1,30,222.0,0
27,0,20,3,7407,158,100,44,2,2,1,25,790.425,0
0,0,40,0,2168,54,5,35,1,1,1,15,149.71,0
8,0,40,1,2617,12,0,1,4,1,2,45,28.242,1
10,1,42,0,2195,33,4,0,3,1,2,25,0.968,1
10,0,34,0,3395,46,10,14,3,1,2,30,177.64,1
5,0,38,0,13528,166,0,44,3,1,1,30,547.76,0
25,0,36,10,11035,103,22,57,5,2,1,55,200.07,0
18,1,45,0,1341,15,0,28,3,1,1,30,0.0,1
6,0,35,0,4190,63,0,12,3,1,1,30,170.12,0
1,0,40,0,1623,29,8,10,3,1,1,30,98.08,0
2,0,38,0,5318,85,0,15,2,1,1,25,243.135,0
12,0,19,1,6168,137,88,44,1,2,1,15,830.775,0
5,0,38,1,2638,61,7,33,2,1,1,25,152.955,0
6,0,38,0,5918,95,7,12,3,1,1,30,268.52,0
12,1,11,4,2393,35,28,24,3,1,1,30,209.12,1
11,0,38,1,3085,59,182,25,2,1,1,25,960.48,0
16,0,40,2,4080,88,39,30,3,1,1,30,322.72,0
5,0,38,0,933,13,16,6,4,1,2,45,63.65,1
7,0,35,0,5108,87,1,24,2,1,1,25,238.275,1
15,0,36,1,4000,86,29,26,3,1,1,30,279.44,0
5,0,41,0,4065,71,6,16,3,1,1,30,189.44,0
0,0,28,0,0,55,14,0,4,1,2,45,0.0,1
16,0,38,0,2439,0,38,0,3,1,2,30,0.0,1
1,0,27,0,2045,0,7,3,2,2,2,30,2.616,1
28,0,32,1,1972,0,1,0,3,1,1,30,29.646,1
0,0,35,0,6603,111,356,26,2,1,1,25,1904.13,0
5,0,39,0,1048,19,48,10,4,1,2,45,146.675,1
3,0,27,0,1163,34,12,70,4,1,1,45,59.925,0
21,1,36,0,1982,39,0,1,3,1,1,45,40.612,1
3,1,37,0,3763,38,46,13,3,1,2,30,35.258,1
0,0,23,0,3165,58,3,21,3,1,1,30,140.92,0
28,0,19,0,1001,15,0,0,3,1,2,25,32.347,1
20,0,40,2,16500,199,165,32,2,1,1,25,1493.955,0
4,0,38,1,1728,28,5,8,4,1,1,45,56.4,0
0,0,37,0,258,2,2,2,2,1,2,25,20.7,0
0,0,36,0,2055,33,278,16,3,1,1,30,1195.52,0
6,0,25,2,3825,71,29,38,3,1,1,30,271.84,0
15,1,36,2,1820,0,19,22,2,1,2,25,21.7,1
10,0,25,0,1225,32,19,13,2,1,1,25,142.065,0
34,1,43,0,4414,24,14,0,2,1,2,30,244.352,1
7,0,35,1,7733,131,381,41,3,1,1,30,1838.56,0
18,0,40,0,3143,70,36,34,3,1,2,30,272.52,0
2,0,34,0,2313,0,12,0,3,1,2,25,0.0,1
1,1,29,2,0,23,8,3,3,1,1,25,53.366,1
6,1,33,0,2278,24,12,0,2,1,2,45,0.0,1
8,0,42,1,13853,171,10,48,3,1,1,30,600.96,0
7,0,27,1,3530,67,15,25,3,1,1,30,203.88,0
5,0,28,0,1130,16,28,5,4,1,2,45,98.65,0
0,0,39,0,1649,0,11,0,4,1,2,45,3.025,1
0,0,40,0,2135,35,288,20,3,1,1,30,1238.8,0
10,0,42,0,2318,56,18,21,3,1,2,30,166.96,0
0,1,30,2,3937,15,68,10,2,2,2,25,0.0,1
2,0,35,0,4095,71,0,19,3,1,1,30,166.64,0
28,1,36,0,1188,0,11,10,3,1,1,25,0.0,1
26,1,32,1,278,0,10,0,2,2,1,30,0.0,1
0,1,32,0,3282,55,72,0,2,1,1,25,0.0,1
0,0,36,0,12868,153,0,27,3,1,1,30,520.84,0
29,1,37,3,898,100,30,0,2,1,2,30,8.224,1
4,0,31,0,3145,22,0,15,3,1,1,30,126.68,0
4,0,27,1,1683,45,62,72,5,1,1,55,118.92,0
34,1,39,0,452,8,60,8,2,1,1,25,0.0,1
9,0,32,2,3530,73,23,26,4,1,1,45,147.575,0
0,0,36,0,2615,18,3,16,3,1,1,30,117.32,0
11,0,36,2,6843,73,104,34,2,1,1,25,779.22,0
34,0,45,0,3372,11,2,11,2,2,2,30,182.646,1
6,0,41,0,1933,54,9,16,3,1,2,30,115.48,0
3,1,31,0,2530,23,30,11,2,1,2,45,0.0,1
0,0,35,0,570,8,0,9,2,1,2,25,26.01,0
5,1,32,0,5453,89,14,20,2,1,1,25,312.39,1
0,0,36,0,7318,127,409,45,3,1,1,30,1933.8,0
3,0,27,1,885,15,0,1,3,1,1,25,77.758,1
21,0,17,3,9838,187,101,57,5,1,1,55,301.875,0
26,0,3,0,281,2,0,0,4,1,2,30,0.0,1
4,0,31,3,6785,108,260,28,2,2,1,25,1480.185,0
0,0,38,0,491,5,0,0,3,1,2,25,35.366,1
0,0,45,1,1057,4,10,0,3,1,2,30,0.0,1
20,1,38,0,4005,58,24,18,3,1,2,30,258.52,1
5,0,45,0,143,6,4,0,3,1,1,25,0.0,1
0,0,37,0,223,2,0,6,4,1,2,45,5.625,1
10,0,33,6,9420,76,0,40,4,1,1,45,237.4,0
0,0,33,0,0,0,0,0,4,1,1,45,0.0,0
6,0,38,3,6920,120,279,37,2,2,1,25,1572.3,0
27,1,36,0,757,7,10,0,3,1,2,45,76.278,1
4,0,43,0,2950,11,0,19,3,1,1,30,179.182,1
1,1,45,0,1763,18,0,0,2,1,2,30,0.0,1
5,0,26,1,1720,41,194,9,2,2,1,25,952.245,0
0,0,36,0,685,14,25,13,2,1,2,25,143.955,0
9,0,20,1,2190,33,44,19,3,1,1,30,264.92,0
7,0,34,1,13818,165,7,40,3,1,1,30,587.32,0
8,0,36,2,8925,121,169,45,3,1,1,30,1037.84,0
14,0,38,0,3234,2,12,0,2,1,2,55,97.424,1
7,0,39,2,4630,89,34,29,3,1,1,30,324.76,0
7,1,36,0,559,0,10,7,5,1,2,45,124.379,1
4,0,38,0,2360,39,285,18,3,1,1,30,1235.96,0
0,0,37,0,1440,40,41,22,3,1,2,30,223.2,0
3,0,36,0,1780,50,70,24,4,1,2,45,220.75,0
3,0,32,2,6850,111,273,34,2,2,1,25,1541.745,0
0,0,37,0,1650,28,260,18,3,1,1,30,1107.12,0
3,1,37,0,666,37,0,5,3,1,2,25,109.548,1
6,0,34,1,6805,86,185,27,3,1,1,30,1015.64,0
23,0,19,2,6887,148,101,47,2,2,1,25,771.075,0
13,0,25,0,6123,51,6,16,3,1,2,55,0.0,1
6,1,31,0,5333,84,8,17,2,1,1,25,279.765,1
11,1,26,4,22,42,26,2,2,1,2,25,39.19,1
13,0,18,4,3157,51,38,21,3,1,1,30,280.32,0
0,0,30,1,3134,0,17,23,4,1,2,30,110.84,1
11,0,39,2,2030,53,50,24,4,1,1,45,177.075,0
4,0,26,0,0,0,12,2,2,1,2,25,48.936,1
3,0,28,0,5253,82,4,16,2,1,1,25,258.075,1
0,1,9,0,2131,78,21,0,4,1,1,30,0.0,1
16,0,44,2,4035,92,47,34,3,1,1,30,353.08,0
17,0,16,1,6797,146,86,40,1,2,1,15,854.865,0
9,0,39,0,1780,30,28,28,2,1,2,25,207.45,0
0,0,38,0,128,5,32,6,3,1,2,30,133.32,0
1,0,38,0,2995,12,21,0,4,1,2,30,175.094,1
3,0,41,0,827,23,43,4,2,1,2,45,152.541,1
24,0,43,0,3393,25,0,14,2,1,2,30,32.646,1
3,1,34,0,2280,30,0,16,2,1,2,25,103.95,1
5,0,27,0,1015,10,7,2,4,1,2,45,43.125,0
30,0,33,4,16380,244,7,82,2,2,1,25,779.58,0
1,0,11,2,2368,31,13,12,3,1,1,30,147.96,0
1,0,35,1,743,9,5,1,5,1,1,55,18.78,0
2,0,40,0,1055,22,11,16,2,1,2,25,97.965,0
3,1,27,1,584,0,8,7,2,1,2,30,0.0,1
0,1,36,0,3551,1,68,0,2,1,2,30,0.0,1
3,0,38,2,453,9,2,1,5,1,1,55,9.93,0
0,0,35,0,760,9,2,12,2,1,2,25,43.605,0
13,0,18,4,3157,51,38,21,3,1,1,30,280.32,0
15,0,31,1,1485,42,34,19,2,1,1,25,221.715,0
0,0,35,0,1666,83,8,2,3,1,1,25,0.0,1
14,0,27,0,980,0,0,40,3,1,1,30,269.088,1
0,0,33,0,710,8,5,7,2,1,2,25,54.81,0
0,0,34,0,1475,44,63,22,3,1,2,30,312.76,0
16,0,44,1,0,27,6,0,3,1,2,25,55.846,1
0,1,25,3,428,20,19,5,2,1,1,30,0.0,1
6,0,35,1,8620,114,128,38,3,1,1,30,861.36,0
23,1,26,0,2592,0,6,0,2,1,2,30,37.323,1
13,0,38,3,9230,127,176,47,3,1,1,30,1078.28,0
10,0,34,1,3005,57,172,21,2,1,1,25,911.79,0
2,0,33,0,1753,40,0,10,3,1,2,30,71.72,0
5,0,19,0,965,22,4,7,2,1,1,25,62.415,0
18,0,20,1,6573,149,96,47,2,2,1,25,734.49,0
14,0,45,3,4820,95,17,28,4,1,1,45,165.375,0
8,0,40,2,7928,139,423,49,3,1,1,30,2014.68,0
2,0,43,0,1196,24,0,46,2,1,2,25,116.44,1
28,0,38,9,10930,100,17,47,5,1,1,55,190.95,0
2,1,40,0,5856,27,25,4,3,1,2,25,0.0,1
1,0,41,0,0,5,3,0,2,1,1,25,0.0,1
18,0,38,2,6123,104,33,26,2,1,1,25,428.715,0
7,1,32,2,952,89,41,0,2,1,1,30,0.0,1
0,0,36,0,2790,21,476,6,3,1,1,30,2016.44,0
9,0,39,0,3793,61,0,37,1,1,1,15,211.97,0
17,0,39,4,7623,91,136,54,2,2,1,25,959.13,0
0,0,39,0,318,5,7,4,2,1,2,25,46.035,0
2,0,28,0,2579,0,33,0,3,1,2,30,0.0,1
11,0,40,1,6223,101,14,14,3,1,1,30,308.96,0
14,0,43,1,14258,183,18,51,3,1,1,30,649.64,0
16,1,43,1,4056,69,27,0,5,1,2,25,0.0,1
7,0,35,0,2338,55,361,25,2,1,1,25,1732.185,0
8,0,17,4,2968,51,63,23,3,2,1,30,372.76,0
0,0,3,0,0,8,7,0,4,1,1,25,0.0,1
0,0,26,0,825,10,21,3,4,1,2,45,73.375,1
0,0,32,0,325,6,0,2,2,1,2,25,14.895,0
0,0,45,0,524,54,14,1,3,1,2,25,0.0,1
19,0,37,2,6528,109,34,24,2,1,1,25,451.665,0
4,1,30,0,2162,0,5,0,3,1,1,45,164.559,1
5,0,37,0,305,6,7,2,3,1,2,30,40.44,0
17,0,44,2,2758,72,374,27,3,1,1,30,1609.2,0
2,1,43,1,3371,3,70,0,3,1,2,30,93.123,1
1,1,39,0,4221,61,1,0,2,1,1,25,160.878,1
0,0,9,0,3790,30,194,23,3,1,1,30,928.8,0
18,0,43,0,280,82,5,7,3,1,2,45,110.268,1
9,0,43,2,4023,94,17,31,3,1,1,30,232.68,0
7,1,33,0,2088,36,23,26,3,1,2,30,176.96,1
1,1,36,0,4408,69,9,2,2,1,2,45,49.053,1
2,1,28,3,929,0,39,5,3,1,2,25,0.0,1
13,0,35,1,15710,186,147,28,2,1,1,25,1376.82,0
1,0,31,0,4376,38,1,8,3,1,1,25,0.0,1
2,0,11,0,743,19,10,0,3,1,2,30,0.0,1
7,0,38,2,11580,160,43,51,4,1,1,45,401.0,0
2,1,44,0,3728,75,22,5,4,1,2,25,110.508,1
0,0,7,0,3895,33,199,5,3,1,1,30,953.12,0
0,0,27,0,579,23,2,15,5,1,2,25,0.0,1
0,0,34,0,0,0,0,0,4,1,2,45,0.0,1
0,0,36,0,1455,23,257,1,3,1,1,30,1087.12,0
0,1,30,0,1173,21,8,10,2,1,2,45,0.0,1
9,0,15,3,3257,50,32,17,3,1,1,30,260.28,0
3,0,32,0,934,0,68,0,3,1,2,30,59.135,1
14,0,31,0,1083,0,6,0,3,1,2,25,133.345,1
0,0,34,0,3658,79,0,26,2,1,1,25,168.165,0
2,0,36,0,2934,0,0,0,2,1,1,30,0.0,1
8,0,36,1,2585,43,282,16,3,1,1,30,1233.12,0
0,0,34,0,6080,74,147,20,3,1,1,30,834.16,0
3,1,28,0,1539,57,29,0,4,1,2,25,2.975,1
15,0,23,5,3157,57,46,22,4,1,1,45,195.35,0
8,0,45,0,3878,50,28,0,3,1,2,30,0.0,1
2,1,32,0,1188,13,0,10,2,1,2,55,137.952,1
0,0,36,0,0,0,0,0,3,1,1,30,0.0,1
27,1,13,0,2661,27,46,0,2,1,2,30,106.279,1
15,1,33,0,15,8,53,0,2,1,2,30,169.342,1
12,1,37,0,2570,60,66,37,4,1,2,45,230.75,1
1,0,44,0,638,0,175,0,4,1,2,30,0.0,1
19,0,20,1,9418,185,91,47,5,1,1,55,280.545,0
0,0,24,0,1263,33,23,66,4,1,1,45,89.9,0
5,1,29,0,358,48,32,2,3,1,2,25,0.0,1
12,0,39,0,1844,62,0,1,2,1,2,45,186.359,1
0,0,33,0,1170,37,22,15,3,1,2,30,136.28,0
34,0,35,0,1680,1,9,4,2,2,2,30,125.288,1
14,0,40,1,14268,176,16,49,3,1,1,30,641.76,0
6,0,34,1,3943,86,7,26,3,1,1,30,189.16,0
21,0,31,1,15475,228,0,65,2,1,1,25,706.635,0
9,0,42,0,2652,0,0,2,2,1,2,45,141.13,1
6,0,39,0,2113,56,12,20,3,1,2,30,134.76,0
21,0,39,0,1015,9,36,0,3,1,2,25,351.764,1
8,0,40,0,13478,165,7,31,3,1,1,30,573.72,0
0,0,33,0,1360,38,31,18,3,1,2,30,179.92,0
0,1,45,0,5723,55,8,12,3,2,2,25,0.0,1
0,0,37,0,0,0,0,0,2,1,2,25,0.0,0
3,1,3,0,2900,4,0,8,3,1,2,25,0.0,1
1,0,32,2,6660,110,264,31,2,2,1,25,1492.65,0
0,0,31,0,6480,91,7,20,4,1,1,45,181.775,0
6,1,8,2,1613,17,7,4,3,1,1,30,93.2,1
27,0,38,0,1973,16,0,9,3,1,2,45,11.467,1
3,0,38,0,3915,73,0,10,3,1,1,30,159.52,0
26,0,28,0,3300,0,1,9,2,1,1,30,0.0,1
4,0,36,1,2955,27,0,13,3,1,1,30,119.28,0
34,1,38,4,0,36,33,0,2,1,2,25,0.0,1
7,0,43,3,643,16,19,5,5,1,1,55,38.385,0
22,0,34,0,550,42,0,19,3,1,2,30,23.68,1
11,0,34,1,7023,75,107,38,2,1,1,25,800.91,0
10,0,15,0,8688,168,71,40,4,1,1,45,398.9,0
16,1,43,0,2573,56,49,34,4,1,2,45,188.225,1
1,0,17,2,1143,12,18,4,2,1,1,45,32.139,1
0,0,18,0,1505,25,19,11,2,1,1,25,154.35,0
5,0,32,4,7260,120,285,46,2,2,1,25,1614.6,0
5,0,37,0,4008,66,26,37,1,1,1,15,367.07,0
15,0,25,0,925,29,7,5,3,1,2,30,66.16,0
34,0,35,0,588,32,0,1,2,1,2,30,131.542,1
12,0,40,1,2298,57,13,19,3,1,1,30,146.2,0
6,1,32,0,2779,6,0,0,3,1,2,30,0.0,1
18,1,44,0,334,22,26,35,3,1,1,30,19.719,1
14,0,38,2,7428,86,116,37,2,1,1,25,860.13,0
16,0,17,1,6392,141,85,42,2,2,1,25,676.485,0
9,0,36,1,7123,80,109,35,2,1,1,25,814.635,0
1,0,24,2,4933,13,0,0,3,1,2,25,1.617,1
5,0,21,1,3270,57,7,19,3,1,1,30,161.08,0
3,0,33,0,1789,10,40,1,5,1,2,30,4.429,1
0,0,9,1,4145,37,213,10,3,1,1,30,1019.28,0
8,0,38,0,4370,71,5,17,3,1,1,30,197.64,0
15,0,41,3,11830,163,23,51,4,1,1,45,357.325,0
0,0,35,0,7448,124,379,41,2,1,1,25,2046.24,0
4,0,35,0,2078,44,59,33,3,1,2,30,320.88,1
0,0,36,0,343,44,0,13,4,1,2,45,10.533,1
1,0,30,0,2025,0,0,0,3,1,2,45,0.0,1
4,0,37,0,600,10,21,15,2,1,2,25,121.95,1
14,0,35,1,14125,208,22,30,2,1,1,25,743.985,0
3,1,24,0,1063,3,50,1,5,1,2,45,55.635,1
8,0,40,3,6920,98,225,32,4,1,1,45,737.95,0
3,0,37,0,7508,127,384,43,2,1,1,25,2071.575,0
3,0,9,1,1487,19,0,7,3,1,1,30,60.24,1
19,0,33,0,355,37,0,2,2,1,2,25,17.64,1
3,0,36,0,595,0,1,0,2,1,1,25,0.0,1
12,0,40,1,14078,175,7,46,3,1,1,30,598.12,0
2,1,35,0,813,21,1,7,4,1,2,55,0.0,1
2,0,38,0,571,0,2,0,4,1,1,25,87.335,1
0,0,33,0,0,0,0,0,2,1,2,25,0.0,0
3,1,37,0,1035,0,25,0,3,1,2,30,189.843,1
1,0,45,0,1468,84,13,0,2,1,2,25,0.0,1
4,0,29,0,408,18,10,26,5,1,1,25,100.292,1
11,0,38,3,5115,93,23,40,3,1,1,30,300.32,0
10,0,39,0,15190,178,136,17,2,1,1,25,1303.56,0
4,1,45,0,6123,0,7,6,2,1,2,25,26.281,1
1,0,12,0,7917,154,41,38,4,1,1,45,304.275,0
2,1,38,0,2512,16,1,6,2,1,2,45,110.541,1
0,0,31,0,1668,19,0,5,3,1,1,30,67.48,0
5,0,36,0,4310,68,0,15,2,1,1,25,197.01,0
1,0,30,1,1010,36,194,10,2,2,1,25,920.07,0
3,0,38,0,791,16,76,0,3,1,1,30,0.0,1
9,1,39,0,3644,15,9,0,3,1,1,45,0.0,1
34,1,39,0,3587,0,8,0,3,1,2,25,11.418,1
0,0,35,2,559,93,14,0,3,1,2,45,228.65,1
7,1,40,0,2028,16,8,0,3,1,2,30,0.0,1
1,0,32,0,3638,80,0,24,2,1,1,25,167.31,0
0,0,7,0,1182,13,0,5,2,1,1,25,53.775,1
3,0,39,1,982,0,1,7,2,1,1,25,0.0,1
19,1,36,0,3531,0,14,3,2,1,2,25,0.0,1
10,0,38,2,7270,111,32,29,5,1,1,55,158.715,0
8,0,39,1,7813,133,391,45,3,1,1,30,1881.84,0
12,0,36,0,1477,50,0,0,4,1,2,30,18.144,1
9,0,43,2,4515,89,10,26,3,1,1,30,224.16,0
28,0,35,3,15445,225,53,33,3,1,1,30,838.8,0
6,0,34,3,6965,116,271,33,2,2,1,25,1538.145,0
6,0,37,2,1048,15,12,2,5,1,1,55,33.945,0
2,1,32,0,1814,54,3,3,4,1,2,30,0.0,1
30,1,40,0,1260,59,31,20,3,1,2,30,176.76,1
0,0,32,0,1588,23,0,2,3,1,1,30,64.44,0
6,0,36,1,3145,28,7,16,3,1,1,30,154.92,0
25,0,32,4,16190,244,32,84,2,2,1,25,883.53,0
8,0,22,0,1045,24,8,8,2,1,1,25,84.105,0
25,1,30,0,6123,45,8,0,3,1,2,30,58.803,1
8,0,36,1,11870,159,12,45,3,1,1,30,529.16,0
15,0,38,3,4375,92,53,43,3,1,1,30,390.68,0
30,0,35,0,153,0,1,4,3,1,2,25,12.117,1
11,0,36,4,7270,122,278,35,3,2,1,30,1407.68,0
0,0,19,0,1570,28,32,17,2,1,1,25,215.91,0
2,0,24,0,3110,55,0,19,3,1,1,30,126.6,0
0,0,37,0,875,14,0,11,2,1,2,25,40.005,0
2,1,36,0,703,3,48,16,2,1,1,25,7.78,1
0,0,12,0,1310,18,11,8,2,1,1,25,109.26,0
9,1,32,1,400,8,39,0,4,1,1,25,0.0,1
14,0,38,0,5523,94,12,11,2,1,1,25,306.765,1
5,0,25,0,1973,44,31,66,4,1,1,45,127.925,0
0,0,36,1,6310,86,211,28,3,1,1,30,1099.84,0
22,1,41,0,3916,20,45,8,4,1,2,45,0.0,1
17,1,29,1,1680,0,0,3,3,1,2,45,0.0,1
1,0,36,0,2980,22,485,9,3,1,1,30,2060.08,0
8,0,33,0,835,5,21,0,3,2,1,25,225.535,1
1,1,34,0,2765,5,50,0,2,1,1,30,142.13,1
12,1,35,4,7675,127,279,33,3,2,1,30,1428.08,0
11,0,42,0,1333,22,22,6,3,1,2,30,142.2,0
0,0,3,0,0,0,0,0,2,1,1,25,0.0,1
3,1,40,0,4249,6,2,16,3,1,2,25,40.64,1
12,1,38,0,1532,25,31,8,3,1,2,45,29.712,1
14,1,33,0,588,0,0,17,2,1,2,25,119.631,1
9,0,37,0,2843,39,4,2,3,1,2,30,0.0,1
34,1,35,0,4494,55,0,0,2,1,2,30,0.0,1
17,0,32,0,245,36,0,17,2,1,2,25,12.645,1
16,0,45,0,2543,66,23,20,4,1,2,45,122.725,0
2,0,37,0,737,69,13,0,3,1,2,45,0.0,1
2,1,34,0,3280,35,0,2,2,1,2,30,94.665,1
4,0,39,0,1161,1,0,0,4,1,2,25,51.354,1
4,0,44,1,2600,100,6,1,3,1,2,25,135.025,1
2,0,37,0,1846,0,34,0,5,1,1,25,114.275,1
0,0,23,0,1148,27,0,62,4,1,1,45,29.375,0
17,0,32,0,2332,30,6,0,3,1,1,55,14.666,1
34,0,39,0,1874,39,0,5,4,1,2,55,285.929,1
9,0,28,1,1873,45,37,70,5,1,1,55,84.27,0
4,0,34,0,4913,82,0,7,2,1,1,25,224.775,1
2,0,28,0,2685,29,0,13,2,1,2,25,122.13,1
3,1,37,0,2454,34,30,10,3,1,2,25,57.403,1
0,0,34,0,0,0,0,0,3,1,2,30,0.0,1
7,0,28,1,1628,42,35,70,4,1,1,45,129.25,0
8,1,34,0,5513,92,19,22,2,1,1,25,337.725,1
7,0,25,1,1693,37,26,65,5,1,1,55,64.95,0
5,0,32,0,1085,20,36,9,4,1,2,45,117.625,0
0,1,6,0,2787,0,28,4,2,1,2,30,19.018,1
3,1,37,3,1008,16,0,2,4,1,2,25,93.193,1
11,1,45,1,772,0,0,3,2,1,2,25,233.363,1
2,1,36,0,3834,8,0,15,2,1,1,30,160.821,1
0,0,37,0,520,14,38,10,3,1,2,30,173.36,0
14,0,42,2,11950,168,29,54,4,1,1,45,375.45,0
1,0,36,0,3035,24,478,6,3,1,1,30,2034.36,0
0,0,25,0,0,23,4,7,3,1,1,30,6.732,1
3,0,42,0,2317,0,19,34,3,1,2,25,0.0,1
0,0,33,0,0,0,0,0,3,1,2,30,0.0,1
3,0,45,0,3282,16,0,6,2,1,2,30,64.295,1
15,0,36,6,7870,132,299,50,3,2,1,30,1516.08,0
2,1,15,0,570,12,10,3,2,1,2,25,116.098,1
24,1,37,0,1035,49,26,21,3,1,2,30,147.36,1
7,0,37,1,2485,37,281,15,3,1,1,30,1224.88,0
5,1,37,0,264,22,1,0,5,1,1,25,51.414,1
3,1,28,0,1255,21,1,20,3,1,2,25,0.0,1
3,0,39,0,898,91,6,7,4,1,2,25,0.0,1
24,0,36,4,15435,229,68,45,3,2,1,30,898.56,0
2,0,34,1,6365,106,250,18,2,2,1,25,1416.195,0
22,1,35,0,415,100,0,5,3,1,2,55,23.447,1
0,0,42,0,2344,0,51,23,3,1,2,25,0.0,1
3,0,28,0,2697,4,18,0,2,1,2,25,0.0,1
13,1,14,0,2147,0,5,0,3,1,1,25,224.142,1
0,0,35,1,3105,0,11,0,2,1,2,25,0.0,1
3,0,18,0,920,20,4,10,1,1,1,15,73.7,0
8,0,30,2,1190,19,33,7,4,1,1,45,112.725,0
9,1,31,0,3558,37,80,5,4,1,2,55,96.369,1
3,0,33,0,3713,52,0,28,1,1,1,15,207.075,0
0,1,37,0,20,17,47,20,4,1,2,25,36.239,1
14,0,35,1,2678,64,356,22,3,1,1,30,1533.68,0
0,0,34,0,1173,18,0,1,3,1,1,30,47.64,0
10,1,40,0,2348,46,44,35,3,1,2,30,271.76,1
2,0,10,1,2468,37,14,13,3,1,1,30,156.2,0
3,0,37,0,3020,30,11,19,3,1,1,30,166.0,0
18,0,21,2,9318,179,90,46,5,1,1,55,277.455,0
22,0,36,2,15025,220,56,33,3,1,1,30,833.8,0
7,0,28,0,1320,17,37,8,4,1,2,45,125.925,0
0,0,22,0,0,0,9,0,4,1,2,45,22.5,0
2,0,43,0,1878,42,4,0,3,1,1,25,101.078,1
0,0,29,0,3840,26,41,0,4,1,2,25,0.0,1
10,0,35,1,9055,118,139,41,3,1,1,30,922.92,0
6,0,38,1,11060,149,0,49,4,1,1,45,280.225,0
15,1,4,0,6123,47,0,2,3,1,2,25,26.745,1
9,0,42,2,11465,160,19,48,4,1,1,45,338.125,0
7,0,32,0,1714,100,153,0,3,1,1,30,0.0,1
3,0,39,0,990,19,0,10,2,1,2,25,45.405,0
21,1,37,0,2475,1,3,25,2,1,2,45,121.597,1
25,0,39,4,15255,231,86,36,3,1,1,30,963.44,0
2,0,45,0,3734,95,11,0,3,1,2,25,85.34,1
0,0,37,1,242,0,41,0,3,1,2,25,25.987,1
29,0,35,0,1068,21,7,8,2,1,1,45,71.972,1
0,0,35,0,570,8,0,9,2,1,2,25,26.01,0
2,1,42,1,3498,1,10,16,4,1,2,25,105.292,1
6,0,32,0,1137,17,2,13,2,1,1,25,0.0,1
2,0,31,0,1750,7,188,0,2,1,2,25,0.0,1
23,0,38,3,14895,222,52,32,3,1,1,30,812.68,0
9,0,37,1,11655,155,20,50,4,1,1,45,345.25,0
2,0,42,0,875,20,8,12,2,1,2,25,76.275,0
5,0,31,2,1395,38,203,15,2,2,1,25,977.985,0
2,0,26,0,1378,38,21,65,4,1,1,45,87.9,0
6,0,16,3,2662,44,22,16,3,1,1,30,196.24,0
0,0,32,0,1303,16,0,2,3,1,1,30,52.76,0
0,0,31,0,5613,83,0,9,2,1,1,25,256.32,0
7,0,20,1,2000,32,35,16,3,1,1,30,221.28,0
7,1,40,0,211,0,4,0,3,1,2,45,154.415,1
12,1,40,0,2511,28,36,10,4,1,1,25,0.0,1
9,0,33,2,1575,46,208,17,3,2,1,30,896.84,0
5,0,39,0,305,6,7,2,2,1,2,25,45.495,1
6,1,45,2,586,0,57,0,2,1,1,25,54.376,1
5,0,32,1,3065,26,7,12,3,1,1,30,151.64,0
3,0,36,1,2655,43,299,31,3,1,1,30,1303.92,0
6,0,40,1,3100,32,15,20,3,1,1,30,185.28,0
13,1,36,0,1426,0,10,0,2,1,2,45,0.419,1
30,1,38,0,214,2,20,0,3,1,2,25,122.469,1
19,0,46,0,2803,70,30,25,4,1,2,45,146.825,0
9,1,36,0,2268,44,34,31,3,1,2,30,228.48,1
9,0,27,0,510,24,1,4,2,1,2,25,28.53,0
0,0,36,1,6480,97,15,21,5,1,1,55,121.155,0
4,0,38,0,1174,0,0,26,3,1,1,25,88.727,1
28,1,34,0,1145,47,7,15,2,1,2,25,85.14,1
2,0,32,1,919,15,21,25,2,1,1,30,68.466,1
5,0,32,0,3390,74,15,22,2,1,1,25,223.38,0
33,0,35,5,16440,247,12,84,2,2,1,25,804.915,0
34,0,42,0,3068,0,5,6,3,1,2,45,91.569,1
26,0,29,0,2639,0,9,0,2,1,2,30,0.603,1
7,0,37,0,15295,181,141,27,2,1,1,25,1330.92,0
19,0,40,0,2709,3,8,8,3,1,1,25,0.0,1
0,1,38,0,2196,0,0,0,2,1,2,30,0.0,1
5,0,33,1,6545,82,178,22,3,1,1,30,977.08,0
13,0,33,2,3413,49,0,15,3,1,2,30,64.0,1
2,1,44,0,4226,0,0,0,4,1,2,30,0.0,1
34,0,31,0,4422,4,26,0,3,1,2,30,83.236,1
14,0,39,1,15790,188,157,32,2,1,1,25,1425.51,0
0,1,36,0,847,0,0,22,2,1,1,25,0.0,1
10,0,39,1,3070,50,293,18,3,1,1,30,1296.8,0
0,0,18,1,2484,0,8,0,3,1,2,30,0.0,1
21,0,46,3,4340,98,54,36,3,1,1,30,393.52,0
0,0,30,0,3333,74,0,22,2,1,1,25,153.315,0
8,0,38,0,4370,71,5,17,3,1,1,30,197.64,0
4,0,28,0,2111,30,57,7,3,1,2,45,119.458,1
11,0,31,0,6123,9,0,0,3,1,2,30,110.312,1
2,0,45,0,1413,24,44,0,4,1,2,30,0.0,1
4,0,40,0,3420,0,4,20,2,1,2,25,68.107,1
9,0,33,0,3085,53,174,24,2,1,1,25,924.21,0
3,0,41,0,1134,37,0,3,3,1,2,30,0.39,1
0,0,30,0,0,0,0,0,3,1,1,30,0.0,0
14,0,40,0,2543,60,15,19,3,1,2,30,164.12,0
20,0,31,0,840,42,18,18,2,1,2,25,120.69,1
13,0,18,0,6268,143,89,45,1,2,1,15,842.105,0
15,0,39,2,0,0,22,0,2,1,1,30,33.48,1
7,1,37,2,1443,55,1,0,3,1,2,30,7.046,1
5,1,37,0,849,65,6,0,3,1,1,30,109.088,1
4,0,39,0,3898,90,13,33,2,1,1,25,237.96,0
2,0,36,3,6740,112,274,35,2,2,1,25,1541.34,0
8,0,35,2,7090,103,21,24,5,1,1,55,139.395,0
0,0,40,0,0,0,1,0,2,1,2,25,4.5,1
3,0,41,0,5151,61,44,0,3,1,2,25,0.0,1
8,0,39,2,6805,92,193,28,3,1,1,30,1047.88,0
2,0,29,0,2512,72,0,0,3,1,2,25,86.86,1
9,1,30,0,6123,0,0,1,4,1,2,30,106.881,1
9,0,41,1,4695,91,13,30,3,1,1,30,243.44,0
19,0,33,0,3768,40,3,1,2,1,2,30,0.0,1
18,0,29,0,1195,32,26,12,3,1,2,30,153.08,0
10,0,30,0,426,54,0,2,2,1,2,25,56.013,1
5,0,40,0,7688,135,395,48,2,1,1,25,2129.535,0
3,0,32,0,1853,46,0,11,3,1,2,30,75.96,0
29,0,38,1,974,23,2,0,2,1,1,25,11.456,1
7,0,44,0,1180,26,15,14,3,1,2,30,108.24,0
11,0,45,2,2182,1,0,0,3,1,1,25,33.64,1
11,1,44,0,2456,26,7,0,3,1,1,30,0.0,1
0,1,45,0,2023,15,0,19,3,1,2,30,0.0,1
1,1,42,0,2849,28,11,0,3,1,2,25,27.07,1
0,0,35,0,0,0,0,0,2,1,2,25,0.0,1
8,0,41,0,786,24,58,3,3,1,2,30,0.0,1
5,0,18,1,1940,29,30,14,2,1,1,25,223.605,0
0,1,31,0,1014,0,11,0,2,2,1,30,0.0,1
7,0,41,0,1113,21,27,11,4,1,2,45,95.85,1
8,0,37,0,1970,50,45,22,3,1,2,30,260.8,0
1,0,24,0,6123,0,1,2,2,1,2,25,46.341,1
12,0,38,1,11655,154,7,45,3,1,1,30,500.36,0
2,0,34,0,2313,56,0,29,1,1,1,15,130.295,0
1,0,45,0,3749,50,10,0,3,1,1,30,0.0,1
3,0,42,0,2348,62,10,37,1,1,1,15,187.55,0
0,0,40,0,88,6,8,6,3,1,2,30,35.76,1
2,1,34,1,558,31,15,0,4,1,2,30,169.209,1
17,0,16,0,9123,171,48,38,4,1,1,45,352.35,0
9,0,28,0,2354,100,0,0,2,1,1,25,0.0,1
8,0,42,0,4325,75,13,21,3,1,1,30,228.0,0
7,0,40,0,1015,20,20,10,3,1,2,30,121.4,0
8,0,36,1,3320,31,480,6,3,1,1,30,2054.04,0
3,0,29,3,1104,32,15,0,4,1,2,25,33.039,1
3,0,42,0,688,0,0,0,3,1,1,30,164.115,1
8,0,45,0,3590,57,0,2,4,1,2,25,0.0,1
12,0,41,0,6123,4,16,15,5,1,2,30,12.854,1
8,0,17,0,8708,167,76,42,4,1,1,45,411.875,0
34,1,29,0,253,61,35,0,4,1,2,30,58.382,1
34,0,36,1,1329,27,29,0,2,1,2,30,0.0,1
9,0,10,0,6087,129,70,39,1,2,1,15,726.88,0
9,0,40,1,2665,45,292,20,3,1,1,30,1276.4,0
6,0,42,1,1928,35,15,12,4,1,1,45,86.575,0
8,0,45,0,666,49,9,0,2,1,2,30,0.0,1
14,0,35,1,6223,103,27,22,2,1,1,25,406.17,0
0,0,24,0,0,0,0,0,2,1,2,25,0.0,0
0,0,19,0,1263,27,15,65,4,1,1,45,69.75,0
10,0,41,0,4550,79,16,22,3,1,1,30,249.16,0
0,0,31,0,300,80,11,2,2,1,2,30,0.0,1
0,0,31,0,1825,5,0,12,3,1,1,30,73.2,0
0,0,35,0,2070,42,150,23,2,1,1,25,770.04,0
21,0,41,2,5213,83,16,37,1,1,1,15,379.28,0
15,0,39,0,2948,65,16,17,3,1,2,30,184.52,0
10,0,45,0,6123,11,38,5,2,1,2,45,0.0,1
0,0,41,0,2088,58,3,32,2,1,1,25,110.07,0
23,1,33,0,955,47,16,17,2,1,2,25,117.09,1
21,0,33,3,15850,234,3,82,2,1,1,25,737.28,0
1,1,41,0,526,0,0,0,2,1,2,30,0.0,1
24,0,40,0,3940,100,0,3,3,1,1,30,0.0,1
9,0,44,1,2620,49,300,24,3,1,1,30,1306.76,0
0,0,31,0,0,0,0,0,4,1,2,45,0.0,1
2,1,45,0,949,75,43,0,3,1,1,25,0.0,1
2,0,41,0,628,13,17,5,4,1,2,45,58.525,1
14,0,43,2,5000,97,20,32,3,1,1,30,283.88,0
10,0,34,1,4243,62,7,31,2,1,1,25,225.225,0
13,0,45,1,647,26,0,0,2,1,1,25,69.294,1
0,0,28,0,2580,12,0,8,3,1,1,30,103.68,0
0,1,44,1,755,17,0,0,4,1,1,25,28.132,1
12,0,35,1,6943,79,105,35,2,1,1,25,788.49,0
13,0,36,0,2398,0,0,14,3,1,1,25,39.691,1
2,1,33,0,1960,48,52,33,3,1,2,30,288.32,1
4,0,39,1,6493,71,111,39,2,1,1,25,794.88,0
5,0,42,0,4144,6,4,16,2,1,2,30,0.0,1
0,0,35,0,5595,70,158,9,3,1,1,30,858.6,0
5,0,41,0,2573,66,13,38,1,1,1,15,216.645,0
8,0,19,1,2405,37,36,14,2,1,1,25,271.89,0
6,0,36,0,3470,76,25,26,2,1,1,25,272.07,0
0,0,37,0,0,0,0,0,2,1,1,25,0.0,1
7,0,36,2,6670,112,257,20,3,2,1,30,1299.28,0
28,0,43,10,10740,105,16,45,5,2,1,55,186.675,0
3,1,42,0,4739,4,14,0,2,1,2,45,196.461,1
18,1,42,0,3246,24,11,2,2,1,1,25,314.299,1
1,0,39,0,6043,66,5,0,4,1,2,30,0.0,1
5,0,35,1,1793,23,7,3,4,1,1,45,62.9,0
5,0,37,0,818,7,7,2,4,1,2,45,38.125,1
9,1,32,0,2245,83,3,3,4,1,2,25,55.273,1
31,0,33,0,4450,28,10,9,3,1,1,30,0.0,1
9,0,38,2,7210,97,194,26,3,1,1,30,1068.28,0
23,0,31,3,15885,237,0,77,2,1,1,25,725.49,0
7,0,30,0,6123,48,67,2,3,1,2,45,66.071,1
0,1,29,0,1742,83,0,0,3,1,2,25,290.684,1
5,0,39,0,1180,20,7,13,2,1,2,25,85.5,0
34,0,28,0,0,0,13,0,2,1,1,25,12.107,1
34,0,43,0,691,22,0,0,4,1,1,30,211.093,1
0,0,12,0,1435,16,13,8,2,1,1,25,123.795,0
15,0,40,2,2873,72,398,30,3,1,1,30,1709.8,0
0,1,33,0,117,38,7,0,3,2,2,25,2.348,1
5,0,38,0,305,6,7,2,4,1,2,45,25.275,1
5,0,35,1,3843,80,7,25,3,1,1,30,184.92,0
0,0,35,1,6560,93,17,24,4,1,1,45,208.825,0
4,0,43,0,710,20,21,9,3,1,2,30,113.2,0
0,0,25,0,1010,30,186,9,2,2,1,25,883.8,0
0,0,30,0,13208,153,0,36,3,1,1,30,534.44,0
0,0,34,0,0,0,0,0,2,1,2,25,0.0,1
20,0,34,9,10730,97,15,55,4,1,1,45,308.175,0
9,0,32,1,1828,49,45,74,5,1,1,55,95.655,0
0,1,36,1,2384,12,0,0,4,1,2,25,108.335,1
2,0,39,0,508,6,16,7,2,1,2,25,95.13,0
3,0,34,0,0,100,65,8,3,1,2,25,16.873,1
9,0,37,1,6043,93,7,9,3,1,1,30,273.44,0
9,0,40,2,2033,34,12,10,4,1,1,45,81.675,0
2,1,43,1,1105,0,5,11,4,2,2,55,18.273,1
0,0,19,0,2965,51,0,17,3,1,1,30,120.64,0
0,0,38,0,632,0,56,8,3,1,2,30,56.255,1
5,0,37,0,14885,172,129,15,2,1,1,25,1258.065,0
0,0,34,0,2595,19,0,14,3,1,1,30,104.56,0
23,0,40,0,2705,0,0,4,4,1,2,30,66.031,1
4,1,45,0,991,0,30,37,2,1,2,25,4.359,1
13,1,39,0,1146,0,46,0,3,1,2,30,0.0,1
3,0,8,1,4795,45,216,8,3,1,1,30,1057.6,0
4,0,45,0,2528,30,0,0,2,1,2,25,8.675,1
2,0,43,0,0,0,0,0,4,1,1,30,283.528,1
0,0,25,0,3035,60,0,20,3,1,1,30,123.8,0
20,0,30,3,15885,238,25,82,2,1,1,25,838.035,0
0,0,13,0,1210,12,10,7,2,1,1,25,99.99,0
11,0,31,0,5818,92,18,23,2,1,1,25,346.95,1
11,0,40,0,3903,62,7,22,1,1,1,15,256.575,0
3,1,31,0,5987,48,202,0,2,1,2,30,68.133,1
0,0,3,0,2642,7,4,2,2,1,1,30,0.0,1
19,1,29,0,994,36,7,3,2,1,2,30,0.0,1
1,0,32,0,3834,4,40,5,3,2,2,45,123.786,1
3,0,32,0,1968,46,341,17,2,1,1,25,1625.13,0
9,0,29,2,1620,42,200,13,3,2,1,30,866.48,0
10,0,38,0,4560,72,14,20,3,1,1,30,241.28,0
21,0,34,0,992,100,3,0,4,1,2,30,59.976,1
0,0,24,0,710,5,23,4,4,1,2,45,75.375,0
8,0,29,0,2653,45,8,1,3,1,2,45,56.869,1
27,0,31,3,16265,239,9,83,2,1,1,25,783.18,0
2,1,40,0,2937,38,0,8,3,1,1,45,113.249,1
13,0,37,2,9115,121,144,43,3,1,1,30,945.44,0
26,0,38,9,10740,99,8,44,5,1,1,55,174.585,0
12,0,41,0,4378,74,12,40,1,1,1,15,310.86,0
0,0,45,0,2615,11,50,0,2,1,2,30,68.797,1
1,0,45,2,4242,46,0,9,4,1,2,45,0.0,1
0,0,32,2,239,14,0,0,3,1,2,45,0.0,1
26,1,37,3,15545,230,55,30,3,1,1,30,851.0,0
7,1,43,0,850,31,40,6,2,1,2,25,28.035,1
12,0,17,3,4955,56,237,18,3,1,1,30,1148.44,0
1,0,36,0,1668,25,0,6,3,1,1,30,67.72,0
11,0,31,0,655,29,18,11,2,1,2,25,111.78,0
28,0,22,2,3444,71,0,0,2,1,1,25,141.02,1
6,0,39,1,4110,78,0,27,3,1,1,30,167.52,0
7,0,38,0,2485,49,161,10,2,1,1,25,838.53,0
10,0,34,0,3828,98,37,0,4,1,2,25,0.0,1
23,0,45,4,9680,137,166,51,3,1,1,30,1056.68,0
2,0,19,1,1810,32,60,18,3,1,1,30,313.68,0
1,0,33,0,15120,173,138,26,2,1,1,25,1309.185,0
4,0,27,1,1315,36,193,11,2,2,1,25,929.295,0
13,0,36,0,2463,58,7,15,3,1,2,30,128.84,0
12,0,31,0,953,0,9,1,2,1,1,30,121.043,1
0,0,33,0,7143,118,372,39,2,1,1,25,2000.745,0
8,0,43,2,1973,37,15,9,4,1,1,45,87.75,0
5,0,17,2,2728,47,35,22,3,1,1,30,251.0,0
10,1,42,0,6123,37,50,9,4,1,2,30,0.0,1
2,1,40,0,4572,86,5,0,4,1,1,30,253.954,1
24,1,27,0,895,45,14,6,4,1,2,30,151.757,1
7,0,40,0,2624,66,61,23,3,1,2,25,0.0,1
12,0,40,5,7350,124,288,39,3,2,1,30,1450.96,0
5,0,42,2,6500,92,194,27,3,1,1,30,1039.68,0
7,0,32,0,15485,176,142,29,2,1,1,25,1343.745,0
2,0,34,2,2628,100,18,0,2,1,2,25,0.0,1
11,0,39,0,1643,24,24,6,4,1,2,45,101.675,1
8,0,38,2,2960,49,306,33,3,1,1,30,1344.36,0
16,1,38,0,2763,51,50,36,4,1,2,45,195.35,1
32,1,36,0,994,18,9,0,3,1,2,25,86.756,1
1,0,37,1,1783,31,32,10,4,1,1,45,125.35,0
6,0,36,2,6625,84,182,23,3,1,1,30,996.36,0
4,1,3,0,581,0,24,30,3,1,2,30,0.0,1
7,0,33,0,1130,22,36,6,4,1,2,45,118.8,0
11,0,37,0,2970,53,150,21,2,1,1,25,811.035,0
0,0,32,0,2535,16,0,12,3,1,1,30,102.04,0
10,0,36,0,1826,11,53,0,5,1,2,25,0.0,1
34,0,45,4,3490,0,9,28,2,1,2,25,160.577,1
0,0,6,0,3375,23,183,8,3,1,1,30,867.92,0
19,0,25,1,15690,230,0,74,2,1,1,25,716.4,0
10,1,44,1,500,19,2,0,3,1,1,45,188.318,1
4,0,38,0,5728,94,0,9,3,1,1,30,232.88,0
24,0,27,2,15995,236,0,76,2,1,1,25,730.395,0
4,1,35,0,1321,4,56,0,2,1,1,25,7.16,1
8,0,35,2,7090,103,21,24,5,1,1,55,139.395,0
3,0,40,0,1664,97,2,0,3,1,2,25,184.095,1
0,0,32,0,875,8,0,10,2,1,2,25,39.735,0
5,1,5,0,1533,15,7,3,3,1,1,30,89.92,1
1,0,33,0,848,0,2,0,2,1,2,25,4.948,1
20,0,37,8,10030,88,0,44,5,1,1,55,151.77,0
2,1,38,0,5848,43,37,1,2,1,2,45,109.128,1
10,0,34,0,5758,95,21,22,2,1,1,25,357.885,1
9,0,39,0,2730,70,12,10,4,1,1,25,14.277,1
5,0,38,0,2043,40,37,33,3,1,2,30,231.32,1
5,0,38,0,1638,44,0,2,3,1,2,30,67.28,0
4,0,34,3,6720,113,269,33,2,2,1,25,1517.985,0
11,0,31,1,2053,53,48,75,5,1,1,55,103.59,0
20,0,17,3,6993,151,106,57,2,2,1,25,798.48,0
5,1,27,0,1699,49,25,2,4,1,2,25,0.0,1
0,0,28,2,226,27,33,3,4,1,2,30,0.0,1
18,0,33,2,14655,211,36,25,3,1,1,30,738.64,0
3,0,9,1,1488,19,0,7,3,1,1,30,60.28,1
7,0,35,0,547,34,9,0,3,1,2,30,12.831,1
0,0,36,0,4020,76,0,20,3,1,1,30,163.84,0
6,0,28,0,2001,0,58,0,3,1,2,30,215.692,1
14,0,35,1,4080,82,31,29,3,1,1,30,290.48,0
13,1,33,0,3215,45,7,14,3,1,2,30,158.4,1
2,0,28,0,1862,100,12,0,2,1,2,25,57.288,1
0,0,36,0,3465,55,0,10,2,1,1,25,158.4,0
13,0,3,0,4139,22,0,1,2,1,1,25,161.574,1
8,1,41,2,46,23,0,9,4,1,2,30,137.707,1
0,0,37,0,2535,22,1,13,3,1,1,30,106.28,0
34,0,39,0,6123,0,33,0,2,1,2,25,0.0,1
0,0,32,0,0,0,0,0,2,1,2,25,0.0,1
2,0,27,0,26,18,2,0,2,1,1,25,19.16,1
5,0,33,0,8750,112,132,39,3,1,1,30,882.48,0
9,0,35,0,6223,95,6,13,2,1,1,25,311.31,0
1,0,38,0,719,23,17,0,3,1,2,25,0.0,1
5,0,34,0,2033,48,320,18,2,1,1,25,1533.645,0
5,0,22,0,3530,61,7,24,3,1,1,30,171.64,0
7,0,37,0,15240,179,148,30,2,1,1,25,1359.855,0
7,1,30,0,286,22,10,1,4,1,2,45,0.0,1
23,0,26,2,16075,232,0,79,2,1,1,25,733.815,0
7,0,44,0,970,24,28,14,3,1,2,30,151.76,0
8,0,41,2,1240,23,12,15,2,1,1,25,110.835,0
9,0,41,3,3515,39,522,14,4,1,1,45,1393.85,0
0,0,5,0,4025,31,203,6,3,1,1,30,974.24,0
14,0,20,1,8932,177,81,41,5,1,1,55,258.135,0
18,0,44,0,3118,9,0,2,2,1,2,30,90.445,1
7,0,40,1,5623,91,7,17,3,1,1,30,256.56,0
8,0,34,0,2158,52,0,13,3,1,2,30,88.4,0
0,0,42,0,4538,25,50,0,3,1,1,30,37.916,1
10,0,39,1,5513,98,27,23,2,1,1,25,373.995,1
2,1,43,0,555,19,19,4,4,1,2,30,148.232,1
3,0,41,1,1668,31,8,7,4,1,1,45,62.475,0
0,0,40,0,100,4,11,5,2,1,1,55,48.331,1
8,0,30,0,395,25,11,6,3,1,2,30,60.8,0
4,0,36,0,2590,52,166,20,2,1,1,25,865.89,0
7,1,39,0,2580,23,24,0,3,1,2,30,0.0,1
4,0,36,0,2701,26,29,0,3,2,1,45,70.062,1
3,0,33,0,2670,20,23,0,2,1,1,30,85.096,1
17,0,32,2,1530,44,34,16,2,1,1,25,223.83,0
2,0,36,0,323,3,9,5,3,1,2,30,49.04,1
13,0,40,1,4675,77,12,19,3,1,1,30,238.08,0
23,1,41,1,1213,83,16,0,3,1,2,30,0.0,1
13,0,43,1,6403,109,25,19,3,1,1,30,360.48,0
19,0,38,3,9825,132,152,43,3,1,1,30,1006.28,0
14,1,39,0,2688,56,73,37,4,1,2,45,251.1,1
9,0,39,1,3103,69,10,33,2,1,1,25,187.74,0
10,0,37,0,4265,11,6,0,2,1,2,25,11.46,1
14,0,38,0,3410,53,48,22,3,1,2,30,330.52,1
7,0,39,0,1370,21,16,16,2,1,2,25,134.595,0
15,0,39,1,2758,66,366,26,3,1,1,30,1576.96,0
9,1,30,0,2855,18,11,0,3,1,2,30,66.144,1
3,0,40,2,1003,67,0,5,3,1,2,45,0.0,1
6,0,33,0,2875,36,11,17,2,1,2,25,180.495,1
0,0,40,0,485,10,16,10,2,1,2,25,94.275,0
1,0,35,0,1475,43,29,17,3,1,2,30,176.72,0
11,1,33,1,1258,19,0,0,4,1,2,25,22.168,1
12,1,37,1,542,100,0,0,2,1,2,25,185.582,1
30,0,34,5,16495,250,39,86,2,2,1,25,929.025,0
23,0,22,2,6878,155,103,49,2,2,1,25,779.985,0
10,0,42,2,1075,23,25,12,3,1,1,30,143.92,0
12,1,33,0,870,59,5,7,3,1,1,30,23.551,1
20,0,38,0,654,23,0,4,2,1,2,25,0.0,1
9,0,40,0,1205,21,29,13,3,1,2,30,165.04,0
10,1,34,0,225,0,30,0,4,1,2,30,139.133,1
6,0,43,0,323,0,9,16,4,1,2,30,0.0,1
21,0,42,0,1159,0,8,0,2,1,2,25,50.249,1
5,1,44,0,1983,7,21,0,3,1,2,25,180.028,1
5,0,38,1,4270,80,0,25,3,1,1,30,174.0,0
6,0,43,1,2360,45,293,19,4,1,1,45,792.625,0
11,0,43,0,6123,0,1,2,2,1,1,30,0.0,1
15,0,40,1,4503,72,8,37,1,1,1,15,295.625,0
2,1,45,0,2305,0,22,0,4,1,1,45,0.0,1
0,0,24,0,520,4,14,1,4,1,2,45,48.1,0
0,0,34,0,1999,59,13,0,2,2,2,45,138.315,1
9,0,40,2,3400,33,490,10,3,1,1,30,2097.32,0
5,0,39,0,305,6,7,2,2,1,2,25,45.495,1
0,0,39,0,585,16,17,11,2,1,2,25,103.545,0
12,0,14,3,3078,49,28,17,3,1,1,30,237.08,0
0,1,38,0,511,5,4,22,4,1,2,30,1.483,1
11,0,14,0,5973,129,46,36,1,2,1,15,588.61,0
12,1,26,0,654,28,12,0,2,1,1,25,19.648,1
7,1,35,0,2875,6,0,0,3,1,2,30,0.0,1
5,0,29,1,6830,93,7,18,5,1,1,55,114.345,0
11,0,39,0,2516,19,53,2,2,1,1,30,0.0,1
0,0,31,0,0,0,0,0,2,1,2,25,0.0,0
0,1,31,0,1101,21,1,0,2,1,2,45,9.295,1
0,0,7,0,4275,35,217,11,3,1,1,30,1040.4,0
4,0,25,0,1453,33,0,64,4,1,1,45,37.15,0
2,0,45,0,771,0,48,0,3,1,2,45,104.696,1
8,0,40,3,703,13,16,6,5,1,1,55,34.74,0
3,0,38,0,6123,68,32,10,4,1,2,30,0.0,1
13,0,40,0,875,10,0,0,3,1,1,25,43.207,1
0,1,45,0,228,27,5,0,4,1,1,30,211.553,1
12,1,34,2,4160,0,61,15,2,2,2,25,14.151,1
0,0,27,0,0,79,44,0,3,1,2,25,0.0,1
0,0,31,0,2055,27,270,15,3,1,1,30,1163.28,0
2,0,36,0,3718,82,2,28,2,1,1,25,180.0,0
2,1,39,0,6123,1,8,0,2,1,2,30,165.435,1
9,0,38,0,2048,55,341,26,3,1,1,30,1448.12,0
0,0,34,0,4005,62,0,13,2,1,1,25,183.015,0
6,0,36,1,14068,173,14,57,3,1,1,30,625.64,0
3,0,41,0,7463,131,392,47,2,1,1,25,2105.73,0
0,0,36,0,5423,88,0,7,2,1,1,25,247.995,0
1,0,33,1,6595,96,5,19,5,1,1,55,107.865,0
0,0,33,0,1875,25,267,11,3,1,1,30,1144.0,0
7,0,36,1,4665,75,19,30,2,1,1,25,298.8,0
4,1,32,0,647,19,13,0,3,1,1,25,0.0,1
0,0,36,0,133,2,0,2,3,1,2,30,5.4,1
2,0,22,0,0,0,3,9,3,1,2,25,33.755,1
6,0,35,2,6845,100,19,24,5,1,1,55,132.675,0
0,0,6,0,472,2,0,5,2,1,1,25,21.33,1
13,0,40,4,4000,43,511,25,4,1,1,45,1378.575,0
3,0,38,1,193,5,5,4,3,1,1,30,27.92,1
4,0,42,0,6123,28,9,23,3,1,1,45,137.416,1
3,0,35,2,6840,118,275,36,2,2,1,25,1550.61,0
5,0,36,0,305,6,7,2,3,1,2,30,40.44,1
9,0,34,1,739,0,9,1,3,1,2,30,17.351,1
0,0,20,0,1470,22,31,16,2,1,1,25,206.64,0
0,0,36,0,1540,46,42,23,3,1,2,30,231.44,0
11,0,11,0,8853,169,63,36,4,1,1,45,383.05,0
21,0,39,2,4518,17,28,0,4,1,2,25,0.0,1
18,0,40,2,4270,89,48,33,3,1,1,30,366.36,0
12,0,39,0,3016,0,40,0,4,1,2,30,0.0,1
18,0,39,3,6238,110,65,30,3,1,1,30,513.92,0
7,1,30,0,2990,35,1,15,2,1,2,25,140.625,1
23,1,42,0,4407,48,0,18,2,1,2,30,0.0,1
0,0,29,1,1628,27,50,0,3,1,2,45,314.908,1
13,0,22,4,3113,55,46,25,3,1,1,30,310.72,0
6,1,39,0,2966,80,0,25,3,1,1,30,126.587,1
19,0,39,3,3358,76,387,41,3,1,1,30,1685.36,0
10,0,32,0,3503,0,10,0,2,1,2,30,161.867,1
4,0,25,0,3489,52,5,0,3,1,2,30,180.143,1
7,0,41,0,3893,66,2,34,1,1,1,15,228.745,0
5,0,35,0,1015,14,12,9,2,1,2,25,100.305,0
19,0,30,2,15365,227,0,80,2,1,1,25,701.64,0
0,0,22,0,830,22,175,4,2,2,1,25,825.84,0
1,1,40,0,627,46,4,7,2,1,2,55,134.587,1
5,0,36,0,873,10,11,4,4,1,2,45,49.575,1
10,0,47,0,883,21,29,12,3,1,2,30,152.16,0
2,0,29,0,1963,32,19,28,3,1,2,30,155.8,1
0,0,28,0,0,0,0,0,3,1,1,30,0.0,0
1,0,45,0,1195,2,22,14,3,1,2,25,52.021,1
7,0,34,0,15305,174,139,25,2,1,1,25,1322.055,0
0,0,40,0,570,14,1,10,2,1,2,25,30.78,0
0,0,26,0,2275,6,0,6,3,1,1,30,91.24,0
19,0,19,2,6507,146,83,41,2,2,1,25,672.885,0
34,0,35,0,1060,55,3,8,3,1,2,45,119.936,1
5,0,35,0,1100,18,7,9,2,1,2,25,81.81,0
4,0,43,1,1117,0,2,0,2,1,2,30,520.53,1
2,0,33,0,106,22,13,10,4,1,1,25,173.406,1
4,0,40,0,3609,67,44,3,2,1,2,30,131.674,1
4,0,41,0,1,9,17,28,2,1,1,30,0.0,1
0,0,33,0,1765,36,143,21,2,1,1,25,724.545,0
5,0,17,1,1820,24,24,11,3,1,1,30,169.76,0
12,0,16,1,9048,177,105,44,5,1,1,55,295.875,0
0,0,37,1,0,0,0,0,5,1,1,55,0.0,0
7,1,36,0,1261,49,34,3,3,1,2,45,211.324,1
7,1,33,0,155,17,40,0,4,1,2,30,0.0,1
2,0,39,1,3898,57,15,6,3,1,2,30,0.0,1
7,0,33,3,7385,107,35,37,5,1,1,55,164.88,0
4,0,33,0,1973,25,0,7,3,1,1,30,79.92,0
9,0,35,1,2748,64,373,37,2,1,1,25,1805.04,0
0,0,27,0,3897,87,7,0,4,1,2,25,0.0,1
3,0,28,0,940,15,19,2,4,1,2,45,71.375,0
5,0,33,0,920,10,7,7,2,1,2,25,73.35,0
0,0,3,0,3825,24,193,2,2,1,1,25,1041.705,0
1,0,36,0,1668,25,0,6,3,1,1,30,67.72,0
11,0,35,3,7155,116,246,31,2,2,1,25,1434.195,0
14,0,38,5,7330,125,283,37,3,2,1,30,1430.2,0
0,0,7,0,1428,16,0,5,3,1,1,30,57.76,1
22,0,45,1,2509,100,11,8,3,1,2,30,184.804,1
0,0,39,0,0,0,1,0,3,1,2,30,4.0,1
2,0,42,2,1440,14,6,8,2,1,2,45,10.913,1
4,0,37,0,2980,21,451,4,3,1,1,30,1924.04,0
6,0,38,0,15360,184,154,33,2,1,1,25,1392.48,0
22,0,36,2,15080,222,49,30,3,1,1,30,808.08,0
15,1,41,3,6123,26,0,7,2,1,1,25,0.0,1
0,0,37,0,248,8,32,6,3,1,2,30,138.24,1
15,0,39,1,5998,106,37,29,2,1,1,25,441.18,0
3,0,36,0,6385,80,154,22,3,1,1,30,874.6,0
5,0,42,2,598,14,19,8,5,1,1,55,37.68,0
0,0,34,0,428,6,14,15,3,1,2,30,73.36,1
0,0,32,0,0,0,0,0,2,1,2,25,0.0,0
2,0,32,0,4255,73,0,19,3,1,1,30,173.12,0
10,0,43,0,2183,16,0,0,2,1,1,25,257.281,1
12,0,42,1,2453,66,367,25,3,1,1,30,1568.76,0
10,0,42,0,1004,20,0,0,2,1,1,55,109.119,1
15,0,41,3,4110,44,498,10,4,1,1,45,1348.85,0
1,0,27,0,4945,10,36,0,2,1,1,30,0.0,1
10,0,39,1,3370,77,14,30,3,1,1,30,193.88,0
9,0,36,0,2375,55,46,20,3,1,2,30,281.2,0
12,0,40,0,1554,41,1,4,4,2,2,30,33.078,1
12,0,38,2,8710,116,126,45,3,1,1,30,857.04,0
1,1,35,0,947,0,0,0,3,1,2,30,113.897,1
9,1,32,0,2351,46,14,3,3,1,2,30,0.0,1
30,0,33,4,16380,244,7,82,2,2,1,25,779.58,0
8,0,16,0,2507,0,3,0,5,1,2,25,0.0,1
3,0,35,0,1665,44,38,20,3,1,2,30,220.36,0
5,0,34,0,1012,0,4,18,2,1,2,30,0.0,1
11,1,42,0,0,14,8,0,4,1,2,55,58.893,1
7,1,38,0,2518,21,0,6,4,1,2,30,0.0,1
9,1,31,0,779,0,33,1,2,1,2,25,18.24,1
4,1,29,0,1158,10,0,0,3,1,1,30,0.0,1
3,0,36,0,14775,171,125,30,2,1,1,25,1235.07,0
24,0,36,0,1566,2,49,6,2,1,2,45,44.046,1
0,0,45,2,5959,16,5,3,3,1,2,30,0.0,1
10,0,35,1,4820,83,1,26,3,1,1,30,200.12,0
6,1,27,1,1505,37,202,14,2,2,1,25,978.39,1
8,0,12,3,2898,41,23,15,3,1,1,30,209.56,0
12,0,38,0,4388,67,10,38,1,1,1,15,300.025,0
5,0,36,1,305,6,7,2,5,1,1,55,15.165,0
18,0,34,0,1005,37,25,10,3,1,2,30,141.68,0
0,1,39,0,1226,28,0,4,3,1,2,25,98.409,1
8,0,40,1,2698,64,9,35,2,1,1,25,164.79,0
4,0,26,0,1568,39,30,68,4,1,1,45,115.175,0
0,0,39,0,128,4,0,1,2,1,2,25,5.94,0
8,0,37,0,2263,59,350,21,3,1,1,30,1492.88,0
4,0,24,1,595,0,0,3,2,1,2,30,0.0,1
0,0,36,0,2831,16,21,30,3,1,2,30,0.0,1
14,0,45,2,14078,181,15,47,3,1,1,30,630.36,0
34,1,37,0,880,3,0,1,4,1,1,30,45.477,1
33,1,30,0,3949,19,0,10,3,1,2,25,79.465,1
8,1,35,1,5628,98,51,26,2,1,1,25,487.17,1
0,0,22,0,210,15,0,11,2,1,1,25,10.125,0
17,0,30,1,1710,46,37,20,2,1,1,25,245.52,0
13,0,38,2,12175,165,19,47,4,1,1,45,356.0,0
20,1,34,0,830,49,20,20,2,1,2,25,129.555,1
0,0,37,0,1125,4,4,5,3,1,2,30,0.0,1
6,0,18,2,2295,36,49,29,2,1,1,25,325.395,0
5,0,35,0,2390,31,0,1,3,1,2,30,96.84,1
12,0,42,2,3855,84,42,32,3,1,1,30,325.56,0
11,0,38,0,1499,65,14,12,3,1,1,55,102.801,1
0,1,34,0,4106,18,5,1,3,1,2,45,0.0,1
10,0,44,2,7813,139,399,46,3,1,1,30,1914.08,0
34,1,28,1,4304,5,1,1,4,1,2,45,176.855,1
8,0,35,2,7090,103,21,24,5,1,1,55,139.395,0
5,0,37,0,305,6,7,2,2,1,2,25,45.495,1
0,0,28,0,2455,14,0,8,3,1,1,30,98.76,0
4,1,34,0,2800,41,34,18,3,1,2,30,249.64,1
24,1,21,0,465,100,10,0,3,1,2,30,0.0,1
12,0,37,1,5413,93,8,26,2,1,1,25,283.77,1
3,0,5,0,390,87,39,0,2,1,1,30,0.0,1
32,0,37,0,1773,52,18,0,4,1,2,55,78.313,1
3,0,33,1,643,4,3,3,5,1,1,55,14.205,0
18,0,32,0,765,47,41,19,3,1,2,30,196.48,1
21,0,20,3,6813,153,124,48,2,2,1,25,871.47,0
1,0,34,0,2840,22,0,14,3,1,1,30,114.48,0
7,0,12,0,8513,159,34,34,4,1,1,45,301.8,0
11,1,28,0,3936,0,59,0,5,1,2,25,148.772,1
6,0,40,0,15180,182,151,29,2,1,1,25,1370.79,0
1,0,33,3,6775,116,296,35,2,2,1,25,1642.095,0
15,1,37,0,2978,55,42,31,3,1,2,30,289.32,1
3,0,34,2,6900,103,46,26,5,1,1,55,174.045,0
9,0,38,1,14018,172,7,44,3,1,1,30,595.6,0
8,0,26,2,2168,49,51,83,4,1,1,45,182.925,0
3,0,10,2,1603,25,32,11,3,1,1,30,193.12,1
0,0,32,0,2133,48,0,27,1,1,1,15,119.955,0
3,0,45,0,1144,0,17,11,2,1,2,30,0.0,1
8,0,43,0,640,24,7,39,2,1,1,25,41.518,1
9,1,31,0,0,17,31,2,3,1,2,30,42.327,1
0,0,18,0,1095,16,7,6,2,1,1,25,81.495,0
13,0,40,1,6413,102,23,17,3,1,1,30,352.6,0
6,1,36,0,2178,51,3,15,3,1,2,30,101.16,0
5,0,37,1,11220,151,9,47,3,1,1,30,490.84,0
0,0,30,0,0,0,0,0,2,1,2,25,0.0,0
13,1,35,0,3590,51,30,31,3,1,2,30,265.64,1
13,1,40,0,1029,0,0,0,2,1,2,25,33.839,1
3,1,40,0,4066,40,5,2,3,1,1,25,255.391,1
4,0,36,0,2535,50,173,23,2,1,1,25,894.825,0
7,0,36,0,4138,63,0,33,1,1,1,15,231.055,0
17,0,41,2,6933,112,22,14,3,1,1,30,369.8,0
0,0,38,0,4616,5,2,1,3,1,2,30,0.0,1
17,0,38,0,2203,42,0,0,3,1,2,30,104.412,1
1,0,40,0,2118,0,7,0,4,1,1,45,0.0,1
17,1,39,2,3355,50,21,20,3,1,1,30,220.2,1
0,0,40,0,0,0,0,0,3,1,2,30,0.0,0
12,1,32,0,5738,96,16,20,2,1,1,25,334.53,1
34,1,33,2,0,26,6,0,3,1,2,30,33.566,1
7,0,45,0,572,33,43,0,2,1,2,30,30.545,1
0,0,43,0,0,0,2,0,2,1,2,25,63.468,1
12,0,34,0,15790,182,149,31,2,1,1,25,1389.24,0
4,0,39,2,3210,33,515,12,4,1,1,45,1368.575,0
17,0,36,6,9835,83,0,27,4,1,1,45,247.95,0
3,1,36,0,497,0,10,0,3,1,2,45,0.0,1
1,1,31,0,800,45,28,22,3,1,2,45,0.0,1
3,0,34,0,2720,50,170,21,2,1,1,25,889.65,0
6,0,37,0,533,6,28,0,3,1,2,30,0.0,1
10,0,38,3,2573,41,28,23,4,1,1,45,135.35,0
2,0,35,0,2073,30,1,4,3,1,1,30,88.12,0
7,0,36,0,1146,10,38,0,4,1,1,30,65.822,1
0,1,42,0,2676,91,39,2,3,1,1,30,215.524,1
3,0,35,0,1558,33,9,31,3,1,2,30,99.64,1
1,1,31,0,2435,13,0,0,2,1,2,25,100.866,1
7,0,13,0,8627,165,66,38,4,1,1,45,384.8,0
0,1,42,0,1984,36,41,9,4,1,2,30,0.0,1
10,0,32,2,1953,47,47,74,5,1,1,55,100.5,0
3,1,10,0,1779,100,8,0,2,1,1,25,102.678,1
18,0,32,0,426,34,0,17,4,1,2,25,0.0,1
10,0,45,0,1440,30,22,19,3,1,2,30,146.8,0
15,0,40,1,4503,72,8,37,1,1,1,15,295.625,0
12,0,39,4,7405,102,214,43,3,1,1,30,1156.28,0
0,0,25,0,858,28,5,68,4,1,1,45,34.65,0
1,0,33,1,4120,7,72,0,3,1,2,30,130.097,1
5,0,37,1,6690,87,195,29,3,1,1,30,1051.08,0
2,0,37,0,595,8,0,4,2,1,2,25,27.135,0
11,1,41,0,2291,22,10,3,5,1,1,25,93.981,1
32,0,26,0,4040,48,0,9,3,1,1,45,0.0,1
0,0,30,0,2760,20,0,10,3,1,1,30,111.2,0
11,0,22,0,3298,48,14,3,2,1,2,25,31.008,1
19,1,30,0,384,73,0,6,3,1,2,30,192.307,1
5,1,31,0,2475,19,31,2,3,1,2,45,0.0,1
5,0,32,1,305,6,7,2,5,1,1,55,15.165,1
12,0,37,2,3855,39,15,16,3,1,1,30,215.76,0
11,0,29,2,1810,43,209,16,3,2,1,30,910.12,0
0,0,21,0,2860,52,0,19,3,1,1,30,116.48,0
8,0,37,0,14178,174,1,42,3,1,1,30,578.08,0
34,0,32,0,2364,21,0,10,3,1,2,30,44.265,1
6,0,36,0,2780,53,175,23,2,1,1,25,914.985,0
2,0,38,1,6095,81,168,28,3,1,1,30,919.04,0
3,1,45,0,1069,31,48,0,2,2,1,30,77.573,1
12,1,34,0,2956,32,12,7,4,1,2,25,69.047,1
7,0,15,0,5488,125,57,25,1,2,1,15,622.215,0
4,0,36,0,3908,83,11,31,2,1,1,25,229.095,0
2,1,39,0,313,10,11,7,3,1,2,30,56.92,1
0,0,4,0,1003,5,0,4,2,1,1,25,45.36,1
3,0,14,2,2547,39,24,17,3,1,1,30,199.44,0
6,0,35,0,2356,13,7,2,2,2,1,45,0.0,1
17,0,45,2,4503,78,16,38,1,1,1,15,339.955,0
15,0,39,0,4388,66,7,33,1,1,1,15,283.47,0
2,0,38,0,710,14,13,8,3,1,2,30,80.96,0
11,1,30,0,3465,0,8,0,4,1,2,25,17.446,1
1,1,45,0,231,27,5,0,4,1,2,30,29.727,1
6,0,39,1,6033,101,39,16,3,1,1,30,401.36,0
7,0,42,1,5998,97,17,16,3,1,1,30,311.8,0
12,1,30,0,570,13,0,2,3,1,2,25,30.401,1
1,0,18,1,97,8,10,0,3,1,2,45,0.0,1
1,0,34,0,2475,47,168,21,2,1,1,25,869.49,0
7,0,40,0,2148,60,360,23,3,1,1,30,1528.32,0
0,0,31,0,405,2,0,5,2,1,2,25,18.315,0
9,0,36,4,7080,121,269,32,3,2,1,30,1364.04,0
1,0,32,2,6660,110,264,31,2,2,1,25,1492.65,0
17,0,42,2,2603,63,20,21,4,1,1,45,116.65,0
31,0,44,10,11000,109,23,50,5,1,1,55,201.135,0
34,1,29,0,3033,0,29,0,3,1,1,25,0.0,1
0,0,35,0,1065,34,17,5,3,1,2,30,111.96,0
1,0,26,0,2820,56,0,25,3,1,1,30,115.04,0
0,0,34,0,345,5,1,4,2,1,2,25,20.25,0
2,1,31,2,1047,21,0,2,2,1,2,45,72.696,1
1,0,32,0,904,17,23,0,2,1,1,30,48.651,1
0,0,34,0,0,0,0,0,5,1,1,55,0.0,0
1,1,41,4,1179,0,55,0,5,1,2,30,0.0,1
24,1,42,0,4,6,0,15,2,1,2,25,0.0,1
16,0,39,3,9230,126,142,42,3,1,1,30,942.24,0
0,0,43,0,273,9,15,8,2,1,2,25,80.19,0
7,0,37,0,4400,77,0,21,3,1,1,30,179.08,0
34,0,32,0,3907,0,0,0,3,1,1,25,112.014,1
0,0,37,0,3593,84,6,31,2,1,1,25,192.465,0
9,0,38,4,1243,20,32,19,5,1,1,55,66.945,0
13,1,28,0,6123,25,1,0,2,1,2,30,180.237,1
3,1,41,0,658,61,3,19,3,1,1,30,0.0,1
28,1,39,0,1215,57,31,23,3,1,2,30,174.88,1
13,0,39,1,14483,180,8,44,3,1,1,30,618.52,0
23,1,33,0,955,47,16,17,2,1,2,25,117.09,1
11,0,38,3,4623,98,30,45,3,1,1,30,308.84,0
0,1,28,0,596,9,10,0,4,1,2,25,173.196,1
6,0,34,0,5323,91,10,19,2,1,1,25,288.63,1
7,0,27,0,172,13,0,0,2,1,1,30,75.827,1
24,1,44,0,88,5,3,0,2,1,2,30,0.0,1
13,1,34,0,2493,48,31,29,3,1,2,30,225.64,1
9,0,23,1,2180,40,46,21,3,1,1,30,272.8,0
0,0,38,0,110,4,0,1,2,1,2,25,5.13,0
13,1,42,0,4018,77,23,6,4,1,2,45,49.711,1
21,1,24,0,1358,0,30,7,2,1,2,30,0.0,1
6,0,37,1,6473,72,106,37,2,1,1,25,771.525,0
0,0,36,1,0,0,0,0,5,1,1,55,0.0,0
0,0,35,0,815,11,0,9,2,1,2,25,37.17,0
15,0,37,1,561,20,21,3,3,1,2,30,0.0,1
5,0,39,0,6205,82,172,13,3,1,1,30,939.48,0
7,0,31,0,50,2,0,1,2,1,2,25,2.34,1
0,1,36,0,889,0,9,0,3,1,2,30,0.0,1
14,1,37,0,3295,47,16,18,3,1,2,30,197.68,1
27,0,38,3,15385,228,56,32,3,1,1,30,848.52,0
0,0,17,0,2660,45,0,15,3,1,1,30,108.2,0
11,0,20,3,2600,42,56,31,3,1,1,30,329.68,0
0,0,28,0,0,0,0,0,3,1,2,30,0.0,1
20,0,32,2,14880,215,39,26,3,1,1,30,759.8,0
4,0,27,0,6123,0,0,0,4,1,2,25,6.919,1
34,0,25,0,803,100,0,0,2,1,2,30,0.0,1
0,0,37,0,613,9,21,17,2,1,2,25,122.49,0
14,0,35,3,1880,52,215,19,3,2,1,30,937.28,0
33,0,42,0,1570,0,50,0,2,1,1,30,74.528,1
24,0,34,2,15060,223,44,28,3,1,1,30,787.32,0
0,1,40,1,4728,9,0,1,4,1,2,30,59.023,1
3,0,42,0,4159,64,5,4,4,1,2,25,0.0,1
5,0,32,0,1045,0,0,0,3,1,2,25,61.605,1
0,0,38,2,3416,0,37,25,4,1,2,25,22.853,1
4,0,40,0,2311,56,7,0,3,1,2,25,11.389,1
3,1,44,0,6123,41,6,19,4,1,1,25,36.516,1
1,0,44,1,3342,99,57,5,2,1,2,25,110.983,1
12,0,26,2,2260,42,50,22,3,1,1,30,292.08,0
27,1,43,0,3748,26,0,2,3,1,1,30,0.0,1
3,0,39,0,2475,53,176,22,2,1,1,25,905.76,0
12,0,41,0,4293,4,44,0,3,2,1,25,0.0,1
2,0,31,0,1783,30,16,24,3,1,2,30,136.52,1
5,0,43,0,765,33,0,9,4,1,2,45,57.228,1
34,1,44,0,3382,56,0,2,4,1,2,30,169.301,1
1,0,16,1,4307,41,63,0,3,1,2,30,145.546,1
33,0,45,0,1583,7,18,0,2,1,1,30,170.595,1
4,0,36,1,6905,91,187,24,3,1,1,30,1027.84,0
14,0,12,0,6392,135,77,41,1,2,1,15,782.485,0
6,0,40,1,2453,61,7,35,2,1,1,25,144.63,0
8,0,32,0,2453,54,351,23,2,1,1,25,1692.315,0
13,1,38,0,673,19,68,1,4,1,1,30,0.0,1
18,1,27,0,927,26,0,12,3,1,2,30,97.581,1
2,0,31,0,11205,144,0,41,3,1,1,30,453.96,0
18,0,36,2,14645,218,38,27,3,1,1,30,746.52,0
15,0,29,0,1316,3,29,4,3,1,2,30,338.91,1
26,0,38,0,748,7,10,0,3,1,2,25,0.0,1
2,0,43,0,3619,36,38,0,4,1,2,25,0.0,1
4,0,37,0,2798,63,3,31,1,1,1,15,173.855,0
7,0,9,0,8673,161,58,34,4,1,1,45,365.85,0
3,1,29,0,2605,33,0,10,2,1,2,25,118.71,1
27,0,31,3,16320,241,7,80,2,1,1,25,776.745,0
6,0,42,3,723,12,21,8,5,1,1,55,42.525,0
1,1,36,0,0,86,1,0,2,1,2,30,200.991,1
11,0,37,2,8870,118,142,43,3,1,1,30,927.52,0
10,0,42,1,7993,141,402,50,3,1,1,30,1933.36,0
0,0,32,0,0,0,0,0,2,1,2,25,0.0,1
18,0,40,4,9535,133,183,49,3,1,1,30,1118.72,0
14,0,38,2,4798,76,22,50,1,1,1,15,389.07,0
2,0,23,0,0,62,8,31,3,1,2,45,18.271,1
9,0,40,2,3400,33,490,10,3,1,1,30,2097.32,0
2,0,43,0,816,14,7,11,2,1,2,45,33.818,1
1,0,45,0,2237,50,0,0,3,1,2,30,68.932,1
16,0,16,0,6278,135,53,38,1,2,1,15,644.215,0
1,0,31,0,0,5,14,18,2,1,1,25,0.0,1
34,1,45,0,1283,44,0,7,2,1,1,30,0.0,1
0,0,41,0,3996,52,12,0,3,1,2,25,80.439,1
5,1,38,0,933,13,16,6,4,1,2,45,63.65,1
3,1,27,0,2496,31,5,0,4,1,2,25,68.486,1
7,0,33,0,1890,48,35,18,3,1,2,30,217.52,0
34,0,41,1,2387,5,49,0,2,1,2,30,43.195,1
13,1,36,0,2868,54,55,46,3,1,2,30,336.88,1
4,0,8,1,1892,24,1,5,3,1,1,30,80.64,1
9,1,42,0,466,26,11,14,2,1,1,30,150.805,1
8,0,30,0,2726,0,0,17,3,1,1,25,0.0,1
12,0,40,0,4406,31,0,2,3,1,1,25,66.667,1
1,0,41,0,3227,0,31,0,3,1,2,30,0.0,1
0,0,30,0,6365,85,0,16,4,1,1,45,161.25,0
2,0,35,0,830,10,0,0,3,1,2,25,88.492,1
34,1,32,0,2641,24,4,0,3,1,1,30,0.0,1
12,1,42,1,2893,20,56,15,3,1,2,30,40.448,1
10,0,38,2,6518,105,28,27,3,1,1,30,376.92,0
3,0,33,0,6111,18,2,21,4,1,2,25,190.127,1
5,1,40,1,531,28,60,0,2,1,2,30,0.0,1
0,1,32,0,0,0,0,0,2,1,2,25,0.0,1
0,0,45,0,1006,8,16,0,2,1,2,25,0.0,1
0,0,39,0,1363,25,1,5,4,1,1,45,37.2,0
7,0,37,1,2378,36,8,6,4,1,1,45,80.35,0
20,0,38,2,6313,105,42,29,2,1,1,25,477.81,0
10,0,21,4,2852,51,39,20,3,1,1,30,272.12,0
0,0,36,0,0,0,0,0,3,1,2,30,0.0,1
34,0,33,0,1784,22,11,0,4,1,2,30,0.0,1
34,1,43,1,4488,44,24,0,2,1,2,30,204.141,1
3,0,29,0,2687,93,0,19,4,1,2,30,0.0,1
0,0,45,1,1836,20,0,0,4,1,2,25,18.024,1
0,1,33,0,1101,44,0,9,4,1,2,25,20.074,1
7,1,31,0,2268,38,26,30,3,1,2,30,196.24,1
4,0,34,0,2070,49,39,18,3,1,2,30,240.76,0
4,0,33,0,1848,32,0,25,3,1,2,30,75.2,1
11,0,41,1,2533,62,369,28,3,1,1,30,1579.8,0
13,0,33,2,9160,117,136,39,3,1,1,30,915.08,0
0,0,34,0,0,0,0,0,2,1,2,25,0.0,0
26,1,35,1,1015,50,21,19,3,1,1,30,126.6,1
0,0,35,1,148,4,29,4,5,1,1,55,45.78,0
24,0,32,0,1360,52,17,15,2,1,2,25,140.04,1
12,0,34,2,6113,102,40,37,2,1,1,25,459.675,0
34,0,44,2,2384,95,2,2,3,1,2,25,0.0,1
16,0,38,2,5878,101,31,26,2,1,1,25,408.555,0
25,1,32,0,795,0,25,0,3,1,2,45,179.178,1
14,1,37,0,1504,40,5,24,3,1,2,25,17.263,1
15,0,35,0,1145,0,0,0,3,1,2,45,28.826,1
8,0,24,2,2080,34,45,20,3,1,1,30,264.56,0
5,0,15,0,2000,26,27,15,2,1,1,25,212.67,0
6,1,34,1,2126,96,11,1,2,1,2,30,0.0,1
9,0,35,0,2153,38,2,27,3,1,2,30,95.64,1
0,1,5,0,1123,10,0,3,2,1,2,25,50.985,1
7,1,44,0,3539,98,21,9,3,1,1,25,0.0,1
27,0,34,0,2682,40,13,0,3,1,1,30,128.193,1
0,0,17,0,985,15,3,14,2,1,1,25,58.5,0
7,0,29,0,3464,5,7,0,2,1,1,25,0.0,1
1,0,33,0,3885,57,0,10,2,1,1,25,177.39,0
1,0,37,0,6123,6,7,0,2,1,2,30,42.801,1
0,0,31,0,4210,71,0,22,3,1,1,30,171.24,0
15,0,17,1,8993,174,78,42,5,1,1,55,254.505,0
13,0,24,1,1350,30,15,10,2,1,1,25,129.6,0
8,0,45,0,1290,0,11,17,3,1,1,30,14.353,1
10,0,32,3,7190,120,268,31,3,2,1,30,1364.4,0
11,0,27,0,700,25,10,7,2,1,2,25,77.625,0
0,0,34,0,0,0,0,0,2,1,2,25,0.0,1
0,0,40,1,293,8,12,6,5,1,1,55,22.515,0
0,0,35,0,5813,59,80,20,2,1,1,25,624.24,0
31,1,40,2,772,4,5,3,4,1,1,25,221.43,1
19,0,44,0,662,0,10,0,3,1,2,25,149.519,1
0,0,21,0,1083,25,12,61,4,1,1,45,57.7,0
0,0,25,0,635,10,46,5,4,1,2,45,131.125,0
2,0,34,0,1773,37,18,26,3,1,2,30,144.4,1
34,0,39,0,902,16,9,6,3,1,2,30,49.463,1
3,1,32,0,1777,43,56,6,2,1,2,25,0.0,1
7,0,41,1,11420,158,19,51,4,1,1,45,336.95,0
3,1,31,0,935,11,2,6,3,1,2,30,230.678,1
0,0,33,0,1360,38,31,18,3,1,2,30,179.92,0
34,1,33,0,2153,85,8,2,3,1,2,25,37.271,1
25,0,34,3,15185,221,46,28,3,1,1,30,800.24,0
0,0,42,0,3620,9,2,26,3,1,2,25,106.005,1
2,1,40,0,1742,0,0,9,5,1,2,25,3.697,1
34,0,36,0,4004,27,4,18,2,2,1,30,207.66,1
6,0,37,1,2895,59,207,27,2,1,1,25,1064.43,0
7,1,37,0,2626,5,16,1,2,1,2,45,0.0,1
6,0,32,1,8630,107,126,36,3,1,1,30,853.48,0
1,0,42,1,341,0,12,0,2,1,2,30,0.0,1
8,0,39,0,1420,25,21,8,3,1,2,30,141.8,0
0,0,23,0,2920,55,1,21,3,1,1,30,123.0,0
11,1,34,0,659,0,8,0,4,2,2,25,44.165,1
2,0,37,0,2441,4,58,7,4,1,1,55,93.51,1
4,1,39,1,43,40,11,0,3,1,1,25,0.0,1
18,0,22,2,6392,147,93,43,2,2,1,25,712.755,0
14,0,17,4,3562,56,39,19,3,2,1,30,300.72,0
3,0,35,0,3950,59,0,11,2,1,1,25,180.405,0
8,0,15,2,2738,39,0,15,3,1,1,30,111.08,0
0,0,23,0,2920,55,1,21,3,1,1,30,123.0,0
9,0,34,2,2549,0,6,3,2,1,2,30,67.863,1
5,0,38,0,438,8,7,4,3,1,2,30,45.84,1
26,0,30,3,16480,243,1,78,2,1,1,25,757.035,0
4,0,37,0,517,65,0,2,2,1,2,30,10.98,1
0,0,39,1,3006,67,7,1,3,1,1,30,21.518,1
0,0,30,0,0,0,0,0,2,1,2,25,0.0,1
7,0,40,2,3155,30,488,10,3,1,1,30,2079.4,0
6,0,33,4,1114,0,1,0,3,1,1,25,56.532,1
7,0,42,0,434,21,11,0,4,1,2,30,211.28,1
9,0,27,0,455,22,8,7,2,1,1,25,57.465,0
5,0,38,0,6593,77,112,40,2,1,1,25,804.15,0
7,0,38,0,13773,169,0,44,3,1,1,30,557.68,0
0,0,35,0,206,55,31,0,3,1,2,30,28.19,1
0,0,35,0,0,0,25,0,3,1,2,30,100.0,1
18,0,29,2,1590,41,31,17,2,1,1,25,212.895,0
12,0,31,3,1680,45,205,15,3,2,1,30,889.0,0
8,0,32,0,2188,42,24,27,3,1,2,30,185.2,1
1,0,35,0,1273,32,0,0,4,1,1,25,0.0,1
6,0,29,0,2376,4,46,10,2,1,2,25,0.0,1
1,1,39,0,3335,0,5,0,3,1,2,25,0.0,1
20,1,34,0,3238,58,6,0,4,1,2,30,0.0,1
15,1,37,0,974,44,0,34,3,1,2,25,129.226,1
2,0,29,0,3087,19,47,2,3,1,2,25,343.229,1
24,0,40,0,582,0,0,18,2,1,2,25,101.901,1
2,1,30,0,2505,27,0,9,2,1,2,25,113.94,1
1,0,30,0,6413,63,93,34,2,1,1,25,709.92,0
18,0,35,1,2695,10,8,4,2,1,2,45,91.686,1
0,0,11,0,1390,14,13,11,2,1,1,25,121.68,0
0,0,34,0,0,0,0,0,4,1,1,45,0.0,0
10,0,40,2,8810,121,145,42,3,1,1,30,937.24,0
8,0,29,0,865,37,4,0,4,1,2,25,242.317,1
11,0,44,2,2233,41,22,14,4,1,1,45,111.85,0
13,0,14,0,9337,176,74,38,4,1,1,45,422.825,0
24,1,37,0,5796,8,0,3,3,1,2,25,202.791,1
8,0,16,3,2853,45,31,19,3,2,1,30,239.92,0
0,1,35,0,1326,10,37,5,4,1,2,25,6.115,1
16,0,29,0,1005,31,17,9,3,1,2,30,109.44,0
1,1,30,0,1134,80,1,10,4,1,2,45,205.588,1
12,0,40,1,14078,175,7,46,3,1,1,30,598.12,0
20,0,44,4,9420,133,159,46,3,1,1,30,1018.12,0
10,1,33,0,1094,7,15,10,2,1,1,45,19.342,1
0,0,6,0,3970,28,176,4,2,1,1,25,971.91,0
29,0,38,5,15740,235,75,47,3,1,1,30,939.0,0
29,0,34,0,1600,12,45,0,4,1,2,25,191.107,1
0,1,40,0,1140,17,41,0,3,1,2,30,0.0,1
4,1,5,0,6123,31,9,3,3,1,2,45,14.528,1
5,0,37,1,7753,130,386,43,3,1,1,30,1859.32,0
12,0,37,1,4180,87,33,26,3,1,1,30,302.68,0
6,0,29,0,750,78,16,0,3,1,2,30,152.458,1
13,0,38,1,4020,85,34,28,3,1,1,30,300.2,0
9,0,39,0,6123,0,0,1,2,1,1,30,214.36,1
0,0,36,0,3610,67,0,8,3,1,1,30,147.08,0
0,1,45,0,432,72,2,0,3,1,2,25,0.0,1
0,0,33,0,564,10,34,0,2,1,2,25,9.933,1
12,0,16,5,3453,55,52,34,3,1,1,30,348.32,0
12,0,32,0,405,61,1,0,3,1,1,30,236.678,1
6,0,34,0,1790,42,34,17,3,1,2,30,209.28,0
0,0,34,0,2285,46,159,18,2,1,1,25,820.395,0
9,0,34,0,2283,50,7,13,3,1,2,30,121.32,0
2,0,25,0,3225,61,8,23,3,1,1,30,163.44,0
0,0,35,0,0,0,0,0,4,1,1,45,0.0,0
7,0,40,1,2860,55,185,27,2,1,1,25,963.675,0
16,0,17,1,6392,141,85,42,2,2,1,25,676.485,0
23,0,28,3,15895,230,0,75,2,1,1,25,725.625,0
4,1,35,0,440,28,0,0,3,1,1,30,0.0,1
10,0,38,0,4198,66,1,35,1,1,1,15,240.02,0
4,1,45,0,2298,0,13,2,2,1,2,25,94.687,1
7,0,32,0,2810,33,0,11,3,1,2,30,113.72,1
13,0,26,1,236,14,25,11,3,1,2,30,29.944,1
0,0,45,0,3965,9,6,0,2,1,2,45,244.523,1
30,0,26,0,554,50,5,7,4,1,2,25,78.667,1
19,0,38,0,730,55,3,0,3,1,1,25,0.0,1
6,1,38,0,2685,41,10,15,3,1,2,30,149.04,1
0,0,25,0,2625,51,0,8,3,1,1,30,107.04,0
3,0,32,0,3038,25,0,0,3,1,2,25,155.643,1
3,0,37,1,6740,101,22,26,5,1,1,55,135.615,0
12,0,38,0,2383,49,32,30,4,1,2,45,140.8,1
17,0,27,1,15710,229,0,76,2,1,1,25,717.255,0
6,1,34,0,2208,41,29,29,3,1,2,30,205.96,1
4,0,34,0,1963,38,27,29,3,1,2,30,188.04,1
12,1,31,0,2540,0,7,4,2,1,2,25,0.0,1
0,0,37,0,875,14,0,11,2,1,2,25,40.005,1
3,0,35,0,3843,40,7,6,4,1,2,30,0.0,1
14,0,40,2,3835,85,37,30,3,2,1,30,304.8,0
0,1,42,0,2690,87,6,3,3,1,2,30,0.0,1
1,0,35,0,2213,50,0,28,1,1,1,15,124.465,0
11,1,30,0,385,37,50,5,2,1,1,25,0.0,1
1,1,35,0,1024,66,19,0,2,2,2,30,0.0,1
10,0,28,2,2025,47,201,11,3,2,1,30,886.88,0
4,0,35,0,8210,105,116,26,3,1,1,30,796.6,0
1,0,35,0,1033,12,10,2,4,1,2,45,51.125,1
10,0,36,3,3745,38,28,31,3,1,1,30,263.32,0
0,1,31,0,0,0,0,0,2,1,2,25,0.0,1
3,0,17,0,2100,31,29,12,2,1,1,25,226.395,0
2,0,32,0,815,4,0,5,3,1,2,25,204.17,1
9,0,40,1,6033,100,5,11,3,1,1,30,265.32,0
0,0,30,0,1673,38,0,9,3,1,2,30,68.44,0
15,0,30,6,10050,85,0,36,4,1,1,45,253.375,0
9,0,41,2,2780,51,324,24,4,1,1,45,880.775,0
5,0,38,1,3833,87,0,27,3,1,1,30,156.8,0
9,0,27,0,4153,62,21,0,3,1,1,25,15.581,1
5,0,38,2,643,10,11,4,5,1,1,55,26.295,0
18,1,36,0,710,72,12,0,3,1,2,30,18.946,1
9,0,35,1,3595,74,21,23,3,1,1,30,230.76,0
1,0,38,0,723,10,8,2,2,1,2,25,68.985,0
0,0,34,0,10450,137,0,45,3,1,1,30,423.48,0
0,0,34,0,0,0,0,0,3,1,2,30,0.0,1
21,0,40,3,14915,221,57,34,3,1,1,30,833.44,0
34,0,29,0,711,17,0,0,4,1,2,30,81.892,1
2,0,45,0,3411,17,41,5,2,1,2,30,119.716,1
15,0,27,1,1530,38,26,15,2,1,1,25,187.56,0
34,1,37,1,799,29,11,2,3,1,1,25,7.593,1
0,0,24,0,520,4,14,1,4,1,2,45,48.1,0
0,1,39,0,3945,50,3,0,3,2,1,30,9.027,1
0,0,32,2,6470,109,255,28,2,2,1,25,1443.555,0
20,0,38,0,2425,56,7,0,3,1,2,30,59.892,1
0,0,36,1,93,1,2,2,5,1,1,55,4.41,0
21,1,40,8,10390,97,9,46,5,2,1,55,170.805,0
3,0,36,0,555,0,46,0,3,1,2,30,185.305,1
7,0,37,1,11465,154,11,47,4,1,1,45,317.975,0
14,0,42,2,6283,104,19,16,3,1,1,30,331.48,0
10,0,38,1,4615,74,7,17,3,1,1,30,215.56,0
27,0,38,3,15330,226,63,35,3,1,1,30,874.24,0
1,1,14,1,547,26,24,23,3,1,2,25,0.0,1
0,0,42,2,2320,7,6,5,4,1,2,25,86.511,1
10,0,38,0,1201,32,3,7,3,1,2,30,0.0,1
11,0,40,1,0,25,59,0,4,1,2,25,0.0,1
0,0,36,0,165,3,0,11,2,1,2,25,7.56,0
34,1,40,0,2226,65,45,16,3,1,2,30,0.0,1
13,0,39,2,7023,81,115,39,2,1,1,25,837.18,0
3,1,35,0,3712,26,15,10,3,1,2,25,41.811,1
0,0,41,1,3817,23,2,15,2,1,2,30,0.0,1
6,0,40,0,2735,57,183,27,2,1,1,25,949.14,0
20,0,31,0,895,44,11,15,2,1,2,25,91.755,1
0,0,10,0,4265,42,219,13,3,1,1,30,1048.28,0
1,0,36,0,3875,64,0,12,2,1,1,25,177.255,0
6,0,38,1,3340,30,485,8,3,1,1,30,2074.8,0
17,0,19,0,6098,137,71,29,2,2,1,25,600.075,0
0,0,31,0,6670,92,16,23,4,1,1,45,209.05,0
26,0,33,2,15780,234,7,67,2,1,1,25,752.13,0
21,1,36,0,851,71,166,0,2,1,1,30,27.333,1
17,0,37,4,9715,131,165,58,3,2,1,30,1053.84,0
2,0,45,0,487,58,0,0,2,1,2,25,71.455,1
11,0,42,1,3730,86,40,32,3,1,1,30,312.64,0
1,0,40,0,4215,6,2,6,3,1,1,25,94.845,1
34,0,37,0,888,0,9,1,2,1,2,25,137.712,1
2,1,16,1,4449,54,9,5,3,1,1,25,103.773,1
18,1,41,0,1089,0,11,5,3,1,2,25,0.0,1
14,1,12,3,2502,36,15,9,3,1,1,30,161.52,1
8,0,36,0,2533,58,22,30,3,1,2,30,191.64,0
18,0,39,3,9420,127,151,45,3,1,1,30,985.88,0
0,0,34,0,2813,66,0,11,2,1,1,25,129.555,0
3,0,36,0,5858,92,2,10,2,1,1,25,276.75,0
3,0,36,0,4065,65,0,15,2,1,1,25,185.85,0
3,0,45,0,2105,32,0,0,2,1,1,25,39.452,1
2,0,30,0,15180,170,135,27,2,1,1,25,1298.25,0
5,1,9,1,1733,22,7,7,3,1,1,30,98.2,1
0,1,41,1,1981,16,28,23,2,1,2,30,185.655,1
2,0,29,0,3180,65,16,27,3,1,1,30,193.8,0
4,0,41,2,6580,88,196,30,3,1,1,30,1050.72,0
5,0,13,0,8437,164,57,35,4,1,1,45,357.525,0
11,0,32,0,162,0,8,2,3,1,2,30,7.079,1
1,0,25,0,3236,47,0,0,2,1,2,25,106.775,1
0,0,30,1,6600,107,259,29,2,2,1,25,1467.315,0
3,0,38,0,248,7,0,1,3,1,2,30,10.2,1
14,0,15,0,3072,24,30,10,4,2,2,30,210.528,1
0,0,24,0,1073,32,14,63,4,1,1,45,62.625,0
5,0,35,0,13593,161,0,39,3,1,1,30,550.16,0
10,0,29,2,3590,70,20,27,3,1,1,30,226.4,0
5,0,42,0,393,12,15,8,3,1,2,30,76.2,1
6,0,45,0,995,67,35,22,3,1,2,30,250.204,1
1,0,25,0,1200,31,195,12,2,2,1,25,932.895,0
1,0,44,1,1244,100,3,0,3,1,2,25,0.0,1
9,1,34,0,2875,35,0,12,2,1,2,25,130.95,1
0,0,35,0,0,0,0,0,2,1,2,25,0.0,1
9,0,29,0,1068,6,8,16,4,1,2,25,0.0,1
0,0,14,0,1948,29,3,2,3,1,1,30,91.08,0
8,0,41,0,1925,54,53,26,3,1,2,30,291.16,0
4,1,37,0,6123,32,0,18,2,1,1,30,89.51,1
3,0,29,0,5455,27,8,0,2,1,2,30,90.425,1
0,0,25,0,1378,39,55,70,4,1,1,45,172.925,0
8,0,39,0,1833,49,0,19,3,1,2,30,75.28,0
5,0,32,0,305,6,7,2,3,1,2,30,40.44,1
5,0,40,1,6680,94,197,31,3,1,1,30,1058.96,0
6,0,38,0,2550,40,294,21,3,1,1,30,1279.6,0
11,0,28,6,9870,77,0,34,4,2,1,45,248.675,0
16,0,35,8,10245,93,26,44,5,2,1,55,194.07,0
14,0,37,0,2022,42,12,26,3,1,2,45,9.34,1
3,0,39,0,1620,48,46,24,3,1,2,30,250.72,0
34,1,35,0,548,92,0,18,2,1,1,25,90.225,1
3,0,27,0,542,38,45,9,4,1,2,45,520.822,1
0,0,36,0,628,7,9,4,4,1,2,45,38.375,1
10,1,27,0,264,24,35,8,4,1,2,30,51.058,1
0,0,39,0,2268,60,6,36,1,1,1,15,161.04,0
13,0,35,0,4503,66,0,36,1,1,1,15,251.295,0
23,0,39,8,10615,101,12,47,5,1,1,55,178.74,0
13,1,20,0,1289,1,17,0,3,1,2,30,29.048,1
3,0,34,0,2665,48,177,24,2,1,1,25,918.585,0
2,1,27,0,3560,47,5,13,5,1,2,30,26.374,1
0,0,29,0,1280,36,21,14,3,1,2,30,136.64,0
16,1,29,1,542,0,21,29,3,2,2,30,73.293,1
34,0,39,0,706,47,4,0,3,1,2,25,168.817,1
4,0,25,0,993,14,9,0,3,1,2,30,0.0,1
9,0,32,0,299,17,0,12,3,1,2,25,121.372,1
2,0,41,2,338,10,12,3,5,1,1,55,23.22,0
2,0,3,2,3829,25,6,1,2,1,2,25,0.0,1
7,0,36,1,2618,62,7,31,2,1,1,25,152.1,0
0,0,29,0,0,0,0,0,4,1,1,45,0.0,0
0,0,43,0,1299,100,38,0,2,1,1,30,127.29,1
5,0,14,1,1740,22,20,10,2,1,1,25,169.29,0
0,0,25,0,1010,30,186,9,2,2,1,25,883.8,0
14,0,40,2,3145,62,187,27,2,1,1,25,985.815,0
7,0,11,2,4695,46,222,12,3,1,1,30,1077.64,0
11,0,45,3,3400,39,498,11,4,1,1,45,1330.975,0
12,0,40,3,11885,166,50,53,4,1,1,45,426.275,0
2,1,25,0,1274,22,0,22,3,1,2,25,0.0,1
13,0,28,3,2473,55,58,85,5,1,1,55,124.92,0
18,0,34,7,10320,88,3,43,4,1,1,45,267.7,0
13,0,41,2,4790,83,44,23,3,1,1,30,370.92,0
5,0,32,0,11465,148,3,46,3,1,1,30,476.52,0
22,1,36,0,3304,0,14,6,2,1,2,55,0.0,1
0,1,41,1,900,0,13,0,3,1,2,30,0.0,1
9,0,44,2,2778,66,19,39,2,1,1,25,213.48,0
2,0,44,0,858,0,39,0,2,1,2,45,0.71,1
0,1,25,0,2422,0,23,0,3,1,2,30,77.662,1
0,0,23,0,0,0,0,0,4,1,2,45,0.0,0
0,0,25,0,2980,58,6,23,3,1,1,30,145.52,0
35,0,39,5,16640,254,22,88,2,2,1,25,859.23,0
17,0,17,1,9238,177,80,42,5,1,1,55,261.225,0
5,0,28,0,1273,35,16,55,4,1,1,45,72.7,0
0,0,33,0,0,0,0,0,2,1,2,25,0.0,1
13,0,41,1,3955,90,43,33,3,1,1,30,333.8,0
4,0,23,1,1695,32,36,15,3,1,1,30,213.08,0
18,0,38,2,6123,104,33,26,2,1,1,25,428.715,0
0,0,36,0,0,0,0,0,2,1,2,25,0.0,0
25,0,37,2,15025,219,22,28,3,1,1,30,697.76,0
8,0,37,1,4920,88,3,23,3,1,1,30,212.32,0
3,0,24,0,3630,66,9,21,3,1,1,30,183.84,0
16,0,39,1,3965,82,7,26,3,1,1,30,189.88,0
10,1,37,2,1946,70,0,0,2,1,2,25,69.817,1
18,0,8,0,2270,0,35,3,3,1,1,55,0.0,1
11,0,28,1,2063,46,46,73,5,1,1,55,100.635,0
4,0,27,1,1315,36,193,11,2,2,1,25,929.295,0
1,0,24,0,3137,32,44,4,3,1,1,55,0.0,1
4,0,38,0,5673,92,5,12,2,1,1,25,281.925,0
9,0,35,0,2923,19,6,0,2,1,2,25,247.126,1
16,0,41,3,4195,94,71,34,3,1,1,30,455.56,0
19,0,34,0,1090,8,46,0,3,1,1,30,86.89,1
3,0,34,0,3030,23,9,17,3,1,1,30,158.12,0
17,1,13,0,1248,0,7,0,3,1,2,25,0.0,1
34,0,3,2,3489,39,13,0,3,1,2,30,0.0,1
3,0,38,0,13173,159,0,29,3,1,1,30,533.28,0
4,1,41,0,302,7,0,0,3,1,2,45,330.968,1
2,0,36,0,4210,77,0,23,3,1,1,30,171.48,0
0,1,32,0,669,14,11,5,4,1,2,45,0.0,1
34,0,31,0,1318,73,63,2,2,1,2,30,83.643,1
18,1,40,0,3576,75,18,12,3,1,2,30,0.0,1
11,0,36,4,7270,122,278,35,3,2,1,30,1407.68,0
0,0,39,0,0,0,0,0,2,1,2,25,0.0,0
6,1,34,0,3739,74,0,0,3,1,2,30,29.371,1
9,0,28,1,1873,45,37,70,5,1,1,55,84.27,0
15,1,29,0,876,18,0,0,2,1,2,30,196.203,1
0,0,27,0,3000,57,11,25,3,1,1,30,166.28,0
3,0,43,0,1046,24,0,1,2,1,2,30,106.138,1
13,1,31,0,4370,0,10,14,3,1,2,30,70.596,1
12,1,32,0,3295,41,8,17,3,1,2,30,165.44,1
28,0,33,4,16190,243,0,79,2,2,1,25,739.485,0
0,1,37,0,0,28,29,0,3,1,1,30,0.0,1
8,0,36,0,1855,44,13,18,3,1,2,30,127.96,0
7,0,38,0,2048,53,0,14,3,1,2,30,84.04,0
1,0,45,0,1054,7,13,1,2,1,2,30,82.42,1
16,0,39,1,4908,77,9,35,1,1,1,15,323.675,0
16,0,33,6,10015,81,0,36,4,1,1,45,252.4,0
1,0,14,0,1615,24,18,10,2,1,1,25,154.755,0
9,0,36,0,699,50,0,4,2,1,2,30,72.999,1
3,1,23,0,3421,44,25,2,2,1,2,30,56.984,1
0,1,41,1,401,0,13,7,4,1,2,30,0.0,1
11,0,42,2,3405,38,22,22,4,1,1,45,141.075,0
11,0,37,0,4603,71,2,33,1,1,1,15,268.07,0
1,1,38,0,2490,84,0,28,3,1,2,25,107.887,1
1,0,35,0,4318,0,0,0,4,1,1,25,0.0,1
3,0,35,0,6413,69,101,35,2,1,1,25,746.19,0
3,1,30,0,2889,94,31,0,2,1,2,45,0.0,1
20,0,28,1,15655,226,0,74,2,1,1,25,714.645,0
6,0,34,0,172,14,6,0,3,1,2,30,60.634,1
27,0,43,4,15140,231,62,33,3,1,1,30,862.84,0
15,1,44,0,2623,62,25,23,3,1,2,30,207.4,0
5,0,6,1,4695,40,214,11,3,1,1,30,1045.4,0
3,0,31,0,15100,174,133,24,2,1,1,25,1285.83,0
0,1,30,0,0,0,0,0,4,1,2,45,0.0,1
12,1,45,0,383,0,83,0,2,1,2,25,0.0,1
1,0,30,4,6123,24,1,2,3,1,1,30,191.861,1
9,0,37,0,172,26,22,24,3,1,2,30,123.793,1
0,0,34,0,27,59,2,0,3,1,2,30,1.168,1
7,0,27,0,100,15,0,3,2,1,2,25,5.175,0
9,0,27,0,1758,39,7,66,4,1,1,45,62.425,0
10,1,40,0,393,1,6,0,2,1,2,30,0.0,1
5,0,40,1,2800,23,469,9,3,1,1,30,1988.92,0
12,0,33,1,9035,119,134,39,3,1,1,30,902.16,0
10,0,36,1,6143,99,7,10,3,1,1,30,277.68,0
11,1,34,0,1099,42,0,0,2,1,1,45,0.0,1
4,1,42,0,4742,0,5,7,2,1,2,45,0.0,1
8,0,13,0,6028,132,73,38,1,2,1,15,740.3,0
7,0,37,3,7100,96,207,41,3,1,1,30,1115.84,0
0,0,33,0,2650,22,25,16,3,1,1,30,206.88,0
3,0,40,1,1085,55,0,0,3,1,2,30,42.522,1
10,0,39,2,11580,159,9,46,4,1,1,45,315.975,0
0,0,27,0,940,16,53,7,4,1,2,45,156.4,0
24,1,42,2,3080,26,2,0,3,1,2,25,36.172,1
10,0,38,0,4198,66,1,35,1,1,1,15,240.02,0
14,0,22,5,3238,53,48,25,3,2,1,30,323.64,0
13,1,45,2,1759,50,33,16,3,1,1,25,187.191,1
15,1,37,0,2352,1,4,1,3,2,1,30,102.539,1
23,0,35,3,14960,217,43,27,3,1,1,30,779.08,0
2,0,27,1,1125,35,184,8,2,2,1,25,880.2,0
8,0,45,0,6123,7,10,0,3,1,2,45,10.664,1
33,1,39,0,2049,13,55,7,2,1,2,25,127.458,1
11,0,34,2,8935,113,133,38,3,1,1,30,893.92,0
6,0,36,1,3145,28,7,16,3,1,1,30,154.92,0
0,0,35,0,958,14,0,6,3,1,1,30,38.88,0
16,0,40,2,4080,88,39,30,3,1,1,30,322.72,0
17,0,40,3,5275,87,33,34,3,1,1,30,346.48,0
19,0,37,2,14430,214,29,32,3,1,1,30,701.76,0
12,0,15,0,8932,171,73,40,4,1,1,45,410.075,0
11,0,33,0,475,0,0,25,4,1,2,25,9.592,1
0,0,34,0,7088,115,345,37,2,1,1,25,1876.635,0
1,0,42,0,120,0,17,0,3,1,2,30,6.366,1
3,0,32,0,3793,67,60,0,5,1,1,25,0.0,1
18,0,31,0,4302,59,1,3,3,1,2,30,244.515,1
13,0,45,0,3924,7,0,0,3,1,2,25,196.809,1
0,0,21,0,930,28,176,5,2,2,1,25,835.11,0
4,0,38,1,3095,27,483,8,3,1,1,30,2056.88,0
0,0,34,0,1995,30,273,14,3,1,1,30,1173.0,0
0,0,35,0,7203,121,377,41,2,1,1,25,2026.08,0
12,0,25,0,1415,33,28,16,2,1,1,25,191.16,0
11,0,34,4,758,0,0,2,2,1,1,30,350.376,1
8,0,15,0,8333,161,52,25,4,1,1,45,342.35,0
2,1,45,0,3711,1,25,13,3,1,1,55,82.698,1
0,0,30,0,0,2,2,0,2,1,2,30,40.506,1
26,0,42,9,10695,103,16,48,5,2,1,55,185.97,0
6,0,45,0,2284,61,5,17,3,1,2,30,108.337,1
9,0,37,0,2123,48,0,13,3,1,2,30,86.84,0
2,0,38,0,2002,23,10,0,3,1,2,30,39.551,1
14,1,41,0,3250,51,24,22,3,1,2,30,228.04,1
11,0,29,0,1791,54,0,0,3,1,2,25,91.596,1
13,0,15,0,6333,138,80,40,1,2,1,15,795.905,0
3,0,43,0,1288,1,0,1,2,1,2,25,18.554,1
31,0,31,1,1529,38,15,6,3,1,2,30,251.439,1
9,0,30,1,3710,75,26,30,3,1,1,30,255.4,0
31,0,44,5,15525,233,71,38,3,1,1,30,914.32,0
1,0,35,0,6123,2,22,14,2,1,2,30,21.23,1
0,0,45,0,0,41,15,0,3,1,2,30,0.0,1
8,0,25,0,1035,31,10,10,2,1,1,25,92.97,0
9,0,37,0,4775,76,23,15,2,1,1,25,321.795,0
11,0,29,0,1840,27,36,5,4,1,2,45,136.675,0
0,0,37,0,0,0,0,0,3,1,2,30,0.0,1
1,0,26,0,3453,0,14,4,3,2,2,25,0.0,1
11,0,15,4,2978,43,27,16,3,1,1,30,228.84,0
6,0,40,0,1028,16,15,4,3,1,2,30,101.76,0
3,0,32,0,4397,89,30,0,3,1,1,45,142.325,1
1,0,34,0,7328,119,373,38,2,1,1,25,2013.615,0
1,0,45,0,0,4,26,4,2,1,2,30,116.486,1
9,0,7,0,1477,68,0,2,2,1,1,25,41.912,1
0,0,37,0,0,0,0,0,2,1,2,25,0.0,0
0,0,38,0,990,20,32,15,2,1,2,25,189.45,0
17,0,31,2,4243,32,8,0,3,1,2,25,0.0,1
1,0,24,0,1508,36,25,66,4,1,1,45,101.1,0
12,0,31,0,780,27,20,11,3,1,2,30,112.28,0
16,0,34,2,9420,121,143,44,3,1,1,30,953.64,0
2,1,36,0,788,42,36,0,3,1,1,25,0.0,1
6,0,35,0,15425,179,145,28,2,1,1,25,1354.68,0
30,0,3,0,2484,47,7,11,2,1,1,30,0.0,1
14,0,41,2,3408,75,17,35,2,1,1,25,233.235,0
0,0,45,0,1939,0,73,0,4,1,1,30,127.827,1
11,0,35,0,4675,71,4,18,2,1,1,25,231.57,0
8,0,33,0,5398,86,0,18,2,1,1,25,246.78,1
12,0,35,4,7690,113,42,39,5,1,1,55,180.045,0
8,0,25,1,1540,40,190,9,3,2,1,30,823.2,0
34,0,36,0,1134,15,11,4,4,1,2,25,62.507,1
13,0,28,2,4240,78,23,25,3,1,1,30,264.72,0
0,0,39,0,318,5,7,4,2,1,2,25,46.035,0
34,0,39,0,0,100,0,0,3,1,2,45,278.056,1
2,1,35,0,701,22,8,1,3,1,2,30,211.246,1
34,0,33,6,16980,254,28,97,2,2,1,25,901.53,0
1,1,31,0,565,0,30,2,3,1,2,30,0.0,1
3,1,27,2,0,100,9,1,3,1,1,30,0.0,1
15,1,42,0,2653,52,51,37,4,1,2,45,195.125,1
5,0,38,0,967,50,22,1,4,1,1,25,0.0,1
0,0,32,0,0,0,0,0,2,1,2,25,0.0,0
0,0,45,0,0,38,37,0,4,1,2,30,59.457,1
0,0,20,0,3225,55,0,22,3,1,1,30,131.2,0
13,0,27,0,945,28,12,7,3,1,2,30,86.92,0
1,0,36,0,1751,72,9,0,3,1,1,30,0.0,1
15,1,41,0,1114,45,20,0,2,1,2,30,75.585,1
12,0,41,1,2158,23,1,0,4,1,2,30,0.0,1
0,0,34,0,3413,76,0,26,2,1,1,25,157.005,0
11,0,44,0,851,34,5,10,4,1,2,30,81.079,1
30,1,37,4,16335,248,15,86,2,1,1,25,813.735,0
2,0,36,0,3718,82,2,28,2,1,1,25,180.0,0
9,0,42,0,2185,4,0,0,2,1,1,30,0.0,1
22,0,29,0,747,53,0,2,4,1,1,30,0.0,1
15,0,38,0,2643,60,334,22,2,1,1,25,1624.635,0
9,0,41,1,6123,17,9,11,3,1,2,45,215.618,1
5,1,26,2,3977,26,2,0,3,2,1,55,0.0,1
3,1,41,0,2787,0,0,9,3,1,2,25,23.737,1
26,1,43,0,1492,87,10,1,2,1,2,30,6.381,1
0,0,35,0,7203,121,377,41,2,1,1,25,2026.08,0
8,0,33,0,15405,180,140,26,2,1,1,25,1331.325,0
12,1,45,0,2193,0,10,0,2,1,2,25,78.616,1
8,0,37,0,407,0,0,10,3,1,1,25,79.32,1
0,1,45,0,398,0,23,0,3,1,2,30,0.0,1
0,0,35,0,380,7,0,6,2,1,2,25,17.415,0
30,0,41,5,15560,237,93,38,3,1,1,30,1003.88,0
8,0,41,0,6098,103,18,17,3,1,1,30,320.04,0
19,0,19,2,6453,144,90,44,2,2,1,25,701.865,0
22,1,36,0,4449,0,2,14,2,1,2,45,110.886,1
0,0,26,0,3100,63,12,26,3,1,1,30,174.52,0
0,0,36,0,1068,15,0,3,3,1,1,30,43.32,0
0,0,31,0,3718,76,0,27,2,1,1,25,170.73,0
1,0,31,0,4065,59,0,14,2,1,1,25,185.58,0
6,0,40,0,4038,0,5,0,2,2,1,55,24.024,1
3,1,43,0,1595,24,0,4,2,2,2,25,60.477,1
0,1,25,0,1010,30,186,9,2,2,1,25,883.8,1
15,1,45,0,1014,70,9,7,2,1,1,30,0.0,1
4,0,29,0,3147,18,0,0,4,1,1,25,0.0,1
14,0,35,0,2024,100,2,6,2,1,2,45,78.948,1
7,1,39,0,3380,0,5,1,3,1,2,30,129.968,1
3,1,42,0,0,23,27,2,2,1,2,30,7.008,1
17,0,45,0,479,17,0,6,3,1,1,25,127.461,1
29,0,29,3,16300,242,7,78,2,1,1,25,775.89,0
32,1,36,4,16560,252,18,87,2,2,1,25,837.54,0
4,0,35,0,1818,42,0,11,3,1,2,30,74.4,0
4,0,40,0,595,28,5,0,4,1,2,30,59.406,1
11,0,40,0,1890,31,15,13,2,1,2,25,153.945,0
14,0,36,0,3180,41,7,14,3,1,2,30,156.84,1
5,0,38,0,13583,168,0,41,3,1,1,30,550.04,0
4,1,33,0,251,65,7,0,5,1,2,30,107.207,1
0,1,32,0,3564,62,42,0,2,1,2,55,29.555,1
7,0,38,0,3175,72,11,13,3,1,1,30,173.88,0
2,0,36,0,4210,77,0,23,3,1,1,30,171.48,0
6,1,42,0,2510,0,42,0,3,1,2,55,143.073,1
11,0,11,4,5295,56,243,27,3,2,1,30,1186.04,0
32,0,35,0,6123,0,7,0,4,1,2,30,0.0,1
13,0,38,0,2838,64,29,32,3,1,2,30,232.08,0
4,0,29,0,2730,31,0,10,2,1,2,25,124.245,1
18,0,41,3,5530,100,17,27,4,1,1,45,183.25,0
0,0,36,0,42,82,0,5,3,1,2,25,7.204,1
13,0,44,2,14158,177,17,50,3,1,1,30,641.4,0
6,0,9,0,5828,125,63,34,1,2,1,15,673.915,0
8,0,20,0,1225,26,11,12,2,1,1,25,105.795,0
4,0,9,1,4580,41,224,13,3,1,1,30,1080.84,0
34,1,26,0,694,0,0,7,4,1,2,25,0.0,1
0,1,43,2,1102,41,1,0,3,1,2,25,46.111,1
0,0,35,0,513,1,0,3,4,1,2,45,12.85,1
1,0,27,0,1443,41,34,71,4,1,1,45,122.1,0
4,0,9,0,1625,51,50,5,3,1,2,25,191.075,1
0,1,30,1,853,57,3,34,2,1,1,30,0.0,1
15,0,33,0,6123,40,48,6,2,1,2,25,18.382,1
10,0,35,1,9000,116,146,44,3,1,1,30,948.64,0
20,0,33,2,1790,48,41,21,2,1,1,25,267.21,0
3,0,36,0,4065,65,0,15,2,1,1,25,185.85,0
0,0,37,0,0,0,0,0,2,1,2,25,0.0,0
2,0,35,0,2895,33,0,0,2,1,1,30,74.31,1
34,0,33,0,850,0,3,2,2,1,1,30,227.73,1
5,0,39,0,580,10,7,2,2,1,2,25,58.05,0
34,0,38,0,1777,14,3,1,2,1,1,30,51.493,1
17,0,32,0,728,68,10,0,3,1,2,25,0.0,1
4,0,35,0,15180,176,143,28,2,1,1,25,1334.52,0
4,0,41,1,4210,83,3,24,3,1,1,30,183.72,0
8,0,37,0,3244,0,10,0,3,1,1,30,0.0,1
9,0,43,1,1373,13,2,13,2,2,2,30,97.132,1
4,0,36,0,13713,166,0,42,3,1,1,30,555.16,0
0,0,35,0,0,0,0,0,2,1,2,25,0.0,0
17,0,17,1,9237,177,80,42,5,1,1,55,261.21,0
21,1,36,8,10435,93,1,42,5,2,1,55,159.42,0
13,1,43,0,903,7,7,8,4,1,2,25,0.0,1
6,1,11,2,1602,24,0,6,3,1,1,30,65.04,1
0,1,45,0,3481,9,39,13,4,1,1,25,31.139,1
20,0,36,2,14835,219,47,30,3,1,1,30,790.16,0
11,0,45,0,3276,72,0,0,5,1,2,30,82.217,1
0,0,20,0,0,0,4,0,4,1,2,45,10.0,0
13,0,44,3,4900,91,19,31,3,1,1,30,275.64,0
4,1,27,0,64,0,70,0,2,1,2,45,102.872,1
11,1,36,0,1866,4,24,6,4,1,2,45,0.0,1
4,0,33,0,3290,68,14,21,2,1,1,25,214.11,0
10,0,25,0,1548,0,17,0,2,1,2,25,0.0,1
4,1,43,0,840,6,37,0,4,1,2,30,0.0,1
0,0,30,0,2475,13,0,10,3,1,1,30,99.52,0
1,0,32,0,0,0,11,1,2,1,2,55,0.0,1
18,1,44,0,0,100,10,0,2,1,2,30,176.604,1
23,0,34,1,1886,11,10,0,2,1,2,30,382.304,1
4,0,25,0,3415,62,17,26,3,1,1,30,207.08,0
25,0,31,3,16075,238,0,80,2,1,1,25,734.085,0
3,0,37,0,1115,19,14,6,2,1,2,25,114.03,0
0,1,37,2,5331,29,7,9,3,1,2,30,0.0,1
2,0,29,0,2498,0,18,0,2,1,1,25,3.197,1
11,0,40,0,2990,47,17,17,3,1,2,30,189.48,1
5,0,28,0,3345,19,0,0,5,1,2,30,0.0,1
13,0,40,1,4313,71,0,34,1,1,1,15,241.12,0
3,1,45,2,6123,0,9,1,2,1,2,25,0.0,1
14,0,27,1,716,5,0,1,2,1,1,30,79.27,1
0,0,41,0,93,1,10,6,2,1,2,25,49.23,0
0,1,37,0,2187,6,202,7,3,1,2,45,12.935,1
0,0,29,0,0,0,0,0,2,1,2,25,0.0,0
11,1,41,0,2268,50,42,32,4,1,2,45,162.95,1
5,0,43,0,260,10,15,6,2,1,2,25,79.65,1
0,0,32,0,2008,50,0,27,1,1,1,15,113.19,0
11,0,31,0,548,0,1,0,2,1,2,25,34.181,1
19,0,43,0,270,8,2,2,3,1,2,25,60.356,1
3,0,38,0,2393,58,2,33,1,1,1,15,145.805,0
1,0,30,0,3693,8,45,11,2,1,2,30,121.499,1
0,0,36,0,5790,75,161,26,3,1,1,30,878.6,0
0,0,26,0,0,0,0,0,2,1,2,25,0.0,0
5,0,41,0,623,11,14,6,3,1,2,30,81.36,0
19,0,40,3,7733,92,123,39,2,1,1,25,905.625,0
3,0,34,0,1550,38,6,16,3,1,2,30,87.52,0
1,0,34,0,2840,22,0,14,3,1,1,30,114.48,0
16,0,35,2,5943,96,22,21,2,1,1,25,370.755,1
13,0,32,6,10070,84,0,38,4,1,1,45,253.85,0
0,0,33,0,0,0,0,0,3,1,2,30,0.0,1
0,0,40,1,2870,23,486,10,3,1,1,30,2059.72,0
4,0,30,0,4437,27,5,5,3,1,2,45,0.0,1
16,0,38,0,1542,8,25,0,2,1,2,25,0.0,1
21,0,40,2,3468,77,374,26,3,1,1,30,1637.8,0
13,1,26,0,832,0,63,4,3,1,2,30,0.0,1
0,0,35,0,290,2,0,2,2,1,2,25,13.14,0
2,0,8,0,4275,34,183,6,3,1,1,30,904.36,0
7,0,40,0,1714,55,10,0,2,1,2,30,93.956,1
4,1,43,0,581,70,9,0,3,1,2,30,57.309,1
1,0,37,0,5728,95,32,14,3,1,1,30,360.92,0
4,0,41,0,890,22,24,13,3,1,2,30,132.48,0
13,0,41,2,9070,125,152,47,3,1,1,30,975.8,0
10,0,40,1,2888,65,18,38,2,1,1,25,213.885,0
11,0,16,1,6203,141,110,44,2,2,1,25,780.48,0
16,0,29,0,1005,31,17,9,3,1,2,30,109.44,0
1,0,32,0,6500,80,178,25,3,1,1,30,975.2,0
0,0,21,0,1390,26,29,13,2,1,1,25,194.22,0
4,0,42,1,3050,31,491,12,3,1,1,30,2087.24,0
18,1,35,0,875,70,2,9,2,1,2,25,29.101,1
27,0,29,0,153,39,15,4,2,1,2,30,41.18,1
4,0,31,0,2780,47,167,22,2,1,1,25,878.715,0
6,1,42,1,191,2,23,0,4,1,2,30,0.0,1
15,1,36,0,3700,52,17,16,3,1,2,30,218.08,1
0,0,32,0,2345,15,0,9,3,1,1,30,94.4,0
2,0,40,0,3673,86,10,32,2,1,1,25,214.155,0
0,0,38,0,0,0,0,0,2,1,2,25,0.0,0
0,0,34,0,568,4,4,2,4,1,2,45,24.3,1
24,0,36,0,2263,66,0,0,2,1,1,25,22.478,1
16,0,18,2,6508,147,117,46,2,2,1,25,825.975,0
0,0,3,0,991,0,15,0,3,1,2,30,35.302,1
0,0,30,0,6123,14,2,0,4,1,2,25,83.808,1
5,0,34,2,3440,32,21,29,3,1,1,30,222.88,0
5,0,37,1,305,6,7,2,5,1,1,55,15.165,0
32,0,45,0,734,0,14,20,3,1,2,30,0.0,1
4,1,37,0,926,46,27,4,2,1,2,25,0.0,1
8,0,34,3,7210,119,273,33,2,2,1,25,1558.305,0
2,0,29,1,3989,7,6,0,2,1,2,45,76.168,1
11,0,15,0,6087,135,78,40,1,2,1,15,771.21,0
3,0,15,3,2663,45,56,21,3,1,1,30,332.32,0
5,0,35,0,6490,93,7,9,5,1,1,55,109.245,0
4,0,21,0,1875,34,39,19,2,1,1,25,261.405,0
0,0,16,0,1390,20,21,12,2,1,1,25,157.95,0
11,0,41,2,6338,107,46,18,3,1,1,30,441.8,0
9,0,22,0,700,19,2,6,2,1,2,25,41.355,0
12,1,38,1,2328,47,39,33,3,1,1,30,251.0,1
7,0,40,1,2475,44,283,17,3,1,1,30,1232.76,0
2,0,40,0,4475,45,3,0,3,1,1,25,27.216,1
6,0,33,0,2930,38,4,14,2,1,2,25,151.56,1
15,1,41,0,3375,49,26,22,3,1,2,30,240.96,1
9,0,38,1,15600,188,182,34,2,1,1,25,1529.46,0
9,1,39,0,2945,45,17,20,3,1,2,30,187.6,1
5,0,39,0,4245,73,9,20,2,1,1,25,234.81,0
2,0,42,0,1192,0,34,0,2,1,2,25,172.411,1
27,0,38,1,1375,18,20,1,3,1,1,25,2.675,1
10,0,15,0,8742,170,64,37,4,1,1,45,382.8,0
18,1,37,0,5208,0,75,3,3,1,2,30,35.512,1
0,0,39,0,1596,0,27,13,5,1,2,25,0.0,1
19,0,42,0,3382,0,9,5,3,1,2,30,58.541,1
2,0,45,0,3344,11,11,0,3,1,2,25,32.431,1
34,1,31,2,943,0,21,8,3,1,2,25,0.0,1
3,1,8,0,641,0,24,0,4,1,2,30,4.602,1
0,0,34,0,0,0,0,0,3,1,1,30,0.0,0
6,0,43,0,1260,22,17,17,2,1,2,25,134.19,0
16,0,28,0,470,33,0,10,2,1,2,25,22.635,1
2,1,15,0,1308,69,5,7,3,1,2,30,0.0,1
5,0,39,0,305,6,7,2,2,1,2,25,45.495,1
6,0,45,0,703,13,24,10,3,1,2,30,124.64,0
2,0,28,2,2061,48,0,0,3,1,2,25,0.0,1
2,1,7,2,1783,23,14,20,3,1,1,30,128.24,1
3,1,39,1,60,3,5,2,2,1,1,25,25.335,1
5,0,40,0,825,19,11,7,3,1,2,30,77.76,0
5,0,28,0,1130,16,28,5,4,1,2,45,98.65,0
3,0,29,0,825,0,15,3,2,1,2,45,65.106,1
8,0,44,0,354,37,49,0,4,1,2,30,96.691,1
3,0,13,1,2433,33,0,13,3,1,1,30,98.64,0
3,1,41,1,2066,0,35,3,2,1,2,45,0.0,1
30,0,41,0,408,25,0,7,3,1,1,25,63.015,1
10,0,29,0,0,0,43,5,4,1,2,25,0.0,1
20,0,39,3,9610,128,160,48,3,1,1,30,1029.52,0
11,0,37,1,4495,69,7,14,3,1,1,30,210.56,0
10,0,41,0,5042,95,0,0,2,1,1,25,6.248,1
5,0,41,0,623,11,14,6,3,1,2,30,81.36,0
0,0,35,0,10970,147,0,42,3,1,1,30,444.68,0
34,1,25,0,4333,83,8,0,4,1,2,55,87.33,1
5,0,11,2,4505,45,213,9,3,1,1,30,1034.0,0
0,0,36,0,133,2,0,2,3,1,2,30,5.4,1
0,0,39,0,3249,6,12,0,4,1,2,45,0.0,1
21,0,28,2,2240,49,34,15,2,1,1,25,256.005,0
34,1,29,2,3369,37,20,0,3,1,2,30,154.123,1
34,1,37,1,6123,0,5,0,2,1,2,30,0.0,1
10,0,36,2,4070,86,46,41,3,1,1,30,350.24,0
12,0,30,2,5361,0,2,0,4,1,2,30,0.0,1
5,0,21,0,315,17,0,1,2,1,2,25,14.94,0
6,0,36,0,3470,76,25,26,2,1,1,25,272.07,0
2,0,32,0,1985,72,6,0,3,1,2,45,2.043,1
12,0,44,2,6303,103,24,18,3,1,1,30,352.24,0
2,0,9,1,4390,40,215,10,3,1,1,30,1037.2,0
11,0,37,0,3660,76,0,24,2,1,1,25,168.12,0
3,0,40,1,4290,79,5,27,3,1,1,30,194.76,0
14,0,17,0,2872,0,0,7,2,1,2,30,0.0,1
0,0,34,0,1875,37,147,6,2,1,1,25,747.54,0
1,0,31,1,6545,104,232,27,2,2,1,25,1343.205,0
5,0,38,2,643,10,11,4,5,1,1,55,26.295,0
11,0,40,1,4430,74,10,19,3,1,1,30,220.16,0
4,0,19,0,840,24,2,7,2,1,1,25,47.88,0
12,0,3,1,1687,0,5,0,2,1,1,45,0.0,1
10,0,41,0,2408,64,367,28,3,1,1,30,1566.88,0
0,1,30,0,0,46,10,16,3,2,2,45,26.19,1
0,0,40,0,7203,127,385,42,3,1,1,30,1833.2,0
1,0,36,0,5613,89,0,10,2,1,1,25,256.59,0
13,0,39,1,2513,63,364,26,3,1,1,30,1559.04,0
0,0,35,0,12758,152,0,42,3,1,1,30,516.4,0
29,0,43,0,4347,0,22,0,3,1,2,25,20.26,1
6,0,33,0,11385,152,1,43,3,1,1,30,465.48,0
0,0,34,0,3223,75,0,23,2,1,1,25,148.41,0
7,0,39,0,495,7,16,5,2,1,2,25,94.59,1
18,0,15,0,452,2,39,0,2,1,1,30,25.798,1
13,1,40,1,3770,4,0,6,3,1,2,30,250.815,1
13,0,39,0,2457,61,4,11,2,1,2,25,110.982,1
0,0,33,0,0,0,0,0,3,1,2,30,0.0,1
4,1,32,0,1257,44,30,3,3,1,2,30,0.268,1
17,0,41,2,15850,191,162,34,2,1,1,25,1450.845,0
7,0,36,0,4083,61,3,36,1,1,1,15,244.42,0
0,0,31,0,2790,15,468,5,3,1,1,30,1984.2,0
22,1,39,5,10020,137,172,60,3,1,1,30,1094.28,0
1,0,28,0,6785,91,6,21,4,1,1,45,186.9,0
28,0,34,0,297,26,0,0,4,1,1,30,0.0,1
13,0,27,0,1167,0,3,2,2,1,1,45,26.506,1
8,0,38,0,2085,56,77,26,4,1,2,45,246.025,0
0,0,32,0,3353,73,0,24,2,1,1,25,154.17,0
0,0,34,0,6123,19,5,0,4,1,2,45,0.0,1
6,0,36,0,2780,53,175,23,2,1,1,25,914.985,0
6,0,34,0,13693,167,0,40,3,1,1,30,554.4,0
10,0,37,0,2453,60,359,24,3,1,1,30,1536.52,0
34,1,38,1,827,12,9,0,3,1,1,30,99.707,1
0,1,31,1,1018,47,29,0,2,1,2,30,0.0,1
9,0,38,1,4213,89,18,33,3,1,1,30,244.08,0
1,0,33,1,6540,94,12,22,4,1,1,45,195.85,0
5,0,33,0,305,6,7,2,2,1,2,25,45.495,1
9,1,36,0,3105,47,41,20,3,1,2,30,290.08,1
1,1,32,0,5407,42,11,0,2,1,2,30,7.948,1
18,0,39,3,9420,127,151,45,3,1,1,30,985.88,0
6,0,7,1,4615,44,212,8,3,1,1,30,1034.36,0
28,0,30,4,16200,236,7,77,2,2,1,25,771.12,0
0,0,19,0,750,20,171,3,2,2,1,25,804.15,0
0,1,43,0,750,0,2,0,2,1,2,45,0.0,1
0,0,24,0,1263,33,23,66,4,1,1,45,89.9,0
10,1,44,0,1193,23,31,12,4,1,2,45,107.9,1
10,0,39,0,6123,36,10,0,3,1,2,30,10.966,1
2,1,44,0,4033,0,18,0,4,1,2,30,93.034,1
5,0,40,1,770,17,18,10,3,1,1,30,103.48,0
23,0,44,3,6383,114,48,32,3,1,1,30,451.88,0
6,0,32,2,6910,95,10,19,5,1,1,55,120.075,0
28,0,38,2,363,10,19,4,4,1,2,30,171.883,1
7,0,35,0,2745,38,7,16,3,1,1,30,139.32,1
12,0,33,0,2573,44,33,32,3,1,2,30,236.68,1
18,0,32,0,326,31,2,0,2,1,2,25,31.519,1
9,0,34,0,0,5,23,0,2,1,1,25,1.33,1
0,0,16,0,1390,20,21,12,2,1,1,25,157.95,0
4,0,31,2,2357,51,0,8,3,1,2,30,51.981,1
3,0,37,0,4293,15,0,6,2,1,1,30,157.02,1
0,0,26,0,6480,85,0,19,4,1,1,45,164.125,0
0,1,35,0,3037,13,11,0,3,1,2,30,1.503,1
0,0,33,0,11100,145,0,43,3,1,1,30,449.8,0
7,0,45,1,2952,0,1,20,3,1,2,25,250.945,1
12,0,39,2,11770,160,18,49,4,1,1,45,343.25,0
16,0,40,2,4080,88,39,30,3,1,1,30,322.72,0
21,0,36,8,10435,93,1,42,5,1,1,55,159.42,0
0,1,35,0,295,4,14,13,2,1,2,25,76.455,1
20,0,42,0,2258,2,50,0,3,1,1,30,35.398,1
13,0,21,2,2710,43,43,16,3,1,1,30,282.12,0
15,0,42,2,7203,89,126,44,2,1,1,25,895.14,0
0,0,27,0,700,12,25,6,4,1,2,45,80.3,0
4,1,45,0,887,40,12,0,3,1,2,30,204.785,1
9,0,13,0,8817,166,75,41,4,1,1,45,412.075,0
7,0,33,3,7370,121,272,31,2,2,1,25,1561.095,0
0,0,35,0,570,8,0,9,2,1,2,25,26.01,0
14,1,36,0,3061,0,0,13,4,1,1,30,110.679,1
5,0,10,0,3504,30,5,4,2,1,1,25,124.381,1
13,0,36,4,7460,123,287,38,3,2,1,30,1451.32,0
11,1,45,0,2230,60,34,6,2,1,2,30,36.28,1
8,0,31,0,6123,90,47,4,2,1,2,45,0.0,1
9,0,25,2,2000,38,43,17,3,1,1,30,253.52,0
0,0,28,0,491,62,3,2,4,1,1,25,135.29,1
0,0,30,0,1283,17,0,5,3,1,1,30,52.0,0
2,0,36,0,718,0,2,0,3,1,2,30,0.0,1
0,0,36,0,3118,72,0,13,2,1,1,25,143.55,0
0,0,35,0,438,7,34,6,4,1,2,45,96.125,1
28,0,33,0,1964,61,0,0,3,1,1,30,0.0,1
20,1,40,1,1473,18,0,0,3,1,1,45,81.513,1
0,0,25,0,0,0,0,0,4,1,2,45,0.0,0
8,0,38,2,6833,81,140,41,2,1,1,25,941.13,0
12,0,28,0,1405,40,30,18,2,1,1,25,200.025,0
2,1,44,3,212,60,0,0,4,1,2,55,184.32,1
3,0,29,1,3305,63,18,27,3,1,1,30,206.72,0
1,0,38,0,4105,71,29,18,3,1,2,45,0.0,1
16,0,30,0,1120,37,49,13,3,1,2,30,242.28,0
2,1,30,0,263,47,34,3,3,1,2,30,123.632,1
9,0,23,1,1520,36,33,26,2,1,1,25,218.52,0
11,0,39,0,6108,95,7,10,2,1,1,25,310.635,0
0,1,34,0,0,0,0,0,4,1,2,45,0.0,1
9,1,30,0,2167,0,14,0,4,1,2,30,0.0,1
14,0,37,2,3053,70,380,39,3,1,1,30,1644.92,0
0,1,36,0,3453,13,19,7,4,1,2,25,275.999,1
0,0,29,0,527,100,9,0,3,1,2,25,0.0,1
2,0,42,0,498,13,18,9,2,1,2,25,103.995,0
8,1,31,0,2910,39,0,12,3,1,2,30,117.96,1
4,0,34,0,15065,170,111,24,2,1,1,25,1185.075,0
5,0,24,0,305,6,18,2,4,1,2,45,52.775,0
15,0,40,2,9295,129,155,48,3,1,1,30,996.96,0
0,0,35,0,0,0,0,0,5,1,1,55,0.0,0
2,0,18,0,1695,26,28,14,2,1,1,25,203.445,0
3,0,31,0,6458,65,93,31,2,1,1,25,712.035,0
5,0,34,1,11285,146,0,42,4,1,1,45,285.775,0
11,0,26,0,585,19,0,3,2,1,2,25,27.18,0
9,0,29,2,1988,51,69,74,5,1,1,55,134.085,0
0,0,31,0,490,6,0,5,2,1,2,25,22.32,0
2,0,40,0,2181,66,29,4,2,1,2,30,0.0,1
0,0,34,0,1363,19,0,4,3,1,1,30,55.28,0
3,0,41,0,1642,0,47,4,3,1,2,30,179.202,1
9,0,33,4,7090,114,267,30,3,2,1,30,1356.16,0
5,1,40,2,0,52,33,3,3,1,1,45,32.759,1
6,1,36,0,2123,49,10,18,3,1,2,30,126.88,0
12,0,42,0,3561,17,7,8,2,1,2,30,0.0,1
16,0,44,2,3345,69,197,31,2,1,1,25,1040.13,0
11,1,41,0,2237,1,20,0,3,1,2,30,0.0,1
1,0,28,2,6705,106,256,27,2,2,1,25,1458.495,0
5,0,36,0,1668,34,13,16,3,1,2,30,120.08,1
0,0,36,0,3528,81,0,25,2,1,1,25,162.405,0
3,1,24,0,604,7,0,2,3,1,2,45,3.523,1
6,0,34,3,6965,116,271,33,2,2,1,25,1538.145,0
7,0,35,0,2058,46,0,12,3,1,2,30,84.16,0
18,0,9,0,1133,0,6,0,3,1,1,25,42.16,1
0,0,4,0,3905,26,197,3,3,1,1,30,945.24,0
10,0,37,0,2643,59,9,15,3,1,2,30,144.08,0
1,1,39,0,1629,1,26,2,3,2,2,25,0.0,1
3,0,37,1,6500,86,186,26,3,1,1,30,1007.44,0
4,1,34,2,314,29,34,0,3,1,2,25,59.49,1
10,0,38,0,1973,40,20,18,3,1,2,30,160.52,1
0,0,39,0,650,10,3,13,2,1,2,25,43.2,0
8,1,26,0,588,18,20,4,3,1,2,25,0.0,1
3,0,35,2,196,73,202,2,3,1,2,25,7.532,1
4,0,33,0,2685,35,2,14,2,1,2,25,131.4,1
3,0,41,1,378,8,12,6,3,1,1,30,63.44,0
29,0,31,5,16675,248,21,95,2,1,1,25,856.035,0
2,1,28,0,904,9,0,6,2,1,2,30,60.145,1
10,0,23,0,620,23,0,3,2,1,2,25,28.935,0
0,1,37,2,3077,0,66,6,3,1,1,30,0.0,1
19,1,38,0,383,0,34,15,2,1,2,30,0.0,1
0,0,31,0,5880,81,0,5,4,1,1,45,149.025,0
6,1,40,3,6123,0,42,9,3,1,2,30,37.405,1
2,0,34,1,523,41,0,0,4,1,2,30,0.0,1
0,0,31,0,3233,68,0,21,2,1,1,25,148.545,0
19,0,22,2,9237,183,88,43,5,1,1,55,273.3,0
6,0,39,0,1963,44,35,30,3,1,2,30,220.28,1
4,1,42,1,3496,0,27,5,3,1,2,30,0.0,1
7,1,16,2,1431,40,23,10,2,1,2,25,113.619,1
16,0,36,0,14235,209,26,15,3,1,1,30,681.76,0
2,0,36,1,952,15,2,6,2,1,2,30,61.816,1
10,0,42,2,6718,81,116,38,2,1,1,25,827.955,0
7,0,35,0,3185,58,176,21,2,1,1,25,937.935,0
0,0,27,0,715,26,172,1,2,2,1,25,807.345,0
34,1,24,0,444,66,7,0,3,2,2,30,23.318,1
0,0,29,1,1090,32,196,13,2,2,1,25,932.49,0
10,0,39,0,3070,43,19,20,3,1,2,30,200.52,1
34,0,41,0,1830,0,9,0,2,1,2,30,61.435,1
7,0,45,0,4259,3,4,26,2,1,2,30,34.523,1
0,0,35,0,0,0,2,0,2,1,2,25,9.0,1
20,0,39,0,2836,68,0,0,4,1,2,45,37.592,1
3,0,37,1,6500,86,186,26,3,1,1,30,1007.44,0
3,0,14,2,2548,39,24,17,3,1,1,30,199.48,0
5,0,36,0,3893,60,0,33,1,1,1,15,217.415,0
9,1,37,0,3056,0,10,0,2,1,1,30,0.0,1
1,1,33,1,4557,100,2,11,2,1,2,30,72.276,1
26,0,35,4,16155,240,10,84,2,1,1,25,782.775,0
4,0,30,1,3225,67,16,24,3,1,1,30,195.68,0
10,0,12,0,8753,163,62,35,4,1,1,45,377.9,0
3,0,37,0,10865,144,0,32,3,1,1,30,440.36,0
12,1,8,3,2401,73,202,0,2,1,2,30,124.785,1
12,0,35,0,725,24,2,13,3,1,2,30,101.852,1
9,0,31,0,3196,65,7,0,4,1,2,25,49.936,1
10,0,33,1,2498,56,351,20,3,1,1,30,1506.16,0
2,0,36,0,2180,43,154,8,2,1,1,25,793.035,0
0,0,8,0,3680,29,190,10,3,1,1,30,908.36,0
15,0,23,1,15510,222,0,72,2,1,1,25,707.94,0
14,0,44,1,890,20,29,1,2,1,1,30,0.0,1
19,0,37,0,1025,0,0,0,3,1,2,30,172.447,1
10,0,40,2,4575,86,7,27,3,1,1,30,214.44,0
4,0,36,0,1933,48,1,15,3,1,2,30,83.24,0
34,1,30,0,1088,72,36,0,2,1,2,45,0.0,1
3,0,30,0,1386,0,0,3,3,1,2,45,65.516,1
0,0,32,0,10980,140,0,40,3,1,1,30,444.8,0
29,1,34,0,1665,58,24,17,3,1,2,30,164.92,1
4,0,36,0,15295,182,175,32,2,1,1,25,1483.965,0
0,1,41,0,1919,0,25,21,4,1,1,30,0.0,1
0,1,30,0,1072,81,123,0,3,1,2,45,75.61,1
1,0,40,0,213,4,10,6,3,1,2,30,48.68,1
0,0,23,0,553,22,0,66,4,1,1,45,14.375,0
29,0,36,3,15365,229,51,30,3,1,1,30,827.76,0
13,1,45,0,3763,9,11,16,4,1,2,25,155.816,1
7,0,31,0,2886,6,0,24,2,1,2,45,41.561,1
13,0,41,3,7350,113,36,30,5,1,1,55,165.945,0
4,0,39,0,918,15,28,19,3,1,2,30,149.32,0
7,0,42,1,3978,92,17,34,3,1,1,30,230.8,0
2,0,35,0,14990,175,134,25,2,1,1,25,1285.425,0
9,0,38,0,2238,54,8,17,3,1,2,30,123.68,0
5,0,35,0,2148,54,352,22,2,1,1,25,1683.09,0
13,0,37,0,1864,56,8,18,2,1,1,25,0.0,1
33,0,31,0,1333,21,0,15,2,1,1,30,0.0,1
5,0,45,0,372,0,15,0,3,1,2,25,0.0,1
6,1,41,0,0,0,18,6,3,1,2,25,72.639,1
7,1,35,0,923,23,6,0,4,1,2,30,0.0,1
12,0,18,0,1523,27,7,0,4,1,2,30,31.243,1
9,0,40,1,2665,45,292,20,3,1,1,30,1276.4,0
0,1,38,0,403,3,12,6,4,1,2,45,40.15,1
6,0,24,0,4131,17,1,10,3,1,2,25,303.527,1
3,0,32,2,6905,113,266,31,2,2,1,25,1512.81,0
1,0,29,0,0,15,63,6,4,1,2,30,93.724,1
20,0,32,7,10355,91,0,38,4,1,1,45,261.15,0
7,0,23,0,1165,29,14,11,2,1,1,25,116.73,0
5,0,41,0,2839,37,6,26,2,1,2,30,0.0,1
6,1,34,0,940,23,0,16,2,1,2,30,0.0,1
0,1,33,0,3865,12,11,15,4,1,2,30,30.941,1
3,0,27,1,3223,9,19,0,5,1,1,30,0.0,1
9,1,43,0,1155,64,0,0,3,1,2,45,52.401,1
10,0,29,0,2640,5,0,7,3,1,2,25,0.828,1
2,0,42,0,3721,82,30,0,4,1,2,25,85.252,1
3,0,38,2,398,7,9,4,5,1,1,55,19.575,0
6,0,26,0,510,25,35,9,3,1,2,30,161.4,0
5,0,42,1,821,77,2,4,3,1,2,30,0.0,1
0,0,26,1,6400,100,249,25,2,2,1,25,1413.0,0
5,0,15,2,387,0,1,0,3,1,1,30,11.319,1
18,1,37,0,3895,57,37,33,3,1,2,30,306.08,1
19,0,17,1,9427,178,89,45,5,1,1,55,277.575,0
2,0,36,0,13468,163,0,42,3,1,1,30,545.24,0
9,0,33,0,2373,58,349,20,2,1,1,25,1679.895,0
20,0,41,0,3253,71,23,19,4,1,2,45,140.6,0
12,0,14,0,8818,165,41,36,4,1,1,45,327.075,0
7,0,19,0,918,9,27,5,3,1,1,25,0.0,1
9,1,42,1,1373,100,8,0,4,1,1,55,0.0,1
12,0,29,1,2163,46,14,0,2,1,2,25,0.0,1
2,1,36,0,736,8,0,1,2,1,2,30,102.217,1
5,0,34,1,305,6,7,2,5,1,1,55,15.165,0
0,0,40,3,0,49,36,0,3,1,1,25,0.0,1
8,0,16,3,2852,45,31,19,3,1,1,30,239.88,0
17,0,46,3,5080,99,24,33,4,1,1,45,189.475,0
12,0,28,0,2382,0,17,0,2,1,2,25,0.0,1
34,1,38,0,490,4,1,0,4,1,2,30,0.061,1
23,1,30,0,1195,84,0,20,4,1,1,45,29.143,1
6,0,25,0,625,22,0,2,2,1,1,25,29.115,0
4,0,38,0,2360,39,285,18,3,1,1,30,1235.96,0
25,1,33,0,1200,50,18,17,3,1,2,30,122.0,1
0,0,12,1,1182,19,1,6,3,1,1,30,52.04,1
30,0,44,0,4027,72,5,0,3,1,1,25,145.198,1
0,0,34,0,1608,22,0,4,3,1,1,30,65.2,0
0,0,36,0,1865,32,269,13,3,1,1,30,1151.88,0
24,1,32,0,664,72,60,0,2,1,2,25,0.0,1
12,0,37,0,3105,46,7,15,3,1,2,30,154.04,1
31,0,38,0,1787,8,5,0,3,1,2,25,20.411,1
15,0,13,0,6313,139,75,38,1,2,1,15,767.36,0
2,0,36,0,1221,0,0,0,4,1,2,25,0.0,1
9,1,15,3,1873,27,17,13,3,1,1,30,144.0,1
8,0,38,0,7698,127,359,41,2,1,1,25,1967.625,0
0,1,37,0,800,58,5,0,3,1,2,30,0.0,1
13,0,19,1,9013,173,83,44,5,1,1,55,262.29,0
4,0,26,0,1568,39,30,68,4,1,1,45,115.175,0
3,0,29,0,1007,100,28,0,2,1,1,25,84.291,1
2,1,7,0,3017,29,5,9,3,1,2,45,3.276,1
11,1,29,0,3890,0,34,0,2,1,1,30,40.103,1
15,0,35,7,9725,82,0,42,4,1,1,45,245.175,0
34,1,31,0,2978,2,2,5,3,1,1,30,0.0,1
14,0,29,6,10130,81,0,39,4,1,1,45,255.275,0
10,0,21,1,1270,28,11,9,2,1,1,25,107.91,0
5,0,32,0,1633,14,0,5,3,1,1,25,109.478,1
3,0,45,0,1713,14,34,3,4,1,2,25,0.0,1
14,1,40,0,2543,60,15,19,3,1,2,30,164.12,0
3,0,43,0,4473,31,1,4,3,1,1,30,100.881,1
0,0,26,0,605,25,168,11,2,2,1,25,784.35,0
6,0,34,0,4913,33,28,0,2,1,2,25,0.0,1
14,1,44,0,6123,46,4,8,4,1,2,30,29.599,1
34,1,12,0,1862,0,2,0,4,1,1,25,81.2,1
19,0,43,4,9500,129,161,49,3,1,1,30,1029.16,0
2,0,31,1,143,17,2,0,4,1,1,45,20.493,1
4,0,37,0,2245,33,253,14,3,1,1,30,1103.12,0
7,0,9,0,341,33,2,0,2,1,2,30,19.185,1
7,0,12,3,4810,52,254,16,3,1,1,30,1210.48,0
10,0,30,0,858,26,0,5,3,1,2,45,0.0,1
1,0,10,1,3985,35,197,12,3,1,1,30,948.8,0
11,0,42,1,15485,188,158,31,2,1,1,25,1416.285,0
0,0,33,0,795,12,0,7,2,1,2,25,36.315,0
7,0,37,1,11465,154,11,47,4,1,1,45,317.975,0
1,1,31,0,144,0,2,2,3,1,2,25,201.125,1
33,1,38,2,283,30,2,9,3,1,2,45,0.0,1
15,0,26,0,1415,32,7,11,2,1,1,25,96.615,0
12,1,39,0,6123,0,0,21,4,1,2,30,0.0,1
16,0,29,0,1005,31,17,9,3,1,2,30,109.44,0
2,0,21,0,1568,33,22,67,4,1,1,45,95.025,0
1,0,9,1,2547,33,16,16,3,1,1,30,167.2,0
3,0,4,0,3490,0,15,0,2,1,2,30,162.846,1
20,0,37,0,1125,6,15,8,2,1,2,25,0.0,1
14,0,15,1,9178,174,75,40,5,1,1,55,252.78,0
2,1,38,0,4020,27,10,7,4,1,2,25,30.131,1
11,1,38,0,3920,61,0,0,4,1,1,30,28.688,1
0,1,35,0,0,0,0,0,4,1,2,30,0.0,1
13,0,40,1,4258,69,6,37,1,1,1,15,270.985,0
18,0,31,1,14835,213,39,29,2,1,1,25,852.66,0
14,0,40,2,5010,90,18,30,3,1,1,30,276.0,0
7,0,35,1,3400,27,482,9,3,1,1,30,2065.08,0
0,0,41,0,3352,100,5,0,3,1,2,25,0.0,1
34,0,31,4,2549,24,1,0,3,1,1,25,0.0,1
2,1,44,1,1307,79,1,2,3,1,2,25,31.994,1
28,1,31,0,3252,48,9,0,2,2,2,25,95.772,1
6,0,29,0,5513,86,11,21,2,1,1,25,301.455,1
4,1,31,0,2147,35,21,0,2,1,2,25,0.0,1
7,0,19,0,1885,26,7,12,2,1,1,25,117.495,0
4,0,28,2,1430,42,225,15,3,2,1,30,958.88,0
2,0,38,3,631,36,4,2,5,1,1,30,128.481,1
14,1,39,0,2428,54,7,15,3,1,2,30,127.28,0
3,1,9,1,1487,19,0,7,3,1,1,30,60.24,1
1,0,45,0,1424,13,0,16,2,1,2,25,0.0,1
0,0,35,0,6385,81,188,27,3,1,1,30,1010.64,0
13,0,46,2,2958,74,24,41,2,1,1,25,244.44,0
2,0,45,0,3163,12,33,1,2,1,2,25,69.253,1
1,1,32,2,2668,27,8,0,2,1,2,25,160.571,1
0,0,35,0,7393,122,386,44,2,1,1,25,2075.175,0
4,0,32,0,1978,44,0,11,3,1,2,30,80.88,0
6,1,37,0,2143,46,38,34,3,1,2,30,239.56,1
6,0,38,0,4180,70,0,14,3,1,1,30,170.0,0
0,0,31,0,0,0,0,0,2,1,2,25,0.0,1
31,0,32,0,841,5,0,3,3,1,1,25,0.0,1
1,1,36,2,4586,33,0,0,4,1,1,25,29.618,1
10,0,37,0,2695,37,7,3,3,1,2,30,137.28,1
3,0,33,1,6785,97,14,22,5,1,1,55,124.23,0
14,1,29,0,200,58,53,0,3,1,2,25,77.215,1
7,0,38,2,833,11,20,7,5,1,1,55,42.66,0
2,1,33,0,4803,81,0,22,2,1,1,25,219.78,1
34,0,34,1,624,0,27,0,4,1,1,25,105.413,1
9,0,38,0,1038,18,28,19,3,1,2,30,154.24,1
0,0,13,0,1695,20,20,13,2,1,1,25,167.175,0
0,0,36,0,595,9,15,9,2,1,2,25,94.68,0
0,0,27,0,2535,10,0,11,3,1,1,30,101.8,0
34,0,31,0,764,4,1,0,4,1,2,45,0.0,1
11,0,35,3,3281,72,12,13,2,1,2,30,58.433,1
10,0,36,0,3284,71,0,0,3,1,2,45,205.671,1
5,0,38,0,305,6,7,2,3,1,2,30,40.44,0
8,1,45,0,1063,43,6,7,3,1,1,25,0.0,1
1,0,44,0,1884,0,34,0,3,1,2,25,0.0,1
34,1,27,0,858,2,38,0,3,1,1,30,288.313,1
0,0,12,1,2488,36,19,15,3,1,1,30,176.96,0
3,1,39,2,552,34,9,7,4,1,2,55,24.472,1
6,0,24,0,280,13,0,1,2,1,2,25,13.185,0
2,0,38,0,2555,49,178,25,2,1,1,25,918.18,0
3,0,28,0,758,71,4,0,2,1,2,45,0.0,1
0,0,27,0,420,5,3,5,4,1,2,45,18.125,0
0,0,36,0,2088,52,0,31,1,1,1,15,117.7,0
24,1,45,0,1006,25,12,4,2,1,2,30,0.0,1
12,1,35,0,2387,4,4,5,3,1,1,45,96.731,1
6,0,42,0,3563,9,21,1,2,1,2,25,4.923,1
0,0,24,0,2515,50,0,23,3,1,1,30,102.6,0
0,1,42,0,752,19,10,4,2,1,2,45,85.897,1
10,0,33,0,0,0,4,0,2,1,2,30,18.064,1
10,0,25,0,1225,32,19,13,2,1,1,25,142.065,0
34,1,38,0,0,11,11,0,3,1,2,30,22.598,1
18,0,39,3,16390,198,178,47,2,1,1,25,1547.46,0
9,1,31,0,3236,0,8,3,3,1,2,25,152.242,1
10,0,27,0,1448,0,3,0,2,1,1,25,1.709,1
1,1,44,0,919,10,42,0,2,1,2,30,0.0,1
2,0,26,0,1015,11,30,6,4,1,2,45,100.65,0
1,0,36,0,2300,36,280,16,3,1,1,30,1213.44,0
9,0,41,0,2217,0,3,0,2,1,1,30,12.314,1
0,0,32,0,2725,17,2,15,3,1,1,30,117.68,0
34,0,35,0,778,9,66,17,2,1,2,25,12.295,1
2,0,40,0,5693,91,10,14,2,1,1,25,305.28,0
4,0,34,0,694,10,3,0,3,1,1,45,978.39,1
0,0,23,0,870,99,7,15,2,1,2,25,146.372,1
22,0,33,0,3477,58,25,22,3,1,1,30,0.0,1
11,0,13,3,3157,45,30,20,3,1,1,30,248.08,0
3,0,33,1,6785,97,14,22,5,1,1,55,124.23,0
2,0,23,0,1388,31,19,63,4,1,1,45,82.975,0
14,0,38,0,15675,182,125,28,2,1,1,25,1276.065,0
9,0,18,2,2558,41,17,6,3,1,1,30,171.96,0
2,0,32,0,3985,63,0,11,2,1,1,25,182.16,0
5,0,23,0,920,26,12,11,2,1,1,25,96.57,0
34,0,39,0,3388,36,4,6,3,1,1,25,0.0,1
7,0,40,1,3550,78,35,30,3,1,1,30,285.12,0
6,1,37,0,1338,18,17,4,4,1,2,45,76.4,1
3,0,22,0,1488,37,20,64,4,1,1,45,88.125,0
3,0,34,0,3015,25,473,4,3,1,1,30,2013.6,0
0,0,36,0,2055,33,278,16,3,1,1,30,1195.52,0
10,0,37,0,4083,60,0,31,1,1,1,15,227.865,0
9,0,36,0,2268,44,34,31,3,1,2,30,228.48,1
0,0,38,0,6123,22,10,0,3,1,2,25,0.0,1
2,0,36,0,2341,47,71,4,2,1,2,45,0.0,1
0,0,34,0,0,0,6,0,5,1,1,55,9.0,0
10,1,45,1,426,48,7,5,4,1,2,25,177.144,1
0,0,32,0,7023,113,366,36,2,1,1,25,1968.12,0
4,0,39,0,647,23,11,11,2,1,2,25,216.067,1
1,0,30,0,322,0,0,22,3,1,1,25,0.0,1
5,0,36,0,4255,66,7,18,2,1,1,25,225.945,0
12,0,37,0,777,4,28,0,3,1,1,25,318.929,1
3,0,35,0,2465,19,19,0,3,1,1,25,38.594,1
16,1,32,0,1589,20,12,0,4,1,2,30,0.0,1
24,0,44,0,5435,0,4,0,3,1,2,45,86.008,1
4,0,33,0,0,0,30,0,3,1,1,25,0.0,1
3,0,32,3,3130,28,18,0,3,1,1,25,931.219,1
12,0,43,0,1007,0,25,0,3,1,2,30,0.0,1
4,0,33,0,2600,45,164,18,2,1,1,25,857.025,0
13,0,45,3,7065,102,208,34,4,1,1,45,699.175,0
11,0,36,1,5628,97,17,21,2,1,1,25,334.125,1
15,0,41,2,4618,78,40,41,1,1,1,15,478.28,0
8,0,41,2,2813,70,41,39,2,1,1,25,314.235,0
20,0,42,3,9600,135,162,50,3,1,1,30,1037.4,0
0,1,33,0,984,53,1,3,4,1,2,30,354.49,1
2,0,35,1,2915,19,472,3,3,1,1,30,2005.36,0
9,0,38,1,3530,79,30,28,3,1,1,30,264.36,0
34,0,29,0,2445,63,2,0,5,1,1,25,0.0,1
0,0,42,0,2203,35,12,0,3,1,1,55,222.365,1
10,0,34,0,0,40,47,0,3,1,2,25,243.652,1
0,0,24,0,663,23,2,51,4,1,1,45,22.15,0
8,1,42,0,167,23,0,12,2,1,2,25,84.358,1
21,0,39,0,577,0,6,2,3,1,1,30,0.0,1
1,1,35,0,900,32,3,2,3,1,2,25,0.0,1
28,0,40,4,15255,230,52,31,3,1,1,30,827.4,0
4,0,36,2,2377,66,21,0,3,1,2,25,13.436,1
13,0,45,2,6223,107,22,15,3,1,1,30,341.2,0
7,0,37,2,3220,25,479,5,3,1,1,30,2045.8,0
0,0,35,0,3183,49,0,33,1,1,1,15,177.76,0
6,0,34,3,6965,116,271,33,2,2,1,25,1538.145,0
2,0,36,0,4210,77,0,23,3,1,1,30,171.48,0
6,0,39,1,7568,130,389,45,3,1,1,30,1863.92,0
2,0,33,1,348,27,52,14,2,1,2,45,0.0,1
34,1,44,0,2394,6,42,0,2,1,1,25,46.776,1
14,0,26,0,825,23,7,4,3,1,2,30,61.92,0
12,0,3,1,0,58,0,13,4,1,2,25,32.285,1
0,0,30,1,278,28,5,2,4,1,2,25,0.0,1
10,0,16,3,3098,48,33,19,3,1,1,30,257.84,0
2,1,36,2,2513,0,3,3,4,1,1,45,93.154,1
11,0,18,4,2967,50,29,18,3,1,1,30,236.68,0
2,0,36,1,2688,62,16,46,1,1,1,15,239.25,0
4,0,42,0,2315,43,293,22,3,1,1,30,1266.32,0
0,1,7,0,1183,13,0,5,2,1,2,25,53.82,1
1,0,39,0,2117,20,0,0,3,1,1,30,0.0,1
0,1,43,0,713,15,0,0,4,1,2,30,0.0,1
0,0,42,1,0,27,31,8,2,1,2,30,0.0,1
0,0,20,0,1010,24,178,8,2,2,1,25,847.53,0
4,1,32,0,2570,29,0,10,2,1,2,25,116.955,1
3,0,37,0,7508,127,384,43,2,1,1,25,2071.575,0
12,1,31,1,1662,0,12,4,2,1,2,30,22.71,1
19,1,35,0,3117,47,0,4,3,1,2,25,26.696,1
2,1,35,0,1490,13,13,20,3,1,2,30,0.0,1
12,1,39,0,4399,5,6,25,3,1,2,30,0.0,1
2,0,39,1,518,12,15,7,5,1,1,55,30.45,0
11,0,33,0,4236,60,12,0,3,1,2,45,0.0,1
2,0,39,0,825,20,45,12,3,1,2,30,213.8,0
11,1,37,0,250,0,47,14,3,1,2,25,108.789,1
13,0,39,2,7023,81,115,39,2,1,1,25,837.18,0
6,0,43,0,385,8,17,6,2,1,2,25,94.185,1
7,0,10,1,4580,40,190,8,3,1,1,30,944.8,0
1,0,30,0,2747,12,2,0,3,1,2,30,125.491,1
9,1,38,0,2238,54,8,17,3,1,2,30,123.68,0
0,0,32,0,5533,87,0,6,2,1,1,25,252.9,0
2,1,38,0,1248,16,0,0,3,1,2,25,43.953,1
11,0,39,3,1353,21,19,4,5,1,1,55,49.11,0
7,0,42,0,13728,173,8,48,3,1,1,30,588.04,0
16,0,29,1,246,62,9,0,3,1,1,30,107.488,1
25,0,34,8,10660,97,7,40,5,1,1,55,171.855,0
3,1,40,0,2198,0,0,7,4,1,2,25,0.0,1
1,0,32,0,1485,36,27,15,3,1,2,30,168.84,0
0,0,31,0,0,0,0,0,3,1,2,30,0.0,1
0,0,30,0,7203,115,369,40,2,1,1,25,1989.81,0
9,0,39,3,7170,105,31,28,5,1,1,55,155.625,0
7,0,26,0,1100,34,23,16,2,1,1,25,154.53,0
0,0,35,0,0,0,0,0,3,1,2,30,0.0,1
7,0,38,2,2993,68,23,48,2,1,1,25,241.245,0
9,0,36,2,2693,5,0,0,4,1,1,25,40.227,1
17,0,21,2,6473,143,95,46,2,2,1,25,725.22,0
0,0,37,0,0,0,0,0,2,1,2,25,0.0,0
3,1,22,0,3104,0,0,21,3,1,2,55,157.233,1
2,0,32,0,15000,168,132,23,2,1,1,25,1276.56,0
0,0,36,0,1423,22,0,6,3,1,1,30,57.8,0
0,0,28,1,6580,108,254,27,2,2,1,25,1443.96,0
1,0,34,0,1664,11,7,0,2,1,2,25,162.139,1
0,0,34,0,14470,165,118,28,2,1,1,25,1189.575,0
10,0,45,2,2698,70,17,36,2,1,1,25,201.06,0
11,1,36,0,2513,47,36,31,3,1,2,30,246.4,1
8,0,37,1,4428,93,10,28,3,1,1,30,220.84,0
1,0,38,0,2795,26,8,18,3,1,1,30,144.84,0
9,1,36,4,7025,119,276,35,3,2,1,30,1389.76,0
5,0,36,1,6965,105,25,27,5,1,1,55,143.55,0
13,0,41,5,7270,128,286,36,3,2,1,30,1439.92,0
3,0,30,0,397,16,0,0,2,1,2,30,0.0,1
11,0,32,2,1800,50,211,18,3,2,1,30,918.0,0
0,1,32,1,1730,16,1,0,4,1,2,30,7.861,1
3,1,42,3,501,44,75,2,3,1,2,55,0.0,1
0,0,23,0,0,0,0,0,2,1,1,25,0.0,0
5,0,37,0,1370,40,24,7,3,1,2,30,152.4,0
25,0,31,3,16075,238,0,80,2,2,1,25,734.085,0
4,0,22,0,75,9,9,0,2,1,1,30,0.0,1
29,1,34,4,539,0,8,1,5,1,2,55,33.08,1
0,0,24,0,924,82,5,6,2,1,2,25,0.0,1
9,1,38,0,2238,54,8,17,3,1,2,30,123.68,0
0,0,34,0,13408,160,0,40,3,1,1,30,542.72,0
29,0,36,1,5356,8,0,0,3,1,1,25,0.0,1
6,0,27,0,1000,28,22,15,2,1,1,25,145.26,0
4,1,34,0,1963,38,27,29,3,1,2,30,188.04,1
0,0,39,0,3354,17,0,1,3,1,2,30,94.577,1
9,0,35,0,2990,41,9,16,3,1,2,30,157.24,1
8,0,45,0,4439,1,40,1,2,1,1,30,328.02,1
4,0,26,0,0,65,4,0,2,1,2,25,52.905,1
20,1,31,0,2619,21,6,7,2,1,2,25,39.447,1
0,0,38,0,2495,17,462,7,3,1,1,30,1948.48,0
11,1,41,1,2091,70,22,0,3,1,1,25,0.0,1
6,0,30,0,829,19,3,0,3,1,2,30,0.0,1
5,0,37,1,11275,153,2,44,4,1,1,45,290.7,0
3,0,39,1,2690,22,465,10,3,1,1,30,1968.48,0
1,0,29,0,955,27,0,0,3,1,2,25,151.881,1
7,0,29,0,475,21,13,9,2,1,2,25,80.82,0
3,0,45,0,2746,92,0,0,2,1,2,30,0.0,1
10,1,43,0,3553,20,56,5,4,1,2,30,0.0,1
12,0,40,2,4820,89,9,27,3,1,1,30,232.36,0
0,1,28,0,988,27,32,0,4,1,2,30,72.852,1
14,0,43,1,15745,192,165,36,2,1,1,25,1459.665,0
6,0,45,0,3770,0,10,0,3,1,2,30,18.444,1
4,0,36,0,3280,75,16,23,2,1,1,25,222.975,0
11,0,39,0,2836,18,0,13,3,1,2,25,28.971,1
0,1,42,0,141,17,29,0,3,1,2,25,102.816,1
8,0,40,2,498,11,12,6,3,1,1,30,68.36,1
16,0,40,3,14678,185,28,61,3,1,1,30,706.52,0
0,0,28,0,1343,35,33,70,4,1,1,45,116.95,0
14,0,40,2,5898,100,36,28,2,1,1,25,431.91,1
4,0,33,0,5918,89,0,11,2,1,1,25,270.315,0
17,0,43,1,4683,80,19,42,1,1,1,15,366.465,0
0,1,39,0,1744,35,52,0,2,1,2,45,0.0,1
34,1,30,0,0,100,5,0,3,1,2,30,221.72,1
32,1,36,0,2898,26,0,17,4,1,2,30,0.0,1
0,0,16,0,0,0,0,0,2,1,1,25,0.0,0
9,0,37,0,2383,50,66,35,4,1,2,45,225.825,1
16,0,41,3,7083,84,120,41,2,1,1,25,862.515,0
6,1,33,1,3103,100,8,2,3,1,2,25,0.0,1
0,1,40,1,1644,48,23,17,3,1,2,30,0.0,1
18,0,38,0,4499,0,1,26,3,1,2,30,0.0,1
11,0,11,3,1817,0,12,7,3,1,1,45,66.965,1
13,0,45,2,8073,143,406,51,3,1,1,30,1952.64,0
1,0,29,0,1263,39,31,67,4,1,1,45,110.05,0
5,0,38,0,933,13,16,6,4,1,2,45,63.65,1
6,0,39,0,347,56,28,0,3,1,2,30,0.0,1
0,1,27,2,2731,18,37,0,4,1,1,30,33.173,1
5,1,44,0,1363,83,42,0,3,1,2,25,177.122,1
2,0,31,0,351,45,0,22,2,1,2,45,10.716,1
1,0,40,2,4386,100,7,28,3,1,1,30,140.631,1
12,0,39,1,15545,185,155,32,2,1,1,25,1405.35,0
10,0,29,0,1180,36,27,17,2,1,1,25,176.22,0
9,0,41,0,1223,21,35,21,3,1,2,30,189.76,0
3,0,39,0,2223,29,27,0,2,1,1,25,55.049,1
9,0,43,1,13773,175,8,45,3,1,1,30,589.92,0
5,1,32,2,0,0,41,0,4,1,2,30,0.0,1
10,1,40,0,1043,18,42,3,4,1,2,30,0.0,1
5,0,42,2,3175,29,493,12,3,1,1,30,2100.16,0
1,0,27,0,3769,42,7,0,2,1,2,25,73.281,1
34,1,39,0,732,2,0,3,2,1,1,30,65.6,1
15,0,6,0,1014,4,23,4,2,1,2,25,5.6,1
1,0,35,0,6223,68,92,32,2,1,1,25,697.095,0
13,0,27,1,656,25,1,0,4,1,2,25,0.0,1
7,0,37,2,8108,137,405,58,3,1,1,30,1949.8,0
3,0,40,0,3213,48,9,8,3,1,2,45,0.0,1
11,0,45,0,2650,1,5,15,2,1,1,45,0.0,1
7,1,7,1,1713,23,7,5,3,1,1,30,97.44,1
0,0,7,0,4085,34,208,8,3,1,1,30,996.76,0
12,0,42,3,3460,36,495,12,4,1,1,45,1324.9,0
0,0,11,2,1037,85,22,7,3,1,2,30,94.3,1
30,0,20,0,2090,95,0,23,3,1,2,30,29.321,1
10,0,42,0,4153,70,9,39,1,1,1,15,281.765,0
0,0,33,0,1238,42,1,0,2,1,1,30,0.0,1
0,0,34,1,3853,100,15,0,3,1,2,25,76.424,1
4,0,45,0,3443,35,1,4,5,1,2,25,4.585,1
6,0,32,0,1970,44,37,21,3,1,2,30,228.56,0
3,1,33,0,775,5,6,0,2,1,2,30,0.0,1
0,1,34,0,0,0,0,0,2,1,2,25,0.0,1
4,0,36,3,938,14,25,17,5,1,1,55,51.78,0
21,0,19,2,6697,147,92,44,2,2,1,25,721.98,0
11,0,38,2,14373,179,21,59,3,1,1,30,666.08,0
3,0,38,0,2604,9,5,0,4,1,2,30,7.312,1
14,0,37,0,1252,3,4,1,5,1,2,45,0.0,1
8,0,38,0,4370,71,5,17,3,1,1,30,197.64,0
18,1,38,0,2963,35,29,3,2,1,2,45,0.0,1
0,1,38,0,37,0,6,0,2,1,2,45,0.0,1
8,0,42,0,233,100,14,0,2,1,2,45,37.468,1
10,1,32,0,3613,1,46,2,3,1,2,45,0.0,1
2,1,30,0,304,72,0,0,3,1,2,30,145.888,1
6,0,38,0,5918,95,7,12,3,1,1,30,268.52,0
23,0,36,8,10680,96,7,42,5,1,1,55,172.14,0
17,0,27,1,1720,39,35,18,2,1,1,25,236.655,0
12,0,32,0,2628,0,0,4,3,1,2,25,12.143,1
8,0,33,1,6763,71,100,33,2,1,1,25,757.53,0
5,0,36,0,3893,60,0,33,1,1,1,15,217.415,0
10,1,25,0,3471,51,59,4,3,1,2,30,81.856,1
7,0,37,0,1490,21,49,0,4,1,1,25,68.104,1
3,0,33,0,933,7,8,5,4,1,2,45,43.5,1
10,1,35,0,2673,49,35,29,3,1,2,30,248.88,1
5,0,35,0,6658,72,103,35,2,1,1,25,766.35,0
2,1,45,0,418,15,4,8,2,1,2,45,4.21,1
1,0,41,0,955,16,10,15,2,1,2,25,88.695,0
7,0,34,0,1460,0,2,7,2,1,1,45,31.247,1
4,0,35,0,3308,4,55,1,2,1,2,45,170.948,1
26,0,38,9,10740,99,8,44,5,2,1,55,174.585,0
16,0,39,1,15980,189,166,35,2,1,1,25,1474.605,0
3,1,45,0,3960,26,3,0,2,1,2,45,0.0,1
17,0,33,0,2463,20,31,0,2,1,2,25,88.283,1
11,0,12,0,2125,0,10,1,4,1,2,30,280.273,1
0,0,45,0,809,25,24,34,3,1,1,30,0.0,1
10,0,29,0,191,92,13,0,3,1,1,30,0.0,1
13,1,31,0,767,31,28,1,3,1,2,30,10.825,1
0,1,42,0,789,63,29,0,3,1,2,30,18.915,1
36,0,34,5,17090,255,15,82,2,2,1,25,848.025,0
28,0,37,4,15265,223,50,29,3,2,1,30,819.52,0
23,0,18,2,9947,188,88,42,5,1,1,55,284.025,0
0,0,31,0,6480,91,7,20,4,1,1,45,181.775,0
11,0,35,1,5463,57,5,0,3,1,2,45,35.283,1
13,0,40,3,3265,55,313,35,4,1,1,45,865.5,0
15,0,44,0,1237,40,9,9,2,1,2,45,0.0,1
8,1,40,0,2522,0,9,0,2,1,2,25,35.848,1
2,0,14,0,3041,0,21,2,4,1,2,25,0.0,1
10,0,42,2,6985,100,204,33,3,1,1,30,1099.4,0
19,0,31,2,1065,34,22,11,3,1,1,30,131.96,0
4,0,18,0,1885,27,37,17,2,1,1,25,252.54,0
4,1,12,0,2315,0,4,16,5,1,2,30,85.793,1
11,0,43,1,2845,53,303,25,3,1,1,30,1327.92,0
0,0,34,0,0,0,2,0,3,1,2,30,8.0,1
15,0,41,2,3375,56,300,20,4,1,1,45,835.775,0
1,0,33,0,2360,41,136,17,2,1,1,25,720.045,0
6,0,38,1,1973,31,7,8,4,1,1,45,67.6,0
1,0,32,0,13388,161,0,38,3,1,1,30,541.96,0
34,1,40,1,2829,4,16,0,3,1,2,45,42.561,1
31,0,36,0,2544,0,0,12,3,1,2,55,0.0,1
16,1,45,2,1688,60,3,0,2,1,2,25,0.0,1
0,0,29,2,6480,102,253,26,2,2,1,25,1434.69,0
11,0,37,0,3017,6,1,4,3,1,2,30,25.463,1
10,0,37,0,5693,100,30,27,2,1,1,25,395.685,1
18,0,45,3,4080,94,47,31,3,1,1,30,354.96,0
7,0,39,1,13888,175,32,48,3,1,1,30,690.52,0
0,0,39,0,7283,123,387,45,2,1,1,25,2074.77,0
6,0,35,0,3355,70,0,22,2,1,1,25,154.125,0
0,0,25,0,710,4,0,1,4,1,2,45,17.85,0
7,0,28,2,3645,73,47,29,4,1,1,45,210.45,0
2,1,11,0,938,33,11,7,2,1,2,30,0.0,1
5,0,35,0,1910,47,40,20,3,1,2,30,238.28,0
24,0,38,0,845,14,17,0,3,1,2,25,0.0,1
9,1,36,0,1380,0,202,14,3,1,2,30,143.872,1
4,1,40,1,491,30,0,6,2,1,2,45,160.706,1
11,0,24,0,1630,37,20,11,2,1,1,25,165.015,0
0,1,37,0,503,9,13,7,4,1,2,45,45.3,1
0,0,24,0,0,0,0,0,4,1,2,45,0.0,0
0,1,30,0,0,0,0,0,5,1,1,55,0.0,1
0,0,36,0,0,0,25,0,2,1,2,25,112.5,1
12,0,38,1,4443,69,7,35,1,1,1,15,286.66,0
15,0,33,0,819,49,3,0,3,1,2,25,0.0,1
5,0,40,0,2065,35,271,5,3,1,1,30,1168.0,0
18,0,34,0,3517,0,23,8,2,1,2,45,25.592,1
9,0,38,1,2895,58,173,22,2,1,1,25,911.385,0
3,0,43,0,1764,72,7,13,3,1,2,45,28.377,1
6,0,25,0,395,19,3,5,2,1,2,25,32.13,0
5,0,27,0,2930,57,7,10,3,1,1,30,147.48,0
34,1,28,0,3894,28,0,5,3,1,2,30,175.549,1
34,1,45,0,6123,25,6,0,3,1,2,25,0.0,1
0,0,8,1,4200,40,240,12,3,1,1,30,1129.6,0
14,0,24,0,1005,25,9,8,2,1,2,25,86.85,0
11,0,35,0,3235,44,11,16,3,1,2,30,175.16,1
9,1,42,0,2193,58,16,21,3,1,2,30,154.04,0
7,0,24,1,1620,36,192,12,2,2,1,25,938.52,0
2,1,45,1,1156,40,0,0,3,1,2,25,70.457,1
0,0,18,0,0,0,0,0,4,1,2,45,0.0,0
9,0,14,2,4875,54,233,17,3,1,1,30,1129.16,0
0,0,37,0,743,13,41,8,4,1,2,45,121.4,1
13,1,31,0,2891,37,0,0,5,1,2,25,0.0,1
1,0,20,1,4349,49,9,4,3,1,2,45,0.0,1
9,0,26,0,2338,31,10,8,2,1,2,25,0.0,1
34,0,27,2,1268,23,37,13,4,1,2,30,111.667,1
23,0,41,9,10435,99,9,43,5,2,1,55,171.51,0
1,0,24,0,1453,34,32,69,4,1,1,45,117.175,0
32,0,43,4,15625,239,72,39,3,1,1,30,922.56,0
11,0,38,1,3085,59,182,25,2,1,1,25,960.48,0
0,0,33,0,0,0,0,0,4,1,2,45,0.0,1
12,0,39,1,15600,187,148,29,2,1,1,25,1376.415,0
22,0,39,2,15015,227,58,35,3,1,1,30,841.68,0
14,0,23,1,1450,36,16,11,2,1,1,25,138.87,0
2,0,32,0,3580,69,7,2,3,1,2,25,0.0,1
4,0,41,1,7588,129,394,47,3,1,1,30,1884.68,0
2,1,31,0,59,1,3,9,3,1,1,25,0.0,1
2,0,34,0,231,16,0,12,3,1,2,25,52.391,1
7,0,35,0,2393,57,354,22,2,1,1,25,1703.25,0
2,1,40,0,198,54,50,2,2,1,2,45,44.244,1
12,0,30,0,1638,0,22,1,3,1,1,30,138.46,1
30,0,39,3,15330,225,29,30,3,1,1,30,738.2,0
4,0,12,0,826,8,0,8,4,1,1,25,0.0,1
4,0,38,1,3095,27,483,8,3,1,1,30,2056.88,0
0,0,34,0,3603,77,4,29,2,1,1,25,183.6,0
0,1,30,0,388,38,0,0,2,1,1,30,0.0,1
5,0,5,1,4435,36,207,6,3,1,1,30,1006.84,0
5,0,41,0,623,11,14,6,3,1,2,30,81.36,0
8,0,45,2,3109,31,0,17,3,1,2,30,55.055,1
3,0,34,0,3410,73,20,24,2,1,1,25,246.735,0
12,1,40,0,935,0,9,5,2,1,2,25,20.314,1
30,1,38,2,1103,0,7,7,3,1,1,25,0.0,1
4,0,31,0,3470,70,17,25,2,1,1,25,235.8,0
10,0,43,1,2878,72,20,40,2,1,1,25,222.75,0
6,0,34,0,795,63,23,1,3,1,2,30,7.165,1
4,0,38,0,6123,9,11,4,2,1,1,45,31.592,1
2,1,32,2,343,2,8,0,5,1,2,30,127.251,1
8,0,25,0,585,20,12,8,2,1,2,25,81.225,0
1,1,31,0,2625,32,0,12,2,1,2,25,119.565,1
23,0,45,2,871,12,68,0,3,1,2,25,24.983,1
18,0,30,0,535,35,0,11,2,1,2,25,25.65,1
31,0,45,1,33,9,0,14,3,1,1,30,0.0,1
11,1,8,0,0,20,21,1,2,1,2,25,0.0,1
6,0,37,0,1853,50,338,9,2,1,1,25,1606.635,0
24,0,35,9,10560,91,7,39,5,1,1,55,170.265,0
14,0,14,1,6213,133,74,37,2,2,1,25,618.57,0
3,0,12,0,1853,22,53,0,4,1,2,45,0.0,1
12,1,38,0,2987,43,12,0,2,1,2,30,0.0,1
14,0,39,1,15790,188,157,32,2,1,1,25,1425.51,0
5,0,39,0,1180,20,7,13,2,1,2,25,85.5,0
32,0,33,0,0,35,38,13,3,1,2,30,0.0,1
0,0,31,0,0,0,0,0,5,1,1,55,0.0,0
22,0,37,0,989,14,12,0,3,1,2,45,0.0,1
15,1,45,3,671,22,24,0,3,1,2,30,0.0,1
7,1,23,0,595,0,0,23,2,1,2,25,138.292,1
21,0,31,0,3579,7,5,0,3,1,2,45,0.0,1
12,0,39,3,8413,143,412,60,3,1,1,30,1990.24,0
1,0,15,0,6123,0,2,0,2,1,2,25,41.697,1
12,0,29,0,405,21,7,2,3,1,2,30,45.04,0
1,1,32,0,0,0,44,0,2,1,2,30,119.662,1
14,0,43,0,998,35,0,0,3,1,1,30,276.747,1
30,0,33,4,16380,244,7,82,2,2,1,25,779.58,0
4,1,38,0,2839,0,6,3,5,1,2,30,17.441,1
0,0,35,0,6005,79,170,21,3,1,1,30,923.36,0
0,0,31,0,2660,14,0,9,3,1,1,30,106.96,0
11,0,38,1,3085,59,182,25,2,1,1,25,960.48,0
3,1,44,0,3314,54,9,6,3,1,2,30,157.092,1
2,0,45,2,2425,35,10,8,3,1,2,30,0.0,1
13,0,38,1,6908,75,83,35,2,1,1,25,687.735,0
34,0,39,0,1006,8,0,0,4,1,1,25,65.435,1
20,0,43,3,6123,110,41,27,3,1,1,30,413.32,0
15,0,37,2,9360,124,146,43,3,1,1,30,963.36,0
11,0,40,0,1615,30,41,25,3,1,2,30,229.8,0
11,0,11,0,6133,131,70,36,1,2,1,15,729.52,0
6,1,33,1,534,34,7,1,3,2,2,45,0.0,1
13,0,19,5,3273,57,70,25,4,1,1,45,258.25,0
0,0,36,0,6798,116,359,43,2,1,1,25,1926.63,0
0,0,14,0,1330,17,16,10,2,1,1,25,132.615,0
7,0,29,0,3060,98,14,0,3,1,2,25,160.329,1
3,0,28,1,910,31,175,13,2,2,1,25,829.845,0
8,0,36,3,7205,109,53,28,5,1,1,55,189.21,0
5,0,40,0,255,50,28,0,3,1,2,25,0.0,1
7,0,45,0,2977,61,0,5,3,1,2,25,19.816,1
34,0,33,2,1316,0,51,0,3,1,2,25,0.0,1
3,0,40,1,3798,84,12,32,3,1,1,30,203.28,0
9,0,35,1,2905,51,171,20,2,1,1,25,902.52,0
9,0,33,1,15530,178,142,26,2,1,1,25,1345.86,0
0,0,34,0,0,0,0,0,5,1,1,55,0.0,0
19,0,33,8,10255,85,0,37,5,1,1,55,155.1,0
27,0,37,9,11145,104,9,42,5,2,1,55,182.235,0
6,0,39,2,6615,91,184,25,3,1,1,30,1004.24,0
10,1,34,1,6123,0,38,25,4,1,2,25,30.079,1
0,0,9,1,4200,39,206,7,3,1,1,30,993.56,0
5,0,33,0,4023,82,1,29,2,1,1,25,189.225,0
5,0,14,2,2793,42,26,17,3,1,1,30,217.4,0
2,0,38,1,2905,26,474,5,3,1,1,30,2013.24,0
21,0,23,2,6653,151,100,48,2,2,1,25,756.18,0
25,0,38,3,15140,225,54,32,3,1,1,30,830.6,0
34,0,29,0,2192,63,2,15,3,1,1,25,35.473,1
2,0,29,1,968,56,58,4,4,1,2,25,25.571,1
6,0,36,2,4810,87,16,38,3,1,1,30,259.88,0
7,0,28,0,920,32,20,12,2,1,1,25,132.84,0
6,0,38,1,1973,31,7,8,4,1,1,45,67.6,0
2,1,42,0,766,36,11,4,2,1,2,45,131.089,1
0,1,6,0,1015,63,30,0,2,1,2,25,69.206,1
8,0,41,2,3145,34,15,17,4,1,1,45,116.975,0
2,0,33,0,3245,27,1,12,3,1,1,30,134.88,0
10,0,33,0,425,33,15,1,3,1,2,25,88.166,1
0,0,40,1,6195,86,187,25,3,1,1,30,999.24,0
9,0,38,0,1533,23,37,21,4,1,2,45,131.4,1
19,0,36,8,10190,90,0,42,4,1,1,45,257.0,0
8,0,44,1,2653,68,17,39,2,1,1,25,198.945,0
3,0,35,0,4123,87,3,26,2,1,1,25,202.95,0
0,0,33,0,2085,25,0,9,2,1,2,25,94.95,1
4,0,32,0,3813,58,0,29,1,1,1,15,212.905,0
13,0,40,3,7138,87,147,43,3,1,1,30,877.0,0
21,1,33,0,710,44,14,17,2,1,1,25,96.93,1
8,0,43,2,683,14,19,8,3,1,1,30,103.88,0
7,1,45,0,4004,62,29,3,2,1,2,25,47.03,1
4,0,42,1,2473,60,12,37,2,1,1,25,167.985,0
31,1,39,4,15850,236,62,32,3,1,1,30,891.44,0
20,0,41,2,6303,112,44,31,2,1,1,25,486.675,0
10,0,38,0,4198,66,1,35,1,1,1,15,240.02,0
5,0,11,2,4450,43,220,12,3,1,1,30,1059.72,0
6,0,36,0,935,18,10,6,3,1,2,30,78.12,0
8,0,36,0,6603,69,76,33,2,1,1,25,642.24,0
30,1,33,1,837,9,5,0,3,1,2,30,193.105,1
11,0,38,1,3775,82,32,28,3,1,1,30,282.28,0
7,0,14,0,8743,171,98,42,5,1,1,55,280.71,0
0,0,39,1,6275,82,189,28,3,1,1,30,1010.28,0
0,0,38,0,0,0,4,0,2,1,2,25,18.0,1
3,0,32,0,4110,61,0,11,2,1,1,25,187.695,0
3,0,39,0,5793,97,11,15,2,1,1,25,314.55,0
0,1,28,0,1703,28,12,23,3,1,2,30,117.24,1
0,0,31,0,7248,117,369,37,2,1,1,25,1991.925,0
0,0,35,2,697,0,24,17,3,1,1,25,74.81,1
13,0,37,2,9115,121,144,43,3,1,1,30,945.44,0
1,0,34,1,4013,86,16,41,2,1,1,25,256.455,0
2,0,39,0,1817,0,7,0,4,1,1,30,284.063,1
0,1,38,0,2049,24,0,0,4,1,2,30,67.328,1
18,0,41,2,2818,69,371,28,3,1,1,30,1599.48,0
0,1,36,0,628,7,9,4,4,1,2,45,38.375,1
4,0,38,0,6123,9,15,2,2,1,2,45,978.39,1
7,1,35,0,3337,6,29,0,4,1,1,25,51.357,1
3,1,40,0,458,56,8,0,2,1,2,25,244.302,1
5,0,45,1,606,0,2,25,3,1,2,30,0.0,1
0,0,32,0,263,1,0,1,3,1,2,30,10.56,1
0,0,36,0,0,0,1,0,2,1,2,25,4.5,1
1,0,36,0,5613,89,0,10,2,1,1,25,256.59,0
7,0,40,0,1015,20,20,10,3,1,2,30,121.4,0
6,0,34,0,0,5,3,0,3,1,2,30,0.0,1
11,0,40,1,6223,101,14,14,3,1,1,30,308.96,0
8,1,40,2,993,16,21,8,4,1,1,45,77.725,1
32,0,38,0,2411,27,0,3,2,1,2,45,91.493,1
22,0,29,2,15960,233,2,81,2,1,1,25,737.685,0
23,0,3,0,575,0,2,3,2,2,1,25,0.0,1
12,0,43,2,0,1,58,0,2,1,1,30,92.197,1
5,0,38,0,3423,78,7,15,3,1,1,30,168.04,0
26,0,39,1,361,24,1,0,2,1,2,25,0.0,1
14,0,40,0,2543,60,15,19,3,1,2,30,164.12,0
10,0,40,0,1943,50,7,4,3,1,2,30,107.72,0
5,1,24,1,3955,32,38,0,2,1,1,30,31.4,1
5,0,34,1,1893,29,7,4,4,1,1,45,65.55,0
9,1,32,0,2313,40,26,27,3,1,2,30,198.12,1
0,0,45,0,1477,12,0,0,3,1,1,30,0.0,1
23,0,32,0,840,41,0,13,2,1,2,25,39.645,1
34,0,29,1,2968,37,0,0,2,1,2,25,269.04,1
0,0,34,0,5485,69,154,24,3,1,1,30,838.16,0
5,0,20,1,1810,31,26,13,3,1,1,30,177.64,0
11,0,13,1,9228,175,87,53,4,1,1,45,452.575,0
24,0,33,0,224,0,11,0,3,1,1,25,0.0,1
0,0,32,0,2100,29,270,12,3,1,1,30,1165.16,0
7,0,29,2,1375,39,198,13,3,2,1,30,848.56,0
8,0,39,2,6805,92,193,28,3,1,1,30,1047.88,0
34,0,30,2,1993,1,2,0,2,1,2,30,0.0,1
12,1,14,0,546,36,63,8,3,1,2,30,0.0,1
26,0,42,4,15220,227,64,36,3,2,1,30,873.88,0
3,0,36,0,5803,90,9,13,2,1,1,25,305.685,0
26,0,40,2,14845,221,40,19,3,1,1,30,762.64,0
2,0,37,0,4099,54,6,7,2,1,2,45,0.0,1
0,0,23,0,2373,64,8,0,2,1,2,25,0.0,1
7,0,26,0,3415,61,7,21,3,1,1,30,167.04,0
4,1,44,0,872,12,52,2,4,1,2,30,14.22,1
4,1,34,0,0,29,4,4,2,1,2,45,0.0,1
2,0,45,0,1524,97,26,0,3,2,1,25,0.0,1
0,0,43,0,3064,0,76,0,3,1,1,30,0.0,1
26,1,30,0,1260,47,15,18,2,1,2,25,126.315,1
5,0,39,0,15260,178,153,32,2,1,1,25,1383.21,0
29,1,40,10,10800,102,13,46,5,2,1,55,183.03,0
10,0,36,2,3380,63,196,38,2,1,1,25,1036.935,0
3,1,33,2,743,85,2,0,2,1,2,30,157.526,1
13,0,39,1,2568,65,357,23,3,1,1,30,1533.32,0
33,1,38,2,1109,9,0,17,2,1,2,30,114.862,1
11,0,37,2,8925,120,135,40,3,1,1,30,901.8,0
11,0,39,2,6778,78,113,39,2,1,1,25,817.02,0
17,0,39,2,4485,93,40,28,3,1,1,30,343.12,0
8,0,35,0,4018,58,0,30,1,1,1,15,224.18,0
24,0,35,0,660,43,7,4,3,1,2,30,56.12,1
0,0,32,0,1245,32,0,14,3,1,2,30,51.08,0
8,0,38,1,6690,86,161,24,3,1,1,30,915.04,0
12,1,32,4,719,0,7,0,5,1,2,30,38.099,1
13,0,45,1,1501,5,4,9,5,1,2,25,0.0,1
6,0,39,0,13368,164,0,46,3,1,1,30,541.28,0
14,0,36,3,7800,114,29,24,5,1,1,55,162.21,0
2,0,38,0,7103,122,366,45,3,1,1,30,1753.0,0
7,0,35,1,6725,90,183,24,3,1,1,30,1004.6,0
5,0,40,0,2098,54,7,20,2,1,1,25,128.34,0
21,0,41,0,805,38,5,4,2,1,2,25,0.0,1
0,0,35,0,435,0,53,2,2,1,2,25,0.0,1
13,1,36,1,5818,98,26,24,2,1,1,25,383.22,1
1,0,38,0,2203,57,0,30,1,1,1,15,124.3,0
4,0,27,0,496,0,0,1,4,1,2,30,0.388,1
0,1,34,0,2857,54,5,1,3,1,2,30,754.324,1
12,0,40,0,3480,78,18,15,3,1,1,30,214.32,0
18,0,16,1,9642,182,81,40,5,1,1,55,268.86,0
17,0,28,0,1410,36,18,7,3,1,2,30,129.84,0
0,0,35,0,877,69,19,14,3,1,2,30,0.0,1
15,0,21,4,3338,59,49,26,3,1,1,30,331.88,0
2,0,23,0,4184,0,39,8,4,1,2,25,94.255,1
10,0,40,1,6898,83,119,42,2,1,1,25,849.645,0
13,0,43,3,11850,162,28,53,4,1,1,45,370.3,0
8,0,42,0,1244,0,3,0,2,2,2,25,127.481,1
2,0,21,0,860,23,7,9,2,1,1,25,71.235,0
6,0,35,0,738,100,10,0,3,1,2,25,0.0,1
7,0,38,1,4515,83,2,25,3,1,1,30,191.92,0
10,0,36,2,11590,152,7,44,4,1,1,45,311.05,0
0,0,45,0,3470,0,3,4,3,1,1,25,0.0,1
34,0,44,0,3714,8,8,18,4,1,1,30,193.963,1
28,1,34,0,6123,48,49,2,3,1,1,30,0.0,1
2,1,38,0,657,52,9,0,5,1,2,25,0.0,1
0,1,28,0,0,0,0,0,4,1,1,45,0.0,1
2,0,41,0,998,12,0,3,3,1,2,25,65.337,1
7,1,39,0,2679,46,23,10,2,1,2,30,42.887,1
10,1,39,0,0,93,36,0,3,1,2,25,0.0,1
5,0,38,0,438,8,7,4,3,1,2,30,45.84,1
21,1,28,0,1591,60,42,2,3,1,2,30,27.393,1
7,1,38,4,7045,118,281,37,2,2,1,25,1586.835,0
10,0,34,1,11770,154,10,48,3,1,1,30,516.96,0
14,0,40,2,3890,87,30,27,3,1,1,30,279.08,0
1,0,27,0,3694,3,0,0,3,1,1,25,0.0,1
3,1,32,3,740,56,7,6,3,1,2,25,8.869,1
0,0,36,0,1898,51,0,28,1,1,1,15,107.195,0
5,0,40,0,1295,26,39,17,3,1,2,30,208.84,0
11,1,35,0,3180,42,18,19,3,1,2,30,200.88,1
0,0,25,0,820,29,177,6,2,2,1,25,834.705,0
3,0,35,0,1958,53,343,19,2,1,1,25,1633.995,0
6,0,37,0,1780,49,36,19,3,1,2,30,217.16,0
9,0,11,2,4885,47,231,15,3,1,1,30,1121.28,0
6,1,40,0,4262,30,9,0,3,1,2,30,0.0,1
5,0,35,0,3778,54,0,29,1,1,1,15,210.76,0
3,1,24,0,963,0,14,22,3,1,1,25,0.0,1
3,0,40,0,266,66,2,10,3,1,2,25,219.705,1
11,0,39,0,1148,19,15,4,3,1,2,30,106.68,1
16,0,13,1,6438,137,77,38,2,2,1,25,642.375,0
4,0,31,2,1293,43,0,0,5,1,1,30,0.0,1
0,0,37,0,275,4,0,1,2,1,2,25,12.555,0
1,0,32,0,5658,85,0,6,2,1,1,25,258.435,0
22,0,32,2,15950,240,4,83,2,1,1,25,746.55,0
5,0,38,1,1373,21,7,2,4,1,1,45,52.35,0
0,0,40,0,928,12,49,0,3,1,2,45,74.904,1
8,0,37,1,6718,75,108,37,2,1,1,25,791.685,0
13,0,34,0,2758,60,358,25,2,1,1,25,1737.81,0
2,0,37,0,3660,60,0,17,2,1,1,25,167.4,0
20,0,25,2,15815,228,0,74,2,1,1,25,721.935,0
20,0,29,2,15770,232,0,78,2,1,1,25,720.09,0
1,1,35,0,680,68,37,13,3,1,2,45,0.0,1
7,0,41,0,813,12,23,9,3,1,2,30,125.0,0
7,0,34,1,4560,79,7,21,3,1,1,30,213.56,0
11,0,38,1,3775,82,32,28,3,1,1,30,282.28,0
8,0,42,0,1915,4,0,0,3,1,1,30,87.969,1
12,0,39,0,13963,169,7,42,3,1,1,30,593.28,0
4,1,30,0,2344,41,7,3,2,1,2,25,71.488,1
5,0,35,0,305,6,7,2,2,1,2,25,45.495,1
3,0,34,1,2624,7,20,1,2,1,1,55,19.832,1
4,0,32,1,7190,102,15,20,4,1,1,45,219.8,0
12,0,37,1,2698,63,361,24,3,1,1,30,1554.44,0
5,0,35,0,305,6,7,2,4,1,2,45,25.275,1
13,0,17,0,8638,167,59,27,5,1,1,55,220.575,0
0,0,26,0,0,0,0,0,4,1,2,45,0.0,0
21,0,38,1,14540,215,33,17,3,1,1,30,722.2,0
11,1,29,0,739,0,0,2,3,1,2,25,0.0,1
7,0,29,2,1430,41,191,10,3,2,1,30,822.84,0
12,0,42,2,2725,48,297,22,4,1,1,45,811.825,0
3,0,45,0,2397,2,5,3,2,1,1,25,0.0,1
20,1,35,1,583,87,0,0,3,1,2,30,12.01,1
0,0,45,0,684,8,0,0,3,2,2,30,0.0,1
7,0,31,1,3485,71,23,29,3,1,1,30,234.24,0
3,0,23,0,1130,10,20,4,4,1,2,45,78.5,0
0,0,31,2,1447,89,7,0,2,1,2,30,23.192,1
6,0,34,1,5963,91,7,8,3,1,1,30,270.16,0
14,1,34,0,3104,6,0,7,2,1,2,30,12.5,1
8,0,35,1,8810,115,137,41,3,1,1,30,905.0,0
12,0,30,2,2067,12,5,1,2,1,2,45,128.492,1
7,0,38,1,4515,83,2,25,3,1,1,30,191.92,0
16,0,39,4,12370,170,39,64,4,1,1,45,411.0,0
6,0,30,3,7010,112,263,29,2,2,1,25,1503.99,0
6,0,21,0,440,15,0,1,2,1,2,25,20.475,0
20,1,26,0,0,15,0,9,2,1,2,30,153.097,1
6,0,25,0,395,19,3,5,2,1,2,25,32.13,0
3,0,32,0,439,28,11,0,3,2,1,25,192.051,1
17,0,38,8,10210,89,4,44,4,2,1,45,267.475,0
34,1,36,1,1123,89,19,4,3,1,2,25,0.0,1
2,0,41,0,133,8,8,3,3,1,2,30,37.64,1
23,0,42,0,757,9,9,13,2,1,1,25,9.828,1
2,1,43,0,1092,0,2,0,3,1,2,25,29.857,1
8,1,12,3,1908,31,39,13,3,1,1,30,233.56,1
0,0,34,0,2650,21,0,11,3,1,1,30,106.84,0
30,0,38,0,1440,61,34,24,3,1,2,30,196.04,1
2,1,45,0,246,51,0,8,2,1,2,30,258.347,1
19,1,27,0,3189,21,19,5,2,1,1,25,72.155,1
8,0,35,1,15780,186,164,43,2,1,1,25,1456.47,0
16,0,26,1,1935,43,27,13,2,1,1,25,210.51,0
3,0,37,0,0,0,10,0,2,1,2,30,13.684,1
12,0,37,3,7318,85,129,52,2,1,1,25,913.635,0
14,1,38,0,2573,50,41,33,4,1,2,45,168.075,1
5,1,37,0,305,6,7,2,3,1,2,30,40.44,1
18,0,29,2,15580,231,0,75,2,1,1,25,711.495,0
25,0,30,2,15960,232,0,76,2,1,1,25,728.64,0
8,1,11,2,1793,25,7,9,3,1,1,30,100.72,1
2,0,43,2,4383,58,1,0,2,1,1,30,296.742,1
1,1,36,0,3300,52,3,2,3,1,2,30,0.0,1
4,0,20,0,395,13,0,4,2,1,2,25,18.36,0
3,0,36,0,2938,34,0,17,3,1,2,25,168.177,1
9,0,45,0,334,48,1,8,2,1,2,45,62.997,1
2,0,38,1,689,15,45,0,2,1,1,30,0.0,1
8,0,34,0,8695,109,105,37,3,1,1,30,772.16,0
7,1,31,4,4082,20,0,11,3,1,2,30,3.879,1
0,0,36,0,0,0,0,0,2,1,2,25,0.0,0
3,0,22,0,1022,42,5,0,3,1,2,30,0.0,1
0,1,40,0,3730,40,3,3,2,1,2,45,68.691,1
10,1,40,0,804,46,0,31,2,1,2,25,45.12,1
10,1,38,0,2493,16,202,4,3,1,2,30,0.0,1
15,0,43,1,4855,85,23,24,3,1,1,30,289.6,0
10,0,34,0,770,0,60,0,4,1,2,30,62.163,1
10,0,35,2,7280,104,30,27,5,1,1,55,155.76,0
2,0,38,1,2920,24,10,18,3,1,1,30,157.76,0
0,0,38,1,0,0,7,0,5,1,1,55,10.5,0
0,0,23,0,2920,55,1,21,3,1,1,30,123.0,0
1,0,43,1,3077,0,0,0,2,1,2,25,90.358,1
0,0,35,0,6195,80,179,24,3,1,1,30,967.0,0
0,0,37,0,2203,58,27,35,2,1,1,25,223.245,0
3,0,36,0,1858,26,9,9,3,1,1,30,111.36,0
11,0,27,1,930,28,7,2,2,1,1,25,74.61,0
3,1,36,0,637,1,10,10,2,1,2,30,0.0,1
19,0,27,3,2130,48,47,30,2,1,1,25,309.51,0
0,0,30,0,11160,142,0,44,3,1,1,30,452.08,0
0,0,32,0,2415,44,163,19,2,1,1,25,844.155,0
7,0,37,0,13658,163,0,40,3,1,1,30,552.84,0
3,1,31,0,473,0,0,5,3,1,2,25,33.603,1
10,0,34,0,2619,0,12,22,3,1,2,25,0.0,1
2,0,43,1,959,12,19,6,4,1,2,25,19.109,1
12,0,19,0,1263,59,31,0,2,1,1,25,191.162,1
34,0,45,0,5774,2,0,17,3,1,1,25,0.0,1
2,1,37,0,904,36,4,2,3,1,1,45,0.0,1
0,1,36,0,876,4,4,4,2,1,2,30,4.258,1
10,0,37,0,2453,60,359,24,3,1,1,30,1536.52,0
34,0,36,2,1036,35,0,4,2,1,2,30,78.317,1
10,0,44,3,6805,98,201,29,4,1,1,45,675.075,0
11,1,39,0,899,27,53,9,4,1,1,30,54.618,1
12,0,33,2,3790,77,30,31,4,1,1,45,171.675,0
12,0,36,0,918,32,35,0,2,1,2,45,141.339,1
0,1,12,2,321,100,66,0,4,1,2,25,94.514,1
5,0,34,1,3140,23,475,4,3,1,1,30,2026.52,0
0,0,34,1,1963,29,14,19,3,1,1,30,135.68,0
13,0,15,0,6277,136,87,43,1,2,1,15,831.215,0
5,0,35,0,1855,45,47,23,3,1,2,30,264.0,0
5,0,38,0,955,17,15,8,3,1,2,30,98.88,0
5,0,37,0,7698,128,393,46,2,1,1,25,2120.67,0
0,0,28,0,1009,21,26,0,2,1,2,25,0.0,1
18,0,43,2,4260,96,50,35,3,1,1,30,374.24,0
0,0,29,0,1363,13,0,3,3,1,1,30,55.04,0
0,0,35,2,1714,46,0,0,4,1,2,30,120.769,1
21,0,19,2,6697,147,92,44,2,2,1,25,721.98,0
20,1,32,4,4318,34,2,2,3,2,2,30,137.305,1
1,0,32,2,6660,110,264,31,2,2,1,25,1492.65,0
2,0,37,0,13583,169,25,46,3,1,1,30,650.08,0
0,1,33,0,0,0,0,0,2,1,2,25,0.0,1
13,0,29,2,2195,18,4,0,3,1,2,25,0.0,1
12,0,34,5,9530,77,0,25,4,1,1,45,240.175,0
0,0,33,0,1360,38,31,18,3,1,2,30,179.92,0
34,0,41,1,1780,2,0,4,3,1,2,30,395.877,1
9,0,42,0,329,0,0,2,2,1,2,25,6.501,1
0,0,36,0,133,2,0,2,3,1,2,30,5.4,1
19,0,32,1,14755,217,37,26,3,1,1,30,746.88,0
21,1,36,8,10435,93,1,42,5,1,1,55,159.42,0
2,0,31,2,7080,101,28,35,4,1,1,45,249.525,0
11,0,36,0,45,44,0,0,2,1,2,30,126.892,1
34,0,33,0,982,25,35,0,2,1,1,25,48.59,1
13,0,27,1,1340,37,17,12,2,1,1,25,138.465,0
4,0,39,0,4390,85,6,28,3,1,1,30,203.0,0
0,0,34,0,923,11,23,17,4,1,2,45,80.85,1
1,0,16,1,1990,30,42,27,2,1,1,25,279.9,0
27,0,43,0,2470,0,4,15,2,1,1,30,0.0,1
1,0,8,0,501,69,3,0,2,1,1,45,0.0,1
0,1,45,1,0,9,8,3,4,1,1,25,0.0,1
3,1,38,0,2003,3,27,3,2,1,1,25,0.0,1
1,0,30,0,905,12,31,7,4,1,2,45,100.425,0
27,1,18,4,731,39,4,3,2,1,2,45,32.174,1
14,0,37,0,2458,44,9,29,3,1,2,30,136.08,1
4,0,38,0,2360,39,285,18,3,1,1,30,1235.96,0
5,0,34,1,2438,54,7,29,1,1,1,15,175.56,0
0,0,31,0,628,1,1,3,4,1,2,45,18.225,1
2,0,40,0,1954,64,0,0,4,1,2,25,73.25,1
0,0,36,0,0,0,0,0,5,1,1,55,0.0,0
2,1,32,1,3632,87,3,3,2,1,2,30,0.0,1
1,0,14,2,2357,38,15,14,3,1,1,30,155.8,0
24,0,35,2,3915,66,3,3,3,1,2,45,0.0,1
6,0,11,2,2852,39,23,18,3,1,1,30,207.64,0
0,0,30,0,2297,27,1,5,3,1,1,25,0.0,1
11,0,3,0,3775,40,1,16,3,1,2,45,0.0,1
30,0,40,4,15445,231,61,34,3,1,1,30,871.04,0
34,0,42,1,6123,0,34,0,2,1,2,30,87.368,1
14,1,43,0,1009,14,0,20,4,1,2,30,421.018,1
3,1,33,1,900,3,50,0,3,1,2,25,305.404,1
0,1,43,1,502,35,8,0,3,1,2,45,60.244,1
1,0,37,0,4107,13,4,24,4,1,2,25,167.486,1
16,0,38,2,5933,103,24,23,2,1,1,25,379.62,0
0,0,34,0,1363,19,0,4,3,1,1,30,55.28,0
2,0,30,0,4403,19,0,0,3,1,2,30,16.785,1
0,0,30,0,1180,30,20,13,3,1,2,30,128.4,0
30,1,35,0,1450,54,32,22,3,1,2,30,188.16,1
28,0,40,0,841,67,7,0,2,1,2,30,39.349,1
0,0,42,0,0,0,8,0,2,1,2,25,36.0,1
7,1,45,0,6123,13,6,1,3,1,2,45,0.0,1
4,0,36,0,1743,49,334,24,2,1,1,25,1583.64,0
7,0,43,0,933,19,24,7,4,1,2,45,83.8,1
12,1,40,0,524,18,42,2,2,1,2,45,21.708,1
2,0,38,0,710,14,13,8,3,1,2,30,80.96,0
8,0,39,1,4485,77,37,21,3,1,1,30,330.48,0
34,1,45,0,2828,0,0,7,2,1,2,30,11.702,1
0,0,13,1,1837,28,0,17,3,1,1,30,74.6,0
11,0,15,0,6088,135,78,40,1,2,1,15,771.265,0
34,0,29,0,83,51,37,1,2,1,1,25,21.014,1
8,0,41,1,2412,20,8,0,4,1,2,30,141.679,1
15,0,41,2,5818,104,34,25,3,1,1,30,372.88,0
9,0,42,1,4450,73,15,21,3,1,1,30,240.92,0
4,0,39,1,2475,45,317,22,4,1,1,45,855.5,0
0,1,43,0,530,70,28,0,2,1,2,45,2.242,1
7,0,27,1,3530,67,15,25,3,1,1,30,203.88,0
11,1,44,0,40,59,3,1,3,1,1,25,55.947,1
28,1,41,0,2687,100,14,8,3,1,2,55,0.0,1
12,1,45,0,501,29,6,10,4,1,2,45,0.0,1
5,1,34,0,1003,31,2,10,2,1,2,25,87.764,1
17,0,39,1,2948,67,375,29,3,1,1,30,1620.6,0
0,0,39,0,318,5,7,4,2,1,2,25,46.035,0
0,1,34,0,0,0,0,0,3,1,2,30,0.0,1
3,0,30,0,898,0,9,0,2,1,2,25,0.0,1
34,0,32,0,1143,2,6,0,4,1,1,30,0.0,1
5,0,40,0,3393,0,0,22,4,1,2,30,212.634,1
21,1,30,0,775,39,5,12,2,1,2,25,59.13,1
1,0,39,0,3723,4,42,2,2,1,1,30,0.0,1
1,0,39,0,2970,29,487,11,3,1,1,30,2067.96,0
15,1,25,0,1662,12,12,0,2,1,1,30,69.135,1
2,1,29,0,770,82,0,1,3,1,2,30,21.21,1
13,0,32,1,5863,94,18,20,2,1,1,25,349.065,1
4,1,43,0,6009,22,8,0,5,1,2,45,0.0,1
2,0,35,0,11160,148,4,45,3,1,1,30,468.32,0
0,0,32,0,0,0,0,0,4,1,2,45,0.0,1
3,0,41,0,3746,78,22,0,4,1,1,45,82.576,1
0,0,45,0,1126,74,32,0,4,1,1,25,0.0,1
5,0,33,1,7030,100,16,22,5,1,1,55,130.95,0
23,0,31,3,15830,235,0,80,2,1,1,25,722.925,0
3,0,40,0,2011,4,39,0,2,1,1,45,172.315,1
0,0,23,0,950,27,181,7,2,2,1,25,858.465,0
6,0,13,3,2673,37,20,14,3,1,1,30,188.4,0
4,1,42,0,526,58,21,8,4,1,2,25,771.996,1
2,0,33,0,3086,19,0,0,2,1,2,25,28.377,1
14,0,34,7,9940,86,0,37,4,1,1,45,250.65,0
16,0,21,1,6348,145,93,46,2,2,1,25,710.685,0
22,1,30,0,1715,42,25,9,3,1,2,30,170.28,1
18,0,42,2,4563,75,13,39,1,1,1,15,326.59,0
21,0,33,0,765,46,7,14,2,1,2,25,67.995,1
13,0,40,0,1159,15,16,0,3,2,2,25,182.617,1
14,1,39,0,0,15,11,0,4,1,1,30,4.583,1
0,0,45,0,1168,0,10,0,2,1,2,25,109.364,1
9,0,28,1,1505,36,168,9,2,2,1,25,825.345,0
1,0,45,2,56,0,17,0,3,1,2,30,0.0,1
15,0,42,2,14138,178,12,48,3,1,1,30,620.64,0
2,0,37,0,190,1,9,3,2,1,2,25,49.095,1
13,0,39,2,4733,99,17,30,3,1,1,30,261.28,0
3,0,43,0,770,27,39,0,3,1,2,30,207.078,1
10,1,40,0,771,93,6,1,3,1,2,25,18.797,1
11,0,39,2,6833,80,106,36,2,1,1,25,788.085,0
9,1,32,0,2475,0,10,0,2,1,2,25,0.0,1
34,1,25,0,2216,97,3,17,2,1,2,30,64.446,1
7,0,36,0,3500,0,0,8,2,1,2,25,9.29,1
33,0,31,0,610,39,33,0,3,1,2,30,87.805,1
7,0,42,0,485,14,18,7,2,1,2,25,103.455,1
11,1,39,0,6116,0,12,15,2,1,2,30,108.421,1
5,0,37,0,1120,17,7,11,2,1,2,25,82.665,0
0,0,35,0,980,65,11,0,2,1,1,25,207.644,1
34,0,33,0,1098,7,0,9,2,1,2,25,0.0,1
0,0,38,0,470,9,0,13,2,1,2,25,21.555,0
0,0,31,0,338,5,0,1,4,1,1,45,8.575,0
1,0,25,0,1230,15,22,1,4,1,2,45,86.125,0
34,0,40,0,2354,13,0,0,2,1,2,25,51.156,1
2,1,3,0,3260,41,7,0,2,1,2,25,35.844,1
5,0,43,0,616,0,46,0,3,1,1,30,171.656,1
0,0,34,0,318,4,0,3,2,1,2,25,14.49,0
2,0,44,0,2432,47,29,0,5,1,2,30,93.823,1
13,0,27,0,890,26,19,10,2,1,2,25,126.72,0
3,0,37,0,2655,55,179,26,2,1,1,25,927.45,0
20,0,19,2,9298,180,85,44,5,1,1,55,269.67,0
0,0,30,0,780,14,29,7,4,1,2,45,92.35,0
20,0,40,4,4680,98,60,45,3,1,1,30,431.12,0
6,0,35,2,11760,158,25,60,3,1,1,30,576.72,0
28,1,24,0,6123,0,18,2,3,1,2,25,0.0,1
11,0,42,1,4278,68,11,39,1,1,1,15,299.53,0
3,0,35,0,1665,44,38,20,3,1,2,30,220.36,0
0,1,38,0,566,37,0,0,3,1,2,30,0.0,1
21,1,45,0,3199,25,28,0,3,1,2,30,177.106,1
8,0,37,0,2208,57,357,24,2,1,1,25,1708.425,0
5,0,42,1,2440,41,295,22,3,1,1,30,1279.24,0
20,0,43,2,2358,0,8,19,2,1,2,45,0.0,1
4,1,37,0,577,33,0,0,3,1,2,30,97.191,1
16,0,38,1,3163,71,367,24,3,1,1,30,1597.36,0
21,0,36,0,812,14,0,1,3,1,2,30,5.811,1
2,0,25,3,3026,5,13,0,2,1,1,30,41.848,1
6,0,42,0,5873,99,15,16,3,1,1,30,298.88,0
0,0,34,0,4150,74,0,21,3,1,1,30,168.96,0
3,0,38,0,2393,58,2,33,1,1,1,15,145.805,0
34,0,35,4,382,100,7,0,3,1,1,25,190.204,1
30,1,45,1,1917,0,4,4,2,1,1,30,103.739,1
0,0,29,0,0,0,0,0,2,1,2,25,0.0,1
7,1,35,0,2800,40,0,13,3,1,2,30,113.6,1
13,1,8,0,198,2,55,13,3,1,2,25,88.983,1
9,0,43,3,6885,94,203,32,3,1,1,30,1091.16,0
1,0,36,0,1005,18,27,21,2,1,2,25,167.535,0
8,1,41,0,3334,0,1,11,2,1,2,30,35.752,1
1,0,32,0,7508,121,376,42,2,1,1,25,2035.305,0
2,0,40,0,0,94,11,2,2,1,2,25,88.392,1
9,0,8,0,449,0,5,0,3,1,1,30,339.389,1
2,0,29,0,4029,36,0,5,4,1,1,25,122.657,1
0,0,36,0,3473,79,0,28,2,1,1,25,159.84,0
5,0,39,0,7213,123,370,30,3,1,1,30,1773.44,0
28,1,36,0,1375,59,55,23,3,1,2,30,277.36,1
1,0,23,1,3520,65,22,36,3,1,1,30,231.4,0
0,0,20,0,1183,31,13,62,4,1,1,45,62.85,0
5,0,38,0,438,8,7,4,3,1,2,30,45.84,1
14,0,14,0,2720,0,7,21,2,1,2,25,9.025,1
7,0,40,0,1015,20,20,10,3,1,2,30,121.4,0
21,0,37,1,1455,50,1,0,4,1,2,25,151.094,1
12,0,40,0,1659,47,8,3,2,1,1,30,363.667,1
15,0,39,0,0,47,0,0,2,1,1,45,213.389,1
2,0,38,0,2170,38,276,15,3,1,1,30,1192.32,0
4,0,36,0,1228,17,30,19,4,1,2,45,106.125,1
5,0,23,1,1360,32,185,7,2,2,1,25,895.14,0
6,0,37,1,6528,74,99,34,2,1,1,25,742.59,0
16,1,42,0,3295,53,24,19,3,1,2,30,229.92,1
8,1,40,1,1189,16,5,5,3,1,2,25,25.492,1
8,1,28,1,1176,58,25,3,3,1,1,25,145.152,1
0,0,26,0,825,10,21,3,4,1,2,45,73.375,0
3,1,44,1,88,59,0,0,3,1,2,25,0.0,1
4,0,41,0,13468,169,1,43,3,1,1,30,549.48,0
9,0,35,0,2990,41,9,16,3,1,2,30,157.24,1
9,0,34,0,4118,64,0,31,1,1,1,15,230.01,0
4,0,39,0,4092,4,14,7,3,1,1,30,123.97,1
5,0,36,1,1913,28,7,6,4,1,1,45,66.025,0
1,0,7,0,3457,13,3,26,2,2,2,30,273.598,1
2,1,28,0,3832,31,5,0,4,1,2,25,0.0,1
9,0,39,0,840,85,0,7,4,1,2,30,59.76,1
19,1,43,0,3555,57,31,24,3,1,2,30,268.48,1
16,0,36,3,9240,119,140,40,3,1,1,30,934.36,0
2,0,33,0,3095,21,475,7,3,1,1,30,2024.64,0
5,0,35,0,305,6,7,2,2,1,2,25,45.495,0
30,0,32,3,16265,238,7,78,2,1,1,25,774.135,0
10,0,41,1,15565,184,160,34,2,1,1,25,1428.705,0
1,0,26,1,938,33,0,0,2,1,2,25,0.0,1
1,1,29,0,398,0,1,0,3,1,2,30,150.914,1
8,0,38,0,3096,14,0,14,4,1,1,25,252.922,1
9,0,36,1,2621,21,6,4,3,1,2,30,111.209,1
0,0,3,0,4005,32,198,4,3,1,1,30,953.48,0
0,0,37,0,1263,20,0,8,4,1,1,45,32.075,0
13,0,44,1,4630,81,20,23,3,1,1,30,268.44,0
12,0,35,3,9410,125,158,56,3,1,1,30,1013.4,0
0,0,35,0,3008,71,0,28,2,1,1,25,138.555,0
34,0,41,0,1164,95,3,0,4,1,2,45,68.981,1
11,1,43,0,2238,60,16,18,3,1,2,30,155.92,0
9,0,35,1,5044,38,32,0,2,1,2,25,0.0,1
8,0,34,0,2273,52,348,19,3,1,1,30,1485.0,0
19,0,31,0,2972,14,7,9,3,1,2,30,56.425,1
2,1,36,1,716,0,3,0,3,1,2,25,29.404,1
10,0,38,1,8990,123,148,46,3,1,1,30,956.52,0
0,0,39,0,0,0,3,0,2,1,2,25,13.5,1
31,1,45,0,4057,38,3,7,3,1,2,30,87.083,1
0,0,38,0,750,16,4,14,2,1,2,25,52.47,0
0,0,35,0,0,0,0,0,4,1,2,45,0.0,1
11,0,45,2,2665,51,300,21,4,1,1,45,817.9,0
0,0,24,0,3035,61,33,25,3,1,1,30,255.84,0
2,0,38,0,710,14,13,8,3,1,2,30,80.96,0
17,1,31,0,3533,100,152,11,2,1,2,25,291.552,1
20,0,29,2,15770,232,0,78,2,1,1,25,720.09,0
2,1,43,0,3121,0,50,13,3,1,1,45,0.0,1
1,0,31,0,11080,146,0,41,3,1,1,30,449.04,0
17,0,21,1,9193,181,88,46,5,1,1,55,272.61,0
3,1,42,0,4526,91,9,6,2,1,2,25,0.0,1
2,0,36,0,818,8,18,7,4,1,2,45,65.65,1
9,0,33,0,3775,76,24,27,2,1,1,25,281.295,0
6,0,24,0,3745,0,4,0,2,1,2,25,0.0,1
6,0,27,1,1560,39,195,11,2,2,1,25,949.455,0
0,0,19,0,0,0,0,0,2,1,2,25,0.0,0
11,0,20,0,3226,42,0,9,4,1,2,30,455.024,1
0,0,32,0,2710,19,466,2,3,1,1,30,1973.16,0
10,0,44,0,698,18,22,10,3,1,2,30,116.64,1
0,1,37,1,559,0,33,0,4,1,2,55,0.0,1
21,0,12,0,3388,68,2,1,4,1,2,45,94.112,1
2,0,37,1,4325,83,27,27,3,1,1,30,284.32,0
4,0,36,0,1933,48,1,15,3,1,2,30,83.24,0
1,1,45,0,1946,0,3,0,4,1,1,25,12.637,1
6,0,35,0,15370,177,152,31,2,1,1,25,1383.615,0
2,0,45,0,2394,13,24,12,2,1,2,30,0.0,1
6,0,34,0,4435,81,0,21,3,1,1,30,180.64,0
0,1,45,0,316,70,41,6,4,1,2,30,0.0,1
0,0,31,0,6115,78,169,20,3,1,1,30,923.72,0
3,1,32,0,1812,46,5,0,3,1,2,25,0.0,1
4,1,31,0,371,5,78,6,2,1,2,30,33.938,1
34,1,13,0,94,51,0,10,2,1,1,25,11.262,1
18,1,42,0,3250,13,0,12,3,1,2,45,11.927,1
7,0,35,1,92,74,0,0,2,2,2,25,0.0,1
34,1,28,0,2009,8,0,0,4,1,2,25,0.0,1
7,0,46,0,623,17,22,7,3,1,2,30,113.6,0
0,0,31,0,6725,94,9,20,4,1,1,45,192.975,0
0,0,33,0,0,0,0,0,2,1,2,25,0.0,1
20,0,43,0,4265,44,0,9,4,1,2,45,4.924,1
0,0,21,0,1055,26,178,5,2,2,1,25,849.645,0
34,0,27,0,395,0,12,6,3,1,2,25,77.457,1
10,1,41,0,3709,4,7,14,3,1,2,30,74.153,1
14,0,36,2,9520,126,145,41,3,1,1,30,965.84,0
9,0,38,2,3205,31,12,18,3,1,1,30,177.44,0
1,1,32,2,1065,87,6,5,2,1,2,30,101.145,1
12,0,25,1,1470,35,21,13,2,1,1,25,162.225,0
0,0,31,1,404,52,20,0,4,1,1,45,66.836,1
1,0,37,0,3764,44,0,30,3,1,2,30,89.395,1
0,0,32,1,3135,26,14,27,3,1,1,30,182.44,0
14,0,40,2,8523,144,399,45,3,1,1,30,1942.68,0
10,0,37,1,6963,78,110,37,2,1,1,25,811.845,0
3,0,26,4,204,56,0,0,4,1,2,30,133.789,1
5,0,38,0,1065,14,7,9,2,1,2,25,80.055,0
2,0,29,0,3040,54,61,5,2,1,2,25,29.267,1
30,1,31,0,1806,25,39,19,3,1,1,55,1.624,1
34,1,38,0,4088,0,0,0,4,1,2,30,42.075,1
12,0,29,0,3071,16,17,0,5,1,2,25,62.685,1
12,0,39,1,4705,83,7,23,3,1,1,30,219.52,0
2,0,45,0,1083,13,61,0,3,1,1,30,0.0,1
22,0,41,0,1396,18,0,0,4,1,1,30,251.05,1
8,0,41,1,2780,59,183,24,2,1,1,25,951.255,0
3,0,10,2,2593,35,16,13,3,1,1,30,169.12,0
0,1,39,0,2185,91,32,0,4,1,1,45,0.0,1
0,1,6,0,416,40,23,0,2,1,2,25,146.8,1
12,0,44,2,4283,98,24,36,3,1,1,30,271.24,0
11,1,37,0,3231,8,0,11,2,1,2,25,82.536,1
7,0,20,1,2000,32,35,16,3,1,1,30,221.28,0
11,0,27,3,4130,77,36,40,3,1,1,30,312.28,0
8,0,33,0,2774,0,44,0,4,1,2,25,0.0,1
5,0,38,0,2583,59,11,36,1,1,1,15,205.81,0
11,0,23,0,745,21,7,3,2,1,2,25,65.97,0
8,0,31,2,3610,69,25,29,3,1,1,30,247.16,0
2,0,32,0,859,54,3,0,3,1,2,30,54.32,1
2,1,35,1,4244,29,4,12,2,1,1,30,0.0,1
3,0,22,1,1775,28,38,18,2,1,1,25,252.135,0
5,0,38,0,305,6,7,2,5,1,1,55,15.165,0
3,0,30,0,2148,48,344,21,2,1,1,25,1646.82,0
34,1,36,0,1970,64,31,19,3,2,2,30,205.36,1
31,1,32,4,16785,249,8,80,2,1,1,25,802.53,0
18,0,45,3,7283,91,130,45,2,1,1,25,916.83,0
5,1,14,2,1487,25,8,8,3,1,1,30,92.48,1
2,0,41,0,327,6,1,0,3,1,2,25,267.018,1
34,1,31,1,3434,6,4,0,5,1,1,25,37.145,1
0,0,35,0,1170,18,14,24,2,1,2,25,116.46,0
3,1,32,0,2823,19,0,12,2,1,2,25,0.0,1
6,0,43,2,3095,33,491,9,4,1,1,45,1305.7,0
34,0,42,0,1072,8,5,8,3,1,1,30,0.0,1
19,0,40,3,5103,82,29,52,1,1,1,15,444.675,0
12,0,44,1,14033,179,15,50,3,1,1,30,628.48,0
15,0,38,1,302,44,63,0,3,1,2,25,0.0,1
9,0,40,2,3400,33,490,10,3,1,1,30,2097.32,0
11,0,33,0,5868,54,3,0,3,1,2,45,54.365,1
3,0,37,1,6500,86,186,26,3,1,1,30,1007.44,0
4,1,32,0,1987,0,45,13,3,1,2,45,0.0,1
0,0,34,0,1374,90,24,3,3,2,2,30,6.326,1
0,1,45,0,5115,11,2,0,3,1,2,25,157.002,1
8,0,43,2,6760,96,201,32,3,1,1,30,1078.24,0
0,1,35,1,264,8,6,0,3,1,1,25,0.0,1
16,0,31,2,1610,40,36,19,2,1,1,25,236.25,0
5,0,39,0,553,14,39,8,3,1,2,30,178.68,1
10,0,44,2,2745,47,302,24,4,1,1,45,824.8,0
4,0,40,0,6123,53,50,5,2,1,2,30,0.0,1
1,0,35,0,1420,41,36,20,3,1,1,30,202.44,0
1,0,34,0,2605,3,2,2,4,2,1,25,94.982,1
15,0,17,1,9047,176,71,39,5,1,1,55,244.845,0
0,0,33,2,6255,105,246,33,2,2,1,25,1393.2,0
2,1,34,0,2311,0,0,0,3,1,2,25,18.821,1
1,1,35,0,2700,49,7,4,3,1,1,30,0.0,1
2,0,33,1,2605,75,3,4,2,1,2,25,27.269,1
15,0,42,3,4880,92,14,29,4,1,1,45,159.3,0
0,0,25,0,456,85,28,0,3,1,2,30,3.89,1
4,1,45,1,286,94,7,18,2,1,1,55,133.959,1
0,0,36,0,2278,53,4,34,1,1,1,15,150.205,0
7,0,44,0,803,19,25,11,3,1,2,30,132.88,0
1,0,34,2,863,6,19,2,2,1,2,45,1.482,1
3,1,40,1,3671,0,0,0,3,1,2,30,0.0,1
5,0,39,1,3624,100,32,3,3,1,2,30,0.0,1
12,0,40,0,0,0,6,0,2,1,2,45,135.259,1
16,0,43,0,0,45,6,0,3,1,2,25,88.937,1
5,0,20,1,1400,22,14,2,2,1,1,25,126.99,0
12,0,37,1,3490,64,183,23,2,1,1,25,983.43,0
0,0,34,0,2389,16,17,3,4,1,2,30,8.031,1
5,0,43,1,1785,8,2,0,2,1,2,45,0.0,1
2,0,15,2,2142,34,6,19,3,1,1,30,111.04,0
0,0,22,0,2805,49,0,17,3,1,1,30,114.16,0
1,0,35,0,538,7,1,1,3,1,2,30,25.8,1
17,0,38,0,3614,0,9,7,2,2,1,25,0.0,1
5,0,35,0,6603,70,110,38,2,1,1,25,795.285,0
19,0,41,2,5385,88,37,19,3,1,1,30,366.92,0
5,0,26,3,322,29,9,29,2,1,2,30,0.0,1
17,0,18,2,9353,183,112,46,5,1,1,55,311.04,0
0,0,36,0,2790,21,476,6,3,1,1,30,2016.44,0
24,0,21,3,6758,150,97,46,2,2,1,25,747.36,0
34,1,41,0,0,72,8,0,3,1,2,30,32.756,1
14,1,43,0,930,40,0,2,3,1,2,25,298.668,1
14,1,14,1,2100,67,6,4,3,2,2,30,68.556,1
4,0,34,0,1963,38,27,29,3,1,2,30,188.04,1
34,1,43,0,6123,56,9,16,3,1,1,25,0.0,1
12,0,40,1,14078,175,7,46,3,1,1,30,598.12,0
5,0,34,0,305,6,7,2,4,1,2,45,25.275,1
0,0,7,0,0,0,0,0,2,1,1,25,0.0,1
12,1,41,1,1149,87,4,0,2,1,2,30,110.676,1
13,1,31,1,1201,0,52,0,2,1,2,45,40.429,1
7,0,40,2,3225,30,17,20,3,1,1,30,198.2,0
1,0,39,0,2235,41,289,21,3,1,1,30,1247.04,0
13,1,38,0,6123,22,8,14,4,1,1,25,133.643,1
9,0,15,1,2937,5,6,2,3,1,1,25,110.407,1
11,0,37,1,15730,185,152,30,2,1,1,25,1400.175,0
11,0,35,1,11690,158,8,45,4,1,1,45,316.2,0
0,1,37,0,587,46,73,0,2,1,1,30,15.746,1
2,0,33,0,2360,33,277,17,3,1,1,30,1203.72,0
10,1,11,2,1982,26,16,12,3,1,1,30,144.32,1
14,1,17,1,6148,138,83,42,1,2,1,15,802.23,0
0,0,35,0,1345,22,253,16,3,1,1,30,1066.68,0
12,0,43,2,11725,164,26,53,4,1,1,45,362.225,0
0,0,31,0,3346,98,4,0,2,1,1,25,0.0,1
2,0,34,0,3833,57,0,31,2,1,1,25,175.05,0
9,1,45,0,0,14,0,14,3,1,1,30,0.0,1
23,0,36,8,10625,94,10,45,5,1,1,55,175.785,0
0,0,30,0,2530,11,461,7,3,1,1,30,1945.64,0
19,0,27,2,324,28,16,6,3,1,2,45,180.453,1
0,0,7,0,1182,13,0,5,2,1,1,25,53.775,1
0,0,32,0,2535,16,0,12,3,1,1,30,102.04,0
5,0,40,0,420,12,39,6,3,1,2,30,173.28,1
10,0,45,0,565,16,22,8,3,1,2,30,111.24,1
4,0,35,0,15180,176,143,28,2,1,1,25,1334.52,0
18,1,38,0,410,60,4,0,3,1,2,30,0.0,1
4,0,36,0,733,12,21,17,3,1,2,30,113.8,1
1,0,38,2,2558,67,34,0,3,1,2,30,159.065,1
21,1,31,0,3719,1,50,0,3,1,1,25,0.0,1
9,0,44,2,3355,37,498,14,3,1,1,30,2127.68,0
26,1,37,0,3969,57,1,0,3,1,2,30,0.0,1
7,0,39,0,3965,66,0,19,3,1,1,30,161.24,0
31,1,43,1,3824,6,6,2,2,1,2,25,0.0,1
13,1,42,0,855,59,31,1,3,1,2,45,188.299,1
3,1,32,0,2825,1,8,0,4,1,2,45,6.842,1
4,0,37,0,6118,65,87,22,2,1,1,25,669.735,0
0,0,34,0,6493,110,352,41,2,1,1,25,1881.135,0
0,0,34,0,323,1,2,2,4,1,2,45,13.1,1
5,0,39,3,758,16,43,8,5,1,1,55,76.11,0
5,1,37,0,2765,37,12,18,2,1,2,25,180.09,1
6,0,37,1,1725,47,43,22,3,1,1,30,242.88,0
8,0,31,2,2744,36,14,35,2,1,2,45,57.483,1
6,0,35,0,3030,22,7,12,3,1,1,30,150.08,0
11,1,38,0,2428,55,17,20,3,1,2,30,167.32,0
9,0,37,0,8515,111,123,28,3,1,1,30,837.04,0
29,1,33,0,3604,82,11,6,4,1,2,45,0.0,1
0,0,37,0,213,6,8,5,5,1,1,55,15.285,0
17,0,34,1,14775,216,42,28,2,1,1,25,863.595,0
12,0,38,2,4970,81,26,32,3,1,1,30,306.04,0
12,0,19,0,8888,175,81,44,4,1,1,45,429.075,0
0,0,33,0,3298,70,0,22,2,1,1,25,151.56,0
6,1,29,2,1011,74,4,1,3,1,1,45,1.204,1
10,0,36,0,2251,0,0,0,3,1,1,30,0.0,1
0,0,44,1,2545,5,51,1,2,1,1,30,0.0,1
0,0,41,0,830,18,8,15,2,1,2,25,74.16,0
5,0,40,0,415,10,7,2,3,1,2,30,45.0,0
5,1,18,0,1634,0,8,19,3,1,1,30,0.0,1
5,0,34,0,5838,93,0,8,2,1,1,25,266.895,0
0,0,33,0,653,8,0,4,3,1,1,30,26.44,0
12,1,40,0,81,0,8,0,5,1,2,30,262.016,1
8,0,33,0,3285,45,23,29,2,1,2,25,253.35,1
6,0,26,0,2557,52,11,2,3,1,2,25,151.582,1
1,0,30,0,3210,66,10,20,2,1,1,25,192.42,0
29,0,45,0,3328,0,0,0,3,1,1,25,18.211,1
3,0,41,0,6123,1,25,0,2,1,2,25,0.0,1
0,0,16,0,1390,20,21,12,2,1,1,25,157.95,0
13,0,29,4,2220,52,221,28,3,2,1,30,974.88,0
2,1,36,0,231,100,56,8,3,1,2,45,214.223,1
12,0,15,0,8933,171,73,40,4,1,1,45,410.1,0
10,1,45,0,1379,32,0,3,3,1,1,45,257.191,1
0,0,36,1,338,4,4,2,5,1,1,55,11.13,0
1,1,9,1,1243,16,0,7,3,1,1,30,50.36,1
0,0,35,0,3355,54,0,15,2,1,1,25,153.405,0
9,0,15,0,5897,134,69,37,1,2,1,15,711.205,0
22,0,31,0,1250,51,30,30,2,1,2,25,193.545,1
28,1,35,0,1260,53,23,19,3,1,2,30,144.52,1
13,0,39,0,4560,71,7,15,2,1,1,25,239.895,0
0,0,32,0,450,4,0,2,2,1,2,25,20.43,0
26,0,37,8,10625,93,7,40,4,1,1,45,285.45,0
30,0,40,4,15445,231,61,34,3,2,1,30,871.04,0
13,0,43,2,3775,88,40,29,3,1,1,30,314.52,0
4,1,30,0,2008,34,19,25,3,1,2,30,157.68,1
12,1,45,0,587,84,5,18,4,1,2,30,0.0,1
10,0,39,2,3805,38,491,8,3,1,1,30,2117.72,0
4,1,37,1,6123,9,202,2,2,1,2,30,0.0,1
2,0,38,0,2887,0,4,0,3,1,2,30,0.0,1
12,0,5,2,0,23,4,5,2,1,1,25,0.0,1
20,0,36,2,14835,219,47,30,3,1,1,30,790.16,0
2,0,34,0,11045,142,0,41,3,1,1,30,447.48,0
12,0,37,0,2363,52,7,14,3,1,2,30,124.6,0
28,1,30,0,0,41,61,7,2,1,2,25,31.783,1
1,0,38,0,375,0,2,0,3,1,1,25,0.783,1
19,1,44,0,2833,60,56,39,4,1,2,45,212.325,1
1,0,5,0,4310,38,205,6,3,1,1,30,993.92,0
14,0,34,2,2133,55,52,76,5,1,1,55,110.82,0
0,0,19,0,2840,53,0,17,3,1,1,30,115.72,0
16,1,41,0,2753,58,52,38,4,1,2,45,200.275,1
9,0,39,0,2550,39,260,16,3,1,1,30,1143.56,0
15,0,29,0,590,38,4,13,2,1,2,25,46.26,1
1,0,28,0,1190,38,197,14,2,2,1,25,941.76,0
6,0,35,0,2665,47,143,19,2,1,1,25,765.54,0
16,0,45,1,623,32,9,0,3,1,1,25,2.043,1
6,0,39,2,6113,24,0,0,3,1,2,25,122.901,1
9,0,39,1,2216,38,5,0,3,1,2,25,328.012,1
9,1,34,0,1613,29,30,0,2,1,1,45,133.405,1
0,0,35,0,14580,166,122,13,2,1,1,25,1212.57,0
18,1,27,0,695,37,1,11,2,1,2,25,37.44,1
0,0,37,0,0,0,0,0,2,1,2,25,0.0,1
7,0,37,1,11465,154,11,47,4,1,1,45,317.975,0
5,0,34,1,3085,25,7,14,3,1,1,30,152.4,0
3,0,42,0,790,16,23,12,3,1,2,30,124.24,0
12,1,33,0,484,26,10,0,3,1,2,30,0.0,1
32,0,37,0,4632,0,13,0,4,1,2,30,0.0,1
7,1,37,0,1836,0,19,9,4,1,1,30,50.589,1
3,1,35,2,2788,54,65,14,2,2,1,30,14.629,1
7,0,36,0,11350,148,0,43,3,1,1,30,459.92,0
19,1,41,0,441,0,2,1,3,1,1,30,276.376,1
20,0,43,0,639,2,9,0,2,1,1,25,0.0,1
8,0,25,0,980,29,17,13,2,1,1,25,121.905,0
