2,0,18,0,1695,26,28,14,2,1,1,25,203.445,0
4,0,36,0,2590,52,166,20,2,1,1,25,865.89,0
0,1,41,1,2295,9,37,2,3,1,2,30,122.796,1
10,1,40,0,2348,46,44,35,3,1,2,30,271.76,1
2,0,34,4,1427,74,26,6,4,1,2,30,42.066,1
5,0,27,0,2930,57,7,10,3,1,1,30,147.48,0
2,0,33,1,1515,18,24,1,2,1,1,55,0.0,1
6,1,45,0,406,100,8,19,4,1,2,30,246.643,1
8,0,36,0,6603,69,76,33,2,1,1,25,642.24,0
0,0,36,0,0,0,0,0,2,1,2,25,0.0,0
25,0,19,4,7298,157,113,59,2,2,1,25,843.975,0
0,0,16,0,1390,20,21,12,2,1,1,25,157.95,0
5,0,33,2,1374,12,63,0,3,1,2,45,145.77,1
1,0,16,0,2884,4,0,25,2,1,2,25,0.0,1
1,0,38,0,2795,26,8,18,3,1,1,30,144.84,0
1,1,29,2,0,100,54,4,2,1,1,45,40.653,1
3,0,22,0,1488,37,20,64,4,1,1,45,88.125,0
1,0,33,0,15120,173,138,26,2,1,1,25,1309.185,0
0,1,20,0,205,100,2,1,2,1,2,30,0.0,1
0,0,17,0,2161,26,25,6,4,1,1,25,17.682,1
0,0,8,0,119,42,204,18,2,2,2,25,164.221,1
6,1,19,0,0,10,204,1,2,1,2,30,22.064,1
0,1,31,0,4785,80,18,12,3,1,1,30,21.546,1
0,0,10,0,1123,24,204,9,2,2,2,30,0.0,1
5,0,33,1,2965,20,7,11,3,1,1,30,147.4,0
7,0,42,0,1335,22,84,2,3,1,1,30,26.46,1
0,0,22,0,2863,28,42,6,3,1,1,25,174.889,1
0,0,35,0,290,2,0,2,2,1,2,25,13.14,0
0,0,13,0,1695,20,20,13,2,1,1,25,167.175,0
0,0,36,0,685,14,25,13,2,1,2,25,143.955,0
0,1,42,1,1886,21,62,27,3,1,2,30,139.422,1
8,1,31,0,2910,39,0,12,3,1,2,30,117.96,1
0,1,28,0,1703,28,12,23,3,1,2,30,117.24,1
7,1,11,0,3221,19,29,4,2,1,2,45,10.694,1
0,0,32,0,1975,24,0,14,2,1,2,25,89.955,1
7,0,37,3,7100,96,207,41,3,1,1,30,1115.84,0
8,1,40,2,739,0,11,35,2,1,1,30,68.361,1
8,1,15,2,1748,29,15,13,3,1,1,30,131.08,1
0,0,33,0,0,0,0,0,4,1,1,45,0.0,0
0,0,36,0,3610,67,0,8,3,1,1,30,147.08,0
7,0,38,0,13773,169,0,44,3,1,1,30,557.68,0
0,0,36,1,338,4,4,2,5,1,1,55,11.13,0
2,0,44,2,0,93,13,4,2,1,2,25,312.084,1
2,0,37,1,0,21,13,3,4,1,2,30,170.414,1
6,0,35,2,6900,102,12,21,5,1,1,55,123.03,0
18,0,30,0,535,35,0,11,2,1,2,25,25.65,1
25,0,15,2,302,24,117,7,3,2,1,45,41.618,1
0,1,34,0,0,0,0,0,3,1,2,30,0.0,1
0,0,38,0,0,0,14,1,4,2,2,55,162.121,1
2,1,32,1,3045,15,37,0,4,1,2,45,106.129,1
0,0,36,0,1333,38,0,4,3,1,2,30,54.84,0
0,0,38,0,1619,20,39,7,3,1,1,30,0.0,1
1,0,11,2,2368,31,13,12,3,1,1,30,147.96,0
10,0,37,0,5693,100,30,27,2,1,1,25,395.685,1
11,0,40,1,0,22,25,11,3,1,2,30,105.224,1
14,0,40,2,15905,194,189,36,3,1,1,30,1399.96,0
4,1,32,0,2570,29,0,10,2,1,2,25,116.955,1
0,0,28,0,0,29,4,0,3,1,2,30,207.406,1
13,0,36,4,7460,123,287,38,3,2,1,30,1451.32,0
2,0,37,0,595,8,0,4,2,1,2,25,27.135,0
11,0,18,4,2967,50,29,18,3,1,1,30,236.68,0
16,0,35,2,5943,96,22,21,2,1,1,25,370.755,1
0,0,38,0,979,58,2,0,4,1,2,25,51.326,1
0,0,33,0,5433,81,0,5,2,1,1,25,248.13,0
10,0,28,0,295,20,0,9,3,1,2,30,12.6,0
0,0,32,0,0,0,0,0,2,1,2,25,0.0,1
16,0,13,1,9158,175,70,38,5,1,1,55,244.995,0
7,0,45,0,1374,19,6,5,5,1,2,25,45.001,1
5,0,41,0,2811,24,176,12,3,1,2,30,72.102,1
9,1,36,4,7025,119,276,35,3,2,1,30,1389.76,0
0,0,24,0,895,24,154,5,2,2,1,25,734.355,0
0,1,38,0,1354,9,40,0,3,1,2,45,0.0,1
11,0,37,0,15675,183,159,33,2,1,1,25,1429.11,0
2,1,37,0,3166,80,65,9,3,1,2,25,66.672,1
7,0,37,0,15240,179,148,30,2,1,1,25,1359.855,0
0,0,31,0,2790,15,468,5,3,1,1,30,1984.2,0
1,1,40,0,2263,23,0,13,2,1,1,25,0.0,1
11,1,41,0,2268,50,42,32,4,1,2,45,162.95,1
0,0,33,0,1488,17,0,1,3,1,1,30,60.2,0
1,0,39,0,2759,5,6,4,3,1,2,45,0.0,1
0,1,39,0,1219,13,52,0,3,1,1,45,21.122,1
19,0,37,2,14430,214,29,32,3,1,1,30,701.76,0
8,0,37,3,7145,124,282,38,2,2,1,25,1596.105,0
0,0,37,0,1683,47,0,33,1,1,1,15,95.15,0
6,0,32,0,3515,72,17,22,2,1,1,25,237.915,0
7,0,38,0,1993,51,6,17,3,1,1,30,105.76,0
0,0,35,2,2131,27,5,5,3,1,1,45,8.961,1
12,0,35,4,7690,113,42,39,5,1,1,55,180.045,0
0,0,16,0,877,14,7,11,3,1,1,25,305.668,1
1,0,36,0,5613,89,0,10,2,1,1,25,256.59,0
0,0,33,0,0,0,0,0,2,1,2,25,0.0,0
0,1,13,0,473,16,14,6,2,1,2,30,151.657,1
0,1,42,0,2240,76,41,4,3,1,2,25,109.207,1
5,1,38,0,2116,17,78,35,4,1,1,30,265.553,1
7,0,31,0,8730,113,127,37,3,1,1,30,861.72,0
1,0,36,0,3293,50,0,18,1,1,1,15,183.865,0
3,0,35,0,1665,44,38,20,3,1,2,30,220.36,0
0,0,31,0,0,0,0,0,5,1,1,55,0.0,0
7,0,38,1,4023,88,9,30,3,1,1,30,200.44,0
30,0,44,4,15400,235,69,38,3,1,1,30,901.4,0
0,0,31,0,6480,91,7,20,4,1,1,45,181.775,0
0,0,7,0,3485,24,187,21,3,1,1,30,888.36,0
11,0,38,1,3085,59,182,25,2,1,1,25,960.48,0
2,0,45,0,1007,18,80,0,3,1,2,30,248.117,1
3,0,41,0,5613,95,8,11,3,1,1,30,260.32,0
9,0,16,0,8808,173,77,43,4,1,1,45,417.025,0
11,0,45,0,111,11,16,0,3,1,2,30,0.0,1
2,0,35,0,4095,71,0,19,3,1,1,30,166.64,0
9,0,38,1,4705,84,11,28,3,1,1,30,235.56,0
1,0,19,3,2600,10,25,0,3,1,2,45,0.0,1
4,0,34,0,2070,49,39,18,3,1,2,30,240.76,0
1,0,16,0,1021,29,11,0,2,1,1,45,13.514,1
0,1,43,0,5224,19,9,13,2,1,1,25,16.936,1
0,1,13,0,25,55,57,12,3,1,1,30,101.758,1
3,0,24,1,1863,43,44,81,4,1,1,45,157.65,0
0,0,39,0,73,2,5,4,2,1,1,25,25.875,0
8,0,39,1,7813,133,391,45,3,1,1,30,1881.84,0
10,0,27,1,2278,50,38,68,4,1,1,45,153.2,0
9,0,20,1,2190,33,44,19,3,1,1,30,264.92,0
6,0,43,0,1806,100,12,27,4,1,1,45,2.143,1
0,0,45,1,4375,28,33,0,2,1,1,30,0.0,1
3,0,22,1,1775,28,38,18,2,1,1,25,252.135,0
0,0,43,0,316,60,2,20,3,1,1,30,85.891,1
5,0,36,0,3893,60,0,33,1,1,1,15,217.415,0
9,0,10,2,2197,30,8,7,3,1,1,30,121.08,1
0,0,38,0,7383,129,388,46,2,1,1,25,2084.04,0
25,0,38,3,15140,225,54,32,3,1,1,30,830.6,0
1,1,12,0,0,10,8,0,3,1,2,30,30.208,1
15,0,18,4,3347,52,47,24,3,1,1,30,323.96,0
1,0,32,0,1229,65,34,5,2,1,1,45,102.08,1
5,0,37,0,305,6,7,2,2,1,2,25,45.495,1
18,0,32,0,1185,39,28,14,3,1,2,30,160.96,0
4,0,29,0,2730,31,0,10,2,1,2,25,124.245,1
0,0,34,0,695,6,0,6,2,1,2,25,31.545,0
0,0,40,0,88,6,8,6,3,1,2,30,35.76,1
5,0,35,1,305,6,7,2,5,1,1,55,15.165,0
5,0,28,0,1130,16,28,5,4,1,2,45,98.65,0
1,0,37,0,7318,126,375,40,2,1,1,25,2022.48,0
0,1,43,0,3764,72,39,0,2,1,1,30,0.0,1
5,0,38,0,1638,44,0,2,3,1,2,30,67.28,0
18,0,40,0,3143,70,36,34,3,1,2,30,272.52,0
0,0,29,0,0,0,0,0,2,1,2,25,0.0,0
2,1,36,0,2210,74,38,17,2,1,2,30,0.0,1
8,0,20,0,1225,26,11,12,2,1,1,25,105.795,0
5,1,41,0,0,23,3,25,3,1,2,30,2.676,1
12,1,20,0,2166,10,204,37,3,1,1,30,0.0,1
1,0,37,0,5728,95,32,14,3,1,1,30,360.92,0
4,1,27,1,1315,36,193,11,2,2,1,25,929.295,1
2,0,18,0,1695,26,28,14,2,1,1,25,203.445,0
0,0,34,0,318,4,0,3,2,1,2,25,14.49,0
0,0,37,0,1440,40,41,22,3,1,2,30,223.2,0
0,0,40,0,4522,100,204,13,3,1,1,30,229.467,1
14,0,39,1,15790,188,157,32,2,1,1,25,1425.51,0
0,0,38,0,110,4,0,1,2,1,2,25,5.13,0
1,1,45,0,2156,0,71,14,3,1,1,30,0.0,1
0,0,40,0,2090,72,16,3,3,2,2,45,41.102,1
0,0,35,1,1365,27,13,6,2,1,1,45,103.047,1
6,0,34,0,13693,167,0,40,3,1,1,30,554.4,0
1,1,42,0,1729,23,17,6,2,1,2,25,173.359,1
2,0,39,0,2017,17,13,27,3,1,1,30,0.0,1
0,0,37,0,875,14,0,11,2,1,2,25,40.005,0
0,0,40,2,2887,59,9,26,4,1,1,25,104.606,1
5,0,9,1,4635,43,217,10,3,1,1,30,1055.12,0
18,0,43,2,4260,96,50,35,3,1,1,30,374.24,0
22,0,37,0,3456,59,46,10,2,1,1,30,25.246,1
17,1,21,0,6123,69,1,0,2,1,2,30,134.145,1
0,0,44,0,1754,25,11,6,2,1,1,30,57.185,1
7,1,39,0,501,5,73,0,3,1,2,25,89.601,1
0,0,36,0,438,6,0,1,4,1,2,45,11.1,1
2,0,44,0,662,72,0,7,3,1,2,30,0.0,1
0,1,36,0,1224,76,68,5,3,1,1,30,0.0,1
0,1,37,0,0,100,12,0,2,1,1,30,0.0,1
0,0,36,0,0,0,0,0,3,1,2,30,0.0,1
12,0,34,0,15790,182,149,31,2,1,1,25,1389.24,0
2,0,36,0,3718,82,2,28,2,1,1,25,180.0,0
1,1,14,1,1421,18,27,10,2,1,2,25,155.92,1
5,0,44,0,3198,62,73,0,2,1,2,25,36.483,1
0,1,38,0,868,53,9,18,3,1,2,45,0.0,1
0,0,43,0,638,84,15,2,3,2,2,45,0.0,1
0,0,27,0,6525,87,0,16,4,1,1,45,165.3,0
0,0,39,0,3224,68,45,3,2,1,2,25,20.775,1
0,0,34,0,1438,43,327,22,2,1,1,25,1538.145,0
4,0,25,1,3553,96,8,0,4,1,2,30,27.47,1
18,0,26,2,15590,224,0,73,2,1,1,25,711.63,0
5,0,31,0,2193,50,344,18,2,1,1,25,1648.935,0
0,0,37,0,1930,28,204,10,2,1,2,25,241.534,1
4,1,25,3,734,22,20,0,2,1,2,25,3.319,1
0,0,31,0,1668,19,0,5,3,1,1,30,67.48,0
9,0,45,0,1015,26,28,11,3,1,2,30,153.64,0
0,1,45,0,6123,61,18,0,2,1,2,30,0.0,1
10,0,43,0,928,71,13,6,3,1,1,25,0.0,1
10,0,41,0,1771,100,25,15,2,1,2,45,85.035,1
0,0,38,0,0,0,4,0,2,1,2,25,18.0,1
10,0,11,0,6008,133,68,36,1,2,1,15,711.755,0
4,0,32,1,7190,102,15,20,4,1,1,45,219.8,0
1,0,42,0,34,75,34,17,2,1,1,30,0.0,1
8,0,38,0,620,100,46,0,2,1,1,25,24.787,1
0,0,14,0,1855,20,5,3,2,1,1,45,65.965,1
0,0,15,0,1275,14,0,8,2,1,1,25,58.005,0
32,1,40,4,15635,232,70,37,3,1,1,30,914.68,0
0,0,15,0,1885,67,12,43,3,1,2,25,187.114,1
0,0,27,0,136,14,25,43,3,1,1,25,175.634,1
11,0,15,4,2978,43,27,16,3,1,1,30,228.84,0
14,0,12,0,6392,135,77,41,1,2,1,15,782.485,0
11,0,39,0,1643,24,24,6,4,1,2,45,101.675,1
0,0,44,0,6123,8,44,19,3,1,2,30,112.196,1
16,0,29,0,1005,31,17,9,3,1,2,30,109.44,0
0,0,15,0,0,59,34,0,3,1,2,30,0.0,1
0,0,34,0,0,0,0,0,5,1,1,55,0.0,0
12,0,37,0,2643,61,368,27,3,1,1,30,1580.16,0
14,0,29,1,760,28,15,9,3,1,1,30,91.52,0
12,0,34,2,6113,102,40,37,2,1,1,25,459.675,0
0,0,10,0,1883,100,23,9,3,1,1,25,70.376,1
18,0,20,1,6573,149,96,47,2,2,1,25,734.49,0
2,0,3,3,3653,28,48,0,2,1,2,30,246.273,1
4,0,37,0,2980,21,451,4,3,1,1,30,1924.04,0
0,0,34,0,2813,66,0,11,2,1,1,25,129.555,0
1,0,30,0,3210,66,10,20,2,1,1,25,192.42,0
9,0,35,0,2990,41,9,16,3,1,2,30,157.24,1
0,1,44,0,1681,69,42,10,4,1,2,45,86.129,1
8,0,41,1,3470,82,33,27,3,1,1,30,274.08,0
3,0,37,0,1115,19,14,6,2,1,2,25,114.03,0
4,0,38,1,3095,27,483,8,3,1,1,30,2056.88,0
24,0,39,3,14735,220,36,34,3,1,1,30,742.2,0
14,0,25,2,1825,42,40,28,2,1,1,25,264.015,0
27,1,33,0,1555,57,37,32,3,1,2,30,212.48,1
3,0,38,1,7623,133,416,47,3,1,1,30,1974.24,0
15,0,23,5,3157,57,46,22,4,1,1,45,195.35,0
17,0,40,2,2633,53,46,35,4,1,1,45,182.15,1
12,0,35,0,2543,54,7,18,3,1,2,30,131.88,0
2,0,17,0,1580,20,0,10,2,1,1,25,72.0,0
0,0,42,0,0,12,42,48,2,1,2,45,0.0,1
9,0,28,1,1873,45,37,70,5,1,1,55,84.27,0
0,0,39,0,591,16,17,5,2,1,2,45,134.88,1
16,0,38,1,3163,71,367,24,3,1,1,30,1597.36,0
19,0,41,2,5385,88,37,19,3,1,1,30,366.92,0
5,0,37,0,7698,128,393,46,2,1,1,25,2120.67,0
3,0,29,0,662,16,65,1,3,1,2,45,208.625,1
0,0,41,0,552,21,6,3,4,1,2,30,56.076,1
0,0,35,0,3008,71,0,28,2,1,1,25,138.555,0
0,1,33,0,89,12,24,0,2,1,2,25,0.0,1
12,0,31,3,1680,45,205,15,3,2,1,30,889.0,0
2,0,33,0,3095,21,475,7,3,1,1,30,2024.64,0
4,0,34,0,2971,29,41,18,3,1,1,45,39.884,1
0,0,43,2,1268,100,79,33,2,1,1,30,0.031,1
0,0,33,0,1170,37,22,15,3,1,2,30,136.28,0
0,1,15,0,1813,100,10,21,3,2,1,30,159.939,1
5,0,32,0,2700,51,165,19,2,1,1,25,866.295,0
8,0,34,0,5513,92,19,22,2,1,1,25,337.725,1
12,0,38,0,2383,49,32,30,4,1,2,45,140.8,1
5,0,35,0,2148,54,352,22,2,1,1,25,1683.09,0
7,0,35,0,2393,57,354,22,2,1,1,25,1703.25,0
20,0,31,0,895,44,11,15,2,1,2,25,91.755,1
28,0,40,4,15255,230,52,31,3,1,1,30,827.4,0
2,0,30,0,15180,170,135,27,2,1,1,25,1298.25,0
0,0,43,1,3011,23,37,8,4,1,2,30,61.939,1
9,0,38,2,7210,97,194,26,3,1,1,30,1068.28,0
7,0,38,1,4023,88,9,30,3,1,1,30,200.44,0
9,0,23,1,2180,40,46,21,3,1,1,30,272.8,0
0,0,26,0,6480,85,0,19,4,1,1,45,164.125,0
0,0,40,0,1130,19,15,6,3,1,2,25,249.995,1
5,0,39,0,305,6,7,2,2,1,2,25,45.495,1
1,0,15,0,883,13,67,3,2,1,1,25,161.729,1
8,1,37,0,2605,100,36,0,3,1,2,30,7.125,1
0,1,39,0,542,9,12,0,2,1,2,30,0.0,1
15,0,42,3,4880,92,14,29,4,1,1,45,159.3,0
9,0,37,0,15485,182,150,30,2,1,1,25,1380.015,0
7,0,38,0,2048,53,0,14,3,1,2,30,84.04,0
7,0,11,2,4695,46,222,12,3,1,1,30,1077.64,0
3,1,8,0,1631,7,12,42,3,1,1,30,223.812,1
5,0,40,1,6413,75,109,36,2,1,1,25,782.46,0
15,0,40,1,4503,72,8,37,1,1,1,15,295.625,0
9,0,41,0,15440,186,158,34,2,1,1,25,1414.17,0
2,0,38,0,710,14,13,8,3,1,2,30,80.96,0
3,0,40,0,101,26,54,37,3,1,2,25,96.939,1
0,0,40,0,1438,31,78,21,2,1,2,25,0.0,1
1,0,42,0,85,14,33,0,3,2,1,25,42.971,1
7,0,40,1,2420,42,290,20,3,1,1,30,1258.48,0
0,0,34,1,1795,26,6,6,3,1,2,25,48.734,1
30,0,38,1,11340,109,29,59,5,1,1,55,215.235,0
0,0,9,0,3790,30,194,23,3,1,1,30,928.8,0
6,0,41,0,2038,16,38,14,4,1,2,25,51.825,1
0,0,18,0,1124,68,24,2,4,1,1,25,28.675,1
8,0,38,0,15080,177,132,32,2,1,1,25,1280.565,0
5,0,45,0,691,75,52,20,2,1,2,55,0.0,1
10,0,38,2,6518,105,28,27,3,1,1,30,376.92,0
0,0,23,0,950,27,181,7,2,2,1,25,858.465,0
2,1,30,0,0,65,4,6,2,1,1,30,0.0,1
0,1,42,2,118,24,59,8,3,1,1,45,73.891,1
0,0,35,0,7203,121,377,41,2,1,1,25,2026.08,0
14,0,18,0,9113,179,84,45,4,1,1,45,442.3,0
5,0,8,2,4515,38,211,7,3,1,1,30,1026.12,0
3,0,9,1,1487,19,0,7,3,1,1,30,60.24,1
1,0,25,0,1255,33,188,9,2,2,1,25,903.96,0
0,1,41,0,3940,70,7,22,2,1,2,30,256.115,1
15,0,44,3,7023,87,123,40,3,1,1,30,776.4,0
1,0,24,0,1192,16,16,9,3,1,2,25,28.85,1
1,0,7,0,3626,3,32,0,3,1,1,30,74.641,1
15,0,27,1,1530,38,26,15,2,1,1,25,187.56,0
0,0,22,0,0,0,9,0,4,1,2,45,22.5,0
4,0,33,0,2685,35,2,14,2,1,2,25,131.4,1
4,0,37,0,1013,21,31,1,2,1,2,30,503.445,1
7,1,39,0,187,33,10,24,3,1,2,25,0.0,1
0,0,36,0,2790,21,476,6,3,1,1,30,2016.44,0
0,0,35,0,6123,7,0,6,4,1,2,30,0.0,1
0,0,32,1,76,100,51,0,3,1,2,25,0.0,1
8,0,37,0,14178,174,1,42,3,1,1,30,578.08,0
13,0,32,0,700,31,18,8,3,1,2,30,101.24,0
9,0,38,1,15600,188,182,34,2,1,1,25,1529.46,0
5,0,39,0,1180,20,7,13,2,1,2,25,85.5,0
0,0,38,0,2201,13,45,24,3,1,2,25,0.0,1
7,0,14,0,8743,171,98,42,5,1,1,55,280.71,0
1,0,39,0,0,15,12,0,2,1,1,30,74.224,1
5,0,28,0,305,6,7,2,4,1,2,45,25.275,0
6,0,29,0,1748,47,41,73,4,1,1,45,147.375,0
0,0,34,0,1363,19,0,4,3,1,1,30,55.28,0
3,0,24,0,185,5,30,0,3,1,1,25,50.608,1
0,0,32,0,2535,16,0,12,3,1,1,30,102.04,0
1,0,3,0,2031,25,56,17,3,1,1,30,71.537,1
0,1,26,2,3829,56,9,16,2,2,1,45,153.688,1
7,1,38,4,7045,118,281,37,2,2,1,25,1586.835,0
0,0,37,0,0,82,204,28,4,2,1,45,0.0,1
0,0,36,1,714,82,43,3,2,1,2,25,3.374,1
1,0,36,0,5613,89,0,10,2,1,1,25,256.59,0
6,0,34,0,5323,91,10,19,2,1,1,25,288.63,1
27,0,42,10,10820,101,18,48,5,1,1,55,190.815,0
11,0,36,4,7270,122,278,35,3,2,1,30,1407.68,0
4,0,26,0,1568,39,30,68,4,1,1,45,115.175,0
7,1,37,0,2553,27,0,0,2,1,1,25,48.775,1
9,0,40,2,3400,33,490,10,3,1,1,30,2097.32,0
5,0,45,2,6123,26,10,5,3,1,1,30,95.403,1
0,0,24,0,0,0,0,0,4,1,2,45,0.0,0
2,1,45,0,1631,53,9,15,3,1,2,45,85.949,1
0,0,43,0,1315,25,70,6,3,1,2,25,213.477,1
18,0,33,2,14655,211,36,25,3,1,1,30,738.64,0
2,0,20,0,1733,70,39,26,3,1,1,30,242.995,1
3,1,39,1,60,3,5,2,2,1,1,25,25.335,1
0,0,30,0,13208,153,0,36,3,1,1,30,534.44,0
0,1,45,0,4328,24,8,41,3,1,2,45,0.0,1
11,0,40,1,6223,101,14,14,3,1,1,30,308.96,0
7,0,41,0,1892,55,18,28,2,1,1,30,0.0,1
0,0,43,0,4550,17,78,10,3,1,2,25,0.0,1
0,1,20,0,1185,21,4,3,3,1,1,30,0.0,1
5,1,45,0,2065,23,45,43,4,1,2,30,43.552,1
0,0,41,2,2747,21,7,5,2,1,2,30,0.0,1
1,0,19,0,1290,21,10,16,2,1,1,25,103.995,0
3,0,30,2,1865,24,89,0,3,1,1,30,57.064,1
0,0,43,0,1068,29,27,0,2,1,1,45,0.0,1
6,0,7,0,221,72,2,16,4,1,2,25,123.537,1
11,0,39,0,2158,56,345,11,3,1,1,30,1468.56,0
0,1,13,1,769,100,53,4,2,1,2,45,179.124,1
0,0,29,0,1405,34,23,14,3,1,2,30,149.56,0
0,1,36,0,2130,29,11,13,3,1,2,45,282.664,1
0,1,41,0,0,57,13,0,3,1,1,45,131.548,1
5,0,14,0,5377,124,53,40,1,2,1,15,594.055,0
19,0,31,7,10435,87,0,41,4,1,1,45,263.05,0
4,0,38,1,1728,28,5,8,4,1,1,45,56.4,0
0,0,31,0,615,4,0,5,2,1,2,25,27.855,0
6,0,24,0,280,13,0,1,2,1,2,25,13.185,0
0,0,34,1,3544,22,34,31,4,1,2,25,0.0,1
16,0,42,2,4735,80,17,21,3,1,1,30,260.6,0
4,0,20,0,395,13,0,4,2,1,2,25,18.36,0
0,0,33,0,957,54,71,1,3,1,1,30,221.393,1
6,0,37,1,3585,82,57,30,3,1,1,30,374.68,0
18,0,3,0,416,74,28,0,3,1,2,25,306.234,1
8,0,38,1,2163,32,16,11,4,1,1,45,94.875,0
8,0,39,0,1420,25,21,8,3,1,2,30,141.8,0
5,0,41,0,305,6,7,2,3,1,2,30,40.44,0
3,0,28,1,885,13,26,5,4,1,1,45,87.45,0
0,0,44,0,2275,13,7,7,3,1,2,25,0.0,1
0,0,29,0,6153,59,86,29,2,1,1,25,666.54,0
21,0,35,7,10320,87,0,38,4,2,1,45,260.175,0
14,0,46,2,2925,55,307,26,4,1,1,45,842.0,0
0,0,39,0,6123,28,204,13,3,1,2,25,249.776,1
6,1,30,1,1495,44,204,16,2,2,1,25,987.255,1
32,1,35,0,1860,63,44,34,3,1,2,30,252.92,1
1,1,42,0,2229,10,43,9,2,1,1,45,0.0,1
9,0,40,1,5978,98,12,14,3,1,1,30,291.04,0
10,0,34,1,3005,57,172,21,2,1,1,25,911.79,0
0,0,18,0,1505,25,19,11,2,1,1,25,154.35,0
5,1,40,2,2244,25,12,27,3,1,1,30,0.0,1
0,1,12,3,474,14,23,5,3,1,1,25,185.204,1
0,0,33,0,11100,145,0,43,3,1,1,30,449.8,0
4,0,9,0,0,17,1,28,2,1,1,30,128.893,1
8,0,33,0,5398,86,0,18,2,1,1,25,246.78,1
1,1,40,0,2721,20,9,7,2,1,2,25,0.0,1
0,1,30,0,639,66,11,4,3,1,1,55,37.633,1
8,0,31,0,2292,46,10,1,4,1,2,30,1.262,1
8,0,39,1,4485,77,37,21,3,1,1,30,330.48,0
9,0,18,0,8627,171,74,39,5,1,1,55,242.97,0
2,1,43,0,1393,100,8,8,2,1,1,25,76.03,1
8,0,38,0,4008,65,0,32,1,1,1,15,224.015,0
2,1,39,0,1402,13,204,5,2,1,2,30,104.294,1
9,0,33,0,2373,58,349,20,2,1,1,25,1679.895,0
2,0,38,0,2115,36,283,18,3,1,1,30,1218.04,0
2,0,7,0,8368,155,51,32,4,1,1,45,340.575,0
0,1,43,0,0,5,43,2,2,1,2,25,382.024,1
8,0,20,3,2808,49,39,23,3,1,1,30,270.28,0
0,0,40,0,433,11,39,8,3,1,2,30,173.76,0
17,0,35,2,9340,125,141,41,3,1,1,30,942.6,0
0,1,37,4,1651,100,204,22,2,1,2,25,0.0,1
2,1,33,0,1960,48,52,33,3,1,2,30,288.32,1
0,0,28,1,719,24,40,22,3,1,2,30,126.164,1
0,0,40,1,0,19,42,0,3,1,1,25,8.587,1
0,0,33,0,684,11,0,5,2,1,2,25,0.0,1
13,0,43,2,3085,65,190,26,3,1,1,30,886.0,0
0,0,42,0,2136,26,36,8,2,1,1,45,56.738,1
0,0,21,0,50,21,13,4,4,1,2,25,0.0,1
0,0,35,0,1026,54,0,1,2,1,1,30,138.107,1
7,0,35,1,3400,27,482,9,3,1,1,30,2065.08,0
0,0,34,0,5485,69,154,24,3,1,1,30,838.16,0
0,0,36,0,5013,79,0,13,2,1,1,25,229.14,0
2,1,35,3,2592,8,14,0,2,1,2,25,21.244,1
0,0,22,0,100,23,4,9,3,1,2,30,182.388,1
0,1,34,0,271,55,6,0,2,1,1,25,126.504,1
4,0,36,0,1743,49,334,24,2,1,1,25,1583.64,0
0,0,38,0,94,19,15,0,2,1,2,30,150.39,1
0,0,30,0,5770,80,0,20,4,1,1,45,146.25,0
0,0,36,0,650,11,8,6,2,1,2,25,65.745,0
7,0,37,1,11465,154,11,47,4,1,1,45,317.975,0
3,0,17,0,2150,60,23,5,2,1,1,45,207.854,1
5,1,38,0,1990,22,15,6,4,1,1,25,446.097,1
0,0,42,0,1372,20,0,23,3,1,2,30,0.0,1
0,0,40,1,2870,23,486,10,3,1,1,30,2059.72,0
0,0,38,0,2158,31,74,0,4,1,1,25,224.299,1
0,0,43,0,1026,100,18,10,3,1,1,30,81.614,1
5,0,33,0,305,6,7,2,2,1,2,25,45.495,1
0,0,35,0,570,8,0,9,2,1,2,25,26.01,0
0,0,22,0,3466,22,57,1,4,1,2,30,347.839,1
15,0,27,0,1300,35,31,22,3,1,2,30,177.4,0
0,1,45,0,0,27,0,2,2,1,2,30,37.758,1
5,0,10,0,8448,157,55,33,4,1,1,45,352.625,0
0,0,13,0,1210,12,10,7,2,1,1,25,99.99,0
0,0,45,0,0,6,31,10,3,1,2,30,193.422,1
0,0,39,0,0,0,3,0,2,1,2,25,13.5,1
4,0,31,0,15225,172,135,24,2,1,1,25,1300.365,0
2,0,44,0,0,26,43,2,3,1,2,55,0.0,1
0,1,45,2,0,19,40,21,3,2,2,25,44.051,1
5,1,22,1,1755,2,37,3,3,1,1,25,0.0,1
5,0,15,0,2000,26,27,15,2,1,1,25,212.67,0
12,1,34,0,3115,39,7,13,3,1,2,30,154.16,1
0,0,36,1,338,4,4,2,5,1,1,55,11.13,0
0,1,45,0,1553,26,10,1,3,1,1,45,57.805,1
7,0,43,0,796,27,78,0,2,1,2,25,92.534,1
0,0,31,0,0,73,28,0,3,1,2,25,192.141,1
3,0,36,0,14775,171,125,30,2,1,1,25,1235.07,0
12,1,32,0,3295,41,8,17,3,1,2,30,165.44,1
7,0,34,0,4290,69,0,13,2,1,1,25,196.155,0
13,0,27,1,1340,37,17,12,2,1,1,25,138.465,0
0,1,43,0,2765,61,0,9,2,1,2,30,179.149,1
8,1,43,0,319,30,46,2,2,1,2,45,90.999,1
0,0,30,0,80,22,12,8,4,1,1,25,103.185,1
21,1,30,0,775,39,5,12,2,1,2,25,59.13,1
2,1,27,1,1070,33,191,11,2,2,1,25,909.135,0
11,0,40,1,4485,76,3,16,3,1,1,30,194.44,0
2,0,38,0,2170,38,276,15,3,1,1,30,1192.32,0
0,0,28,0,0,42,4,33,2,1,2,30,61.954,1
3,0,19,0,1441,5,204,1,2,1,2,30,223.5,1
11,0,37,2,8925,120,135,40,3,1,1,30,901.8,0
14,1,41,0,2658,66,47,23,4,1,2,45,185.6,0
0,0,16,0,0,0,0,0,2,1,1,25,0.0,0
20,0,30,3,15885,238,25,82,2,1,1,25,838.035,0
7,0,23,0,1165,29,14,11,2,1,1,25,116.73,0
9,1,43,0,3734,22,63,37,4,1,2,45,162.239,1
2,0,41,0,90,8,0,4,3,1,2,55,24.114,1
2,1,16,0,2737,36,19,4,3,1,2,30,0.0,1
22,0,34,3,15770,238,1,79,2,1,1,25,724.86,0
0,0,36,0,2055,33,278,16,3,1,1,30,1195.52,0
4,1,3,0,609,21,204,36,4,1,2,45,121.149,1
0,0,35,0,7393,122,386,44,2,1,1,25,2075.175,0
23,0,26,2,16075,232,0,79,2,1,1,25,733.815,0
6,0,33,2,6850,110,239,29,2,2,1,25,1388.7,0
11,0,37,0,2970,53,150,21,2,1,1,25,811.035,0
12,0,39,1,15545,185,155,32,2,1,1,25,1405.35,0
3,1,12,0,224,11,14,0,3,1,2,25,75.907,1
0,0,35,0,0,0,0,0,2,1,2,25,0.0,1
0,0,26,1,6400,100,249,25,2,2,1,25,1413.0,0
5,0,38,0,6593,77,112,40,2,1,1,25,804.15,0
0,0,30,0,0,19,0,14,4,1,2,30,10.01,1
0,1,42,0,0,13,6,23,3,1,2,30,72.797,1
2,0,32,0,4255,73,0,19,3,1,1,30,173.12,0
0,0,12,0,3245,26,0,38,4,2,2,30,97.99,1
1,0,45,0,2762,41,15,9,3,1,1,25,161.943,1
4,0,28,2,1430,42,225,15,3,2,1,30,958.88,0
9,1,34,0,2875,35,0,12,2,1,2,25,130.95,1
13,0,41,0,1725,31,28,10,3,1,2,30,182.24,0
6,0,45,1,698,70,17,0,3,1,2,30,58.576,1
9,0,43,0,1195,28,31,15,3,1,2,30,172.92,0
5,0,36,1,1841,30,11,6,4,1,2,25,0.0,1
8,0,39,0,2960,61,186,28,2,1,1,25,972.945,0
29,1,40,10,10800,102,13,46,5,2,1,55,183.03,0
0,1,38,0,0,81,47,9,3,1,2,25,13.888,1
15,0,40,0,4797,66,28,21,5,2,1,25,18.484,1
1,0,7,2,4685,44,229,23,3,1,1,30,1105.16,0
0,0,38,0,1303,78,13,0,2,1,2,30,103.581,1
12,0,35,0,2393,42,30,28,4,1,2,45,135.875,1
20,1,38,0,4005,58,24,18,3,1,2,30,258.52,1
15,1,42,0,2653,52,51,37,4,1,2,45,195.125,1
0,0,4,3,0,3,2,5,2,2,2,25,47.724,1
0,0,37,0,1263,20,0,8,4,1,1,45,32.075,0
0,1,20,2,606,28,54,0,2,1,2,30,174.955,1
2,0,40,1,1748,27,10,10,4,1,1,45,69.375,0
0,0,34,0,0,0,0,0,5,1,1,55,0.0,0
0,0,29,0,14920,166,128,22,2,1,1,25,1254.87,0
8,0,41,1,6673,79,116,41,2,1,1,25,825.84,0
7,0,40,0,127,100,25,6,4,1,1,30,167.633,1
0,1,45,0,1400,24,11,0,2,1,2,45,64.137,1
5,1,32,0,0,77,45,5,4,1,2,25,33.935,1
8,0,42,2,4595,85,12,29,3,1,1,30,235.2,0
19,1,44,0,1756,4,13,3,4,1,1,25,89.513,1
10,0,40,3,7090,109,29,25,5,1,1,55,151.485,0
2,0,14,0,0,29,38,2,3,1,1,30,266.476,1
0,0,42,0,3268,61,40,24,4,1,2,30,69.377,1
14,0,40,0,2543,60,15,19,3,1,2,30,164.12,0
13,1,8,3,2294,79,7,13,2,2,2,30,85.346,1
8,0,36,2,8925,121,169,45,3,1,1,30,1037.84,0
26,0,35,4,16155,240,10,84,2,1,1,25,782.775,0
0,0,29,0,520,10,22,2,4,1,2,45,68.25,0
5,0,26,0,1070,13,23,3,4,1,2,45,84.575,0
0,1,45,1,1126,23,0,0,3,1,1,30,0.0,1
33,1,41,0,1520,63,38,25,3,1,2,30,215.32,1
0,1,34,3,1522,20,44,4,2,1,2,25,38.504,1
0,0,31,0,0,0,0,0,2,1,2,25,0.0,0
8,0,39,0,1538,77,62,39,2,1,1,25,99.018,1
0,0,35,0,513,1,0,3,4,1,2,45,12.85,1
0,0,43,0,664,12,16,1,3,1,1,45,7.597,1
0,0,30,0,3458,72,0,22,2,1,1,25,158.85,0
9,0,43,3,6885,94,203,32,3,1,1,30,1091.16,0
0,0,40,0,2771,100,16,9,3,1,2,25,0.0,1
10,0,42,0,2318,56,18,21,3,1,2,30,166.96,0
0,0,33,0,0,0,0,0,4,1,1,45,0.0,0
11,0,42,2,2758,67,14,37,2,1,1,25,190.125,0
0,0,36,2,2330,28,54,9,4,1,2,25,716.281,1
5,0,37,0,2765,44,286,16,3,1,1,30,1256.36,0
0,0,42,0,212,20,0,9,3,1,1,30,120.064,1
1,1,11,0,2223,56,13,1,2,1,1,25,0.0,1
0,0,18,2,3018,16,18,26,4,1,2,45,239.099,1
9,1,38,0,2238,54,8,17,3,1,2,30,123.68,0
7,0,35,0,5108,87,1,24,2,1,1,25,238.275,1
12,0,39,3,8413,143,412,60,3,1,1,30,1990.24,0
2,0,32,0,106,28,16,3,3,1,1,30,0.0,1
1,1,17,2,2982,0,138,0,5,1,1,25,134.957,1
5,0,34,1,11285,146,0,42,4,1,1,45,285.775,0
0,1,35,1,896,27,42,5,2,1,2,25,0.0,1
6,0,38,1,1973,31,7,8,4,1,1,45,67.6,0
6,0,41,1,3275,35,494,13,3,1,1,30,2108.4,0
5,0,34,0,755,10,7,4,3,1,2,30,58.6,0
1,1,33,0,6123,67,27,1,3,1,2,25,108.558,1
10,0,45,0,565,16,22,8,3,1,2,30,111.24,1
12,0,37,1,3490,64,183,23,2,1,1,25,983.43,0
11,0,41,2,6338,107,46,18,3,1,1,30,441.8,0
5,1,38,0,1858,25,5,6,2,1,2,30,0.0,1
0,0,35,0,0,0,0,0,4,1,2,45,0.0,1
20,0,40,2,16500,199,165,32,2,1,1,25,1493.955,0
3,0,29,0,0,24,9,3,3,1,2,25,197.209,1
12,0,17,1,0,100,16,19,4,1,1,45,18.145,1
5,0,29,1,4031,69,61,34,3,1,2,30,155.361,1
10,0,19,3,3033,53,42,24,3,1,1,30,291.44,0
1,0,41,0,2055,39,286,17,3,1,1,30,1227.76,0
8,0,39,0,11170,150,7,34,4,1,1,45,300.5,0
10,0,14,2,1973,33,18,14,3,1,1,30,152.24,1
4,0,35,0,15180,176,143,28,2,1,1,25,1334.52,0
0,0,37,0,2203,58,27,35,2,1,1,25,223.245,0
20,0,36,2,14835,219,47,30,3,1,1,30,790.16,0
10,0,38,0,4198,66,1,35,1,1,1,15,240.02,0
2,0,25,0,3225,61,8,23,3,1,1,30,163.44,0
3,0,28,1,910,31,175,13,2,2,1,25,829.845,0
2,1,3,0,0,81,76,0,3,1,2,30,23.36,1
14,0,38,5,7330,125,283,37,3,2,1,30,1430.2,0
0,1,32,0,139,65,31,0,3,1,2,25,85.04,1
0,0,36,0,0,8,33,4,3,1,2,25,25.551,1
16,0,15,2,9533,181,94,55,5,1,1,55,286.71,0
13,0,40,1,4675,77,12,19,3,1,1,30,238.08,0
0,0,32,1,1156,64,4,19,2,1,2,30,15.81,1
18,0,16,1,9642,182,81,40,5,1,1,55,268.86,0
1,0,38,0,2148,55,0,33,1,1,1,15,121.165,0
5,0,38,0,305,6,7,2,3,1,2,30,40.44,0
3,0,41,1,1668,31,8,7,4,1,1,45,62.475,0
3,0,13,1,1443,23,8,11,3,1,1,30,90.64,1
0,1,45,2,566,17,66,30,4,1,2,30,62.201,1
0,1,38,2,800,28,18,0,4,1,2,30,82.738,1
16,0,44,2,15790,194,165,33,3,1,1,30,1299.36,0
2,1,30,0,557,21,12,6,2,1,2,25,74.625,1
2,0,36,0,2870,66,4,11,2,1,1,25,150.12,0
6,0,38,1,1973,31,7,8,4,1,1,45,67.6,0
0,0,36,0,0,0,0,0,4,1,2,45,0.0,1
1,0,32,0,3638,80,0,24,2,1,1,25,167.31,0
13,0,40,1,4675,77,12,19,3,1,1,30,238.08,0
10,0,40,1,13833,172,5,46,3,1,1,30,580.2,0
0,1,7,0,536,1,42,2,3,1,1,30,0.0,1
9,0,42,2,11465,160,19,48,4,1,1,45,338.125,0
2,1,43,0,0,56,9,0,4,1,2,25,0.0,1
1,1,42,0,0,25,11,7,3,1,2,45,0.0,1
0,0,40,0,0,100,15,0,3,1,1,30,108.184,1
8,1,34,0,5513,92,19,22,2,1,1,25,337.725,1
0,0,45,1,0,22,3,5,4,1,2,25,0.0,1
0,0,35,0,0,0,0,0,2,1,2,25,0.0,1
4,1,36,4,3667,20,62,3,2,1,2,30,18.504,1
0,0,23,0,1474,10,60,0,2,1,1,25,0.0,1
16,0,44,2,3345,69,197,31,2,1,1,25,1040.13,0
0,0,34,0,0,0,0,0,5,1,1,55,0.0,0
12,1,38,1,2328,47,39,33,3,1,1,30,251.0,1
0,0,39,4,562,29,13,3,3,1,2,30,18.684,1
0,0,35,0,10560,138,0,30,3,1,1,30,427.92,0
0,0,36,1,338,4,4,2,5,1,1,55,11.13,0
11,0,36,4,7270,122,278,35,3,2,1,30,1407.68,0
2,1,7,2,1783,23,14,20,3,1,1,30,128.24,1
16,0,42,1,15970,196,168,37,2,1,1,25,1483.47,0
6,1,32,0,1084,8,16,0,3,1,1,30,169.737,1
0,0,13,0,3398,24,2,0,2,1,2,30,170.933,1
2,1,13,0,3484,77,40,3,3,1,2,25,32.158,1
3,1,44,2,3225,21,3,10,2,1,2,45,620.078,1
19,0,40,3,7733,92,123,39,2,1,1,25,905.625,0
14,0,34,2,2133,55,52,76,5,1,1,55,110.82,0
0,0,28,0,2455,14,0,8,3,1,1,30,98.76,0
6,0,38,0,1722,15,14,8,4,1,1,45,390.823,1
0,0,41,0,806,0,13,7,2,1,1,25,92.236,1
0,0,34,0,4247,28,20,2,3,1,2,30,53.203,1
0,0,41,0,1947,87,12,4,2,1,2,25,53.705,1
29,0,38,5,15740,235,75,47,3,1,1,30,939.0,0
0,0,36,0,628,7,9,4,4,1,2,45,38.375,1
5,0,18,0,2518,46,28,5,3,1,1,45,129.548,1
1,0,30,1,1233,21,7,0,3,1,1,30,109.255,1
0,0,35,0,72,26,6,1,2,1,1,30,81.39,1
5,0,35,1,4335,75,0,20,3,1,1,30,176.4,0
0,0,35,0,570,8,0,9,2,1,2,25,26.01,0
11,0,35,3,912,17,63,2,3,2,2,30,140.504,1
6,0,40,0,912,26,21,38,2,1,1,25,65.9,1
3,0,30,0,1883,36,17,25,3,1,2,30,144.76,1
11,0,43,0,2976,30,5,27,3,1,2,25,0.0,1
17,0,33,0,2618,15,75,0,3,1,1,25,22.218,1
14,0,39,1,15790,188,157,32,2,1,1,25,1425.51,0
0,1,32,0,4292,6,3,4,3,1,1,25,43.076,1
21,1,36,8,10435,93,1,42,5,2,1,55,159.42,0
0,1,33,0,2146,9,7,17,3,1,2,25,0.0,1
0,1,43,0,415,18,7,6,4,1,2,30,0.0,1
5,0,29,1,6830,93,7,18,5,1,1,55,114.345,0
0,1,43,0,285,62,74,1,2,1,2,30,0.0,1
25,0,32,4,16190,244,32,84,2,2,1,25,883.53,0
0,0,41,0,0,13,4,1,3,1,1,25,0.146,1
8,0,38,0,4370,71,5,17,3,1,1,30,197.64,0
2,0,32,2,1463,11,64,14,3,1,2,25,70.677,1
18,0,36,0,1102,2,3,47,4,1,2,45,56.398,1
0,1,41,2,1112,24,81,12,2,1,1,25,186.637,1
10,0,37,0,2453,60,359,24,3,1,1,30,1536.52,0
4,1,39,0,707,5,2,8,4,1,2,45,42.865,1
7,0,43,1,968,13,75,2,4,1,2,25,228.193,1
21,0,18,1,6583,141,60,40,1,2,1,15,699.82,0
1,1,45,3,927,25,34,15,2,1,2,30,0.0,1
5,0,32,0,11465,148,3,46,3,1,1,30,476.52,0
7,0,44,0,970,24,28,14,3,1,2,30,151.76,0
14,0,39,2,11960,161,27,52,4,1,1,45,370.525,0
2,1,39,0,2874,10,67,7,3,1,2,30,43.338,1
0,0,39,0,318,5,7,4,2,1,2,25,46.035,0
16,0,29,0,1005,31,17,9,3,1,2,30,109.44,0
6,1,36,0,2932,0,15,0,3,1,1,25,0.0,1
14,1,23,0,2022,63,39,33,3,1,2,30,60.931,1
0,0,45,0,1837,23,11,4,3,1,1,45,0.0,1
0,0,45,0,6123,1,7,5,3,1,2,30,184.67,1
8,0,36,0,2970,54,184,26,2,1,1,25,964.08,0
4,0,30,0,1523,43,38,72,4,1,1,45,134.15,0
0,0,28,1,6580,108,254,27,2,2,1,25,1443.96,0
3,0,43,0,726,23,58,0,3,2,2,30,0.0,1
7,0,34,1,4560,79,7,21,3,1,1,30,213.56,0
0,1,45,0,0,100,4,25,4,1,1,30,86.508,1
2,0,43,1,1709,25,9,13,2,1,1,25,101.594,1
0,0,3,0,3825,24,193,2,2,1,1,25,1041.705,0
0,0,41,0,2682,43,70,0,2,2,2,45,166.976,1
1,0,28,0,1246,23,5,12,3,1,2,25,94.205,1
1,1,28,0,1467,12,20,17,3,1,2,30,204.864,1
0,0,33,1,434,100,1,2,2,1,1,25,39.476,1
0,0,45,1,1124,10,36,0,3,1,1,55,144.62,1
3,0,40,0,13548,165,3,46,3,1,1,30,560.52,0
1,0,32,0,1836,20,34,0,4,1,1,25,0.0,1
22,0,18,2,7102,152,93,42,2,2,1,25,744.93,0
32,0,38,5,16380,250,15,83,2,2,1,25,815.85,0
11,0,42,1,3040,63,190,29,2,1,1,25,994.635,0
19,0,15,1,784,21,9,6,2,1,2,25,18.777,1
8,0,25,0,980,29,17,13,2,1,1,25,121.905,0
16,1,43,0,2573,56,49,34,4,1,2,45,188.225,1
1,0,33,0,2114,25,19,4,3,1,2,25,284.659,1
11,0,31,1,2053,53,48,75,5,1,1,55,103.59,0
11,0,32,2,1800,50,211,18,3,2,1,30,918.0,0
5,1,40,2,2160,25,9,29,3,1,1,30,112.702,1
7,0,27,1,3530,67,15,25,3,1,1,30,203.88,0
5,0,34,1,305,6,7,2,5,1,1,55,15.165,0
12,0,44,2,4775,93,17,31,3,1,1,30,262.72,0
3,0,23,0,730,25,3,8,2,1,1,25,47.475,0
8,0,28,0,575,27,14,10,2,1,2,25,90.09,0
0,0,39,0,2268,60,6,36,1,1,1,15,161.04,0
0,1,41,0,1109,6,8,0,5,2,1,25,183.751,1
0,0,24,0,1263,33,23,66,4,1,1,45,89.9,0
15,0,36,1,4000,86,29,26,3,1,1,30,279.44,0
0,1,39,0,1159,61,16,6,2,1,2,45,84.978,1
9,0,38,1,2840,56,180,25,2,1,1,25,940.32,0
8,0,32,0,2453,54,351,23,2,1,1,25,1692.315,0
8,0,30,0,395,25,11,6,3,1,2,30,60.8,0
18,0,34,7,10375,90,0,40,4,1,1,45,261.625,0
4,1,44,3,1722,27,12,9,2,1,1,30,82.225,1
5,0,31,2,1395,38,203,15,2,2,1,25,977.985,0
0,0,38,4,3909,65,49,0,2,1,2,30,238.586,1
0,0,36,1,1571,34,8,0,3,1,1,25,112.436,1
4,0,32,0,2195,29,38,4,4,1,2,45,77.02,1
0,0,7,0,481,7,6,16,3,1,2,45,55.996,1
0,0,4,0,3163,4,2,13,3,1,1,30,13.783,1
1,0,32,0,151,17,56,5,2,1,2,25,210.853,1
12,0,41,2,14193,181,39,50,3,1,1,30,730.96,0
9,0,37,0,2123,48,0,13,3,1,2,30,86.84,0
6,0,34,1,6805,86,185,27,3,1,1,30,1015.64,0
2,0,39,0,1988,53,0,35,2,1,1,25,91.845,0
8,0,39,2,6805,92,193,28,3,1,1,30,1047.88,0
2,0,21,0,1568,33,22,67,4,1,1,45,95.025,0
3,0,39,1,2840,28,8,15,3,1,1,30,146.72,0
12,0,14,3,3078,49,28,17,3,1,1,30,237.08,0
0,1,39,0,0,24,7,5,3,1,2,25,133.905,1
0,1,44,0,994,16,68,12,2,1,2,30,0.0,1
0,1,39,0,1282,0,39,14,2,1,2,25,189.729,1
6,0,27,1,1560,39,195,11,2,2,1,25,949.455,0
1,0,37,1,6255,83,184,26,3,1,1,30,989.52,0
0,1,11,0,0,100,204,0,4,1,1,25,4.95,1
15,0,25,0,925,29,7,5,3,1,2,30,66.16,0
0,0,35,0,0,0,0,0,2,1,2,25,0.0,0
5,0,19,3,2547,45,32,18,3,1,1,30,231.68,0
18,0,31,0,650,41,9,15,2,1,2,25,71.595,1
1,0,9,1,1297,18,0,4,3,1,1,30,52.6,1
0,1,45,1,1410,77,71,9,4,1,2,25,65.421,1
2,0,21,0,1404,67,13,4,5,1,2,30,49.045,1
11,0,37,0,3660,76,0,24,2,1,1,25,168.12,0
6,0,36,1,14068,173,14,57,3,1,1,30,625.64,0
0,1,33,0,1947,51,21,1,3,1,2,25,0.0,1
1,0,16,1,2494,70,39,4,3,1,2,30,298.966,1
12,0,40,5,7350,124,288,39,3,2,1,30,1450.96,0
8,0,37,1,4920,88,3,23,3,1,1,30,212.32,0
0,0,31,0,6240,76,171,20,3,1,1,30,936.64,0
0,0,35,0,1492,21,17,14,4,1,1,45,1.448,1
0,0,15,0,649,20,11,11,2,1,2,45,88.015,1
2,0,18,0,1240,32,54,15,3,1,2,45,0.0,1
0,0,30,1,440,18,11,1,3,1,2,45,0.0,1
4,0,38,0,11340,156,15,50,3,1,1,30,519.84,0
4,0,31,0,2068,52,342,18,2,1,1,25,1634.4,0
0,1,30,0,2327,5,2,10,3,1,2,30,233.493,1
3,0,40,0,784,0,0,21,4,1,2,30,136.742,1
0,0,37,0,520,14,38,10,3,1,2,30,173.36,0
1,0,35,0,268,3,7,14,2,1,1,45,0.0,1
23,0,22,2,6878,155,103,49,2,2,1,25,779.985,0
1,1,35,0,0,100,42,0,3,1,2,30,24.549,1
31,1,37,2,1320,56,28,21,3,1,1,30,167.04,1
15,1,8,0,416,17,13,31,3,2,1,25,243.165,1
0,0,31,1,5950,99,239,31,2,2,1,25,1347.705,0
4,1,39,0,1319,24,36,31,4,1,2,30,0.0,1
14,0,20,0,804,17,23,0,2,1,2,30,0.0,1
8,0,40,3,4063,17,25,4,3,1,2,25,297.788,1
0,1,45,0,485,20,8,6,2,1,1,25,0.0,1
6,0,37,0,0,57,12,4,4,1,1,25,26.716,1
10,0,32,3,7190,120,268,31,3,2,1,30,1364.4,0
0,0,31,0,6725,94,9,20,4,1,1,45,192.975,0
0,1,45,3,1968,12,9,0,3,1,1,45,107.132,1
0,1,41,0,1911,68,38,0,4,1,1,25,5.944,1
15,0,44,1,4458,76,16,41,1,1,1,15,337.37,0
2,0,39,0,2589,20,37,14,2,1,1,25,49.375,1
2,1,33,1,1000,20,1,4,2,1,2,25,0.0,1
1,0,36,0,1005,18,27,21,2,1,2,25,167.535,0
0,0,33,0,1044,26,46,20,2,1,1,30,0.0,1
0,0,36,0,0,0,0,0,2,1,2,25,0.0,1
0,1,41,1,2131,20,13,0,3,1,2,30,0.0,1
8,0,36,0,3660,77,34,29,2,1,1,25,321.165,0
6,0,37,1,2518,56,7,30,2,1,1,25,147.33,0
0,0,28,0,0,0,0,0,3,1,1,30,0.0,0
11,0,40,0,1015,17,15,2,3,1,2,30,101.28,1
0,1,38,2,2036,13,42,17,3,1,2,30,29.561,1
5,0,38,0,1416,100,14,17,2,2,1,30,19.337,1
2,0,39,0,4377,73,7,3,3,1,1,30,0.0,1
24,1,37,0,1035,49,26,21,3,1,2,30,147.36,1
2,1,36,0,3040,57,71,6,3,1,2,45,68.74,1
1,1,36,1,2559,6,9,0,3,1,1,45,0.0,1
17,0,44,2,2758,72,374,27,3,1,1,30,1609.2,0
0,0,37,1,0,13,6,17,2,1,1,25,3.714,1
1,1,14,0,747,45,27,15,4,1,1,25,257.451,1
5,1,12,0,262,11,26,0,2,1,2,25,109.558,1
10,1,7,0,2647,100,41,23,3,1,1,30,409.515,1
5,0,30,1,2885,18,7,10,3,1,1,30,144.12,0
0,1,40,0,1281,72,43,4,3,1,2,25,95.709,1
1,0,34,0,630,12,3,4,2,1,2,25,42.39,0
4,1,30,0,1078,7,67,4,2,1,2,25,62.222,1
5,0,45,0,1746,1,75,7,5,1,2,25,46.268,1
0,0,34,0,3413,76,0,26,2,1,1,25,157.005,0
1,1,38,0,3525,12,65,7,4,1,1,30,33.856,1
7,0,39,1,13888,175,32,48,3,1,1,30,690.52,0
5,0,35,0,6658,72,103,35,2,1,1,25,766.35,0
12,0,40,1,14078,175,7,46,3,1,1,30,598.12,0
5,1,37,0,305,6,7,2,3,1,2,30,40.44,1
0,0,33,0,1262,10,31,4,3,1,1,30,120.528,1
6,0,39,0,13368,164,0,46,3,1,1,30,541.28,0
7,0,13,0,8627,165,66,38,4,1,1,45,384.8,0
7,0,36,0,4138,63,0,33,1,1,1,15,231.055,0
9,0,40,1,2665,45,292,20,3,1,1,30,1276.4,0
5,1,40,1,0,63,55,9,4,1,2,30,85.726,1
11,0,43,2,3580,41,501,15,3,1,1,30,2148.84,0
1,0,43,0,3700,29,35,48,3,1,1,30,65.751,1
2,1,32,1,3364,10,71,0,2,1,1,45,0.0,1
6,0,31,0,1102,65,0,24,2,1,2,30,543.305,1
9,0,34,0,4118,64,0,31,1,1,1,15,230.01,0
7,1,36,0,2023,41,32,31,3,1,1,30,210.56,1
18,0,39,3,9420,127,151,45,3,1,1,30,985.88,0
5,0,39,0,4245,73,9,20,2,1,1,25,234.81,0
7,1,39,4,3265,19,6,15,3,1,1,45,258.659,1
6,1,40,1,566,16,18,0,2,2,1,30,0.0,1
0,0,3,0,1396,100,11,2,4,1,1,30,55.018,1
0,0,41,0,830,18,8,15,2,1,2,25,74.16,0
20,1,41,0,1966,16,38,0,3,1,2,30,0.0,1
13,1,34,0,3365,24,0,2,2,1,2,30,58.832,1
1,0,39,0,480,93,20,6,2,1,1,25,229.495,1
16,1,31,0,460,40,0,12,2,1,2,25,22.5,1
2,0,7,0,0,54,14,0,2,1,2,30,6.557,1
0,0,34,0,0,0,0,0,3,1,1,30,0.0,0
2,0,30,0,0,26,16,0,3,1,2,30,0.0,1
10,0,25,0,1225,32,19,13,2,1,1,25,142.065,0
1,0,37,0,1995,17,36,18,3,1,1,25,98.746,1
8,0,35,1,8810,115,137,41,3,1,1,30,905.0,0
0,0,41,1,1655,66,8,6,3,1,1,55,9.69,1
13,0,42,0,3476,72,32,7,2,1,1,25,16.683,1
4,0,40,1,11160,154,12,46,4,1,1,45,312.85,0
0,0,36,0,405,8,6,6,2,1,2,25,45.585,0
4,0,35,0,5738,87,0,7,3,1,1,30,233.0,0
8,0,25,0,2567,22,15,21,3,1,2,25,123.374,1
8,0,41,2,365,9,12,4,3,1,1,30,62.96,1
7,0,37,0,2379,95,27,0,4,1,2,25,26.856,1
6,0,38,0,4180,70,0,14,3,1,1,30,170.0,0
0,0,38,0,1464,100,204,29,3,1,2,30,261.28,1
4,0,37,0,2798,63,3,31,1,1,1,15,173.855,0
0,1,45,0,5708,29,16,0,2,1,2,25,0.0,1
0,0,40,0,2166,100,4,0,3,1,2,30,143.86,1
15,0,37,2,9305,122,153,46,3,1,1,30,989.08,0
8,0,30,2,1190,19,33,7,4,1,1,45,112.725,0
15,0,13,0,6313,139,75,38,1,2,1,15,767.36,0
12,0,43,2,11725,164,26,53,4,1,1,45,362.225,0
0,0,26,0,0,0,0,0,4,1,2,45,0.0,0
6,0,40,0,3973,62,4,37,2,1,1,25,199.575,0
15,0,36,1,6008,99,35,27,2,1,1,25,432.315,1
1,1,44,3,2938,14,15,4,5,1,1,30,197.718,1
0,0,25,0,820,29,177,6,2,2,1,25,834.705,0
2,0,35,0,2180,31,274,13,3,1,1,30,1184.44,0
13,0,43,0,729,23,8,16,4,1,2,30,0.0,1
0,0,39,0,2105,9,48,0,3,1,1,25,76.448,1
7,0,33,0,6638,73,98,33,2,1,1,25,742.995,0
2,1,36,0,2439,63,7,43,2,1,1,25,208.61,1
20,0,36,2,14835,219,47,30,3,1,1,30,790.16,0
0,0,28,0,1360,32,23,17,3,1,2,30,147.68,0
8,0,17,0,2954,14,29,0,3,1,1,25,56.069,1
0,0,37,0,630,11,0,11,2,1,1,25,28.845,0
0,1,31,1,1639,61,73,0,3,1,2,30,0.0,1
0,0,35,0,0,0,0,0,3,1,2,30,0.0,1
1,0,26,0,0,39,45,3,3,1,2,45,197.169,1
28,0,38,9,10930,100,17,47,5,1,1,55,190.95,0
13,0,39,2,4733,99,17,30,3,1,1,30,261.28,0
11,1,40,4,7225,126,286,39,3,2,1,30,1438.04,0
0,0,42,0,0,26,0,7,3,1,2,25,23.545,1
4,0,36,0,13713,166,0,42,3,1,1,30,555.16,0
0,1,45,0,1239,13,44,5,3,1,1,30,15.523,1
0,1,7,0,2615,29,0,8,2,1,1,25,0.0,1
2,0,37,0,3660,60,0,17,2,1,1,25,167.4,0
4,0,33,0,1848,32,0,25,3,1,2,30,75.2,1
0,0,18,0,1003,23,8,60,4,1,1,45,45.65,0
9,0,42,0,3017,61,69,30,4,1,2,25,350.913,1
0,0,42,0,1058,23,11,6,2,1,2,25,122.948,1
0,0,9,1,4200,39,206,7,3,1,1,30,993.56,0
0,0,23,0,0,0,0,0,4,1,2,45,0.0,0
10,0,34,0,3395,46,10,14,3,1,2,30,177.64,1
0,0,37,1,0,0,0,0,5,1,1,55,0.0,0
1,1,44,0,1215,56,71,2,2,1,2,45,108.037,1
0,0,38,0,0,0,0,0,2,1,2,25,0.0,0
8,0,37,0,2208,57,357,24,2,1,1,25,1708.425,0
0,0,33,0,510,5,0,7,2,1,2,25,23.175,0
0,0,37,0,743,13,41,8,4,1,2,45,121.4,1
0,1,45,0,1065,21,43,10,3,1,2,30,34.328,1
0,0,35,4,0,63,32,3,3,1,1,30,101.622,1
13,0,37,1,4323,64,7,32,1,1,1,15,279.785,0
0,0,26,1,1125,36,218,13,2,2,1,25,1033.245,0
0,0,43,0,1600,31,7,0,2,1,2,30,142.391,1
0,0,22,0,0,0,11,0,4,1,2,45,27.5,0
0,1,41,3,4640,18,9,1,3,1,1,30,77.679,1
21,0,37,9,10550,99,33,46,5,1,1,55,209.235,0
5,0,38,0,1845,52,49,25,3,1,2,30,271.88,0
5,0,35,3,6560,111,253,35,2,2,1,25,1438.695,0
8,0,15,0,2933,66,40,7,3,1,1,45,67.381,1
7,0,41,0,0,7,39,4,3,1,1,25,22.934,1
5,0,38,0,13583,168,0,41,3,1,1,30,550.04,0
14,0,40,3,7515,103,201,28,3,1,1,30,1108.72,0
13,0,44,1,4630,81,20,23,3,1,1,30,268.44,0
5,0,20,1,1400,22,14,2,2,1,1,25,126.99,0
5,0,36,1,3963,85,7,28,3,1,1,30,189.92,0
5,0,40,0,7688,135,395,48,2,1,1,25,2129.535,0
10,0,34,5,7565,126,292,48,2,2,1,25,1660.095,0
0,0,45,0,1483,46,40,2,4,1,1,25,87.173,1
0,0,30,0,1795,23,263,10,3,1,1,30,1124.72,0
9,0,41,0,13953,177,11,49,3,1,1,30,609.2,0
0,0,37,0,0,0,0,0,2,1,2,25,0.0,1
8,1,11,2,1793,25,7,9,3,1,1,30,100.72,1
0,1,45,0,255,13,34,22,2,1,2,30,23.196,1
6,0,43,0,1260,22,17,17,2,1,2,25,134.19,0
0,0,42,0,307,100,3,23,2,1,2,45,0.0,1
0,1,9,0,2789,4,64,16,4,1,2,30,0.0,1
16,1,24,0,757,66,6,16,3,1,2,25,7.126,1
0,0,16,0,1635,23,23,12,2,1,1,25,178.11,0
0,1,34,0,883,76,204,11,2,1,1,55,76.836,1
6,0,36,2,4318,92,23,43,3,1,1,30,268.4,0
15,0,43,1,4855,85,23,24,3,1,1,30,289.6,0
2,1,38,0,2283,19,135,10,4,1,1,25,146.651,1
7,0,24,1,1955,36,43,20,3,1,1,30,251.64,0
0,0,35,1,6560,93,17,24,4,1,1,45,208.825,0
0,1,45,0,2521,73,70,10,2,1,1,25,157.656,1
0,0,30,0,1673,38,0,9,3,1,2,30,68.44,0
18,1,37,0,3895,57,37,33,3,1,2,30,306.08,1
0,1,45,0,3209,19,38,0,3,1,2,45,0.0,1
12,0,37,2,3855,39,15,16,3,1,1,30,215.76,0
8,0,16,3,2852,45,31,19,3,1,1,30,239.88,0
0,0,42,1,275,25,50,4,2,1,2,30,0.0,1
7,0,37,0,4400,77,0,21,3,1,1,30,179.08,0
3,0,17,0,172,52,7,6,3,1,1,25,36.848,1
8,1,30,0,1121,30,28,14,3,1,2,25,0.0,1
23,0,31,3,15885,237,0,77,2,1,1,25,725.49,0
8,1,34,0,4287,9,13,18,2,1,2,30,79.545,1
0,0,30,0,806,18,39,0,3,1,1,25,114.38,1
0,0,45,0,3066,70,60,6,4,1,2,30,66.428,1
14,1,44,0,2498,64,23,23,3,1,2,30,194.48,0
5,0,35,0,305,6,7,2,2,1,2,25,45.495,1
0,1,30,0,0,0,0,0,4,1,2,45,0.0,1
21,0,31,1,15475,228,0,65,2,1,1,25,706.635,0
14,1,45,1,1014,22,11,17,3,1,2,45,82.573,1
4,1,39,0,253,29,9,0,3,1,1,30,86.577,1
2,0,45,0,1282,5,13,0,3,1,2,30,0.0,1
0,0,41,0,481,22,35,28,3,1,1,45,0.0,1
29,0,36,3,15365,229,51,30,3,1,1,30,827.76,0
0,0,39,0,2883,0,204,0,4,1,2,25,129.141,1
12,0,39,1,6628,106,15,12,3,1,1,30,329.36,0
6,0,38,1,11060,149,0,49,4,1,1,45,280.225,0
7,0,28,2,3645,73,47,29,4,1,1,45,210.45,0
26,0,39,10,10855,105,40,48,5,2,1,55,224.4,0
5,0,28,0,3180,7,75,8,3,1,1,25,145.604,1
0,0,6,0,441,58,30,14,2,1,1,45,0.0,1
2,1,36,0,2043,23,67,5,4,1,2,30,79.856,1
0,0,33,0,653,8,0,4,3,1,1,30,26.44,0
13,0,39,1,2568,65,357,23,3,1,1,30,1533.32,0
0,0,32,0,0,0,0,0,2,1,2,25,0.0,0
8,0,44,1,2653,68,17,39,2,1,1,25,198.945,0
0,0,30,1,6600,107,259,29,2,2,1,25,1467.315,0
4,0,13,2,1568,21,10,11,3,1,1,30,103.56,1
2,1,39,1,482,18,0,8,4,1,2,45,6.184,1
0,1,11,1,1263,15,3,9,3,1,1,30,63.12,1
0,0,29,0,0,0,0,0,2,1,2,25,0.0,1
1,0,34,1,6320,78,175,21,3,1,1,30,955.92,0
0,0,36,0,0,0,25,0,2,1,2,25,112.5,1
3,1,35,0,2719,48,11,14,2,1,2,45,0.0,1
5,0,38,2,6785,103,22,23,5,1,1,55,136.32,0
0,1,42,2,1472,7,35,0,4,1,2,45,7.605,1
23,0,19,2,6887,148,101,47,2,2,1,25,771.075,0
0,0,28,0,2215,37,153,15,2,1,1,25,789.84,0
3,0,28,0,5253,82,4,16,2,1,1,25,258.075,1
11,1,45,0,3137,13,56,27,3,1,1,25,273.045,1
9,0,42,1,4450,73,15,21,3,1,1,30,240.92,0
0,0,31,0,7123,119,367,37,2,1,1,25,1977.39,0
0,1,34,0,1341,12,14,0,2,1,2,30,0.0,1
11,1,38,0,3170,49,20,21,3,1,2,30,208.76,1
6,0,35,0,15425,179,145,28,2,1,1,25,1354.68,0
11,0,38,3,3077,73,4,8,3,1,1,30,380.175,1
0,1,33,0,170,29,2,5,2,1,2,25,244.79,1
1,0,14,0,5208,24,10,12,4,1,2,55,80.741,1
0,0,14,1,0,18,29,10,3,1,2,25,14.829,1
0,0,17,0,2660,45,0,15,3,1,1,30,108.2,0
3,0,25,2,1610,40,207,24,2,2,1,25,1005.75,0
0,0,37,0,422,24,2,0,2,1,2,25,10.272,1
0,0,45,0,2893,16,7,15,2,1,2,30,0.0,1
3,0,32,0,1968,46,341,17,2,1,1,25,1625.13,0
1,0,39,0,356,20,43,10,3,1,2,25,6.371,1
15,0,41,2,5818,104,34,25,3,1,1,30,372.88,0
20,1,39,0,3283,61,49,33,4,1,2,45,206.1,1
15,0,15,2,6688,145,99,55,1,2,1,15,920.315,0
12,0,43,1,4198,72,9,36,1,1,1,15,284.35,0
7,0,40,1,2475,44,283,17,3,1,1,30,1232.76,0
12,0,38,1,4443,69,7,35,1,1,1,15,286.66,0
4,0,33,0,1973,25,0,7,3,1,1,30,79.92,0
0,0,36,0,628,7,9,4,4,1,2,45,38.375,1
6,0,34,1,5963,91,7,8,3,1,1,30,270.16,0
0,1,41,1,783,100,23,2,3,1,2,45,60.163,1
7,0,40,2,3225,30,17,20,3,1,1,30,198.2,0
11,0,44,0,1124,13,71,46,3,1,2,45,291.268,1
6,0,25,0,395,19,3,5,2,1,2,25,32.13,0
0,0,28,1,2149,12,71,28,2,1,2,30,0.41,1
7,0,32,0,1465,13,12,12,3,1,2,25,71.104,1
12,0,36,1,15610,180,146,27,2,1,1,25,1367.55,0
0,0,39,0,903,68,12,23,3,1,1,25,0.0,1
2,1,10,1,1082,14,0,9,3,1,1,30,43.84,1
11,0,38,1,3775,82,32,28,3,1,1,30,282.28,0
7,0,44,0,1452,4,38,20,3,1,1,25,0.0,1
3,1,45,0,2610,15,14,6,3,1,1,30,27.41,1
8,0,40,0,13478,165,7,31,3,1,1,30,573.72,0
10,0,39,1,5513,98,27,23,2,1,1,25,373.995,1
0,1,44,1,608,37,84,4,3,2,2,25,93.742,1
6,0,38,1,3340,30,485,8,3,1,1,30,2074.8,0
19,0,18,1,4353,70,54,33,5,1,2,25,148.105,1
8,0,17,4,2968,51,63,23,3,2,1,30,372.76,0
0,0,44,0,2265,29,204,0,4,1,2,45,0.0,1
10,0,39,2,11580,159,9,46,4,1,1,45,315.975,0
2,1,10,0,1625,24,84,19,2,1,1,30,0.0,1
15,1,43,0,590,74,10,6,4,1,2,25,297.866,1
12,0,15,0,8932,171,73,40,4,1,1,45,410.075,0
0,0,4,0,4390,34,207,9,3,1,1,30,1004.96,0
1,1,40,0,708,9,19,8,4,1,2,45,65.425,1
13,0,41,3,7350,113,36,30,5,1,1,55,165.945,0
1,0,40,1,524,100,59,6,3,2,2,25,44.003,1
7,0,37,0,6323,100,8,10,2,1,1,25,325.035,0
5,0,33,0,8750,112,132,39,3,1,1,30,882.48,0
6,0,38,0,5918,95,7,12,3,1,1,30,268.52,0
31,0,44,5,15525,233,71,38,3,1,1,30,914.32,0
8,0,15,3,4775,48,232,16,3,1,1,30,1120.92,0
7,0,36,2,6670,112,257,20,3,2,1,30,1299.28,0
7,0,26,2,1440,34,189,8,3,2,1,30,814.96,0
0,0,20,0,1308,29,15,62,4,1,1,45,70.925,0
6,0,27,0,1000,28,22,15,2,1,1,25,145.26,0
0,1,36,0,0,0,0,0,2,1,2,25,0.0,1
5,0,33,1,6975,98,23,25,5,1,1,55,140.595,0
2,1,40,2,2562,17,43,0,3,1,1,30,58.624,1
3,0,39,0,2475,53,176,22,2,1,1,25,905.76,0
0,0,38,0,2199,27,2,13,3,1,1,30,25.16,1
5,0,20,1,1755,29,33,16,2,1,1,25,228.78,0
0,0,30,0,0,18,30,0,2,1,2,25,57.382,1
18,0,34,7,10320,88,3,43,4,1,1,45,267.7,0
6,1,11,2,1602,24,0,6,3,1,1,30,65.04,1
15,0,36,1,6063,101,28,24,2,1,1,25,403.38,0
25,0,40,1,3549,48,32,33,2,1,1,25,19.709,1
20,0,18,0,2001,100,29,0,2,2,1,30,0.0,1
0,0,34,0,0,21,40,0,3,1,2,25,0.0,1
1,0,36,0,5613,89,0,10,2,1,1,25,256.59,0
13,0,38,1,3965,83,41,31,3,1,1,30,325.92,0
0,0,22,2,222,57,17,3,2,1,1,30,62.985,1
8,0,38,0,2085,56,77,26,4,1,2,45,246.025,0
0,0,29,0,2355,8,0,7,3,1,1,30,94.52,0
0,1,16,0,1318,0,10,8,3,1,2,30,29.646,1
3,0,36,0,4065,65,0,15,2,1,1,25,185.85,0
2,0,45,0,2295,25,204,4,3,1,2,30,9.096,1
0,1,45,0,313,51,14,0,2,2,2,30,38.074,1
0,0,34,0,6493,110,352,41,2,1,1,25,1881.135,0
2,0,42,0,875,20,8,12,2,1,2,25,76.275,0
0,0,34,0,14470,165,118,28,2,1,1,25,1189.575,0
1,0,43,1,1361,8,10,4,4,1,2,30,59.635,1
20,0,45,2,3018,76,381,32,3,1,1,30,1647.76,0
23,1,34,0,1070,53,48,21,3,1,2,30,236.92,1
0,1,29,0,2327,29,63,19,3,1,1,30,146.285,1
7,0,41,0,291,73,27,0,5,1,2,25,76.687,1
0,0,34,0,2028,49,0,29,1,1,1,15,114.235,0
13,0,36,1,5818,98,26,24,2,1,1,25,383.22,1
0,0,25,0,6220,81,0,14,4,1,1,45,157.525,0
1,0,37,0,564,14,23,16,3,1,2,30,321.736,1
6,0,38,0,1310,24,34,23,3,1,2,30,189.36,0
0,1,11,2,3764,0,53,2,4,1,1,45,199.193,1
8,1,11,2,1792,25,7,9,3,1,1,30,100.68,1
3,0,23,0,610,59,78,24,2,1,1,25,52.459,1
0,1,44,0,4331,23,36,2,4,1,1,25,52.409,1
25,0,40,2,1427,7,6,21,4,1,1,45,0.0,1
0,0,41,2,932,14,50,4,5,1,2,25,229.054,1
24,0,40,4,10130,138,159,45,3,1,1,30,1046.72,0
2,0,34,0,1773,37,18,26,3,1,2,30,144.4,1
0,0,23,0,0,0,10,0,4,1,2,45,25.0,0
0,0,36,0,5423,88,0,7,2,1,1,25,247.995,0
0,0,34,0,2759,30,85,15,2,1,2,45,0.0,1
5,0,6,1,745,13,204,15,3,1,2,25,0.0,1
7,0,28,0,920,32,20,12,2,1,1,25,132.84,0
7,0,11,2,4695,46,222,12,3,1,1,30,1077.64,0
2,1,3,0,1813,14,31,0,2,1,1,30,229.032,1
24,1,32,3,15670,233,0,82,2,1,1,25,715.635,0
2,1,25,2,1914,98,11,10,3,1,1,25,18.075,1
7,0,19,0,1885,26,7,12,2,1,1,25,117.495,0
11,0,28,0,815,31,42,11,3,1,2,30,201.84,0
7,0,39,0,1370,21,16,16,2,1,2,25,134.595,0
8,0,37,0,4255,65,0,13,2,1,1,25,194.4,0
0,0,29,0,3413,70,0,25,2,1,1,25,156.735,0
16,1,40,0,3475,55,27,23,3,1,2,30,249.2,1
3,0,37,1,6500,86,186,26,3,1,1,30,1007.44,0
4,1,30,0,2008,34,19,25,3,1,2,30,157.68,1
4,0,32,0,3813,58,0,29,1,1,1,15,212.905,0
10,0,35,0,14078,169,0,45,3,1,1,30,569.88,0
8,1,17,0,1654,74,11,48,2,1,2,25,151.442,1
25,0,36,10,11035,103,22,57,5,2,1,55,200.07,0
16,0,32,1,1768,44,16,17,3,1,2,30,275.781,1
10,0,44,0,2662,64,59,0,3,1,1,30,235.586,1
10,0,42,0,1614,36,13,0,3,1,1,25,138.04,1
0,0,29,2,6480,102,253,26,2,2,1,25,1434.69,0
2,0,38,0,163,11,21,9,3,1,2,30,90.763,1
2,0,35,0,11160,148,4,45,3,1,1,30,468.32,0
0,0,45,0,351,75,42,2,4,1,1,25,21.636,1
10,0,42,0,2946,25,41,3,3,1,2,45,217.411,1
0,0,30,0,0,0,0,0,2,1,2,25,0.0,1
2,0,39,0,508,6,16,7,2,1,2,25,95.13,0
14,1,17,1,6148,138,83,42,1,2,1,15,802.23,0
6,1,13,1,3794,22,31,5,2,1,1,25,146.352,1
13,0,38,1,6908,75,83,35,2,1,1,25,687.735,0
1,1,40,0,2442,78,184,3,2,1,2,30,28.488,1
3,0,39,0,1955,34,267,20,3,1,1,30,1147.56,0
0,0,39,1,33,4,5,1,5,1,1,55,8.055,0
9,0,37,1,11655,155,20,50,4,1,1,45,345.25,0
4,0,14,0,6123,100,47,15,3,1,2,45,45.41,1
2,0,42,4,0,46,39,31,3,1,2,25,92.975,1
16,0,39,1,15980,189,166,35,2,1,1,25,1474.605,0
0,0,17,0,622,10,1,46,3,1,2,30,145.498,1
29,0,26,0,190,55,29,3,3,1,1,30,311.78,1
0,1,38,0,313,62,204,2,3,1,2,25,176.823,1
13,0,37,2,5933,104,58,28,3,1,1,30,473.48,0
13,0,43,0,2230,60,60,28,4,1,2,45,207.25,0
9,1,45,0,3804,62,15,0,3,1,2,30,93.267,1
0,1,42,0,2312,4,204,4,3,1,2,45,50.895,1
12,0,39,2,2683,42,15,8,4,1,1,45,105.625,0
16,1,43,0,2723,68,26,24,3,1,2,30,215.64,0
5,0,35,1,1793,23,7,3,4,1,1,45,62.9,0
2,0,33,0,1753,40,0,10,3,1,2,30,71.72,0
2,1,42,0,53,16,73,20,3,1,2,45,157.185,1
0,1,40,0,453,68,15,4,2,1,1,30,109.85,1
12,0,33,1,9035,119,134,39,3,1,1,30,902.16,0
10,0,37,0,2695,37,7,3,3,1,2,30,137.28,1
0,0,11,0,1033,30,4,5,2,1,1,45,286.107,1
0,1,35,0,745,29,8,11,2,1,1,25,0.0,1
16,0,39,1,4908,77,9,35,1,1,1,15,323.675,0
0,0,31,0,2420,10,0,8,3,1,1,30,97.2,0
1,0,39,0,2970,29,487,11,3,1,1,30,2067.96,0
0,0,25,0,49,19,7,14,3,2,2,30,138.422,1
4,0,36,0,1228,17,30,19,4,1,2,45,106.125,1
0,0,39,0,1068,64,12,8,2,2,2,30,0.0,1
0,0,23,0,2730,54,0,18,3,1,1,30,111.36,0
2,0,24,1,1135,28,182,6,2,2,1,25,871.335,0
5,1,45,0,4152,17,30,16,2,1,2,30,0.0,1
15,0,39,2,7213,82,124,42,2,1,1,25,886.275,0
0,1,32,0,1515,42,51,20,3,1,1,55,0.0,1
10,0,42,2,6718,81,116,38,2,1,1,25,827.955,0
1,0,45,0,930,18,0,2,5,1,2,25,0.0,1
1,1,13,1,4570,16,2,0,4,1,2,25,21.794,1
5,0,38,0,438,8,7,4,3,1,2,30,45.84,1
0,1,34,0,911,19,28,0,2,1,1,30,4.116,1
18,0,31,1,14835,213,39,29,2,1,1,25,852.66,0
17,0,32,0,245,36,0,17,2,1,2,25,12.645,1
2,0,9,1,4390,40,215,10,3,1,1,30,1037.2,0
6,0,26,0,1758,40,39,71,4,1,1,45,142.45,0
0,1,36,0,6123,100,62,33,3,1,2,25,6.043,1
2,0,25,0,3225,61,8,23,3,1,1,30,163.44,0
19,1,44,0,2833,60,56,39,4,1,2,45,212.325,1
6,0,34,3,6965,116,271,33,2,2,1,25,1538.145,0
0,0,36,1,6310,86,211,28,3,1,1,30,1099.84,0
0,1,41,0,340,24,24,5,3,1,1,30,57.789,1
0,0,12,1,4085,40,216,9,3,1,1,30,1029.0,0
0,1,42,0,1461,54,8,4,2,1,1,30,0.0,1
4,0,26,0,1568,39,30,68,4,1,1,45,115.175,0
5,0,38,2,643,10,11,4,5,1,1,55,26.295,0
0,0,32,0,2133,48,0,27,1,1,1,15,119.955,0
2,0,26,0,1323,36,28,68,4,1,1,45,103.975,0
3,1,44,0,1762,25,33,5,4,1,2,25,203.233,1
0,0,26,0,968,29,9,53,4,1,1,45,47.425,0
0,0,30,0,2760,20,0,10,3,1,1,30,111.2,0
7,0,37,0,15295,181,141,27,2,1,1,25,1330.92,0
0,1,35,0,2807,7,2,42,4,1,2,45,9.104,1
0,1,9,0,888,9,0,3,3,1,1,30,35.88,1
0,1,36,1,1721,19,34,15,2,1,1,45,194.304,1
8,0,38,1,6690,86,161,24,3,1,1,30,915.04,0
2,0,44,2,866,31,6,3,3,1,2,45,23.159,1
2,0,24,0,2833,19,13,5,3,1,1,30,0.0,1
1,0,16,1,1990,30,42,27,2,1,1,25,279.9,0
10,1,39,0,1481,30,2,42,3,1,1,25,231.683,1
14,0,45,3,4820,95,17,28,4,1,1,45,165.375,0
0,0,41,0,2088,58,3,32,2,1,1,25,110.07,0
6,0,32,0,2875,21,9,8,4,1,2,30,147.697,1
3,1,40,0,1947,26,27,0,3,1,2,25,0.0,1
1,1,29,0,1488,18,14,35,3,1,2,30,0.0,1
6,0,16,3,2662,44,22,16,3,1,1,30,196.24,0
2,0,42,0,1516,20,80,0,2,1,2,45,42.002,1
1,1,30,1,0,19,62,1,2,1,2,45,186.296,1
0,0,34,0,1363,19,0,4,3,1,1,30,55.28,0
0,0,36,0,133,2,0,2,3,1,2,30,5.4,1
1,0,39,0,640,23,166,0,2,1,1,25,16.574,1
1,0,45,2,759,52,8,4,4,1,2,25,0.0,1
16,0,36,3,9240,119,140,40,3,1,1,30,934.36,0
17,0,32,2,1530,44,34,16,2,1,1,25,223.83,0
15,0,39,1,2758,66,366,26,3,1,1,30,1576.96,0
15,1,38,0,2914,1,30,5,3,1,1,45,0.0,1
0,0,36,0,12868,153,0,27,3,1,1,30,520.84,0
0,0,8,1,4200,40,240,12,3,1,1,30,1129.6,0
23,0,28,3,15895,230,0,75,2,1,1,25,725.625,0
0,0,17,0,660,16,0,5,2,1,1,25,30.42,0
0,1,42,0,0,60,28,41,2,1,1,30,39.705,1
0,1,40,1,1597,63,115,33,2,1,1,25,122.143,1
16,0,33,6,10015,81,0,36,4,1,1,45,252.4,0
14,0,37,0,712,58,0,0,3,1,1,45,92.688,1
5,0,42,1,7508,133,392,44,3,1,1,30,1873.64,0
0,0,25,0,0,0,0,0,2,1,2,25,0.0,0
1,1,10,0,946,12,38,23,3,1,1,30,20.637,1
0,0,34,0,0,0,0,0,4,1,1,45,0.0,0
1,0,32,0,1485,36,27,15,3,1,2,30,168.84,0
0,0,42,3,3997,70,23,9,4,1,1,30,219.468,1
2,0,21,0,860,23,7,9,2,1,1,25,71.235,0
6,1,14,0,545,29,78,9,3,1,2,30,13.743,1
0,0,21,0,0,0,3,0,4,1,2,45,7.5,0
0,1,41,0,762,58,0,28,2,1,1,30,0.0,1
0,0,45,0,1898,24,204,0,3,1,1,25,0.0,1
18,0,39,3,9420,127,151,45,3,1,1,30,985.88,0
1,0,26,0,1607,45,11,16,4,1,1,30,0.0,1
12,0,37,1,2698,63,361,24,3,1,1,30,1554.44,0
0,0,35,0,2675,15,444,2,3,1,1,30,1883.6,0
17,0,42,1,2938,74,377,31,3,1,1,30,1628.48,0
2,1,40,1,1027,61,8,0,2,1,1,30,0.0,1
8,1,41,0,2798,65,11,3,3,1,2,25,14.225,1
18,0,34,0,1005,37,25,10,3,1,2,30,141.68,0
27,0,12,1,300,71,38,6,3,1,2,25,0.0,1
0,0,36,0,13278,162,0,39,3,1,1,30,537.6,0
16,0,34,7,10130,87,0,40,4,1,1,45,255.425,0
6,0,9,0,8548,163,56,34,4,1,1,45,357.775,0
13,0,43,3,11850,162,28,53,4,1,1,45,370.3,0
7,1,31,0,2268,38,26,30,3,1,2,30,196.24,1
0,0,35,0,570,8,0,9,2,1,2,25,26.01,0
11,0,40,1,6223,101,14,14,3,1,1,30,308.96,0
8,0,36,1,2585,43,282,16,3,1,1,30,1233.12,0
22,0,41,3,4790,99,47,30,3,1,1,30,383.56,0
0,0,6,0,3375,23,183,8,3,1,1,30,867.92,0
9,0,34,0,2283,50,7,13,3,1,2,30,121.32,0
0,0,16,0,1390,20,21,12,2,1,1,25,157.95,0
24,0,27,2,15995,236,0,76,2,1,1,25,730.395,0
18,0,40,2,4270,89,48,33,3,1,1,30,366.36,0
10,0,16,3,3098,48,33,19,3,1,1,30,257.84,0
4,0,35,0,11350,149,13,48,3,1,1,30,511.96,0
6,0,14,0,4172,27,47,0,3,1,1,25,0.0,1
16,0,33,0,960,35,25,13,3,1,2,30,139.8,0
0,0,15,0,3298,97,42,4,3,1,1,25,4.949,1
1,0,34,0,547,82,29,29,4,1,1,45,182.491,1
3,0,37,0,1528,43,0,17,3,1,2,30,62.84,0
0,1,32,0,1947,13,1,26,2,1,2,25,0.0,1
17,0,39,1,2948,67,375,29,3,1,1,30,1620.6,0
14,0,40,2,5010,90,18,30,3,1,1,30,276.0,0
0,0,32,0,6015,72,168,19,3,1,1,30,915.48,0
1,0,40,0,0,23,25,0,5,1,2,55,101.217,1
7,1,45,1,106,100,0,17,4,1,1,30,93.644,1
0,0,11,0,910,43,5,3,3,1,2,25,17.531,1
5,0,33,1,6545,82,178,22,3,1,1,30,977.08,0
7,0,32,0,643,27,5,7,2,1,2,30,107.915,1
0,0,44,0,2407,66,23,22,3,1,1,25,118.418,1
23,0,33,2,15140,219,46,31,3,1,1,30,798.36,0
31,0,44,10,11000,109,23,50,5,1,1,55,201.135,0
0,1,16,0,3279,70,28,0,3,1,2,30,0.0,1
0,0,35,0,0,0,0,0,2,1,2,25,0.0,0
17,0,27,1,15710,229,0,76,2,1,1,25,717.255,0
6,0,36,0,931,28,13,3,3,1,1,45,23.032,1
5,0,36,0,3893,60,0,33,1,1,1,15,217.415,0
0,0,38,2,287,6,204,38,4,1,1,25,5.896,1
0,0,33,0,1360,38,31,18,3,1,2,30,179.92,0
6,0,20,0,2385,91,62,17,2,1,2,45,2.682,1
6,0,42,1,1928,35,15,12,4,1,1,45,86.575,0
2,0,29,0,1005,18,32,8,4,1,2,45,105.575,0
0,0,31,0,2295,39,157,16,2,1,1,25,811.53,0
2,0,41,0,0,19,63,11,2,1,1,45,127.042,1
0,0,25,0,1010,30,186,9,2,2,1,25,883.8,0
6,0,42,0,5873,99,15,16,3,1,1,30,298.88,0
0,0,40,0,610,20,10,16,3,1,1,30,0.0,1
0,0,34,0,0,0,0,0,4,1,2,45,0.0,1
13,0,37,2,16085,192,171,45,2,1,1,25,1501.965,0
10,0,33,3,1700,44,210,17,3,2,1,30,909.76,0
14,1,37,0,3295,47,16,18,3,1,2,30,197.68,1
8,0,37,0,1970,50,45,22,3,1,2,30,260.8,0
14,1,37,0,3295,47,16,18,3,1,2,30,197.68,1
0,0,35,0,1478,25,25,8,4,1,1,45,100.075,0
12,0,39,0,13963,169,7,42,3,1,1,30,593.28,0
2,0,36,0,1743,47,0,12,3,1,2,30,71.6,0
6,0,28,1,2883,24,9,35,3,1,2,30,133.098,1
5,0,3,0,0,100,4,20,4,1,2,25,143.694,1
0,0,7,0,4085,34,208,8,3,1,1,30,996.76,0
7,0,40,0,1015,20,20,10,3,1,2,30,121.4,0
6,0,39,2,6560,89,191,28,3,1,1,30,1029.96,0
0,1,44,0,1926,18,75,0,4,1,1,25,0.0,1
20,0,14,0,1858,10,4,0,2,1,1,25,181.397,1
17,0,18,2,9353,183,112,46,5,1,1,55,311.04,0
20,0,41,0,3253,71,23,19,4,1,2,45,140.6,0
0,0,39,0,376,43,10,16,3,1,1,30,0.0,1
4,1,43,0,859,61,18,0,3,1,1,30,48.155,1
0,0,29,0,5935,70,164,18,3,1,1,30,896.2,0
0,0,33,0,1875,25,267,11,3,1,1,30,1144.0,0
0,0,5,0,488,21,30,0,3,1,1,55,310.841,1
0,0,42,1,3515,18,11,1,4,1,1,30,0.0,1
11,0,37,3,7150,106,26,26,5,1,1,55,147.84,0
0,0,29,0,0,0,0,0,4,1,1,45,0.0,0
11,0,27,0,700,25,10,7,2,1,2,25,77.625,0
13,0,37,2,9115,121,144,43,3,1,1,30,945.44,0
0,1,38,0,932,25,40,6,3,1,1,25,38.637,1
7,0,40,0,1015,20,20,10,3,1,2,30,121.4,0
3,0,34,2,6900,103,46,26,5,1,1,55,174.045,0
2,0,36,0,1260,39,20,22,3,1,2,30,131.96,0
3,0,40,1,4290,79,5,27,3,1,1,30,194.76,0
2,1,43,0,441,8,16,0,2,1,2,25,102.385,1
0,0,37,0,96,0,11,23,2,1,2,25,0.0,1
6,0,40,0,1534,20,16,24,2,1,2,30,0.0,1
0,0,30,0,5900,100,74,0,3,1,2,30,0.0,1
12,0,39,1,15600,187,148,29,2,1,1,25,1376.415,0
0,0,45,0,2685,0,9,2,3,1,1,30,93.546,1
5,0,24,0,1035,32,44,15,2,1,1,25,246.015,0
0,0,5,0,4025,31,203,6,3,1,1,30,974.24,0
6,0,36,0,718,18,55,14,3,1,2,25,0.0,1
30,0,34,5,16495,250,39,86,2,2,1,25,929.025,0
1,1,45,0,3329,100,17,0,3,1,2,30,0.0,1
1,0,14,0,1615,24,18,10,2,1,1,25,154.755,0
4,1,37,0,1131,38,20,21,3,2,2,25,93.785,1
14,1,40,0,2543,60,15,19,3,1,2,30,164.12,0
0,0,31,0,2660,14,0,9,3,1,1,30,106.96,0
5,0,40,1,2800,23,469,9,3,1,1,30,1988.92,0
8,0,43,2,1973,37,15,9,4,1,1,45,87.75,0
2,0,36,0,4210,77,0,23,3,1,1,30,171.48,0
25,1,33,0,1145,48,25,20,2,1,2,25,166.185,1
3,1,23,0,1539,23,5,23,2,1,1,30,6.24,1
0,1,39,0,402,77,25,5,4,1,2,30,136.021,1
6,0,35,2,11760,158,25,60,3,1,1,30,576.72,0
22,0,23,2,9498,187,95,48,5,1,1,55,287.775,0
16,0,39,3,9175,124,149,45,3,1,1,30,967.96,0
0,1,38,0,177,100,14,13,2,1,1,25,2.404,1
0,0,35,0,10970,147,0,42,3,1,1,30,444.68,0
0,1,45,0,0,21,5,27,2,1,2,25,0.0,1
5,0,23,0,920,26,12,11,2,1,1,25,96.57,0
0,0,18,0,1095,16,7,6,2,1,1,25,81.495,0
7,0,43,0,438,14,15,5,3,1,2,30,78.08,1
0,0,43,2,1151,60,4,2,3,1,1,45,334.697,1
4,0,36,0,1933,48,1,15,3,1,2,30,83.24,0
1,0,36,0,2980,22,485,9,3,1,1,30,2060.08,0
5,1,38,2,370,8,5,11,5,1,1,25,129.461,1
1,1,45,0,2906,21,6,30,3,1,2,25,241.067,1
0,0,39,0,735,66,9,0,2,1,2,45,0.0,1
0,0,27,2,1794,45,1,7,2,1,1,45,80.21,1
5,0,19,0,965,22,4,7,2,1,1,25,62.415,0
0,0,38,4,2666,27,35,30,3,1,1,25,75.501,1
1,0,5,0,3203,100,59,3,4,1,1,30,95.953,1
0,0,34,1,1963,29,14,19,3,1,1,30,135.68,0
0,0,43,0,715,14,72,12,3,1,2,25,98.876,1
19,0,38,3,9825,132,152,43,3,1,1,30,1006.28,0
0,1,3,2,1458,65,12,6,4,1,2,25,84.419,1
8,0,19,3,6123,100,15,1,2,1,1,30,4.221,1
6,0,41,0,777,46,0,38,3,2,1,30,46.476,1
0,0,34,0,1117,28,0,6,3,1,2,30,75.215,1
3,0,35,0,1958,53,343,19,2,1,1,25,1633.995,0
18,0,21,2,9318,179,90,46,5,1,1,55,277.455,0
1,1,39,1,3160,54,75,0,3,1,2,25,31.836,1
3,1,41,0,1256,26,1,19,2,1,2,45,42.633,1
0,0,35,0,0,0,0,0,2,1,2,25,0.0,0
1,0,14,0,3954,42,24,3,4,1,1,25,26.219,1
3,1,44,0,6026,73,45,0,4,1,2,25,128.525,1
10,0,41,0,4550,79,16,22,3,1,1,30,249.16,0
17,0,42,2,2603,63,20,21,4,1,1,45,116.65,0
0,0,32,0,1935,6,0,2,3,1,1,30,77.64,0
19,0,14,1,6697,141,84,43,1,2,1,15,838.09,0
10,0,39,2,11525,157,16,49,4,2,1,45,332.05,0
13,0,15,0,6277,136,87,43,1,2,1,15,831.215,0
0,0,36,0,165,3,0,11,2,1,2,25,7.56,0
6,0,45,0,703,13,24,10,3,1,2,30,124.64,0
0,0,13,1,1837,28,0,17,3,1,1,30,74.6,0
11,0,40,0,3903,62,7,22,1,1,1,15,256.575,0
2,0,36,0,13468,163,0,42,3,1,1,30,545.24,0
23,0,45,4,9680,137,166,51,3,1,1,30,1056.68,0
5,0,44,0,0,28,31,14,3,1,1,30,4.08,1
4,0,37,0,3488,55,0,35,1,1,1,15,194.865,0
0,0,42,0,2507,12,10,0,3,1,2,30,0.0,1
14,0,22,5,3238,53,48,25,3,2,1,30,323.64,0
7,0,33,0,614,41,60,5,4,1,1,30,190.967,1
6,0,29,0,5513,86,11,21,2,1,1,25,301.455,1
5,0,36,1,6965,105,25,27,5,1,1,55,143.55,0
13,0,45,2,8073,143,406,51,3,1,1,30,1952.64,0
0,0,28,0,2171,30,62,1,3,1,2,30,213.168,1
2,0,36,0,4210,77,0,23,3,1,1,30,171.48,0
9,1,39,0,2945,45,17,20,3,1,2,30,187.6,1
3,0,35,0,0,67,49,3,3,1,1,25,149.475,1
5,0,35,0,1100,18,7,9,2,1,2,25,81.81,0
5,0,34,1,3140,23,475,4,3,1,1,30,2026.52,0
7,0,37,1,11465,154,11,47,4,1,1,45,317.975,0
21,0,38,0,2210,15,17,12,4,1,2,45,8.141,1
14,0,14,1,6213,133,74,37,2,2,1,25,618.57,0
13,0,41,5,7270,128,286,36,3,2,1,30,1439.92,0
0,0,44,0,3238,6,204,17,4,1,2,25,46.772,1
4,0,37,0,600,10,21,15,2,1,2,25,121.95,1
1,0,23,0,2579,76,75,0,2,1,2,30,119.797,1
0,0,38,0,750,16,4,14,2,1,2,25,52.47,0
1,0,43,0,6123,41,10,13,3,1,2,30,0.0,1
34,1,40,6,16045,241,82,49,3,2,1,30,979.44,0
0,1,34,0,323,1,2,2,4,1,2,45,13.1,1
0,0,24,0,323,13,30,0,2,1,1,30,84.727,1
6,0,41,0,2584,0,47,4,4,1,1,25,137.751,1
0,0,39,0,3034,54,63,16,4,1,2,45,51.502,1
0,1,45,0,3683,29,16,25,3,1,2,25,0.0,1
8,0,38,0,6108,96,16,15,3,1,1,30,312.16,0
0,0,42,0,2448,13,16,40,3,1,2,25,0.0,1
34,0,42,0,0,100,15,0,3,1,1,30,5.771,1
1,0,16,1,1081,58,70,1,3,1,1,30,49.951,1
11,0,29,0,1840,27,36,5,4,1,2,45,136.675,0
3,1,42,0,907,29,15,3,3,1,1,30,133.719,1
0,0,37,0,0,0,0,0,3,1,2,30,0.0,1
7,0,33,0,1130,22,36,6,4,1,2,45,118.8,0
13,0,40,1,4313,71,0,34,1,1,1,15,241.12,0
7,0,45,2,3268,28,13,2,3,1,1,30,86.412,1
0,0,30,0,3633,50,0,27,1,1,1,15,202.565,0
0,1,32,1,3188,24,20,25,2,1,1,25,0.0,1
0,0,39,0,547,59,35,18,2,1,1,45,236.614,1
10,0,39,1,3370,77,14,30,3,1,1,30,193.88,0
2,0,45,2,1175,15,51,19,2,1,2,45,208.636,1
12,0,17,3,4955,56,237,18,3,1,1,30,1148.44,0
31,1,32,4,16785,249,8,80,2,1,1,25,802.53,0
0,0,42,0,6123,0,48,14,3,1,1,25,189.37,1
6,0,32,0,4117,52,47,1,3,1,2,30,31.796,1
12,0,19,0,8888,175,81,44,4,1,1,45,429.075,0
5,0,33,1,7553,123,376,39,2,1,1,25,2037.42,0
1,0,41,0,2919,74,35,1,2,1,1,25,0.0,1
5,0,36,0,2263,60,384,26,3,1,1,30,1628.92,0
2,1,38,0,1892,21,24,3,2,1,2,25,71.101,1
6,0,34,0,1790,42,34,17,3,1,2,30,209.28,0
5,1,35,0,1962,19,184,0,2,1,1,45,174.029,1
16,0,30,7,10175,83,0,36,4,1,1,45,256.45,0
11,0,13,1,9228,175,87,53,4,1,1,45,452.575,0
12,0,41,0,4378,74,12,40,1,1,1,15,310.86,0
0,1,39,2,3522,16,56,9,4,1,2,30,31.18,1
0,0,31,0,0,0,0,0,3,1,1,30,0.0,0
3,0,38,2,398,7,9,4,5,1,1,55,19.575,0
6,0,37,2,3260,34,39,20,4,1,1,45,179.85,0
5,0,38,1,1373,21,7,2,4,1,1,45,52.35,0
9,0,38,1,5593,94,29,26,2,1,1,25,386.415,1
26,1,30,0,1260,47,15,18,2,1,2,25,126.315,1
0,1,35,0,3151,21,11,13,3,1,2,25,91.916,1
28,0,33,4,16190,243,0,79,2,2,1,25,739.485,0
0,1,33,0,2164,100,5,5,2,1,1,30,0.0,1
2,0,39,1,2103,23,79,9,3,1,2,30,0.0,1
8,0,42,0,750,24,32,0,4,1,2,30,0.0,1
22,0,35,8,10840,98,2,40,4,1,1,45,278.45,0
6,0,26,0,510,25,35,9,3,1,2,30,161.4,0
0,0,34,0,3658,79,0,26,2,1,1,25,168.165,0
13,1,36,0,2868,54,55,46,3,1,2,30,336.88,1
4,0,45,0,2324,6,60,6,3,1,1,30,41.975,1
23,0,36,8,10625,94,10,45,5,1,1,55,175.785,0
7,0,20,1,2000,32,35,16,3,1,1,30,221.28,0
0,1,43,0,4092,100,204,0,4,1,2,25,92.729,1
0,0,39,0,0,0,0,0,2,1,2,25,0.0,1
0,0,9,1,4145,37,213,10,3,1,1,30,1019.28,0
0,1,30,0,3020,25,5,4,3,1,1,30,110.005,1
7,0,40,1,3550,78,35,30,3,1,1,30,285.12,0
1,0,41,0,1229,22,58,5,3,1,1,25,12.587,1
5,0,19,0,909,19,10,0,4,1,1,30,0.0,1
0,0,34,0,0,0,0,0,2,1,2,25,0.0,1
5,0,38,0,13528,166,0,44,3,1,1,30,547.76,0
11,0,37,3,12065,164,32,62,4,1,1,45,385.725,0
5,0,36,1,693,7,26,0,2,1,2,30,47.45,1
4,0,12,1,4570,48,226,15,3,1,1,30,1088.72,0
3,0,37,1,6740,101,22,26,5,1,1,55,135.615,0
0,0,38,0,1793,48,0,18,1,1,1,15,101.255,0
0,0,11,1,4165,36,218,12,3,1,1,30,1040.04,0
16,0,20,5,3218,54,43,23,3,2,1,30,302.88,0
13,0,37,2,9115,121,144,43,3,1,1,30,945.44,0
3,1,39,0,1642,16,45,20,3,1,1,30,68.484,1
9,0,43,0,0,12,58,0,2,1,1,30,0.0,1
8,0,33,1,6763,71,100,33,2,1,1,25,757.53,0
11,1,41,0,776,19,12,1,2,1,2,25,26.705,1
11,0,38,3,4623,98,30,45,3,1,1,30,308.84,0
0,0,28,0,0,0,0,0,3,1,2,30,0.0,1
0,0,40,1,6195,86,187,25,3,1,1,30,999.24,0
7,0,42,0,1360,28,18,18,2,1,2,25,143.46,0
6,1,45,0,1346,14,47,0,3,1,1,30,187.989,1
19,1,45,0,1831,65,19,7,4,1,1,30,134.542,1
16,1,41,0,2753,58,52,38,4,1,2,45,200.275,1
0,0,31,0,5880,81,0,5,4,1,1,45,149.025,0
0,0,42,1,1751,23,13,26,5,1,1,25,550.338,1
6,0,32,0,1970,44,37,21,3,1,2,30,228.56,0
14,1,31,0,2070,28,14,7,2,1,1,45,129.504,1
0,0,33,0,94,50,0,3,2,1,1,25,73.793,1
8,0,25,0,640,22,5,5,2,1,2,25,52.29,0
5,0,27,1,3340,66,6,22,3,1,1,30,160.24,0
9,0,29,2,1620,42,200,13,3,2,1,30,866.48,0
24,1,38,9,10495,96,6,44,5,2,1,55,167.865,0
11,0,18,4,2913,48,36,21,3,1,1,30,262.44,0
6,0,36,0,3470,76,25,26,2,1,1,25,272.07,0
10,0,36,2,3380,63,196,38,2,1,1,25,1036.935,0
28,0,41,9,10920,107,19,49,5,2,1,55,193.905,0
10,0,25,0,1225,32,19,13,2,1,1,25,142.065,0
4,1,40,2,3332,20,24,22,3,1,2,30,0.0,1
5,0,18,1,1940,29,30,14,2,1,1,25,223.605,0
14,0,36,1,4423,70,7,33,2,1,1,25,233.685,0
7,0,42,1,2021,100,42,16,2,1,1,45,61.611,1
0,0,45,0,850,32,1,2,3,1,2,30,49.228,1
10,0,33,6,9420,76,0,40,4,1,1,45,237.4,0
7,0,42,1,5998,97,17,16,3,1,1,30,311.8,0
0,0,14,0,0,57,4,13,3,1,1,45,23.962,1
6,1,45,0,1413,11,14,0,3,1,1,45,112.435,1
15,0,17,0,494,13,41,0,4,1,2,30,0.0,1
9,0,39,2,8890,117,147,45,3,1,1,30,948.28,0
5,0,42,2,3175,29,493,12,3,1,1,30,2100.16,0
5,0,32,1,3763,78,7,24,2,1,1,25,204.345,0
0,0,34,0,455,2,0,5,2,1,2,25,20.565,0
0,1,45,2,737,100,40,8,5,1,1,30,17.917,1
0,0,38,0,1150,10,5,8,2,1,2,30,0.0,1
5,0,45,0,0,15,40,20,2,1,2,45,86.584,1
0,0,35,0,14580,166,122,13,2,1,1,25,1212.57,0
2,1,31,0,880,71,45,11,3,1,1,30,28.913,1
10,0,34,1,11770,154,10,48,3,1,1,30,516.96,0
6,0,37,1,2895,59,207,27,2,1,1,25,1064.43,0
7,0,33,0,1890,48,35,18,3,1,2,30,217.52,0
8,0,34,1,6975,97,7,20,4,1,1,45,194.3,0
0,0,38,0,1443,21,3,8,3,1,1,30,70.56,0
0,0,44,0,1098,22,35,2,4,1,1,25,39.025,1
20,0,40,4,4680,98,60,45,3,1,1,30,431.12,0
0,0,36,1,6480,97,15,21,5,1,1,55,121.155,0
0,1,43,3,1599,16,8,48,4,1,2,25,157.714,1
0,0,41,2,1543,46,41,0,3,1,1,30,49.175,1
0,0,33,0,2650,22,25,16,3,1,1,30,206.88,0
2,0,42,2,1729,6,17,0,3,1,2,45,16.805,1
0,0,34,0,220,65,13,0,4,1,1,45,86.017,1
0,0,35,0,1859,14,29,28,3,1,2,25,58.867,1
0,0,33,0,0,0,0,0,5,1,1,55,0.0,0
0,1,42,0,2729,62,17,1,2,1,1,25,111.612,1
15,0,37,2,9360,124,146,43,3,1,1,30,963.36,0
0,0,40,0,0,0,0,0,3,1,2,30,0.0,0
0,0,33,0,1278,58,7,6,4,1,1,45,79.398,1
8,1,36,0,2585,36,0,18,3,1,2,30,104.84,1
0,0,22,0,210,15,0,11,2,1,1,25,10.125,0
1,0,12,0,7917,154,41,38,4,1,1,45,304.275,0
2,0,40,0,3673,86,10,32,2,1,1,25,214.155,0
14,1,41,0,3250,51,24,22,3,1,2,30,228.04,1
0,0,37,0,0,0,0,0,2,1,2,25,0.0,1
2,0,40,1,3889,20,204,0,2,1,2,30,169.076,1
0,0,35,0,3355,54,0,15,2,1,1,25,153.405,0
3,0,36,1,6528,75,133,39,2,1,1,25,895.635,0
7,0,28,0,1320,17,37,8,4,1,2,45,125.925,0
9,1,41,0,2050,52,55,26,4,1,2,45,190.05,0
4,0,37,0,2048,54,33,19,3,1,2,30,216.08,0
3,1,42,0,409,61,176,0,2,1,1,25,47.972,1
11,0,39,2,3890,88,64,32,3,1,1,30,415.12,0
1,0,41,1,1888,62,27,1,5,1,2,30,33.117,1
4,0,38,0,2360,39,285,18,3,1,1,30,1235.96,0
2,0,38,0,2555,49,178,25,2,1,1,25,918.18,0
6,0,35,4,7080,122,303,37,3,2,1,30,1500.08,0
1,0,36,0,3875,64,0,12,2,1,1,25,177.255,0
8,0,10,2,5100,51,223,10,3,1,1,30,1098.04,0
0,1,35,1,813,100,35,2,3,1,2,30,169.445,1
16,0,40,2,4080,88,39,30,3,1,1,30,322.72,0
17,0,27,1,1720,39,35,18,2,1,1,25,236.655,0
17,0,35,0,1357,68,26,0,3,1,2,25,15.492,1
2,0,38,0,1550,9,6,10,3,1,1,45,0.0,1
15,0,27,1,1530,38,26,15,2,1,1,25,187.56,0
3,0,38,0,802,100,36,9,4,1,2,45,91.225,1
10,0,44,3,903,20,26,10,5,1,1,55,52.845,0
2,0,45,0,3086,0,12,29,3,1,2,25,0.0,1
31,1,20,0,2014,70,14,2,3,1,2,30,130.853,1
0,1,40,0,583,11,17,8,4,1,2,45,57.35,1
1,0,6,1,1308,11,0,2,3,1,1,30,52.76,1
18,0,43,3,9375,131,159,49,3,1,1,30,1016.24,0
0,0,35,0,12758,152,0,42,3,1,1,30,516.4,0
0,0,33,0,1559,6,37,0,3,1,2,45,185.787,1
0,0,37,0,2170,39,310,20,3,1,1,30,1328.36,0
19,0,19,5,3867,62,46,21,3,1,1,30,341.16,0
5,1,14,2,1487,25,8,8,3,1,1,30,92.48,1
0,1,37,1,5180,18,29,15,3,1,2,25,191.825,1
6,0,37,0,843,13,8,2,3,1,2,30,66.24,1
13,0,17,3,3043,45,7,17,3,1,1,30,151.52,0
0,1,28,0,422,20,0,0,3,1,1,25,0.0,1
0,0,4,0,3905,26,197,3,3,1,1,30,945.24,0
11,0,24,0,1630,37,20,11,2,1,1,25,165.015,0
5,0,40,1,6680,94,197,31,3,1,1,30,1058.96,0
8,0,36,0,1855,44,13,18,3,1,2,30,127.96,0
10,0,33,0,2641,23,7,4,3,1,1,45,0.0,1
4,0,36,1,2955,27,0,13,3,1,1,30,119.28,0
0,0,34,0,3603,77,4,29,2,1,1,25,183.6,0
5,0,28,0,1130,16,28,5,4,1,2,45,98.65,0
17,0,21,1,9193,181,88,46,5,1,1,55,272.61,0
3,0,9,1,1488,19,0,7,3,1,1,30,60.28,1
8,0,38,1,6163,98,9,12,3,1,1,30,286.44,0
5,0,33,0,4515,77,0,24,3,1,1,30,183.68,0
0,0,25,0,1378,39,55,70,4,1,1,45,172.925,0
0,0,45,1,2967,95,1,0,4,1,2,30,0.0,1
4,1,42,0,815,30,65,6,2,1,1,45,38.397,1
0,0,31,0,6290,90,0,17,4,1,1,45,159.5,0
0,0,38,0,470,9,0,13,2,1,2,25,21.555,0
10,0,39,1,4313,72,33,39,1,1,1,15,422.675,0
20,0,37,8,10030,88,0,44,5,1,1,55,151.77,0
0,0,33,0,2610,13,465,1,3,1,1,30,1964.92,0
0,0,19,0,2965,51,0,17,3,1,1,30,120.64,0
4,0,28,0,3405,69,19,28,3,1,1,30,214.96,0
0,1,42,1,730,11,23,0,2,1,1,25,189.436,1
15,0,41,2,4618,78,40,41,1,1,1,15,478.28,0
0,1,5,0,2060,62,14,36,3,1,2,30,112.79,1
21,0,41,2,5213,83,16,37,1,1,1,15,379.28,0
0,1,39,0,0,70,68,30,2,1,2,25,0.0,1
7,0,31,0,1310,24,39,10,4,1,2,45,130.85,0
32,0,43,4,15625,239,72,39,3,1,1,30,922.56,0
0,1,5,0,132,16,46,0,4,1,1,25,0.0,1
0,0,32,0,2535,16,0,12,3,1,1,30,102.04,0
0,1,43,2,2170,12,16,1,3,1,2,25,0.0,1
17,0,40,3,5275,87,33,34,3,1,1,30,346.48,0
0,0,24,0,2515,50,0,23,3,1,1,30,102.6,0
0,1,32,0,811,23,18,0,4,1,2,30,8.666,1
15,0,39,1,2758,66,366,26,3,1,1,30,1576.96,0
6,0,36,1,3145,28,7,16,3,1,1,30,154.92,0
3,0,45,0,3988,100,67,16,3,1,2,25,0.0,1
0,0,35,0,6385,81,188,27,3,1,1,30,1010.64,0
16,0,18,2,6508,147,117,46,2,2,1,25,825.975,0
1,1,45,0,0,27,66,6,3,1,1,25,37.098,1
0,1,27,0,0,59,0,0,3,1,1,30,46.906,1
0,0,31,0,490,6,0,5,2,1,2,25,22.32,0
6,0,16,1,1920,30,25,12,2,1,1,25,200.25,0
15,0,38,1,16195,193,158,30,2,1,1,25,1448.46,0
0,0,19,2,2350,71,10,7,4,1,2,30,23.441,1
17,0,33,0,1085,33,27,13,3,1,2,30,152.72,0
11,0,13,3,3157,45,30,20,3,1,1,30,248.08,0
0,0,37,0,0,0,0,0,2,1,1,25,0.0,1
19,0,46,0,2803,70,30,25,4,1,2,45,146.825,0
6,0,25,0,625,22,0,2,2,1,1,25,29.115,0
0,0,40,0,654,47,0,10,2,1,2,45,12.311,1
8,0,41,2,3145,34,15,17,4,1,1,45,116.975,0
1,0,33,0,1293,29,52,0,2,1,2,30,35.234,1
0,1,33,0,3232,7,42,0,3,1,2,30,66.004,1
6,1,22,0,2558,67,17,6,4,1,1,25,57.934,1
7,0,36,1,2618,62,7,31,2,1,1,25,152.1,0
29,0,42,0,3405,5,35,5,3,1,1,30,66.262,1
0,1,42,1,1647,66,55,23,2,1,2,30,232.564,1
7,0,38,2,11580,160,43,51,4,1,1,45,401.0,0
6,0,42,0,518,10,17,8,3,1,2,30,89.12,1
0,0,30,0,11160,142,0,44,3,1,1,30,452.08,0
12,0,42,2,3165,61,192,29,2,1,1,25,1009.17,0
0,0,7,0,992,12,0,2,2,1,1,25,45.18,1
16,0,36,0,14235,209,26,15,3,1,1,30,681.76,0
0,0,33,0,2610,19,19,18,3,1,1,25,0.0,1
0,0,35,0,4903,78,0,10,2,1,1,25,224.145,0
5,0,45,0,792,81,20,23,4,1,2,25,171.472,1
5,0,24,0,305,6,18,2,4,1,2,45,52.775,0
3,0,32,2,6905,113,266,31,2,2,1,25,1512.81,0
13,0,29,4,2220,52,221,28,3,2,1,30,974.88,0
3,0,3,2,1187,66,62,5,3,1,1,30,5.832,1
0,0,30,0,6365,85,0,16,4,1,1,45,161.25,0
0,1,35,0,0,0,0,0,2,1,2,25,0.0,1
18,0,40,4,9535,133,183,49,3,1,1,30,1118.72,0
0,1,41,0,262,72,66,0,3,1,2,25,12.006,1
0,1,36,2,805,28,204,2,3,1,2,30,0.0,1
0,0,34,0,323,1,2,2,4,1,2,45,13.1,1
7,0,37,0,0,22,7,12,2,1,1,30,0.0,1
1,0,43,0,2257,18,72,2,2,1,2,30,124.489,1
12,1,37,0,2570,60,66,37,4,1,2,45,230.75,1
0,1,43,0,1902,27,15,0,2,1,1,30,0.0,1
10,0,42,1,7993,141,402,50,3,1,1,30,1933.36,0
7,0,13,0,8627,165,66,38,4,1,1,45,384.8,0
6,1,40,2,0,20,66,8,3,1,1,25,260.767,1
0,0,38,3,1415,22,15,8,3,2,1,25,13.365,1
0,0,31,0,2055,27,270,15,3,1,1,30,1163.28,0
0,0,22,2,185,26,14,38,3,1,1,30,108.582,1
14,1,38,0,1913,0,3,7,3,1,1,25,149.462,1
1,0,36,2,1827,91,10,0,3,1,1,45,106.801,1
4,0,37,0,6118,65,87,22,2,1,1,25,669.735,0
17,0,36,2,2432,56,204,14,3,1,2,30,38.612,1
4,0,39,0,4390,85,6,28,3,1,1,30,203.0,0
10,1,18,0,421,89,37,3,3,1,2,25,488.969,1
19,0,27,3,2130,48,47,30,2,1,1,25,309.51,0
1,0,34,0,2475,47,168,21,2,1,1,25,869.49,0
3,0,16,0,2510,9,37,4,3,1,2,45,34.73,1
4,0,36,0,1933,48,1,15,3,1,2,30,83.24,0
0,0,45,2,1278,65,49,0,2,1,2,45,0.0,1
0,0,34,0,3413,76,0,26,2,1,1,25,157.005,0
0,0,25,0,1010,30,186,9,2,2,1,25,883.8,0
6,1,8,2,1613,17,7,4,3,1,1,30,93.2,1
0,1,43,0,0,55,28,1,3,1,1,25,104.21,1
6,0,38,0,3598,56,0,20,1,1,1,15,200.97,0
1,1,41,0,0,24,69,0,3,1,2,45,0.0,1
7,0,38,0,1582,28,11,23,2,1,2,45,267.086,1
0,1,32,1,1958,25,48,0,3,1,1,30,266.289,1
0,1,18,0,0,20,3,11,4,1,2,25,0.0,1
0,0,14,0,3021,31,86,0,4,1,2,45,120.35,1
6,0,34,0,7813,127,383,44,2,1,1,25,2080.8,0
6,0,16,3,2608,42,29,19,3,1,1,30,222.0,0
16,1,42,0,3295,53,24,19,3,1,2,30,229.92,1
1,0,36,0,2246,22,11,1,3,1,2,30,22.534,1
1,0,35,0,1475,43,29,17,3,1,2,30,176.72,0
10,0,25,0,995,29,24,20,2,1,2,25,154.08,0
2,0,37,0,13583,169,25,46,3,1,1,30,650.08,0
0,1,5,0,1146,6,12,21,4,1,1,45,0.0,1
6,1,27,1,1505,37,202,14,2,2,1,25,978.39,1
12,0,40,1,2298,57,13,19,3,1,1,30,146.2,0
16,0,45,0,2543,66,23,20,4,1,2,45,122.725,0
0,1,40,0,1857,69,34,21,2,1,2,30,241.928,1
31,1,39,4,15850,236,62,32,3,1,1,30,891.44,0
4,0,26,0,1568,39,30,68,4,1,1,45,115.175,0
3,0,35,0,4123,87,3,26,2,1,1,25,202.95,0
2,1,25,2,0,24,0,1,3,1,1,25,0.0,1
14,0,43,1,14258,183,18,51,3,1,1,30,649.64,0
6,0,30,1,7090,97,13,23,4,1,1,45,212.175,0
0,0,34,0,4005,62,0,13,2,1,1,25,183.015,0
16,0,17,1,6392,141,85,42,2,2,1,25,676.485,0
21,0,40,3,6183,107,38,28,3,1,1,30,403.6,0
0,0,35,0,815,11,0,9,2,1,2,25,37.17,0
2,0,25,0,4336,74,26,0,3,1,2,45,88.063,1
2,0,45,1,2289,3,78,4,3,1,2,30,92.474,1
15,0,29,2,2583,56,45,70,5,1,1,55,107.085,0
11,1,36,0,2513,47,36,31,3,1,2,30,246.4,1
14,0,28,1,15060,221,0,78,2,1,1,25,687.645,0
0,0,34,0,323,1,2,2,4,1,2,45,13.1,1
0,0,31,0,2382,60,16,1,2,1,2,25,156.506,1
25,0,38,3,15140,225,54,32,3,1,1,30,830.6,0
23,0,33,0,955,47,16,17,2,1,2,25,117.09,1
0,1,27,0,69,68,0,43,2,1,2,25,39.287,1
11,0,40,2,3590,34,499,13,3,1,1,30,2140.96,0
15,0,40,1,4503,72,8,37,1,1,1,15,295.625,0
0,0,34,0,566,23,36,24,4,1,1,30,40.27,1
12,0,40,0,900,79,15,4,5,1,2,25,80.564,1
0,0,32,0,10980,140,0,40,3,1,1,30,444.8,0
1,0,40,0,2997,9,10,4,3,1,1,30,27.269,1
4,0,30,0,143,23,11,7,2,1,2,30,0.0,1
3,1,39,0,111,0,1,6,2,1,2,45,0.0,1
8,0,38,2,2960,49,306,33,3,1,1,30,1344.36,0
0,1,37,0,0,13,1,10,3,1,2,25,0.0,1
0,0,35,0,2219,23,17,0,2,1,2,30,20.086,1
4,0,36,0,1933,48,1,15,3,1,2,30,83.24,0
2,0,43,0,2586,11,70,2,2,1,2,45,206.537,1
7,0,32,0,15485,176,142,29,2,1,1,25,1343.745,0
15,0,17,1,8993,174,78,42,5,1,1,55,254.505,0
1,0,38,0,723,10,8,2,2,1,2,25,68.985,0
0,0,39,0,2483,2,11,2,3,1,2,25,28.907,1
4,1,42,1,335,73,14,10,4,1,2,30,0.0,1
1,1,31,0,2625,32,0,12,2,1,2,25,119.565,1
0,0,40,0,434,28,33,33,2,1,1,30,238.457,1
1,1,3,0,1772,12,9,2,2,1,1,45,0.0,1
3,0,23,0,1235,34,183,7,2,2,1,25,880.605,0
14,1,37,0,3295,47,16,18,3,1,2,30,197.68,1
3,0,25,0,1737,66,7,8,2,1,2,45,33.615,1
21,0,19,2,6697,147,92,44,2,2,1,25,721.98,0
0,1,40,0,961,9,29,19,5,1,2,25,73.212,1
3,1,43,0,3498,60,9,3,2,1,2,30,10.185,1
8,0,37,0,1970,50,45,22,3,1,2,30,260.8,0
12,0,42,1,2453,66,367,25,3,1,1,30,1568.76,0
13,0,46,2,2958,74,24,41,2,1,1,25,244.44,0
6,0,34,3,6965,116,271,33,2,2,1,25,1538.145,0
14,0,38,2,7428,86,116,37,2,1,1,25,860.13,0
0,0,29,0,992,12,5,17,2,1,2,25,48.953,1
7,0,41,0,1130,26,52,14,3,1,2,30,254.24,0
0,0,32,0,0,0,0,0,5,1,1,55,0.0,0
7,0,38,1,4023,88,9,30,3,1,1,30,200.44,0
0,0,37,2,453,10,36,6,5,1,1,55,60.945,0
9,0,24,0,520,17,0,2,2,1,2,25,24.165,0
23,0,36,3,523,10,1,5,2,1,2,30,149.765,1
7,0,33,3,7370,121,272,31,2,2,1,25,1561.095,0
14,0,37,2,3053,70,380,39,3,1,1,30,1644.92,0
1,1,38,3,1665,16,35,2,2,1,1,25,127.646,1
22,1,32,0,0,19,17,11,3,1,2,25,148.055,1
0,0,19,0,1570,28,32,17,2,1,1,25,215.91,0
3,0,34,0,1550,38,6,16,3,1,2,30,87.52,0
6,0,38,0,5918,95,7,12,3,1,1,30,268.52,0
0,1,35,0,1194,22,0,5,2,1,2,25,32.937,1
0,0,12,0,1310,18,11,8,2,1,1,25,109.26,0
11,0,20,3,2600,42,56,31,3,1,1,30,329.68,0
14,0,38,0,5523,94,12,11,2,1,1,25,306.765,1
0,0,36,0,0,0,0,0,2,1,2,25,0.0,0
2,0,36,1,11275,154,36,49,4,1,1,45,375.725,0
3,0,39,0,990,19,0,10,2,1,2,25,45.405,0
0,1,45,0,3171,45,27,35,3,1,2,25,257.268,1
0,0,34,0,0,0,6,0,5,1,1,55,9.0,0
18,0,37,1,6008,98,7,22,2,1,1,25,306.27,1
0,1,36,0,2902,26,15,4,2,1,1,45,17.395,1
19,0,37,2,6528,109,34,24,2,1,1,25,451.665,0
8,1,28,0,1071,15,2,14,2,1,2,45,32.504,1
12,0,11,0,3574,59,11,3,3,1,2,30,0.0,1
1,1,41,0,965,15,5,15,3,1,2,25,0.0,1
2,0,36,0,2215,22,61,17,4,1,2,30,188.303,1
7,1,8,0,434,2,204,11,3,1,1,25,0.0,1
5,1,38,0,933,13,16,6,4,1,2,45,63.65,1
0,0,14,1,1078,57,9,4,3,1,2,30,0.0,1
15,1,36,0,3700,52,17,16,3,1,2,30,218.08,1
2,0,43,0,2922,11,14,8,3,1,1,30,142.536,1
9,0,39,1,3285,27,458,6,3,1,1,30,1964.48,0
11,0,41,0,1038,5,9,9,3,1,1,45,0.0,1
2,0,17,0,560,11,79,0,3,1,1,30,153.763,1
0,0,3,2,1022,19,28,0,4,1,1,25,0.0,1
0,1,44,0,2754,27,40,48,2,1,1,30,202.121,1
7,0,35,0,2338,55,361,25,2,1,1,25,1732.185,0
1,0,45,2,0,10,11,5,3,1,1,25,0.0,1
0,0,36,0,0,0,0,0,3,1,2,25,153.408,1
13,0,18,4,3158,51,38,21,3,2,1,30,280.36,0
1,0,36,1,9,15,8,7,3,1,1,25,0.0,1
0,0,29,0,0,0,0,0,3,1,2,30,0.0,1
1,1,45,0,0,55,33,3,3,1,2,55,0.0,1
1,0,37,0,1097,6,83,1,2,1,2,30,60.499,1
6,0,37,1,1725,47,43,22,3,1,1,30,242.88,0
3,0,38,1,688,10,14,6,4,1,1,45,52.45,1
0,0,40,0,0,0,1,0,2,1,2,25,4.5,1
21,0,23,2,6653,151,100,48,2,2,1,25,756.18,0
0,0,41,0,3827,25,18,3,2,1,1,45,361.539,1
9,0,38,0,1038,18,28,19,3,1,2,30,154.24,1
0,0,12,0,1050,20,10,0,2,1,1,30,135.511,1
0,0,42,0,989,100,29,29,3,1,2,25,290.881,1
16,0,35,8,10245,93,26,44,5,2,1,55,194.07,0
12,0,11,1,8978,167,65,36,4,1,1,45,391.125,0
22,0,36,2,15080,222,49,30,3,1,1,30,808.08,0
9,0,38,0,1533,23,37,21,4,1,2,45,131.4,1
0,0,39,0,474,11,0,37,4,1,1,45,334.952,1
0,0,35,0,0,0,0,0,2,1,2,25,0.0,1
0,0,17,2,0,63,70,0,3,1,1,25,28.24,1
1,0,45,0,1920,0,3,6,3,1,1,45,130.766,1
11,1,36,1,5573,95,24,24,2,1,1,25,363.06,1
0,1,24,0,765,7,16,1,4,1,2,45,59.3,1
7,0,41,2,823,18,22,9,5,1,1,55,45.615,0
8,1,41,1,775,100,12,6,3,1,1,55,146.211,1
6,0,43,0,3792,15,13,2,3,1,2,30,0.0,1
0,0,39,1,837,43,63,0,3,1,1,25,81.568,1
0,0,35,0,1170,18,14,24,2,1,2,25,116.46,0
17,0,36,6,9835,83,0,27,4,1,1,45,247.95,0
0,0,38,0,2675,12,57,42,2,1,2,25,0.0,1
10,0,37,2,4640,81,7,22,3,1,1,30,216.84,0
17,1,39,2,3355,50,21,20,3,1,1,30,220.2,1
0,0,22,0,837,13,62,0,3,1,1,25,193.42,1
5,0,38,0,2043,40,37,33,3,1,2,30,231.32,1
6,0,41,0,1933,54,9,16,3,1,2,30,115.48,0
10,0,22,2,2060,35,40,18,3,1,1,30,243.8,0
0,1,35,2,1815,26,13,3,3,1,2,25,48.553,1
0,0,33,0,1908,44,0,26,1,1,1,15,107.36,0
0,0,15,1,0,69,7,41,2,1,1,30,214.465,1
12,0,36,1,4595,75,7,15,3,1,1,30,214.8,0
1,0,31,0,4065,59,0,14,2,1,1,25,185.58,0
1,0,41,0,80,2,10,4,2,1,2,25,48.69,1
2,0,10,1,2468,37,14,13,3,1,1,30,156.2,0
15,0,39,1,5998,106,37,29,2,1,1,25,441.18,0
8,0,24,2,2080,34,45,20,3,1,1,30,264.56,0
0,0,31,0,6670,92,16,23,4,1,1,45,209.05,0
11,0,29,2,1810,43,209,16,3,2,1,30,910.12,0
0,0,21,0,2860,52,0,19,3,1,1,30,116.48,0
13,0,41,0,209,20,26,48,3,1,2,45,94.667,1
0,0,33,0,1360,15,3,10,4,1,1,45,5.696,1
8,0,36,0,3715,79,27,26,3,1,1,30,259.76,0
3,0,37,0,0,1,15,0,3,1,1,25,66.731,1
0,1,9,1,1793,21,6,8,2,1,2,30,62.542,1
11,1,43,0,2238,60,16,18,3,1,2,30,155.92,0
0,0,45,0,485,12,4,14,4,1,2,25,30.361,1
0,1,36,1,149,27,40,26,4,1,1,30,110.733,1
30,0,33,4,16380,244,7,82,2,2,1,25,779.58,0
7,0,39,2,4630,89,34,29,3,1,1,30,324.76,0
3,0,36,0,1718,8,171,31,5,1,2,30,31.407,1
1,1,41,2,2482,5,15,33,2,1,2,45,65.7,1
0,0,31,0,2066,15,3,7,3,1,2,25,106.005,1
0,0,31,0,6480,91,7,20,4,1,1,45,181.775,0
5,1,9,0,1485,18,70,3,3,1,2,30,0.0,1
0,0,21,0,2446,19,2,37,2,1,2,25,33.994,1
1,0,32,0,2022,68,72,0,4,1,2,25,43.678,1
23,0,38,3,14895,222,52,32,3,1,1,30,812.68,0
27,0,38,3,15330,226,63,35,3,1,1,30,874.24,0
9,0,43,2,4515,89,10,26,3,1,1,30,224.16,0
12,0,31,0,780,27,20,11,3,1,2,30,112.28,0
1,0,33,1,6595,96,5,19,5,1,1,55,107.865,0
9,0,27,0,510,24,1,4,2,1,2,25,28.53,0
0,0,32,0,0,0,0,0,4,1,1,45,0.0,0
0,0,20,0,1010,24,178,8,2,2,1,25,847.53,0
18,0,42,2,4563,75,13,39,1,1,1,15,326.59,0
0,0,33,1,2377,26,4,0,3,1,2,30,0.0,1
0,1,38,0,2007,0,30,7,2,1,2,30,0.0,1
5,0,32,0,1085,20,36,9,4,1,2,45,117.625,0
8,0,37,0,1863,39,16,33,3,1,2,30,140.08,1
6,0,33,0,2930,38,4,14,2,1,2,25,151.56,1
12,0,35,1,6943,79,105,35,2,1,1,25,788.49,0
8,0,36,0,2533,58,22,30,3,1,2,30,191.64,0
5,0,42,2,598,14,19,8,5,1,1,55,37.68,0
0,0,15,0,0,12,39,7,3,2,2,30,112.346,1
13,0,39,2,7023,81,115,39,2,1,1,25,837.18,0
21,0,46,3,4340,98,54,36,3,1,1,30,393.52,0
0,1,40,0,1920,61,35,0,4,1,2,25,0.0,1
0,0,36,1,0,0,0,0,5,1,1,55,0.0,0
13,0,20,1,6087,141,86,41,2,2,1,25,667.26,0
0,1,36,0,1302,15,10,27,4,1,2,55,0.0,1
14,0,36,0,3180,41,7,14,3,1,2,30,156.84,1
3,0,19,3,0,24,180,6,3,1,1,25,0.0,1
0,0,32,0,1975,31,268,12,3,1,1,30,1152.24,0
11,0,39,2,2030,53,50,24,4,1,1,45,177.075,0
6,1,18,1,1470,50,74,4,3,1,2,30,329.833,1
5,1,44,2,101,16,13,17,2,1,2,25,162.011,1
9,0,38,1,3585,81,23,25,3,1,1,30,238.64,0
0,1,34,1,1589,28,204,0,3,2,2,25,47.382,1
0,1,6,1,0,82,6,11,3,1,2,30,47.823,1
5,0,34,1,2405,35,277,14,3,1,1,30,1205.6,0
0,1,5,0,97,27,40,8,3,1,1,25,47.647,1
10,0,38,1,111,13,16,0,3,1,2,30,160.158,1
0,1,45,0,4179,4,69,3,3,1,2,45,0.0,1
13,0,39,2,7023,81,115,39,2,1,1,25,837.18,0
6,0,41,0,786,96,49,0,2,1,1,25,97.322,1
10,0,21,4,2852,51,39,20,3,1,1,30,272.12,0
0,1,45,2,619,99,21,7,3,1,2,30,48.376,1
18,0,46,2,4935,87,27,25,3,1,1,30,308.88,0
0,0,30,0,0,0,0,0,4,1,1,45,0.0,0
8,0,38,0,4370,71,5,17,3,1,1,30,197.64,0
0,0,30,0,0,0,0,0,3,1,2,30,0.0,1
3,1,43,0,674,59,35,12,2,1,2,45,128.245,1
1,1,32,1,100,57,72,5,3,1,2,30,38.734,1
1,0,41,0,2578,67,74,6,3,1,1,30,493.746,1
0,1,8,0,3224,48,56,14,3,1,2,25,30.781,1
10,1,36,1,2181,21,12,3,3,1,2,25,0.0,1
0,0,30,0,0,0,0,0,3,1,1,30,0.0,0
9,0,40,1,2665,45,292,20,3,1,1,30,1276.4,0
6,1,34,0,2153,39,36,32,3,1,2,30,231.68,1
13,0,18,0,6268,143,89,45,1,2,1,15,842.105,0
0,0,16,0,2227,65,23,15,2,1,1,30,0.0,1
1,1,41,0,48,22,7,6,3,1,2,30,157.4,1
0,0,45,0,1952,12,0,3,3,1,2,45,92.979,1
4,0,39,0,3898,90,13,33,2,1,1,25,237.96,0
0,0,38,0,3493,78,5,30,2,1,1,25,183.195,0
13,0,39,2,7023,81,115,39,2,1,1,25,837.18,0
6,1,38,0,2685,41,10,15,3,1,2,30,149.04,1
0,1,8,0,644,17,54,0,3,1,2,30,720.978,1
0,0,40,0,1647,21,14,0,4,1,2,25,81.24,1
3,0,17,1,4840,39,179,5,3,1,1,25,241.079,1
15,0,30,3,2330,53,208,13,3,2,1,30,927.32,0
11,0,41,0,2418,62,19,22,3,1,2,30,175.2,0
0,0,18,0,1673,26,0,18,4,1,2,25,37.164,1
13,0,38,1,3275,60,191,28,2,1,1,25,1009.575,0
31,0,36,3,284,18,204,33,3,1,1,45,35.649,1
4,0,41,0,890,22,24,13,3,1,2,30,132.48,0
0,0,32,0,5533,87,0,6,2,1,1,25,252.9,0
3,1,44,1,3672,20,15,0,3,1,2,30,32.291,1
32,0,45,5,15445,237,69,35,3,2,1,30,903.28,0
3,1,45,2,1119,25,16,0,3,1,1,25,38.502,1
5,0,40,0,1295,26,39,17,3,1,2,30,208.84,0
0,0,34,0,0,27,18,47,4,1,2,30,0.0,1
1,1,44,0,2554,75,10,28,3,1,2,25,74.48,1
16,0,33,0,3443,17,4,3,4,1,1,30,16.742,1
1,0,11,1,3176,53,35,1,3,1,2,45,0.0,1
5,0,25,1,3470,64,10,23,3,1,1,30,181.36,0
0,1,32,2,2079,46,30,0,3,1,2,45,70.583,1
18,1,40,0,3778,0,11,13,5,2,2,25,827.885,1
0,0,25,0,2629,19,0,0,2,1,2,25,146.335,1
0,0,33,0,2085,25,0,9,2,1,2,25,94.95,1
3,0,42,0,0,24,64,0,3,1,2,25,0.0,1
3,0,34,0,2280,37,275,14,3,1,1,30,1192.68,0
0,0,39,0,323,7,10,3,4,1,2,45,33.25,1
3,0,42,0,2348,62,10,37,1,1,1,15,187.55,0
23,1,37,0,910,51,24,21,2,1,2,25,151.245,1
7,0,44,0,305,12,15,3,3,1,2,30,72.68,1
1,1,34,0,2665,11,1,20,3,1,2,30,501.297,1
0,1,45,2,0,14,50,2,3,1,1,30,57.554,1
8,0,42,0,4325,75,13,21,3,1,1,30,228.0,0
0,1,45,0,4636,24,56,0,2,1,1,25,108.892,1
13,0,36,0,2463,58,7,15,3,1,2,30,128.84,0
0,0,43,0,1414,24,56,9,2,1,1,30,0.0,1
7,1,35,0,2265,54,59,35,3,1,2,30,328.76,1
17,0,39,2,3795,70,190,25,2,1,1,25,1028.925,0
18,0,32,0,0,46,7,35,2,1,1,55,31.16,1
2,0,32,0,3985,63,0,11,2,1,1,25,182.16,0
0,1,44,0,367,7,17,0,3,1,2,45,31.189,1
4,1,41,0,1120,31,16,24,4,1,2,25,67.284,1
1,0,41,1,2790,27,484,7,3,1,1,30,2048.68,0
9,0,40,2,3400,33,490,10,3,1,1,30,2097.32,0
30,1,37,4,16335,248,15,86,2,1,1,25,813.735,0
4,0,43,0,12,1,7,10,3,1,2,25,175.788,1
5,0,26,1,1720,41,194,9,2,2,1,25,952.245,0
6,0,36,0,3470,76,25,26,2,1,1,25,272.07,0
4,0,41,0,13468,169,1,43,3,1,1,30,549.48,0
2,0,42,0,498,13,18,9,2,1,2,25,103.995,0
0,0,34,0,1167,21,10,0,3,1,2,30,345.062,1
0,0,22,0,2210,44,0,21,3,1,1,30,90.16,0
0,0,33,0,2130,11,0,14,3,1,1,30,85.64,0
23,0,24,3,6697,153,100,45,2,2,1,25,758.25,0
9,0,39,1,3103,69,10,33,2,1,1,25,187.74,0
3,0,13,0,2516,4,77,0,3,1,2,45,137.097,1
0,0,40,0,7203,127,385,42,3,1,1,30,1833.2,0
9,1,35,0,2990,41,9,16,3,1,2,30,157.24,1
2,0,36,3,6740,112,274,35,2,2,1,25,1541.34,0
1,1,4,0,480,4,122,31,2,1,2,25,0.0,1
0,0,17,0,0,12,43,1,3,1,1,30,48.985,1
12,0,44,1,14033,179,15,50,3,1,1,30,628.48,0
0,1,35,0,295,4,14,13,2,1,2,25,76.455,1
0,1,37,0,1660,23,11,2,3,1,2,25,10.264,1
0,0,31,0,628,1,1,3,4,1,2,45,18.225,1
8,0,12,3,2898,41,23,15,3,1,1,30,209.56,0
12,0,33,2,3790,77,30,31,4,1,1,45,171.675,0
10,1,40,0,5852,18,7,15,3,1,2,45,0.0,1
0,0,28,0,2580,12,0,8,3,1,1,30,103.68,0
0,0,13,0,0,10,5,20,2,1,1,30,987.255,1
7,0,35,1,7733,131,381,41,3,1,1,30,1838.56,0
7,1,42,0,2537,0,0,10,2,1,2,30,31.621,1
2,1,16,2,909,7,18,5,3,1,1,25,92.009,1
17,0,38,8,10210,89,4,44,4,2,1,45,267.475,0
0,0,36,0,0,0,1,0,2,1,2,25,4.5,1
12,0,34,5,9530,77,0,25,4,1,1,45,240.175,0
6,0,41,0,2540,47,296,23,3,1,1,30,1287.48,0
10,0,28,2,2025,47,201,11,3,2,1,30,886.88,0
0,0,35,0,6195,80,179,24,3,1,1,30,967.0,0
4,1,39,0,2434,28,38,1,2,1,1,25,116.681,1
8,0,4,0,2241,6,0,0,3,1,2,30,39.289,1
27,1,45,0,0,0,86,3,2,1,2,30,68.398,1
14,0,38,0,3410,53,48,22,3,1,2,30,330.52,1
7,1,7,0,2425,14,57,17,2,1,2,55,183.222,1
0,1,35,0,486,0,17,0,3,1,2,30,239.423,1
12,0,37,0,2363,52,7,14,3,1,2,30,124.6,0
8,0,10,1,1678,19,7,5,3,1,1,30,95.88,1
0,0,38,0,2938,19,47,0,4,1,2,25,13.599,1
0,0,40,0,2380,31,60,2,4,1,2,30,70.046,1
13,0,39,1,14483,180,8,44,3,1,1,30,618.52,0
0,0,38,0,520,13,4,5,3,1,2,30,37.32,0
1,1,45,0,1946,58,21,27,3,1,2,30,0.0,1
0,1,44,0,1028,20,37,21,2,1,2,30,0.0,1
12,0,38,2,2046,20,32,0,2,1,2,30,88.961,1
0,0,41,0,709,59,86,9,3,1,1,55,192.219,1
2,0,35,0,0,28,5,21,2,1,2,25,74.093,1
11,0,11,0,6133,131,70,36,1,2,1,15,729.52,0
0,1,28,0,3895,100,40,12,4,1,2,30,76.361,1
7,1,38,2,553,44,7,5,4,1,1,45,17.833,1
5,0,38,0,305,6,7,2,4,1,2,45,25.275,1
6,0,36,1,7633,125,380,40,3,1,1,30,1830.32,0
0,0,38,1,0,0,7,0,5,1,1,55,10.5,0
8,0,43,1,5918,101,15,13,3,1,1,30,300.76,0
0,0,37,0,0,0,0,0,2,1,2,25,0.0,0
0,0,30,0,1828,42,0,25,1,1,1,15,102.85,0
6,0,16,0,1788,23,57,38,3,1,1,25,82.204,1
2,0,31,2,7080,101,28,35,4,1,1,45,249.525,0
15,0,31,1,1485,42,34,19,2,1,1,25,221.715,0
6,1,35,1,2171,65,21,18,3,1,2,25,0.0,1
2,0,24,0,3110,55,0,19,3,1,1,30,126.6,0
0,0,3,1,0,25,7,12,3,1,1,30,281.154,1
19,0,20,1,9418,185,91,47,5,1,1,55,280.545,0
33,0,35,5,16440,247,12,84,2,2,1,25,804.915,0
8,0,39,0,1833,49,0,19,3,1,2,30,75.28,0
0,0,12,0,1435,16,13,8,2,1,1,25,123.795,0
19,0,44,0,249,26,0,0,2,1,2,30,68.804,1
2,0,38,0,5318,85,0,15,2,1,1,25,243.135,0
6,0,37,1,6473,72,106,37,2,1,1,25,771.525,0
0,0,43,0,3444,28,204,22,2,1,1,25,0.0,1
3,0,45,0,2966,14,86,2,4,1,2,55,138.048,1
10,1,45,0,634,17,10,17,4,1,1,25,166.252,1
0,0,35,0,1223,37,0,15,3,1,2,30,50.4,0
4,0,40,1,1919,21,18,0,4,1,2,25,867.505,1
0,1,39,0,1823,72,29,5,2,2,1,30,160.755,1
0,0,36,0,3528,81,0,25,2,1,1,25,162.405,0
0,0,35,0,3528,82,27,30,3,1,1,30,252.4,0
9,0,12,0,5908,127,67,35,1,2,1,15,700.425,0
0,0,37,0,0,0,0,0,2,1,2,25,0.0,1
21,0,17,3,9838,187,101,57,5,1,1,55,301.875,0
1,0,39,0,2448,4,48,22,3,1,2,30,0.0,1
3,0,24,0,0,51,64,0,3,1,2,25,22.362,1
0,0,40,0,1866,31,15,5,2,1,2,25,263.317,1
0,0,29,0,825,0,7,8,2,1,2,30,26.412,1
3,0,33,0,3713,52,0,28,1,1,1,15,207.075,0
17,0,17,1,9238,177,80,42,5,1,1,55,261.225,0
10,0,24,0,1110,26,0,9,2,1,1,25,51.12,0
0,0,7,0,1428,16,0,5,3,1,1,30,57.76,1
6,0,35,1,8620,114,128,38,3,1,1,30,861.36,0
1,0,37,0,3313,77,0,30,3,1,1,30,135.6,0
10,0,37,1,6908,76,117,40,2,1,1,25,840.78,0
0,0,39,0,4396,65,10,29,4,1,2,30,110.829,1
13,0,37,2,9115,121,144,43,3,1,1,30,945.44,0
30,0,33,4,16380,244,7,82,2,2,1,25,779.58,0
13,0,41,1,3955,90,43,33,3,1,1,30,333.8,0
5,0,32,1,260,20,11,9,4,1,2,25,101.188,1
1,0,14,0,0,19,38,14,3,1,2,30,18.27,1
4,0,43,0,905,9,6,25,3,1,2,45,157.786,1
0,0,25,0,858,28,5,68,4,1,1,45,34.65,0
10,0,35,2,7280,104,30,27,5,1,1,55,155.76,0
2,0,35,0,2073,30,1,4,3,1,1,30,88.12,0
0,1,33,0,0,58,204,26,3,1,1,25,0.0,1
6,0,9,3,4990,50,236,25,3,1,1,30,1145.6,0
0,0,11,0,2442,100,35,5,4,1,2,25,13.518,1
14,0,35,3,1880,52,215,19,3,2,1,30,937.28,0
1,0,34,0,2840,22,0,14,3,1,1,30,114.48,0
11,0,31,0,655,29,18,11,2,1,2,25,111.78,0
18,0,32,0,765,47,41,19,3,1,2,30,196.48,1
0,0,35,0,2435,17,0,16,3,1,1,30,98.08,0
5,0,36,1,2545,18,7,6,3,1,1,30,130.52,0
0,1,32,0,681,28,18,10,3,1,2,30,0.0,1
10,0,47,0,883,21,29,12,3,1,2,30,152.16,0
0,0,27,0,940,16,53,7,4,1,2,45,156.4,0
0,0,33,0,7143,118,372,39,2,1,1,25,2000.745,0
6,0,36,0,2780,53,175,23,2,1,1,25,914.985,0
11,0,36,1,4740,87,7,23,3,1,1,30,221.08,0
4,0,39,1,0,22,0,1,2,1,2,25,181.939,1
13,0,32,6,10070,84,0,38,4,1,1,45,253.85,0
14,0,44,3,11770,166,26,50,4,1,1,45,363.4,0
5,0,17,2,2728,47,35,22,3,1,1,30,251.0,0
0,0,44,0,2058,16,13,0,4,1,2,30,0.684,1
0,0,43,1,1167,23,0,48,3,1,2,30,0.0,1
4,0,3,2,2795,28,1,40,3,1,2,30,0.0,1
9,0,38,0,4030,24,41,24,3,1,2,55,269.444,1
8,0,42,2,4103,90,19,34,3,1,1,30,243.72,0
9,0,43,1,13773,175,8,45,3,1,1,30,589.92,0
1,0,33,0,2393,52,0,32,1,1,1,15,134.475,0
2,0,37,0,190,1,9,3,2,1,2,25,49.095,1
0,1,44,0,890,17,3,8,3,1,2,30,348.275,1
14,0,38,2,4798,76,22,50,1,1,1,15,389.07,0
7,0,38,0,628,9,16,7,3,1,2,30,89.48,1
0,1,45,0,6123,40,17,3,4,1,1,30,0.0,1
1,0,35,1,2955,28,32,18,3,1,1,30,247.32,0
13,0,36,1,2578,58,355,21,3,1,1,30,1525.44,0
0,0,33,0,844,81,11,0,5,1,2,25,100.169,1
9,0,43,2,4023,94,17,31,3,1,1,30,232.68,0
30,0,32,3,16265,238,7,78,2,1,1,25,774.135,0
0,0,23,0,2920,55,1,21,3,1,1,30,123.0,0
20,0,38,2,6313,105,42,29,2,1,1,25,477.81,0
7,0,23,0,1873,39,29,69,4,1,1,45,120.3,0
0,0,36,0,2790,21,476,6,3,1,1,30,2016.44,0
0,0,30,0,1283,17,0,5,3,1,1,30,52.0,0
0,1,38,0,0,23,8,9,2,1,1,45,259.104,1
0,0,39,0,128,4,0,1,2,1,2,25,5.94,0
2,0,31,0,1585,42,28,16,3,1,2,30,177.08,0
0,1,36,0,1234,20,14,0,2,1,2,25,0.0,1
8,0,39,1,7813,133,391,45,3,1,1,30,1881.84,0
3,0,42,1,2341,64,12,0,4,2,2,45,0.0,1
5,0,33,0,13773,163,0,43,3,1,1,30,557.44,0
3,0,38,2,453,9,2,1,5,1,1,55,9.93,0
4,1,39,2,0,10,33,0,2,1,1,30,108.874,1
0,0,15,0,883,28,43,22,2,1,1,55,0.0,1
0,1,17,0,0,22,14,0,3,1,2,45,0.0,1
6,1,11,2,1548,22,5,9,3,1,1,30,82.8,1
13,1,34,0,2493,48,31,29,3,1,2,30,225.64,1
1,0,38,0,2679,2,29,0,3,1,2,45,0.0,1
7,0,38,0,3175,72,11,13,3,1,1,30,173.88,0
4,0,34,3,6720,113,269,33,2,2,1,25,1517.985,0
15,0,42,2,7203,89,126,44,2,1,1,25,895.14,0
8,0,26,2,2168,49,51,83,4,1,1,45,182.925,0
0,0,20,0,0,11,33,9,4,1,2,30,125.964,1
0,0,32,0,0,24,36,0,2,1,1,25,102.336,1
2,0,32,0,15000,168,132,23,2,1,1,25,1276.56,0
0,0,36,0,133,2,0,2,3,1,2,30,5.4,1
18,0,35,0,1295,26,13,14,3,1,2,30,42.418,1
18,0,29,2,15580,231,0,75,2,1,1,25,711.495,0
19,1,44,0,0,23,46,0,4,2,2,45,87.683,1
14,0,35,1,4080,82,31,29,3,1,1,30,290.48,0
5,0,34,0,305,6,7,2,3,1,2,30,40.44,1
0,0,35,0,4574,23,4,0,2,1,1,55,40.255,1
0,0,36,0,1455,23,257,1,3,1,1,30,1087.12,0
1,1,43,0,398,7,17,8,3,1,2,30,84.2,1
3,1,35,0,0,27,26,0,3,1,1,25,280.198,1
0,0,28,0,2920,61,9,22,3,1,1,30,155.24,0
28,0,28,3,16380,238,0,81,2,1,1,25,747.81,0
5,0,35,0,2390,31,0,1,3,1,2,30,96.84,1
0,0,35,1,496,21,22,15,2,1,1,25,17.948,1
0,0,34,0,5553,86,0,8,2,1,1,25,253.755,0
10,0,35,1,4820,83,1,26,3,1,1,30,200.12,0
0,1,36,1,0,7,17,3,3,1,1,25,64.285,1
8,0,34,0,8695,109,105,37,3,1,1,30,772.16,0
3,0,23,0,1130,10,20,4,4,1,2,45,78.5,0
2,0,38,1,2850,24,481,8,3,1,1,30,2038.96,0
1,1,40,0,409,29,3,18,2,1,1,25,148.487,1
1,0,32,0,7508,121,376,42,2,1,1,25,2035.305,0
8,0,43,1,7768,137,399,49,3,1,1,30,1912.2,0
11,0,41,2,7873,136,396,47,3,1,1,30,1904.36,0
9,0,41,2,2780,51,324,24,4,1,1,45,880.775,0
0,0,41,0,93,1,10,6,2,1,2,25,49.23,0
8,0,41,1,2780,59,183,24,2,1,1,25,951.255,0
12,0,45,0,2287,55,7,0,2,1,2,30,96.243,1
5,0,40,0,2098,54,7,20,2,1,1,25,128.34,0
3,0,34,0,3015,25,473,4,3,1,1,30,2013.6,0
1,1,45,1,899,95,14,3,3,2,2,30,76.006,1
0,0,39,0,0,0,1,0,3,1,2,30,4.0,1
2,1,45,0,2440,24,11,0,4,1,2,25,157.725,1
5,0,42,2,6500,92,194,27,3,1,1,30,1039.68,0
0,0,35,0,3280,100,3,16,3,1,1,25,134.348,1
11,0,37,0,4603,71,2,33,1,1,1,15,268.07,0
19,0,36,8,10245,92,0,39,5,2,1,55,155.055,0
0,1,20,1,1490,15,6,9,3,1,1,45,32.411,1
3,0,38,0,566,22,10,12,4,1,1,25,58.517,1
0,1,36,0,749,24,3,34,2,1,1,25,259.104,1
10,0,42,0,1970,56,53,23,4,1,2,45,183.15,0
13,1,35,0,5703,92,0,20,2,1,1,25,260.775,1
1,0,26,0,2820,56,0,25,3,1,1,30,115.04,0
0,1,39,0,3172,75,5,1,2,1,1,45,78.909,1
5,0,5,1,4435,36,207,6,3,1,1,30,1006.84,0
4,0,14,2,4390,46,223,11,3,1,1,30,1069.44,0
5,0,39,0,553,14,39,8,3,1,2,30,178.68,1
18,0,22,2,6392,147,93,43,2,2,1,25,712.755,0
0,1,43,0,1558,40,32,0,2,1,1,30,28.248,1
14,1,39,0,2688,56,73,37,4,1,2,45,251.1,1
9,0,40,0,1205,21,29,13,3,1,2,30,165.04,0
11,0,16,0,8527,166,55,42,5,1,1,55,212.895,0
0,1,34,0,5362,3,15,3,2,1,2,30,67.068,1
18,0,18,0,1495,21,19,0,2,1,1,25,0.0,1
0,0,34,0,513,2,11,5,4,1,2,45,40.375,1
3,0,39,1,11240,150,14,49,3,1,1,30,511.6,0
6,0,37,1,6528,74,99,34,2,1,1,25,742.59,0
6,1,40,0,1315,37,62,36,3,1,2,45,142.917,1
0,0,33,0,1004,16,30,0,3,1,1,25,68.66,1
13,0,40,3,7138,87,147,43,3,1,1,30,877.0,0
10,0,38,2,7270,111,32,29,5,1,1,55,158.715,0
15,0,41,3,11830,163,23,51,4,1,1,45,357.325,0
9,1,31,0,3776,7,8,14,4,1,2,25,216.992,1
0,1,37,1,3381,100,13,6,3,1,1,25,224.376,1
10,0,39,1,8003,134,400,48,3,1,1,30,1925.48,0
0,0,5,0,1728,25,61,1,2,1,2,25,17.446,1
0,1,34,0,1057,74,12,10,3,1,2,30,76.088,1
0,1,41,1,4493,19,72,9,3,1,2,30,74.398,1
12,1,37,0,2081,76,3,7,2,1,1,45,49.432,1
5,0,38,1,4270,80,0,25,3,1,1,30,174.0,0
6,0,11,2,2852,39,23,18,3,1,1,30,207.64,0
9,0,38,0,939,76,34,0,3,1,1,25,0.0,1
13,1,39,0,1976,100,15,0,3,1,1,30,0.0,1
0,0,37,1,6123,22,14,33,3,1,1,30,180.883,1
0,0,7,0,4085,34,208,8,3,1,1,30,996.76,0
4,1,38,0,2825,26,21,42,3,1,1,30,0.0,1
0,0,11,0,4342,100,46,8,4,1,1,30,0.0,1
3,0,30,1,368,18,14,1,3,1,1,25,219.209,1
0,0,38,0,6375,88,190,29,3,1,1,30,1018.52,0
14,0,23,1,1450,36,16,11,2,1,1,25,138.87,0
0,0,11,0,2173,100,204,2,2,1,2,30,384.058,1
10,0,35,1,9000,116,146,44,3,1,1,30,948.64,0
0,0,44,0,0,28,12,6,3,1,1,25,0.0,1
1,0,43,0,560,15,12,23,3,1,1,25,6.482,1
9,0,33,1,15530,178,142,26,2,1,1,25,1345.86,0
6,1,41,0,6123,19,1,7,3,1,2,30,0.0,1
2,0,13,1,4345,44,223,14,3,1,1,30,1067.56,0
0,0,38,1,789,5,58,16,2,2,2,30,0.0,1
2,0,35,0,14990,175,134,25,2,1,1,25,1285.425,0
3,0,32,0,6670,91,0,18,4,1,1,45,169.025,0
0,1,43,0,934,9,19,34,4,1,2,25,0.0,1
10,0,40,2,4083,91,14,32,3,1,1,30,222.96,0
0,0,45,0,1690,75,13,2,3,1,2,45,141.569,1
0,1,34,0,451,16,12,6,2,1,1,30,36.888,1
0,0,3,0,1822,13,5,0,2,1,1,45,0.0,1
9,0,26,0,820,27,1,15,2,1,1,25,42.615,0
0,0,35,0,0,0,0,0,2,1,2,25,0.0,1
0,0,27,1,6660,104,256,30,2,2,1,25,1456.38,0
1,0,34,0,2840,22,0,14,3,1,1,30,114.48,0
10,0,19,0,6123,14,8,3,4,1,1,25,0.0,1
7,0,39,0,3965,66,0,19,3,1,1,30,161.24,0
2,0,33,0,2088,51,347,20,2,1,1,25,1657.755,0
3,0,36,2,3390,31,497,21,3,1,1,30,2124.84,0
2,0,42,0,665,18,21,12,3,1,2,30,111.32,0
0,0,32,2,6470,109,255,28,2,2,1,25,1443.555,0
1,0,37,1,6310,85,177,23,3,1,1,30,963.8,0
0,0,33,0,13288,155,0,37,3,1,1,30,537.72,0
2,0,36,1,2688,62,16,46,1,1,1,15,239.25,0
0,1,13,0,2563,64,12,8,4,1,2,30,0.0,1
0,0,8,0,777,8,0,7,3,1,1,30,31.4,1
2,0,18,0,2056,4,12,8,2,1,2,25,211.589,1
16,0,38,2,5878,101,31,26,2,1,1,25,408.555,0
5,1,27,0,1710,100,0,17,4,1,1,25,55.0,1
9,0,41,0,1223,21,35,21,3,1,2,30,189.76,0
0,0,27,0,1135,10,11,13,2,1,1,25,29.838,1
0,0,42,0,2714,25,77,5,3,1,2,25,175.11,1
0,0,34,0,6660,99,18,25,4,1,1,45,213.975,0
5,1,9,1,1733,22,7,7,3,1,1,30,98.2,1
0,1,43,1,901,18,204,0,2,1,2,25,0.0,1
4,0,18,3,2628,41,34,21,3,1,1,30,242.76,0
0,0,37,0,3593,84,6,31,2,1,1,25,192.465,0
1,0,5,0,4310,38,205,6,3,1,1,30,993.92,0
0,1,34,0,0,0,0,0,2,1,2,25,0.0,1
10,0,40,1,2888,65,18,38,2,1,1,25,213.885,0
0,1,31,0,0,3,17,0,3,1,2,25,0.0,1
8,0,40,3,6920,98,225,32,4,1,1,45,737.95,0
21,0,33,0,765,46,7,14,2,1,2,25,67.995,1
1,0,44,2,982,50,15,14,3,1,2,25,0.0,1
0,1,15,0,784,12,16,9,3,1,2,25,68.261,1
0,0,33,0,0,0,0,0,2,1,2,25,0.0,0
4,0,37,0,1134,27,14,4,3,1,2,30,137.723,1
5,0,25,0,305,6,17,2,4,1,2,45,50.275,0
0,1,45,2,3821,17,12,48,3,1,2,25,40.21,1
0,1,45,1,652,12,27,22,3,1,1,25,43.758,1
0,0,41,0,405,14,14,7,3,1,2,30,72.76,0
24,0,33,8,10740,93,0,43,4,1,1,45,270.825,0
1,0,36,0,10755,143,0,47,3,1,1,30,435.92,0
3,0,20,0,740,18,1,6,2,1,1,25,38.61,0
6,1,31,0,5333,84,8,17,2,1,1,25,279.765,1
0,1,39,0,2137,100,20,6,3,1,2,30,71.735,1
20,0,15,1,6618,145,82,40,2,2,1,25,673.335,0
0,0,3,0,1182,7,0,4,2,1,1,25,53.505,1
0,0,29,0,10900,138,0,39,3,1,1,30,441.52,0
0,1,36,2,5631,13,80,3,2,1,1,30,0.0,1
7,0,34,0,15305,174,139,25,2,1,1,25,1322.055,0
0,0,38,0,1360,44,39,19,3,1,2,30,212.16,0
0,0,29,0,6943,111,362,35,2,1,1,25,1946.43,0
11,0,35,0,4675,71,4,18,2,1,1,25,231.57,0
0,1,37,0,829,11,11,0,4,1,2,30,0.0,1
13,0,35,1,15710,186,147,28,2,1,1,25,1376.82,0
2,0,41,0,628,13,17,5,4,1,2,45,58.525,1
7,1,45,0,351,17,15,6,3,1,2,45,43.467,1
0,1,39,0,2506,5,15,0,3,1,1,30,0.0,1
0,1,44,1,1105,7,2,12,3,1,2,45,0.0,1
0,0,37,0,0,0,0,0,2,1,2,25,0.0,0
5,0,35,1,3843,80,7,25,3,1,1,30,184.92,0
2,0,26,1,3340,67,40,27,3,1,1,30,296.28,0
16,0,29,0,1005,31,17,9,3,1,2,30,109.44,0
0,0,11,0,1870,13,14,6,4,1,2,30,0.0,1
0,0,42,0,2374,28,13,1,2,1,1,25,31.084,1
0,0,37,0,875,14,0,11,2,1,2,25,40.005,1
17,0,36,3,6418,108,47,39,2,1,1,25,505.17,0
3,0,33,1,643,4,3,3,5,1,1,55,14.205,0
3,0,36,1,2655,43,299,31,3,1,1,30,1303.92,0
5,0,37,0,5909,16,53,21,3,1,1,30,177.235,1
5,0,20,1,1810,31,26,13,3,1,1,30,177.64,0
13,0,33,2,9160,117,136,39,3,1,1,30,915.08,0
0,0,10,0,1130,10,6,6,2,1,1,25,78.3,0
3,0,33,1,6785,97,14,22,5,1,1,55,124.23,0
6,0,37,0,1858,25,7,4,3,1,1,30,103.32,0
14,0,40,2,3145,62,187,27,2,1,1,25,985.815,0
0,0,39,0,3774,66,16,0,5,1,1,25,0.0,1
0,1,3,0,1692,23,15,0,2,1,2,30,73.64,1
2,0,31,0,1783,30,16,24,3,1,2,30,136.52,1
1,1,20,2,3480,13,5,5,3,1,1,25,192.969,1
7,0,37,0,13658,163,0,40,3,1,1,30,552.84,0
22,0,39,2,15015,227,58,35,3,1,1,30,841.68,0
6,1,36,0,2178,51,3,15,3,1,2,30,101.16,0
1,0,37,0,818,100,16,0,3,1,2,45,164.998,1
7,1,9,3,2088,29,21,22,3,1,1,30,168.68,1
23,0,39,8,10615,101,12,47,5,1,1,55,178.74,0
6,0,37,0,5803,89,0,8,2,1,1,25,265.14,0
7,0,42,1,3978,92,17,34,3,1,1,30,230.8,0
8,0,39,1,7813,133,391,45,3,1,1,30,1881.84,0
0,0,27,0,2535,10,0,11,3,1,1,30,101.8,0
1,0,32,0,5658,85,0,6,2,1,1,25,258.435,0
0,0,39,2,2386,11,21,3,2,1,1,25,89.054,1
0,0,20,0,3225,55,0,22,3,1,1,30,131.2,0
6,1,41,0,1594,7,6,2,2,1,2,25,195.084,1
15,0,41,3,4110,44,498,10,4,1,1,45,1348.85,0
0,0,33,2,457,19,7,17,3,1,2,45,18.822,1
12,0,38,2,8710,116,126,45,3,1,1,30,857.04,0
7,0,37,1,2378,36,8,6,4,1,1,45,80.35,0
0,0,40,0,0,28,67,0,4,1,1,30,0.0,1
6,0,39,1,4110,78,0,27,3,1,1,30,167.52,0
0,1,28,3,551,30,2,0,4,1,1,30,0.0,1
2,0,44,0,0,26,12,25,3,1,2,25,224.848,1
3,0,37,0,6123,54,8,1,2,1,1,25,68.35,1
0,1,19,0,1773,51,15,22,4,1,2,30,0.0,1
2,0,36,0,3718,82,2,28,2,1,1,25,180.0,0
0,0,31,0,1497,39,61,4,3,1,1,25,0.0,1
0,0,38,1,436,58,30,5,2,1,2,25,108.214,1
1,0,35,1,444,26,12,17,4,1,1,25,10.117,1
0,0,31,1,821,27,0,19,3,1,1,25,359.739,1
0,0,38,2,1035,35,40,26,4,1,2,30,684.205,1
0,0,37,0,1650,28,260,18,3,1,1,30,1107.12,0
0,1,45,1,1357,3,7,0,4,1,2,25,139.859,1
17,0,34,0,786,28,15,2,2,2,1,45,0.0,1
28,0,35,3,15445,225,53,33,3,1,1,30,838.8,0
1,1,45,0,519,11,70,5,4,1,1,25,1.121,1
5,0,31,0,1710,40,30,16,3,1,2,30,190.0,0
8,0,15,2,2738,39,0,15,3,1,1,30,111.08,0
5,0,36,1,305,6,7,2,5,1,1,55,15.165,0
11,0,34,3,1620,48,208,14,3,2,1,30,898.72,0
13,1,6,1,1943,16,33,16,3,1,2,30,43.165,1
16,0,40,2,4080,88,39,30,3,1,1,30,322.72,0
4,0,27,1,1315,36,193,11,2,2,1,25,929.295,0
4,0,25,0,3415,62,17,26,3,1,1,30,207.08,0
4,0,18,0,1885,27,37,17,2,1,1,25,252.54,0
11,1,37,0,2877,74,11,13,2,1,1,30,41.093,1
0,1,32,0,30,11,62,3,2,1,2,30,11.822,1
14,0,45,2,14078,181,15,47,3,1,1,30,630.36,0
0,0,45,3,1275,17,12,0,3,1,1,25,104.769,1
8,0,44,0,1905,41,11,6,3,1,1,30,117.221,1
0,1,3,0,0,52,15,0,4,1,1,55,142.346,1
8,0,35,1,8810,115,137,41,3,1,1,30,905.0,0
20,0,41,2,6303,112,44,31,2,1,1,25,486.675,0
15,0,39,0,2948,65,16,17,3,1,2,30,184.52,0
0,1,28,0,0,0,0,0,4,1,1,45,0.0,1
0,1,41,0,3292,46,13,13,3,1,2,25,0.0,1
8,0,27,3,1915,46,214,26,2,2,1,25,1051.245,0
0,0,33,0,0,0,0,0,4,1,2,45,0.0,1
5,0,42,1,2440,41,295,22,3,1,1,30,1279.24,0
1,0,39,0,1638,3,0,1,2,1,1,30,29.194,1
12,0,37,1,5413,93,8,26,2,1,1,25,283.77,1
10,0,44,2,7813,139,399,46,3,1,1,30,1914.08,0
1,0,36,0,3592,2,6,11,2,1,2,30,0.0,1
9,0,29,2,1620,42,200,13,3,2,1,30,866.48,0
11,0,35,0,3235,44,11,16,3,1,2,30,175.16,1
2,0,31,0,6333,67,91,31,2,1,1,25,697.5,0
11,0,3,0,6123,12,31,1,4,1,2,25,0.0,1
1,1,40,0,4062,6,0,9,3,1,2,25,0.0,1
0,0,38,0,0,0,0,0,2,1,2,25,0.0,1
4,0,38,0,30,10,13,2,2,1,2,30,104.594,1
0,1,45,0,2566,20,9,25,2,1,1,25,212.309,1
5,0,33,0,4023,82,1,29,2,1,1,25,189.225,0
0,0,35,0,0,0,25,0,3,1,2,30,100.0,1
11,0,39,2,3200,65,214,29,3,1,1,30,986.6,0
21,0,36,8,10435,93,1,42,5,1,1,55,159.42,0
4,0,36,0,13658,164,2,45,3,1,1,30,560.88,0
0,1,41,0,502,72,18,4,3,1,2,30,43.317,1
3,0,37,3,6660,116,272,32,2,2,1,25,1528.92,0
1,0,35,0,2590,53,200,25,2,1,1,25,1018.935,0
0,0,18,2,2807,21,0,20,4,1,1,30,76.81,1
1,0,37,1,1783,31,32,10,4,1,1,45,125.35,0
27,0,38,3,15385,228,56,32,3,1,1,30,848.52,0
4,0,36,3,938,14,25,17,5,1,1,55,51.78,0
0,1,6,0,1068,7,0,1,2,1,1,25,48.375,1
0,0,32,0,2100,29,270,12,3,1,1,30,1165.16,0
4,0,43,1,596,23,15,1,2,1,2,45,21.65,1
2,0,39,0,1482,76,17,33,4,1,1,45,106.805,1
0,0,43,0,0,10,6,28,2,1,1,45,226.486,1
0,0,27,0,715,26,172,1,2,2,1,25,807.345,0
16,0,40,0,2733,61,24,22,3,1,2,30,207.76,0
3,0,36,0,5858,92,2,10,2,1,1,25,276.75,0
0,0,38,0,465,11,11,8,2,1,1,25,70.92,0
0,0,30,0,2530,11,461,7,3,1,1,30,1945.64,0
2,0,30,0,312,69,55,7,2,1,2,30,1.476,1
0,1,44,0,838,100,2,28,4,1,2,30,0.0,1
0,0,38,0,648,18,26,2,3,2,2,25,242.112,1
4,0,36,0,2535,50,173,23,2,1,1,25,894.825,0
5,0,36,0,4310,68,0,15,2,1,1,25,197.01,0
18,0,41,3,5530,100,17,27,4,1,1,45,183.25,0
5,1,38,0,2545,29,14,3,2,1,2,30,1.107,1
2,0,41,0,267,75,41,9,3,2,1,30,118.616,1
25,1,33,0,1200,50,18,17,3,1,2,30,122.0,1
8,1,40,2,993,16,21,8,4,1,1,45,77.725,1
9,0,39,0,3793,61,0,37,1,1,1,15,211.97,0
11,0,45,0,1321,24,44,14,3,1,2,25,130.979,1
4,1,35,0,1511,11,10,8,3,1,2,25,70.003,1
7,0,34,0,148,12,52,5,3,1,1,45,102.373,1
0,1,43,0,883,55,78,0,4,1,1,25,194.289,1
5,0,35,0,1015,14,12,9,2,1,2,25,100.305,0
6,0,39,1,6033,101,39,16,3,1,1,30,401.36,0
0,0,37,0,275,4,0,1,2,1,2,25,12.555,0
24,0,44,0,2374,59,9,24,4,1,1,25,0.0,1
0,0,38,0,3327,100,73,2,2,1,2,45,19.655,1
0,0,33,0,1605,41,33,18,3,1,2,30,197.84,0
0,0,39,0,471,65,4,6,3,1,2,30,0.0,1
18,0,39,3,16390,198,178,47,2,1,1,25,1547.46,0
12,0,26,0,1105,30,11,5,2,1,2,25,100.575,0
0,0,44,0,870,23,15,1,3,1,1,30,0.0,1
8,1,34,0,2563,48,48,44,3,1,2,30,296.44,1
6,1,37,0,1338,18,17,4,4,1,2,45,76.4,1
11,0,41,0,1622,26,15,4,3,1,1,30,0.0,1
8,0,40,1,2698,64,9,35,2,1,1,25,164.79,0
0,1,40,0,0,100,3,0,3,1,1,30,7.161,1
10,0,32,2,1953,47,47,74,5,1,1,55,100.5,0
1,1,43,1,3586,54,70,9,3,1,1,25,0.0,1
5,0,32,1,430,24,4,6,3,1,2,25,81.985,1
17,0,46,3,5080,99,24,33,4,1,1,45,189.475,0
13,0,40,1,4675,77,12,19,3,1,1,30,238.08,0
12,0,40,3,3298,74,30,50,2,1,1,25,286.74,0
0,0,32,0,6075,86,0,22,4,1,1,45,154.025,0
0,1,34,0,0,0,0,0,4,1,2,45,0.0,1
9,0,38,0,13963,170,9,47,3,1,1,30,601.32,0
25,0,37,2,15025,219,22,28,3,1,1,30,697.76,0
0,0,30,0,0,0,0,0,2,1,2,25,0.0,1
2,0,28,0,164,100,7,0,3,1,2,25,0.0,1
2,0,29,0,6705,95,4,18,4,1,1,45,180.0,0
0,1,44,0,0,65,34,8,3,1,1,30,0.0,1
0,0,41,0,664,49,16,4,3,2,2,30,419.282,1
0,0,18,0,1310,51,51,2,4,1,2,25,34.716,1
5,0,38,0,933,13,16,6,4,1,2,45,63.65,1
14,0,36,3,7800,114,29,24,5,1,1,55,162.21,0
11,0,28,1,2063,46,46,73,5,1,1,55,100.635,0
8,0,13,0,6028,132,73,38,1,2,1,15,740.3,0
8,0,36,1,11870,159,12,45,3,1,1,30,529.16,0
8,0,40,0,2573,23,73,2,3,1,1,25,97.342,1
3,0,33,1,6785,97,14,22,5,1,1,55,124.23,0
1,0,39,0,305,9,0,10,3,1,2,30,12.56,0
8,1,30,0,5558,88,11,18,2,1,1,25,303.57,1
0,0,42,0,2216,67,17,0,2,1,2,25,42.054,1
0,0,38,0,128,5,32,6,3,1,2,30,133.32,0
3,0,34,0,3030,23,9,17,3,1,1,30,158.12,0
0,0,31,0,0,0,0,0,2,1,2,25,0.0,1
24,0,32,0,1360,52,17,15,2,1,2,25,140.04,1
2,0,36,0,13468,163,0,42,3,1,1,30,545.24,0
12,1,42,0,0,53,5,37,2,1,2,25,112.193,1
17,0,45,2,4503,78,16,38,1,1,1,15,339.955,0
21,0,20,3,6813,153,124,48,2,2,1,25,871.47,0
9,0,37,0,15485,182,150,30,2,1,1,25,1380.015,0
24,1,36,0,2110,45,19,10,3,1,2,25,144.288,1
0,1,33,0,91,19,12,0,2,1,2,30,52.039,1
4,0,39,1,2475,45,317,22,4,1,1,45,855.5,0
26,0,42,4,15220,227,64,36,3,2,1,30,873.88,0
1,0,34,3,394,25,12,35,3,1,2,45,0.0,1
2,0,40,0,180,8,11,5,2,1,2,25,57.96,1
0,0,24,0,1263,33,23,66,4,1,1,45,89.9,0
0,0,40,0,570,14,1,10,2,1,2,25,30.78,0
0,0,11,0,1390,14,13,11,2,1,1,25,121.68,0
5,0,38,1,3833,87,0,27,3,1,1,30,156.8,0
0,0,24,0,520,4,14,1,4,1,2,45,48.1,0
11,0,41,3,6865,95,198,30,3,1,1,30,1070.4,0
14,0,46,3,3660,43,505,16,4,1,1,45,1355.075,0
0,0,40,0,209,100,6,46,3,1,1,30,195.133,1
0,0,36,0,1068,15,0,3,3,1,1,30,43.32,0
0,0,27,0,420,5,3,5,4,1,2,45,18.125,0
0,0,33,0,6353,66,96,33,2,1,1,25,720.855,0
31,0,44,1,1631,30,40,22,5,1,2,45,0.0,1
5,0,39,0,305,6,7,2,2,1,2,25,45.495,1
3,0,30,0,2148,48,344,21,2,1,1,25,1646.82,0
0,0,35,0,0,25,32,9,3,1,2,25,57.511,1
0,1,26,0,0,96,15,33,2,1,2,25,149.209,1
12,1,40,0,2353,59,6,16,3,1,2,30,120.48,0
0,0,43,0,273,9,15,8,2,1,2,25,80.19,0
3,0,37,0,2278,52,0,29,1,1,1,15,128.15,0
8,0,37,0,2859,25,31,10,2,1,2,30,190.543,1
0,0,37,0,213,6,8,5,5,1,1,55,15.285,0
9,0,39,0,1780,30,28,28,2,1,2,25,207.45,0
0,1,37,0,2235,51,6,0,3,1,1,25,137.017,1
8,0,45,0,1989,16,32,1,3,1,2,45,88.488,1
2,0,5,0,1408,17,0,3,3,1,1,30,57.0,1
14,0,39,1,5080,82,30,17,3,1,1,30,326.48,0
13,1,36,1,5818,98,26,24,2,1,1,25,383.22,1
17,0,39,4,7623,91,136,54,2,2,1,25,959.13,0
0,0,33,0,0,0,0,0,2,1,2,25,0.0,1
3,1,29,0,2605,33,0,10,2,1,2,25,118.71,1
10,1,42,0,0,20,55,9,4,1,2,30,0.0,1
5,1,41,0,1558,10,14,23,2,1,1,30,0.0,1
0,0,43,0,276,26,47,1,2,1,2,30,118.324,1
8,0,41,1,2153,39,18,13,4,1,1,45,99.8,0
0,0,38,0,2495,17,462,7,3,1,1,30,1948.48,0
1,0,45,0,0,100,13,29,2,1,1,25,0.0,1
4,1,33,0,2685,35,2,14,2,1,2,25,131.4,1
1,0,37,0,7263,124,382,43,2,1,1,25,2051.415,0
0,0,37,0,685,13,0,8,2,1,2,25,31.41,0
0,0,35,0,6440,83,181,24,3,1,1,30,984.92,0
0,0,33,0,0,17,70,2,3,1,2,30,0.0,1
8,0,40,0,4220,79,7,12,3,1,1,30,199.96,0
0,1,34,0,1363,28,6,14,3,1,2,30,79.64,1
0,1,39,0,1799,22,45,5,3,1,1,25,432.763,1
0,0,37,0,0,100,40,24,3,1,1,25,70.488,1
11,0,37,1,15730,185,152,30,2,1,1,25,1400.175,0
0,0,19,0,750,20,171,3,2,2,1,25,804.15,0
15,0,36,6,7870,132,299,50,3,2,1,30,1516.08,0
0,1,27,0,2425,25,0,8,2,1,2,25,110.25,1
0,0,32,0,2835,17,468,2,3,1,1,30,1986.08,0
8,0,34,2,2682,100,35,17,2,1,2,25,352.698,1
0,0,33,1,0,27,5,4,2,1,2,30,987.255,1
10,0,36,2,4070,86,46,41,3,1,1,30,350.24,0
11,0,42,2,3405,38,22,22,4,1,1,45,141.075,0
14,0,32,0,250,74,31,4,2,1,2,30,55.035,1
8,0,33,0,15405,180,140,26,2,1,1,25,1331.325,0
0,1,45,0,2750,8,6,27,3,1,1,55,244.373,1
0,0,39,0,2460,18,39,1,2,1,1,30,91.943,1
0,1,45,0,189,16,12,11,3,1,2,30,0.0,1
2,1,32,0,2,20,69,5,3,1,1,45,0.0,1
1,0,24,1,2199,98,51,0,4,1,2,25,74.647,1
3,0,19,0,1944,100,4,6,2,1,2,45,119.602,1
4,0,45,0,2156,10,16,6,3,1,1,45,31.807,1
12,0,44,2,4283,98,24,36,3,1,1,30,271.24,0
0,0,43,0,0,5,33,0,3,1,1,25,170.629,1
9,0,37,0,4775,76,23,15,2,1,1,25,321.795,0
0,1,37,0,0,10,16,0,3,1,2,25,12.941,1
0,0,31,0,0,0,0,0,3,1,2,30,0.0,1
7,0,6,0,2829,25,14,2,3,1,2,45,0.0,1
0,0,36,0,3040,0,83,12,3,1,1,30,355.653,1
1,0,43,0,1140,23,5,20,2,1,2,25,22.039,1
4,0,35,0,2078,44,59,33,3,1,2,30,320.88,1
1,0,35,1,743,9,5,1,5,1,1,55,18.78,0
2,0,22,0,1315,30,185,10,2,2,1,25,893.025,0
13,0,40,1,4258,69,6,37,1,1,1,15,270.985,0
0,0,25,0,3035,60,0,20,3,1,1,30,123.8,0
19,1,43,0,3555,57,31,24,3,1,2,30,268.48,1
0,1,38,0,0,23,22,0,2,1,1,30,35.525,1
2,0,31,0,11205,144,0,41,3,1,1,30,453.96,0
0,0,34,0,2285,46,159,18,2,1,1,25,820.395,0
13,1,25,0,390,31,0,9,2,1,2,25,18.945,1
26,1,32,0,1080,45,12,14,3,1,2,30,93.0,1
3,0,18,0,18,24,48,0,3,1,1,45,174.736,1
4,0,36,1,6905,91,187,24,3,1,1,30,1027.84,0
3,0,10,2,2593,35,16,13,3,1,1,30,169.12,0
17,0,27,0,570,39,0,11,2,1,2,25,27.405,1
27,0,31,3,16320,241,7,80,2,1,1,25,776.745,0
6,0,42,3,723,12,21,8,5,1,1,55,42.525,0
0,1,41,0,300,23,1,6,2,1,2,30,0.0,1
11,0,37,2,8870,118,142,43,3,1,1,30,927.52,0
10,0,43,1,2878,72,20,40,2,1,1,25,222.75,0
7,0,36,0,2078,43,25,28,3,1,2,30,184.84,1
13,0,41,2,4790,83,44,23,3,1,1,30,370.92,0
12,0,38,2,4970,81,26,32,3,1,1,30,306.04,0
7,0,34,0,6123,20,41,0,2,1,2,25,171.587,1
12,0,39,2,11770,160,18,49,4,1,1,45,343.25,0
0,0,16,0,2276,29,16,3,2,1,1,30,21.655,1
0,1,35,0,922,16,9,11,3,1,2,45,81.562,1
6,0,35,0,2665,47,143,19,2,1,1,25,765.54,0
5,1,7,0,2627,30,10,0,2,1,2,25,64.598,1
0,0,35,0,2065,28,10,45,3,1,2,25,0.0,1
0,0,37,0,1992,22,13,12,3,1,1,30,57.647,1
5,0,39,0,305,6,7,2,2,1,2,25,45.495,1
1,1,40,2,2125,25,51,16,3,1,2,45,0.0,1
29,0,29,3,16300,242,7,78,2,1,1,25,775.89,0
0,0,32,0,2470,26,10,2,3,1,1,25,987.255,1
11,1,33,1,5638,90,15,19,2,1,1,25,325.26,1
0,0,33,0,1253,27,2,29,3,1,2,30,59.2,1
3,0,21,0,2811,58,53,10,4,2,2,30,642.305,1
0,1,41,0,2445,21,14,7,3,1,2,30,177.46,1
0,0,35,0,1436,2,81,10,4,1,2,25,0.0,1
2,0,41,0,1348,3,2,27,3,1,1,25,76.689,1
5,0,22,0,805,20,0,7,1,1,1,15,45.375,0
7,0,44,0,1640,18,48,20,2,1,2,30,77.926,1
0,1,43,0,0,100,8,3,2,1,2,25,2.519,1
21,0,45,1,5780,23,33,1,3,1,1,25,131.548,1
17,0,37,4,9715,131,165,58,3,2,1,30,1053.84,0
6,0,33,0,846,73,32,0,3,1,1,25,54.76,1
0,1,45,2,2404,19,17,4,2,1,2,30,0.0,1
1,0,32,0,1903,35,22,27,3,1,2,30,165.52,1
0,0,29,2,504,100,8,0,3,1,1,30,2.217,1
0,0,21,0,1390,26,29,13,2,1,1,25,194.22,0
6,0,38,0,1585,25,8,11,2,1,2,25,108.45,0
8,0,36,1,3335,29,16,19,3,1,1,30,198.56,0
6,0,31,1,1568,45,38,69,5,1,1,55,81.195,0
5,0,9,1,1677,20,9,10,3,1,1,30,103.88,1
0,1,33,2,8,40,6,3,2,1,1,30,0.0,1
0,0,14,1,6123,28,15,6,4,1,2,25,184.819,1
0,1,43,1,2891,24,44,0,2,1,1,30,56.489,1
0,0,29,0,2864,50,36,4,4,1,2,30,0.0,1
0,1,38,0,896,13,0,4,3,1,2,30,77.202,1
0,0,32,0,0,0,0,0,2,1,2,25,0.0,1
13,0,14,0,9337,176,74,38,4,1,1,45,422.825,0
0,0,35,0,0,0,2,0,2,1,2,25,9.0,1
11,0,42,1,4278,68,11,39,1,1,1,15,299.53,0
18,0,24,5,3418,61,53,27,4,2,1,45,219.475,0
0,0,33,0,1765,36,143,21,2,1,1,25,724.545,0
12,0,37,1,3050,44,14,18,3,1,1,30,179.76,1
1,0,33,3,6775,116,296,35,2,2,1,25,1642.095,0
4,0,8,1,1892,24,1,5,3,1,1,30,80.64,1
24,0,29,4,16370,242,14,93,2,1,1,25,810.54,0
2,0,45,0,1114,25,21,26,3,1,2,30,199.21,1
11,0,39,2,6778,78,113,39,2,1,1,25,817.02,0
21,0,45,0,1195,28,15,8,2,1,2,30,306.419,1
10,1,43,0,2198,21,65,10,2,1,1,25,55.746,1
0,0,3,0,3203,24,14,14,3,1,2,30,23.513,1
8,0,31,2,3610,69,25,29,3,1,1,30,247.16,0
15,0,12,0,9237,171,72,41,4,1,1,45,415.2,0
2,1,6,0,750,67,52,18,4,1,2,45,0.0,1
0,0,37,0,248,8,32,6,3,1,2,30,138.24,1
0,0,32,0,263,1,0,1,3,1,2,30,10.56,1
7,0,37,1,1596,100,60,6,3,1,2,25,109.812,1
3,1,7,0,2519,71,41,3,3,1,2,25,58.334,1
0,0,35,0,2070,42,150,23,2,1,1,25,770.04,0
3,0,14,3,2884,22,38,0,4,1,2,25,31.296,1
0,0,34,0,0,0,0,0,2,1,2,25,0.0,0
0,0,45,0,0,19,15,2,2,1,1,25,0.0,1
0,0,29,0,2475,41,160,20,2,1,1,25,833.22,0
5,0,27,1,3285,64,13,25,3,1,1,30,185.96,0
9,0,33,4,7090,114,267,30,3,2,1,30,1356.16,0
0,1,40,1,0,100,2,6,4,1,2,45,132.077,1
7,0,31,1,7010,101,11,20,5,1,1,55,123.165,0
25,0,31,3,16075,238,0,80,2,1,1,25,734.085,0
4,0,39,0,301,100,14,34,3,1,2,55,0.0,1
25,0,35,3,16030,242,8,84,2,1,1,25,768.24,0
16,0,29,0,15170,222,0,63,2,1,1,25,692.64,0
0,1,45,0,571,17,60,8,3,1,2,30,67.112,1
0,0,33,1,2822,12,17,0,2,1,2,45,66.235,1
0,0,20,0,2740,47,0,16,3,1,1,30,111.48,0
11,0,16,1,6203,141,110,44,2,2,1,25,780.48,0
0,0,34,0,0,0,0,0,3,1,2,30,0.0,1
0,1,42,0,0,17,69,38,3,1,2,45,39.549,1
4,1,32,0,884,31,38,17,3,1,1,30,99.841,1
3,0,41,0,7463,131,392,47,2,1,1,25,2105.73,0
5,1,35,1,1778,23,8,8,3,1,2,45,236.771,1
0,0,23,0,2920,55,1,21,3,1,1,30,123.0,0
0,0,17,1,145,26,3,12,3,2,1,30,0.0,1
10,0,34,1,4243,62,7,31,2,1,1,25,225.225,0
1,0,22,1,2032,31,20,26,4,1,1,30,213.696,1
2,1,38,1,1749,29,6,3,2,1,1,25,16.545,1
0,0,37,0,1209,13,30,9,3,1,2,30,57.662,1
2,0,37,1,3833,88,34,32,3,1,1,30,292.84,0
0,0,37,0,1624,32,7,2,3,1,2,45,171.95,1
0,0,33,0,4030,69,0,18,3,1,1,30,163.96,0
1,0,40,1,3309,28,2,7,3,1,1,25,71.981,1
13,0,39,2,5225,94,10,25,3,1,1,30,252.76,0
0,0,36,0,2088,52,0,31,1,1,1,15,117.7,0
0,0,43,0,0,22,9,16,4,1,2,30,2.041,1
5,0,29,0,3325,100,0,8,4,1,1,55,260.794,1
1,0,30,0,416,20,12,3,4,1,2,25,97.115,1
5,0,40,0,1665,50,46,21,4,1,2,45,157.875,0
6,0,27,0,1535,21,29,3,4,1,2,45,111.4,0
6,0,35,0,3355,70,0,22,2,1,1,25,154.125,0
11,0,26,0,585,19,0,3,2,1,2,25,27.18,0
5,0,41,0,623,11,14,6,3,1,2,30,81.36,0
0,0,39,0,998,30,42,24,2,2,2,25,265.222,1
10,1,15,1,1897,21,2,0,3,1,1,30,144.068,1
3,0,24,0,3630,66,9,21,3,1,1,30,183.84,0
0,1,36,0,4381,4,37,2,4,1,2,30,135.574,1
0,0,30,0,224,73,159,1,4,1,1,25,0.0,1
0,0,3,0,1103,11,0,1,2,1,1,25,50.13,1
28,0,40,4,15200,228,59,34,3,1,1,30,853.12,0
0,0,32,2,809,76,21,0,4,1,2,30,0.0,1
5,0,45,0,581,23,56,0,3,1,1,25,259.019,1
9,0,27,0,455,22,8,7,2,1,1,25,57.465,0
0,0,39,0,585,16,17,11,2,1,2,25,103.545,0
0,0,39,0,318,5,7,4,2,1,2,25,46.035,0
0,0,9,0,3193,39,27,7,3,1,1,30,0.0,1
0,0,33,0,0,0,0,0,2,1,2,25,0.0,1
24,0,21,3,6758,150,97,46,2,2,1,25,747.36,0
19,0,31,2,1065,34,22,11,3,1,1,30,131.96,0
22,0,29,0,875,45,6,13,2,1,2,25,68.4,1
9,0,42,0,5462,53,14,1,3,1,2,45,125.761,1
0,1,45,0,3090,21,37,25,4,1,2,30,300.077,1
1,1,30,0,3386,58,30,2,2,1,1,30,256.886,1
0,0,44,1,1678,19,79,3,5,1,1,25,136.14,1
1,1,41,0,1698,10,204,4,5,1,1,55,0.0,1
0,0,38,0,0,76,37,4,2,1,2,25,0.0,1
0,1,41,2,0,20,1,10,3,1,2,45,9.509,1
22,0,31,0,1250,51,30,30,2,1,2,25,193.545,1
1,0,9,1,2547,33,16,16,3,1,1,30,167.2,0
1,0,45,0,228,22,34,2,3,1,1,30,152.251,1
22,0,41,3,14835,225,55,31,3,1,1,30,822.4,0
0,0,25,0,1903,20,165,8,2,2,1,25,829.035,0
18,0,39,8,10130,93,2,41,5,1,1,55,156.345,0
1,1,10,0,29,15,2,6,5,1,2,30,125.353,1
10,0,45,0,1440,30,22,19,3,1,2,30,146.8,0
0,0,35,0,3500,66,0,23,3,1,1,30,142.64,0
0,0,14,1,1698,3,56,10,3,2,2,30,90.257,1
12,0,15,0,8933,171,73,40,4,1,1,45,410.1,0
3,1,43,0,40,55,11,24,4,1,2,30,92.189,1
9,0,28,1,1873,45,37,70,5,1,1,55,84.27,0
0,0,22,0,183,100,12,7,2,1,2,30,67.322,1
16,0,40,2,4080,88,39,30,3,1,1,30,322.72,0
20,0,44,4,9420,133,159,46,3,1,1,30,1018.12,0
18,0,43,0,1756,23,15,2,4,1,1,30,23.435,1
6,1,36,0,2123,49,10,18,3,1,2,30,126.88,0
11,0,38,3,5115,93,23,40,3,1,1,30,300.32,0
3,0,16,0,3450,72,72,4,3,1,1,25,0.0,1
10,0,38,0,1973,40,20,18,3,1,2,30,160.52,1
0,0,25,0,1695,6,6,48,3,1,2,30,6.644,1
9,0,37,1,11710,157,13,47,4,1,1,45,329.175,0
1,0,36,0,1280,19,1,9,2,1,2,25,62.955,0
0,1,30,2,1779,18,61,0,3,1,2,25,0.0,1
9,0,38,1,4760,86,7,25,3,1,1,30,221.84,0
30,0,38,0,1440,61,34,24,3,1,2,30,196.04,1
0,0,35,0,5595,70,158,9,3,1,1,30,858.6,0
1,1,45,0,1303,69,43,7,4,1,2,25,987.255,1
0,0,43,0,659,28,48,0,3,1,2,25,88.72,1
4,0,26,0,1425,20,42,18,4,1,2,45,141.125,0
0,1,41,0,332,19,8,1,3,1,2,25,0.0,1
10,0,36,2,11590,152,7,44,4,1,1,45,311.05,0
0,0,31,0,13468,157,0,41,3,1,1,30,545.0,0
10,0,33,1,2498,56,351,20,3,1,1,30,1506.16,0
2,0,25,0,3225,61,8,23,3,1,1,30,163.44,0
3,0,36,0,7393,121,352,39,2,1,1,25,1922.13,0
5,0,30,1,1648,41,40,72,4,1,1,45,142.225,0
16,0,17,1,6392,141,85,42,2,2,1,25,676.485,0
1,0,30,1,6605,89,3,17,5,1,1,55,104.91,0
0,0,32,0,2010,45,2,4,2,1,2,45,131.336,1
10,0,16,0,5682,130,60,42,1,2,1,15,649.66,0
0,1,37,0,697,21,38,0,3,2,2,30,116.002,1
25,1,36,0,1135,55,27,22,2,1,2,25,175.05,1
21,0,42,2,332,22,57,34,3,1,2,25,23.066,1
21,1,36,0,824,23,204,9,3,2,2,25,44.016,1
0,1,16,0,2545,19,69,5,2,1,2,30,152.04,1
3,0,33,0,438,2,0,3,3,1,2,30,17.6,1
10,1,35,0,2673,49,35,29,3,1,2,30,248.88,1
2,0,36,0,2180,43,154,8,2,1,1,25,793.035,0
3,1,3,0,3707,16,9,0,3,1,2,30,0.0,1
0,0,40,1,293,8,12,6,5,1,1,55,22.515,0
26,1,35,0,1070,52,14,16,3,1,2,30,100.88,1
0,0,32,0,3353,73,0,24,2,1,1,25,154.17,0
0,1,34,0,0,0,0,0,3,1,2,30,0.0,1
0,0,35,0,0,0,0,0,2,1,2,25,0.0,1
1,0,45,0,499,22,49,23,3,1,2,30,92.003,1
0,0,37,0,0,0,0,0,2,1,2,25,0.0,1
16,1,18,0,426,100,6,5,2,1,2,30,0.0,1
14,0,40,2,3835,85,37,30,3,2,1,30,304.8,0
0,0,42,0,2162,19,6,8,3,1,1,45,159.462,1
8,0,35,0,4018,58,0,30,1,1,1,15,224.18,0
0,1,3,0,38,71,3,2,4,1,1,30,90.236,1
1,1,41,1,2917,40,13,36,3,1,1,45,50.616,1
6,0,37,2,1048,15,12,2,5,1,1,55,33.945,0
0,0,36,0,2190,11,455,5,3,1,1,30,1908.04,0
0,0,6,0,472,2,0,5,2,1,1,25,21.33,1
13,0,40,4,4000,43,511,25,4,1,1,45,1378.575,0
11,0,31,0,5818,92,18,23,2,1,1,25,346.95,1
2,0,34,0,8100,104,112,41,3,1,1,30,776.16,0
0,1,45,2,4552,24,40,13,2,1,1,25,161.038,1
7,0,40,2,3210,32,481,7,3,1,1,30,2053.68,0
3,0,29,0,8550,105,122,35,3,1,1,30,834.2,0
1,0,31,0,11080,146,0,41,3,1,1,30,449.04,0
5,0,11,1,4095,36,201,25,3,1,1,30,969.24,0
6,0,37,0,1780,49,36,19,3,1,2,30,217.16,0
0,0,17,2,1772,17,5,2,2,1,2,30,0.0,1
8,0,35,2,7090,103,21,24,5,1,1,55,139.395,0
4,0,43,0,2917,12,23,5,2,1,2,45,59.474,1
9,0,35,1,3595,74,21,23,3,1,1,30,230.76,0
5,0,37,1,3500,32,484,6,3,1,1,30,2077.28,0
0,0,23,0,553,22,0,66,4,1,1,45,14.375,0
2,0,29,0,1963,32,19,28,3,1,2,30,155.8,1
5,0,39,0,15260,178,153,32,2,1,1,25,1383.21,0
6,1,38,1,545,100,67,35,3,1,2,45,0.0,1
0,1,40,0,1476,13,9,28,2,1,2,30,208.888,1
8,0,43,2,683,14,19,8,3,1,1,30,103.88,0
0,1,42,0,470,26,27,0,3,2,1,30,183.614,1
0,0,24,0,520,4,14,1,4,1,2,45,48.1,0
0,1,33,0,0,68,46,1,4,1,1,25,256.711,1
0,0,31,0,2088,46,0,30,1,1,1,15,117.37,0
7,1,42,0,1213,16,59,17,4,1,2,30,34.434,1
0,0,36,0,1423,22,0,6,3,1,1,30,57.8,0
13,0,40,1,5773,102,34,28,2,1,1,25,417.375,0
0,1,45,2,6123,69,12,2,2,1,1,30,32.901,1
8,0,37,1,6718,75,108,37,2,1,1,25,791.685,0
17,0,41,2,15850,191,162,34,2,1,1,25,1450.845,0
5,0,38,1,2638,61,7,33,2,1,1,25,152.955,0
5,0,38,0,2583,59,11,36,1,1,1,15,205.81,0
0,0,24,0,1934,19,43,25,4,1,1,30,160.921,1
0,0,39,0,445,2,31,8,3,1,2,45,417.314,1
16,0,21,1,4510,8,12,2,4,1,1,25,140.049,1
0,0,34,0,0,12,6,23,3,1,2,45,141.277,1
1,0,37,0,13063,158,0,44,3,1,1,30,528.84,0
6,0,19,0,0,16,44,38,3,1,2,45,164.317,1
5,0,38,2,643,10,11,4,5,1,1,55,26.295,0
0,0,34,0,0,79,0,0,2,1,1,45,0.0,1
0,0,34,0,5412,4,14,0,3,1,2,25,27.447,1
4,0,31,1,1270,40,201,15,2,2,1,25,963.45,0
10,0,34,0,5758,95,21,22,2,1,1,25,357.885,1
0,0,10,0,4265,42,219,13,3,1,1,30,1048.28,0
0,0,35,0,6005,79,170,21,3,1,1,30,923.36,0
5,0,37,1,6745,89,188,26,3,1,1,30,1025.36,0
5,0,29,1,1020,32,179,2,3,2,1,30,758.08,0
9,0,13,0,8817,166,75,41,4,1,1,45,412.075,0
5,0,39,0,7213,123,370,30,3,1,1,30,1773.44,0
9,1,45,0,0,10,60,0,4,1,2,25,44.995,1
7,0,38,2,2993,68,23,48,2,1,1,25,241.245,0
10,0,30,3,0,42,22,1,3,2,2,30,88.292,1
4,0,42,0,2315,43,293,22,3,1,1,30,1266.32,0
0,0,8,0,5754,47,11,0,2,1,1,25,473.092,1
3,0,34,0,1846,20,12,16,3,1,2,45,40.247,1
0,0,32,0,2320,15,25,0,3,1,2,30,0.0,1
0,0,37,0,1375,0,1,6,3,1,1,30,0.0,1
22,1,30,0,1715,42,25,9,3,1,2,30,170.28,1
2,0,35,2,6795,90,200,39,3,1,1,30,1075.4,0
8,0,40,1,2698,64,9,35,2,1,1,25,164.79,0
0,0,23,0,0,0,0,0,2,1,1,25,0.0,0
4,0,36,0,4455,80,0,23,3,1,1,30,181.4,0
0,0,35,0,6195,80,179,24,3,1,1,30,967.0,0
0,1,35,3,2567,100,11,7,2,1,2,25,5.262,1
0,0,18,0,2920,49,0,20,3,1,1,30,118.76,0
6,1,42,0,1013,15,26,10,4,1,2,45,90.7,1
1,0,41,1,964,64,18,2,3,1,2,30,0.0,1
2,0,29,0,3180,65,16,27,3,1,1,30,193.8,0
4,0,41,1,7588,129,394,47,3,1,1,30,1884.68,0
0,0,30,0,570,2,0,8,2,1,2,25,25.74,0
11,0,34,2,2712,24,8,0,5,1,2,25,162.899,1
0,0,25,4,536,0,14,15,4,1,1,25,0.0,1
0,0,31,0,1300,35,26,16,3,1,2,30,157.4,0
0,0,34,0,0,0,0,0,2,1,2,25,0.0,1
0,0,44,0,2370,13,18,2,3,1,2,30,350.311,1
0,0,31,0,5613,83,0,9,2,1,1,25,256.32,0
5,0,35,0,13593,161,0,39,3,1,1,30,550.16,0
20,0,19,2,9298,180,85,44,5,1,1,55,269.67,0
28,1,39,0,1215,57,31,23,3,1,2,30,174.88,1
1,0,28,0,0,18,42,3,3,1,1,30,8.236,1
0,0,36,0,1898,51,0,28,1,1,1,15,107.195,0
2,1,5,2,0,6,2,4,3,1,2,25,0.0,1
9,1,36,0,3105,47,41,20,3,1,2,30,290.08,1
0,0,36,0,133,2,0,2,3,1,2,30,5.4,1
3,0,44,0,939,18,40,0,3,1,2,30,0.0,1
5,0,37,0,4008,66,26,37,1,1,1,15,367.07,0
9,0,32,1,1828,49,45,74,5,1,1,55,95.655,0
0,0,35,1,0,5,8,13,3,1,2,25,104.378,1
2,0,37,0,0,28,9,0,2,1,1,30,0.0,1
0,0,24,0,3035,61,33,25,3,1,1,30,255.84,0
3,0,39,1,2690,22,465,10,3,1,1,30,1968.48,0
7,0,42,0,485,14,18,7,2,1,2,25,103.455,1
11,0,40,0,15665,190,161,35,2,1,1,25,1437.975,0
10,0,38,0,4560,72,14,20,3,1,1,30,241.28,0
0,0,30,0,0,0,0,0,2,1,2,25,0.0,0
0,0,32,1,6595,97,39,24,5,1,1,55,158.88,0
0,0,35,0,2467,22,6,0,3,1,2,30,87.027,1
6,0,40,0,2735,57,183,27,2,1,1,25,949.14,0
0,1,35,0,2681,15,12,8,3,1,1,25,23.374,1
1,1,40,0,767,100,204,0,2,1,1,30,196.947,1
9,0,36,0,2268,44,34,31,3,1,2,30,228.48,1
6,0,45,0,1950,74,7,5,3,1,1,25,0.0,1
0,0,40,0,193,7,11,7,2,1,2,25,58.5,0
16,0,34,2,9420,121,143,44,3,1,1,30,953.64,0
10,0,40,1,6898,83,119,42,2,1,1,25,849.645,0
2,0,33,2,1721,26,29,4,3,1,1,30,124.25,1
3,0,36,0,3703,59,0,30,2,1,1,25,169.29,0
0,0,32,1,2755,82,8,3,4,1,1,25,0.0,1
19,0,25,1,15690,230,0,74,2,1,1,25,716.4,0
8,0,44,1,0,22,6,2,3,1,2,45,1.379,1
3,1,37,0,736,21,76,0,2,1,1,30,46.61,1
3,1,39,0,1586,24,65,15,2,1,1,30,99.209,1
0,1,45,0,2159,0,12,0,4,1,1,30,113.614,1
4,0,43,0,710,20,21,9,3,1,2,30,113.2,0
7,0,4,1,1411,57,15,26,4,1,2,30,0.0,1
5,0,37,0,305,6,7,2,3,1,2,30,40.44,0
7,0,41,0,3893,66,2,34,1,1,1,15,228.745,0
1,1,40,0,2360,69,7,9,2,2,2,30,72.357,1
25,0,27,3,16120,234,7,76,2,1,1,25,767.43,0
11,0,15,0,6087,135,78,40,1,2,1,15,771.21,0
12,0,30,2,1933,48,42,72,5,1,1,55,92.715,0
17,0,17,1,9237,177,80,42,5,1,1,55,261.21,0
11,0,45,3,3400,39,498,11,4,1,1,45,1330.975,0
30,0,41,5,15560,237,93,38,3,1,1,30,1003.88,0
17,0,29,0,767,62,33,0,4,1,1,25,39.608,1
10,0,38,3,2573,41,28,23,4,1,1,45,135.35,0
0,0,23,0,3110,56,10,24,3,1,1,30,166.64,0
11,0,27,1,930,28,7,2,2,1,1,25,74.61,0
7,1,33,0,2238,48,0,16,3,1,2,30,91.44,0
2,0,38,0,3275,19,81,12,2,1,2,25,105.615,1
0,1,36,2,5452,27,7,0,2,1,1,30,0.0,1
16,0,43,2,2838,68,376,30,3,1,1,30,1620.24,0
0,1,44,0,0,19,38,8,3,1,2,30,0.0,1
9,0,32,0,5572,76,8,17,3,1,1,25,174.599,1
0,0,36,0,2278,53,4,34,1,1,1,15,150.205,0
0,0,18,0,1450,23,26,14,2,1,1,25,183.285,0
17,0,45,3,12030,170,33,55,4,1,1,45,387.5,0
19,0,42,3,4140,91,44,32,3,1,1,30,345.24,0
5,0,38,0,305,6,7,2,5,1,1,55,15.165,0
0,0,34,0,0,0,2,0,3,1,2,30,8.0,1
15,0,40,2,9295,129,155,48,3,1,1,30,996.96,0
4,0,41,1,3718,88,10,29,3,1,1,30,192.24,0
26,0,38,9,10740,99,8,44,5,1,1,55,174.585,0
6,0,35,0,4190,63,0,12,3,1,1,30,170.12,0
13,0,36,1,9000,115,112,39,3,1,1,30,812.6,0
9,0,36,1,7123,80,109,35,2,1,1,25,814.635,0
0,0,35,0,1345,22,253,16,3,1,1,30,1066.68,0
13,0,19,5,3273,57,70,25,4,1,1,45,258.25,0
15,0,43,0,3084,46,9,12,4,2,1,30,215.567,1
0,0,41,2,0,77,63,29,3,1,1,30,360.632,1
18,0,29,0,1195,32,26,12,3,1,2,30,153.08,0
3,0,35,0,1665,44,38,20,3,1,2,30,220.36,0
0,1,21,1,0,72,204,42,2,1,2,45,0.0,1
4,0,38,0,5673,92,5,12,2,1,1,25,281.925,0
24,1,28,1,2377,24,1,0,2,1,2,30,110.416,1
9,0,18,2,2558,41,17,6,3,1,1,30,171.96,0
0,1,36,0,1213,24,8,0,2,1,2,30,0.0,1
2,0,37,0,1065,15,9,14,2,1,2,25,89.1,0
1,1,40,1,3731,16,16,38,2,1,1,25,30.942,1
0,1,19,0,0,32,18,6,2,1,1,30,86.559,1
0,0,39,0,0,0,0,0,2,1,2,25,0.0,0
3,1,42,0,961,7,5,0,2,1,2,45,155.978,1
0,0,32,0,2535,16,0,12,3,1,1,30,102.04,0
9,0,36,0,1735,13,25,1,4,1,1,30,181.258,1
20,1,40,0,1276,22,15,0,4,1,1,30,0.0,1
0,0,29,2,0,100,15,0,4,1,1,45,0.0,1
30,0,33,4,16380,244,7,82,2,2,1,25,779.58,0
6,0,18,2,2295,36,49,29,2,1,1,25,325.395,0
0,1,39,0,2607,12,58,17,5,1,1,25,51.854,1
11,0,38,1,3085,59,182,25,2,1,1,25,960.48,0
0,1,45,0,1364,100,1,23,3,1,1,30,68.112,1
0,0,20,0,1470,22,31,16,2,1,1,25,206.64,0
0,1,42,0,4532,21,85,7,3,1,2,30,107.483,1
5,0,43,2,324,71,32,9,2,1,1,45,19.948,1
3,0,33,0,933,7,8,5,4,1,2,45,43.5,1
9,0,36,4,7080,121,269,32,3,2,1,30,1364.04,0
0,0,39,0,2625,71,55,45,2,1,2,45,29.593,1
5,0,37,1,305,6,7,2,5,1,1,55,15.165,0
8,0,37,0,2263,59,350,21,3,1,1,30,1492.88,0
0,1,33,2,616,100,48,0,2,1,2,45,297.853,1
4,0,23,1,1695,32,36,15,3,1,1,30,213.08,0
0,0,23,0,1148,27,0,62,4,1,1,45,29.375,0
11,0,11,0,8853,169,63,36,4,1,1,45,383.05,0
4,0,35,0,255,13,42,5,3,1,2,25,0.0,1
1,0,42,0,367,74,34,20,2,1,2,25,17.168,1
0,0,44,0,1212,32,12,18,3,1,2,30,9.836,1
13,0,45,3,7065,102,208,34,4,1,1,45,699.175,0
10,0,36,0,15890,187,151,28,2,1,1,25,1402.965,0
0,0,33,0,5429,26,46,4,2,1,2,30,142.983,1
0,1,40,0,1299,16,74,5,4,1,1,25,0.0,1
0,0,24,0,520,4,14,1,4,1,2,45,48.1,0
2,1,45,0,1073,18,32,3,3,1,2,45,0.0,1
11,0,14,0,5973,129,46,36,1,2,1,15,588.61,0
11,1,45,0,558,14,25,2,3,1,1,30,75.627,1
13,0,43,2,3775,88,40,29,3,1,1,30,314.52,0
12,0,44,2,6303,103,24,18,3,1,1,30,352.24,0
15,0,45,2,4675,83,20,20,3,1,1,30,270.32,0
0,0,32,0,2710,19,466,2,3,1,1,30,1973.16,0
0,0,41,0,0,0,8,0,2,1,2,25,36.0,1
3,1,40,0,2301,8,0,15,3,1,2,30,51.563,1
0,1,19,0,420,12,4,40,3,1,2,45,70.486,1
2,1,8,0,0,71,22,4,4,1,2,25,262.675,1
3,0,44,0,1358,100,0,43,3,1,1,30,67.732,1
2,0,34,1,6365,106,250,18,2,2,1,25,1416.195,0
7,0,37,0,3908,82,7,26,2,1,1,25,211.05,0
0,0,40,2,851,14,17,9,3,1,1,30,0.0,1
14,0,39,1,8820,117,130,30,3,1,1,30,877.48,0
6,0,34,0,4435,81,0,21,3,1,1,30,180.64,0
11,0,36,1,13998,173,7,42,3,1,1,30,594.84,0
0,1,20,0,2121,2,32,4,3,1,1,45,276.423,1
28,1,42,0,152,15,41,6,4,1,1,55,0.0,1
0,0,12,1,2488,36,19,15,3,1,1,30,176.96,0
8,0,38,3,3695,37,504,23,3,1,1,30,2165.28,0
0,0,35,1,148,4,29,4,5,1,1,55,45.78,0
1,1,42,0,823,88,37,3,3,1,2,30,0.0,1
24,0,38,9,10550,98,0,41,5,1,1,55,159.72,0
4,0,27,1,1683,45,62,72,5,1,1,55,118.92,0
0,1,45,0,4459,25,5,5,2,1,1,25,0.0,1
8,0,16,3,2852,45,31,19,3,1,1,30,239.88,0
22,0,23,3,6778,149,102,48,2,2,1,25,770.715,0
0,1,29,0,196,32,56,2,4,1,2,30,0.0,1
0,0,8,0,5870,6,12,0,3,1,2,45,0.0,1
23,0,35,3,14960,217,43,27,3,1,1,30,779.08,0
0,0,36,0,1478,24,0,3,3,1,1,30,60.08,0
1,1,8,0,0,100,185,6,4,1,1,45,230.262,1
0,0,45,0,3345,23,60,4,3,1,2,30,103.122,1
11,0,34,2,8935,113,133,38,3,1,1,30,893.92,0
18,0,38,2,6123,104,33,26,2,1,1,25,428.715,0
0,0,36,0,5790,75,161,26,3,1,1,30,878.6,0
5,0,41,0,623,11,14,6,3,1,2,30,81.36,0
7,0,25,1,1693,37,26,65,5,1,1,55,64.95,0
5,0,37,0,3065,71,7,28,3,1,1,30,153.44,0
11,0,27,0,700,25,10,7,2,1,2,25,77.625,0
0,0,43,0,519,60,69,0,2,1,2,30,0.0,1
0,0,33,0,3298,70,0,22,2,1,1,25,151.56,0
0,1,38,0,777,66,0,4,2,1,1,25,36.16,1
0,0,34,0,379,28,17,10,3,1,2,30,231.161,1
0,1,39,0,555,58,7,13,2,2,2,25,493.113,1
1,0,3,0,680,61,86,0,2,1,1,30,58.748,1
0,0,30,0,3333,74,0,22,2,1,1,25,153.315,0
9,0,37,0,15485,182,150,30,2,1,1,25,1380.015,0
0,0,34,0,4150,74,0,21,3,1,1,30,168.96,0
3,0,35,0,6413,69,101,35,2,1,1,25,746.19,0
8,0,34,3,7155,117,280,36,2,2,1,25,1587.24,0
3,0,4,0,72,15,0,0,2,1,2,25,155.444,1
7,0,27,0,100,15,0,3,2,1,2,25,5.175,0
0,1,37,1,912,39,79,0,3,1,2,25,352.872,1
0,0,33,0,504,21,15,0,3,1,1,30,199.716,1
18,0,42,2,6078,108,41,30,2,1,1,25,462.87,0
4,1,40,1,845,16,6,30,4,1,1,30,0.0,1
4,0,37,0,2245,33,253,14,3,1,1,30,1103.12,0
23,0,41,0,875,17,179,0,2,1,2,30,93.379,1
5,0,43,0,260,10,15,6,2,1,2,25,79.65,1
5,1,18,0,2003,22,17,9,2,1,2,25,41.114,1
0,0,23,0,3165,58,3,21,3,1,1,30,140.92,0
1,1,32,0,0,18,12,2,3,1,2,30,0.0,1
1,0,44,2,3067,65,8,4,2,2,1,25,106.811,1
8,0,39,1,3325,36,18,21,3,1,1,30,206.44,0
15,1,44,0,2623,62,25,23,3,1,2,30,207.4,0
0,1,44,0,570,65,14,15,3,1,2,45,0.0,1
19,0,38,1,1028,100,0,3,3,1,1,30,0.0,1
4,0,34,3,6775,115,262,30,2,2,1,25,1489.05,0
10,0,37,0,2643,59,9,15,3,1,2,30,144.08,0
21,0,28,2,2240,49,34,15,2,1,1,25,256.005,0
0,0,37,0,223,2,0,6,4,1,2,45,5.625,1
0,1,33,0,1374,78,11,0,2,1,1,30,154.831,1
9,0,35,1,2905,51,171,20,2,1,1,25,902.52,0
12,0,30,1,1225,38,27,14,2,1,1,25,178.335,0
0,1,41,0,3026,0,204,34,2,1,2,30,0.0,1
0,0,35,0,530,6,2,3,3,1,2,30,29.44,0
11,1,45,2,0,3,59,0,3,1,2,30,0.0,1
0,1,38,0,2039,22,0,10,2,1,2,30,0.0,1
0,0,35,0,380,7,0,6,2,1,2,25,17.415,0
3,0,38,2,6615,92,218,30,3,1,1,30,1140.28,0
2,0,5,0,119,100,77,0,3,1,2,45,107.952,1
3,0,34,0,2720,50,170,21,2,1,1,25,889.65,0
1,0,30,0,905,12,31,7,4,1,2,45,100.425,0
9,0,35,0,6223,95,6,13,2,1,1,25,311.31,0
11,0,43,0,1632,20,11,0,4,1,2,30,491.413,1
1,0,36,0,3035,24,478,6,3,1,1,30,2034.36,0
0,0,43,2,2085,25,77,7,2,2,1,25,111.134,1
11,0,42,0,1333,22,22,6,3,1,2,30,142.2,0
0,0,44,1,2108,15,8,4,4,1,2,30,173.17,1
6,0,35,0,2698,58,1,34,1,1,1,15,157.08,0
10,0,34,0,5703,93,28,25,2,1,1,25,386.82,1
12,0,39,4,7405,102,214,43,3,1,1,30,1156.28,0
6,0,34,1,3943,86,7,26,3,1,1,30,189.16,0
0,0,36,0,2852,63,14,36,2,1,1,30,76.503,1
13,0,21,2,2710,43,43,16,3,1,1,30,282.12,0
0,0,39,0,318,5,7,4,2,1,2,25,46.035,0
3,0,44,0,2460,24,6,0,2,1,2,30,532.746,1
12,0,35,0,2457,13,5,29,2,1,2,30,60.75,1
11,0,40,0,1615,30,41,25,3,1,2,30,229.8,0
0,1,17,0,450,4,42,0,2,1,2,30,0.0,1
3,1,26,1,657,69,59,7,3,1,1,30,0.0,1
13,1,33,0,3215,45,7,14,3,1,2,30,158.4,1
3,1,41,0,2832,16,36,25,4,1,1,45,13.794,1
0,0,32,0,7023,113,366,36,2,1,1,25,1968.12,0
6,0,39,0,200,13,25,6,4,1,2,25,66.381,1
0,0,31,0,3718,76,0,27,2,1,1,25,170.73,0
6,0,26,1,1813,42,32,68,4,1,1,45,126.375,0
7,0,17,0,0,13,12,8,2,1,2,25,185.931,1
0,1,42,0,79,100,61,2,3,1,2,30,0.0,1
3,1,45,1,3456,14,14,7,3,1,1,30,0.0,1
5,0,23,0,920,26,12,11,2,1,1,25,96.57,0
10,1,43,1,2481,40,49,2,3,1,1,55,0.0,1
8,0,41,0,1925,54,53,26,3,1,2,30,291.16,0
6,0,34,3,6965,116,271,33,2,2,1,25,1538.145,0
0,1,36,0,5015,100,78,0,4,1,2,30,78.476,1
0,1,41,0,2995,6,14,0,4,1,1,45,0.0,1
7,0,21,2,2115,38,67,20,3,1,1,30,354.12,0
0,0,41,0,0,76,3,0,3,1,2,30,65.884,1
18,0,30,0,1926,23,204,0,2,1,2,45,150.442,1
1,1,38,2,1254,21,0,5,3,1,1,30,346.545,1
14,1,43,0,1361,21,64,2,2,1,2,55,0.0,1
20,0,29,2,15770,232,0,78,2,1,1,25,720.09,0
0,0,33,0,795,12,0,7,2,1,2,25,36.315,0
12,0,36,0,1976,44,44,35,2,1,1,25,64.762,1
0,0,38,1,0,18,34,0,3,1,1,30,0.0,1
0,0,37,0,593,72,22,0,3,1,2,25,0.0,1
0,0,24,0,0,0,5,0,4,1,2,45,12.5,0
16,0,41,3,4195,94,71,34,3,1,1,30,455.56,0
27,0,41,3,15320,233,65,37,3,1,1,30,882.12,0
13,0,27,1,1285,35,24,15,2,1,1,25,167.4,0
0,0,43,0,1045,27,53,7,3,1,2,30,128.614,1
0,0,26,0,3100,63,12,26,3,1,1,30,174.52,0
0,0,37,0,6908,117,363,28,2,1,1,25,1949.625,0
6,0,32,0,6718,69,100,36,2,1,1,25,755.415,0
14,0,29,6,10130,81,0,39,4,1,1,45,255.275,0
1,1,33,0,768,14,51,7,3,1,2,45,226.565,1
0,1,45,1,2196,18,11,36,2,1,1,25,56.733,1
4,0,33,0,2685,35,2,14,2,1,2,25,131.4,1
25,0,42,0,51,31,39,8,2,1,2,30,0.572,1
6,0,31,0,69,5,204,0,4,1,2,30,120.166,1
5,0,42,0,2486,56,8,0,4,1,2,45,203.581,1
0,1,43,0,631,52,14,4,3,1,2,25,233.621,1
0,1,44,0,2351,0,43,9,3,1,1,45,45.216,1
9,0,41,0,2955,0,45,5,2,1,1,45,5.705,1
5,0,34,1,1893,29,7,4,4,1,1,45,65.55,0
10,0,42,2,6985,100,204,33,3,1,1,30,1099.4,0
0,0,34,0,7088,115,345,37,2,1,1,25,1876.635,0
2,1,45,0,1500,62,20,0,3,1,2,45,0.0,1
11,0,40,0,1890,31,15,13,2,1,2,25,153.945,0
7,0,39,0,495,7,16,5,2,1,2,25,94.59,1
4,0,9,1,4580,41,224,13,3,1,1,30,1080.84,0
5,1,45,0,2019,27,56,7,4,1,2,25,0.0,1
5,0,44,4,6123,68,34,23,3,2,2,45,99.166,1
12,0,16,5,3453,55,52,34,3,1,1,30,348.32,0
0,0,35,0,7203,121,377,41,2,1,1,25,2026.08,0
0,1,13,1,97,22,11,22,4,1,2,45,0.0,1
9,0,28,0,1730,26,49,20,4,1,2,45,166.4,0
10,0,18,0,1354,15,49,31,3,1,2,25,56.808,1
11,0,38,2,14373,179,21,59,3,1,1,30,666.08,0
5,0,42,0,393,12,15,8,3,1,2,30,76.2,1
18,0,41,2,14788,186,15,46,3,1,1,30,658.96,0
1,1,6,0,1962,31,80,2,3,1,1,55,89.171,1
10,0,44,2,2745,47,302,24,4,1,1,45,824.8,0
0,0,19,0,0,0,0,0,2,1,2,25,0.0,0
4,0,29,2,6965,110,263,32,2,2,1,25,1501.875,0
13,0,27,0,890,26,19,10,2,1,2,25,126.72,0
9,0,13,2,1214,10,7,12,4,1,1,30,214.466,1
0,1,45,0,2440,24,24,13,2,1,1,30,221.41,1
3,0,10,2,1603,25,32,11,3,1,1,30,193.12,1
1,0,27,0,1443,41,34,71,4,1,1,45,122.1,0
7,1,15,0,856,5,9,17,4,1,2,30,195.425,1
1,0,37,0,2522,39,38,0,3,1,1,25,95.987,1
2,0,14,0,18,50,76,0,3,1,2,25,0.0,1
5,0,35,0,6603,70,110,38,2,1,1,25,795.285,0
35,0,39,5,16640,254,22,88,2,2,1,25,859.23,0
2,0,9,1,4390,40,215,10,3,1,1,30,1037.2,0
3,0,36,0,4065,65,0,15,2,1,1,25,185.85,0
0,0,34,0,918,28,8,18,3,1,1,25,268.072,1
1,0,40,0,1539,18,7,4,4,1,2,45,418.493,1
7,0,40,1,5623,91,7,17,3,1,1,30,256.56,0
8,0,35,0,5689,22,5,19,3,1,1,25,306.547,1
0,0,35,0,0,98,5,7,3,1,2,45,38.426,1
0,0,34,0,3413,76,0,26,2,1,1,25,157.005,0
0,0,39,0,1363,25,1,5,4,1,1,45,37.2,0
0,0,35,0,905,29,15,2,3,1,2,30,154.293,1
0,0,34,0,504,7,15,0,5,1,1,25,0.0,1
10,0,35,1,9055,118,139,41,3,1,1,30,922.92,0
2,0,34,0,3833,57,0,31,2,1,1,25,175.05,0
7,0,20,1,2000,32,35,16,3,1,1,30,221.28,0
1,0,34,0,2840,22,0,14,3,1,1,30,114.48,0
3,0,45,0,1511,49,10,2,2,1,1,30,133.285,1
16,0,33,1,6123,98,25,25,2,1,1,25,392.445,1
5,0,43,0,1083,29,2,0,2,1,1,30,0.0,1
16,0,34,7,10130,87,0,40,4,1,1,45,255.425,0
0,1,44,3,4610,19,83,0,3,1,2,30,0.0,1
0,0,20,0,1183,31,13,62,4,1,1,45,62.85,0
19,0,43,4,9500,129,161,49,3,1,1,30,1029.16,0
0,1,31,0,0,1,168,5,3,1,1,45,149.069,1
1,0,39,0,197,21,204,1,5,1,2,25,10.939,1
6,0,32,1,8630,107,126,36,3,1,1,30,853.48,0
0,0,44,2,2761,60,10,15,4,1,2,45,17.822,1
13,1,17,0,5842,3,51,0,3,1,2,45,0.0,1
0,0,29,0,6420,88,2,18,4,1,1,45,167.7,0
0,1,40,0,2507,21,3,4,2,1,2,30,0.0,1
0,0,13,2,0,20,0,22,3,1,2,25,117.883,1
2,0,45,0,2568,12,14,38,3,1,2,45,0.0,1
4,0,36,0,3908,83,11,31,2,1,1,25,229.095,0
8,0,37,1,6718,75,108,37,2,1,1,25,791.685,0
26,0,30,3,16480,243,1,78,2,1,1,25,757.035,0
0,1,39,0,6123,100,79,20,2,1,2,25,493.118,1
0,0,38,3,191,22,38,8,3,1,1,45,106.271,1
1,0,4,0,1487,13,0,6,2,1,1,25,67.5,1
1,0,32,0,1564,25,19,0,2,1,1,30,0.0,1
14,0,40,2,3890,87,30,27,3,1,1,30,279.08,0
2,1,39,0,779,72,64,0,2,1,2,30,119.687,1
0,0,43,0,3650,73,10,20,4,1,1,30,122.818,1
6,0,39,0,2228,56,362,26,2,1,1,25,1731.78,0
0,0,6,0,1639,18,83,0,2,1,2,30,69.315,1
15,0,30,1,14575,209,32,24,2,1,1,25,809.28,0
0,0,42,0,0,0,8,0,2,1,2,25,36.0,1
0,1,32,0,0,0,0,0,3,1,2,30,0.0,1
5,0,32,0,3390,74,15,22,2,1,1,25,223.38,0
0,1,31,2,824,45,73,0,4,1,1,25,14.565,1
0,0,13,2,1433,0,26,5,4,2,1,30,0.0,1
6,0,14,0,8222,160,48,40,4,1,1,45,329.55,0
0,0,41,0,1199,20,76,4,3,1,2,25,56.857,1
7,0,36,1,8405,110,119,43,3,1,1,30,816.6,0
0,0,35,0,0,0,0,0,5,1,1,55,0.0,0
13,0,18,4,3157,51,38,21,3,1,1,30,280.32,0
24,0,39,3,6833,115,41,26,3,1,1,30,441.92,0
1,0,33,0,2725,16,0,10,3,1,1,30,109.64,0
1,0,36,0,1668,25,0,6,3,1,1,30,67.72,0
5,0,35,0,305,6,7,2,4,1,2,45,25.275,1
0,0,32,0,1303,16,0,2,3,1,1,30,52.76,0
11,1,39,0,2448,52,45,36,3,1,2,30,280.0,1
0,0,39,1,6275,82,189,28,3,1,1,30,1010.28,0
0,0,41,2,0,3,8,3,2,1,2,45,0.0,1
1,0,35,0,1336,22,37,10,3,1,1,25,0.0,1
9,0,16,3,4695,52,230,13,3,1,1,30,1109.88,0
0,1,39,2,281,59,0,35,3,1,2,30,0.0,1
1,0,31,1,6545,104,232,27,2,2,1,25,1343.205,0
0,0,25,0,710,4,0,1,4,1,2,45,17.85,0
0,0,28,0,3502,12,0,22,2,1,2,30,171.571,1
0,1,39,0,6018,40,54,0,4,1,1,45,274.714,1
4,0,36,0,15295,182,175,32,2,1,1,25,1483.965,0
2,0,40,0,1055,22,11,16,2,1,2,25,97.965,0
7,0,42,0,13728,173,8,48,3,1,1,30,588.04,0
17,0,40,1,4693,73,17,40,1,1,1,15,355.63,0
3,0,35,0,3950,59,0,11,2,1,1,25,180.405,0
9,0,29,2,1620,42,200,13,3,2,1,30,866.48,0
9,0,33,0,3775,76,24,27,2,1,1,25,281.295,0
14,0,36,2,9520,126,145,41,3,1,1,30,965.84,0
4,0,42,1,3050,31,491,12,3,1,1,30,2087.24,0
13,0,34,0,1438,69,44,15,4,1,1,45,36.378,1
0,1,45,0,6123,17,38,6,2,1,1,30,89.162,1
0,0,29,0,2840,16,0,13,3,1,1,30,114.24,0
7,0,38,1,2280,0,77,13,3,1,1,30,8.189,1
29,1,34,0,1665,58,24,17,3,1,2,30,164.92,1
0,0,7,0,3895,33,199,5,3,1,1,30,953.12,0
3,0,39,0,1620,48,46,24,3,1,2,30,250.72,0
8,0,26,1,3935,72,16,23,3,1,1,30,224.28,0
0,0,34,0,568,4,4,2,4,1,2,45,24.3,1
8,0,32,0,98,52,6,10,3,1,1,30,79.996,1
10,0,26,1,1340,38,51,17,2,1,1,25,291.51,0
0,1,37,0,0,27,16,0,2,1,1,30,398.465,1
0,0,44,0,725,100,12,0,2,2,2,30,174.888,1
12,0,37,3,7318,85,129,52,2,1,1,25,913.635,0
26,0,37,8,10625,93,7,40,4,1,1,45,285.45,0
1,0,42,0,6123,61,30,27,2,1,1,30,8.936,1
3,1,39,0,165,14,7,4,2,1,2,25,296.74,1
8,0,34,3,7210,119,273,33,2,2,1,25,1558.305,0
0,0,43,0,0,30,0,8,2,1,2,30,38.651,1
0,0,36,0,2055,33,278,16,3,1,1,30,1195.52,0
5,0,34,0,2033,48,320,18,2,1,1,25,1533.645,0
5,0,39,0,580,10,7,2,2,1,2,25,58.05,0
12,0,28,0,1405,40,30,18,2,1,1,25,200.025,0
6,0,36,0,3470,76,25,26,2,1,1,25,272.07,0
8,0,41,2,2813,70,41,39,2,1,1,25,314.235,0
0,0,31,0,338,5,0,1,4,1,1,45,8.575,0
3,0,38,1,193,5,5,4,3,1,1,30,27.92,1
9,0,40,1,6033,100,5,11,3,1,1,30,265.32,0
7,1,13,2,4871,28,11,0,3,1,1,25,0.0,1
6,1,34,0,2208,41,29,29,3,1,2,30,205.96,1
27,1,31,0,1180,51,13,15,3,1,2,30,101.24,1
9,1,39,0,2353,60,40,21,3,1,2,30,256.52,0
9,0,40,0,2223,48,42,35,3,1,2,30,258.84,1
6,0,9,0,5828,125,63,34,1,2,1,15,673.915,0
0,0,28,2,2300,35,38,19,3,1,2,25,155.117,1
0,1,11,1,0,7,67,21,3,2,2,25,21.29,1
2,0,27,1,1125,35,184,8,2,2,1,25,880.2,0
15,0,39,0,879,17,66,0,3,1,2,45,0.0,1
8,0,19,0,1854,58,0,5,2,1,2,30,0.0,1
0,1,38,1,1560,16,0,1,2,1,2,30,148.03,1
0,1,28,1,2001,100,13,14,3,1,2,30,142.362,1
3,0,15,0,0,49,41,0,3,1,2,25,231.028,1
0,0,44,0,2109,25,10,10,2,1,2,30,174.937,1
0,0,33,0,760,28,10,3,3,1,2,30,71.52,0
15,0,43,2,15870,190,167,36,2,1,1,25,1474.2,0
0,0,31,0,0,0,0,0,4,1,2,45,0.0,1
2,1,39,1,1659,13,16,0,3,1,1,25,316.394,1
8,1,11,2,1792,25,7,9,3,1,1,30,100.68,1
14,0,44,2,4755,79,22,23,3,1,1,30,281.36,0
6,1,17,0,1421,19,2,5,2,1,1,45,201.698,1
0,0,7,0,0,0,0,0,2,1,1,25,0.0,1
26,1,35,1,1015,50,21,19,3,1,1,30,126.6,1
11,0,39,2,6833,80,106,36,2,1,1,25,788.085,0
9,0,28,1,1873,45,37,70,5,1,1,55,84.27,0
0,0,45,0,49,100,35,0,4,1,2,30,0.0,1
0,0,37,0,685,20,39,9,4,1,2,30,68.071,1
4,0,36,0,4400,78,4,26,3,1,1,30,195.12,0
1,0,40,0,1723,7,22,14,3,1,1,30,99.571,1
2,0,42,0,443,61,76,45,3,1,2,30,120.559,1
13,0,21,0,775,19,2,5,4,1,1,25,99.197,1
14,0,40,1,14268,176,16,49,3,1,1,30,641.76,0
10,0,40,0,2150,58,56,27,3,1,2,30,312.32,0
0,0,37,0,2263,25,0,8,3,1,1,30,63.358,1
12,0,40,2,4820,89,9,27,3,1,1,30,232.36,0
0,0,16,0,1200,19,12,9,2,1,1,25,108.855,0
3,1,28,0,484,100,47,7,2,1,2,30,56.208,1
13,0,35,0,4503,66,0,36,1,1,1,15,251.295,0
0,1,36,0,628,7,9,4,4,1,2,45,38.375,1
12,1,18,0,362,76,61,43,2,1,1,45,0.0,1
13,0,28,2,4240,78,23,25,3,1,1,30,264.72,0
10,0,22,0,0,0,48,13,3,1,1,25,67.346,1
0,0,45,2,1285,43,7,9,3,1,2,30,150.994,1
5,0,36,1,6213,99,21,25,2,1,1,25,378.54,0
5,1,43,0,1237,9,69,27,3,1,2,45,203.598,1
0,0,21,0,930,28,176,5,2,2,1,25,835.11,0
5,0,36,0,3893,60,0,33,1,1,1,15,217.415,0
0,0,40,0,1115,22,29,3,3,1,2,25,31.43,1
13,0,44,3,4900,91,19,31,3,1,1,30,275.64,0
8,0,16,3,2853,45,31,19,3,2,1,30,239.92,0
0,0,38,0,0,0,0,0,2,1,2,25,0.0,0
2,0,40,0,5693,91,10,14,2,1,1,25,305.28,0
14,0,41,0,3512,16,8,0,3,1,1,45,167.373,1
0,0,23,0,2320,45,0,6,3,1,1,30,94.6,0
7,0,12,0,8513,159,34,34,4,1,1,45,301.8,0
6,0,38,1,1973,31,7,8,4,1,1,45,67.6,0
2,0,9,1,4390,40,215,10,3,1,1,30,1037.2,0
5,0,21,0,315,17,0,1,2,1,2,25,14.94,0
0,0,34,0,1320,99,7,6,4,1,2,30,265.081,1
10,0,41,0,2408,64,367,28,3,1,1,30,1566.88,0
4,0,5,1,3396,100,16,0,2,1,1,30,76.571,1
1,0,30,1,1010,36,194,10,2,2,1,25,920.07,0
2,0,35,0,11160,148,4,45,3,1,1,30,468.32,0
3,0,41,1,378,8,12,6,3,1,1,30,63.44,0
0,0,31,0,1825,5,0,12,3,1,1,30,73.2,0
0,1,40,1,2386,23,34,11,2,1,2,30,180.578,1
20,0,32,7,10355,91,0,38,4,1,1,45,261.15,0
4,0,31,0,3470,70,17,25,2,1,1,25,235.8,0
7,0,38,0,1123,14,25,9,4,1,2,45,90.925,1
3,1,31,0,301,100,11,30,2,1,2,30,0.0,1
0,0,12,0,5158,12,19,9,2,1,2,45,32.799,1
0,1,30,0,4735,24,13,0,3,1,2,55,28.961,1
0,0,34,0,0,0,0,0,3,1,2,30,0.0,1
0,0,38,0,2457,20,77,8,2,1,2,30,215.494,1
10,0,42,2,1075,23,25,12,3,1,1,30,143.92,0
0,0,35,0,760,9,2,12,2,1,2,25,43.605,0
3,0,18,0,920,20,4,10,1,1,1,15,73.7,0
19,0,16,2,6518,139,81,39,2,2,1,25,664.065,0
1,0,32,0,6500,80,178,25,3,1,1,30,975.2,0
0,1,34,0,0,0,13,7,2,1,1,45,0.0,1
6,0,33,0,0,24,48,0,4,1,1,30,0.0,1
18,0,39,3,6238,110,65,30,3,1,1,30,513.92,0
0,0,32,0,2415,44,163,19,2,1,1,25,844.155,0
10,0,9,0,598,19,5,21,3,1,2,30,7.832,1
3,0,35,0,1665,44,38,20,3,1,2,30,220.36,0
5,0,34,0,5838,93,0,8,2,1,1,25,266.895,0
10,0,37,0,2453,60,359,24,3,1,1,30,1536.52,0
1,1,6,0,0,28,0,9,2,1,2,30,0.0,1
5,1,40,2,867,21,30,23,2,1,1,25,27.67,1
10,0,37,0,2160,51,54,25,3,1,2,30,304.44,0
0,0,34,0,2595,19,0,14,3,1,1,30,104.56,0
5,0,32,0,305,6,7,2,3,1,2,30,40.44,1
19,0,33,0,355,37,0,2,2,1,2,25,17.64,1
5,0,37,0,1666,100,44,20,3,1,1,30,292.453,1
14,0,39,1,15790,188,157,32,2,1,1,25,1425.51,0
6,0,23,1,3450,65,7,21,3,1,1,30,168.6,0
5,0,36,0,1000,12,7,8,2,1,2,25,77.04,0
15,0,23,1,15510,222,0,72,2,1,1,25,707.94,0
0,0,45,0,947,0,16,32,3,1,2,25,87.569,1
5,0,35,0,2148,54,352,22,2,1,1,25,1683.09,0
9,1,32,0,2313,40,26,27,3,1,2,30,198.12,1
0,1,32,0,2372,100,0,39,2,1,2,25,161.287,1
4,0,38,0,4201,73,28,8,2,1,1,30,85.149,1
3,0,39,1,935,17,5,13,2,1,1,25,65.34,0
19,0,45,2,16050,198,172,38,2,1,1,25,1505.16,0
7,0,37,2,3220,25,479,5,3,1,1,30,2045.8,0
17,0,38,0,1413,100,9,7,3,1,2,30,66.109,1
21,1,33,0,710,44,14,17,2,1,1,25,96.93,1
6,0,6,1,1792,19,0,8,3,1,1,30,72.44,1
1,1,44,0,2304,6,58,7,2,1,2,30,64.094,1
0,1,30,0,1757,14,10,0,3,1,2,25,0.0,1
7,0,13,0,8628,165,66,38,4,1,1,45,384.825,0
0,0,31,0,4279,13,36,10,3,1,2,30,169.973,1
22,1,3,0,1405,83,41,6,2,1,1,25,144.07,1
7,0,40,0,2148,60,360,23,3,1,1,30,1528.32,0
0,1,45,0,2020,100,28,5,2,1,1,45,67.775,1
0,0,30,0,2475,13,0,10,3,1,1,30,99.52,0
0,0,12,0,1548,0,33,8,3,1,2,30,89.606,1
8,0,35,2,7090,103,21,24,5,1,1,55,139.395,0
30,0,40,4,15445,231,61,34,3,2,1,30,871.04,0
8,0,37,1,6718,75,108,37,2,1,1,25,791.685,0
0,0,35,0,0,0,0,0,2,1,2,25,0.0,1
0,0,44,0,5891,20,65,4,2,1,2,25,135.648,1
23,0,18,2,9947,188,88,42,5,1,1,55,284.025,0
20,0,42,3,9600,135,162,50,3,1,1,30,1037.4,0
0,0,27,0,700,12,25,6,4,1,2,45,80.3,0
19,1,45,0,1053,21,1,22,4,1,1,25,92.986,1
0,0,36,0,2600,20,467,3,3,1,1,30,1972.8,0
3,0,17,0,2100,31,29,12,2,1,1,25,226.395,0
0,0,36,0,405,8,6,6,2,1,2,25,45.585,0
0,1,34,0,4090,72,39,5,3,1,1,25,0.0,1
0,1,30,0,2710,18,18,0,2,1,2,25,327.985,1
9,0,38,1,4213,89,18,33,3,1,1,30,244.08,0
3,0,20,0,3751,34,8,0,3,1,1,30,0.0,1
2,0,41,2,1654,23,80,0,5,1,1,55,135.108,1
9,0,32,2,3530,73,23,26,4,1,1,45,147.575,0
0,1,34,0,212,26,55,3,2,2,2,25,18.252,1
15,0,30,6,10050,85,0,36,4,1,1,45,253.375,0
5,0,41,0,293,77,31,11,3,1,1,30,193.669,1
0,0,34,0,2240,12,0,4,3,1,1,30,90.08,0
0,0,33,0,0,0,0,0,3,1,2,30,0.0,1
13,0,44,0,0,37,4,2,4,1,2,30,0.0,1
6,1,44,0,754,14,7,48,2,1,2,45,97.531,1
0,0,33,2,6255,105,246,33,2,2,1,25,1393.2,0
8,0,38,2,6833,81,140,41,2,1,1,25,941.13,0
13,0,30,0,880,33,21,12,2,1,2,25,135.585,0
0,1,27,0,0,55,0,5,2,1,2,30,25.363,1
17,0,21,2,6473,143,95,46,2,2,1,25,725.22,0
4,0,41,0,0,67,9,16,2,1,2,30,251.879,1
5,0,39,3,758,16,43,8,5,1,1,55,76.11,0
15,0,45,0,834,0,62,39,2,1,2,30,0.0,1
0,0,36,0,3465,55,0,10,2,1,1,25,158.4,0
16,0,39,1,3965,82,7,26,3,1,1,30,189.88,0
0,0,35,0,438,7,34,6,4,1,2,45,96.125,1
0,1,34,0,0,5,16,4,3,1,2,30,0.0,1
0,0,6,1,4210,32,204,5,3,1,1,30,985.68,0
1,1,45,1,1758,16,51,31,4,1,1,30,35.593,1
15,0,16,0,0,11,24,0,3,2,1,30,12.828,1
12,0,40,0,2633,68,370,29,3,1,1,30,1588.04,0
0,0,33,0,0,0,0,0,2,1,2,25,0.0,1
0,0,33,0,1248,13,0,3,3,1,1,30,50.44,0
8,0,25,1,1540,40,190,9,3,2,1,30,823.2,0
9,0,41,1,4695,91,13,30,3,1,1,30,243.44,0
0,0,36,0,6798,116,359,43,2,1,1,25,1926.63,0
6,0,36,0,2780,53,175,23,2,1,1,25,914.985,0
3,0,31,0,6458,65,93,31,2,1,1,25,712.035,0
1,0,34,0,7328,119,373,38,2,1,1,25,2013.615,0
0,0,35,0,0,0,0,0,4,1,1,45,0.0,0
6,0,39,2,2088,37,39,12,4,1,1,45,150.625,0
0,0,31,0,6115,78,169,20,3,1,1,30,923.72,0
1,1,33,2,2172,27,2,5,4,1,1,25,144.741,1
0,0,34,0,0,0,0,0,5,1,1,55,0.0,0
0,1,33,0,628,22,10,9,4,2,2,25,46.492,1
5,0,37,0,835,12,9,5,3,1,2,30,69.88,0
10,0,44,1,373,7,4,9,3,1,2,30,0.0,1
0,0,34,0,1553,20,2,7,3,1,1,30,70.92,0
5,0,45,1,0,72,15,0,2,1,2,45,179.268,1
23,0,44,3,6383,114,48,32,3,1,1,30,451.88,0
2,0,31,0,1318,28,12,0,2,1,2,30,0.0,1
1,0,28,2,6705,106,256,27,2,2,1,25,1458.495,0
4,0,36,0,733,12,21,17,3,1,2,30,113.8,1
5,0,37,1,11275,153,2,44,4,1,1,45,290.7,0
0,0,41,0,256,47,52,18,2,1,2,45,253.283,1
21,1,36,8,10435,93,1,42,5,1,1,55,159.42,0
7,0,35,0,2058,46,0,12,3,1,2,30,84.16,0
1,1,8,0,0,100,14,2,2,1,2,30,0.0,1
0,0,37,0,613,9,21,17,2,1,2,25,122.49,0
14,0,35,1,6223,103,27,22,2,1,1,25,406.17,0
13,0,28,0,1903,99,0,1,2,1,2,30,112.591,1
2,0,38,0,710,14,13,8,3,1,2,30,80.96,0
0,1,38,0,26,0,29,9,2,1,2,30,31.678,1
28,1,36,0,1375,59,55,23,3,1,2,30,277.36,1
0,0,39,0,7283,123,387,45,2,1,1,25,2074.77,0
3,0,43,0,1167,0,12,1,3,1,2,25,141.017,1
0,0,41,0,4088,20,72,43,3,1,2,45,62.722,1
3,1,9,1,1487,19,0,7,3,1,1,30,60.24,1
11,0,40,1,4430,74,10,19,3,1,1,30,220.16,0
5,0,36,2,2268,35,21,21,4,1,1,45,110.075,0
2,1,28,0,808,41,18,0,2,1,1,45,351.943,1
1,0,21,0,3145,59,0,19,3,1,1,30,128.16,0
0,1,30,1,2233,11,15,0,4,1,1,25,0.0,1
0,0,23,0,0,64,204,24,3,1,1,45,0.0,1
0,0,34,0,1875,37,147,6,2,1,1,25,747.54,0
0,1,44,0,546,0,15,13,2,1,2,25,76.343,1
5,1,19,0,1464,12,5,5,3,1,2,25,220.63,1
0,0,21,0,1083,25,12,61,4,1,1,45,57.7,0
9,0,25,2,2000,38,43,17,3,1,1,30,253.52,0
1,0,35,0,538,7,1,1,3,1,2,30,25.8,1
0,1,42,0,363,20,61,5,2,1,2,45,57.845,1
0,0,45,1,3918,15,36,7,2,1,1,30,48.958,1
0,0,35,0,6603,111,356,26,2,1,1,25,1904.13,0
0,0,40,1,1050,76,36,2,3,1,1,25,94.923,1
27,0,43,4,15140,231,62,33,3,1,1,30,862.84,0
3,0,8,1,4795,45,216,8,3,1,1,30,1057.6,0
0,0,36,0,0,0,0,0,5,1,1,55,0.0,0
0,1,44,0,3317,6,40,0,2,1,1,45,23.695,1
0,0,28,0,1343,35,33,70,4,1,1,45,116.95,0
10,0,39,0,3070,43,19,20,3,1,2,30,200.52,1
1,0,40,0,0,78,12,38,2,1,1,30,0.0,1
10,0,41,0,474,37,35,25,3,1,1,25,85.388,1
0,1,7,0,1372,14,2,8,2,1,1,25,71.37,1
0,1,12,4,1702,56,49,9,4,1,2,30,122.764,1
7,0,38,0,13773,169,0,44,3,1,1,30,557.68,0
0,0,7,0,4085,34,208,8,3,1,1,30,996.76,0
0,0,35,0,7203,121,377,41,2,1,1,25,2026.08,0
3,1,41,0,5970,25,63,12,4,1,2,25,27.765,1
0,0,37,3,2054,23,49,32,2,1,2,25,106.218,1
3,0,40,1,3798,84,12,32,3,1,1,30,203.28,0
27,0,36,4,16075,244,8,81,2,1,1,25,770.355,0
0,0,22,0,3045,53,0,18,3,1,1,30,123.92,0
5,0,37,0,14885,172,129,15,2,1,1,25,1258.065,0
0,1,40,0,966,24,62,28,5,2,1,30,110.237,1
5,1,37,1,3026,17,18,6,2,1,1,30,50.204,1
0,1,33,2,3624,9,4,26,2,1,2,25,98.136,1
10,0,34,0,1390,26,43,11,4,1,2,45,142.9,0
0,0,33,0,6185,87,0,7,4,1,1,45,156.8,0
0,0,25,0,0,0,0,0,4,1,2,45,0.0,0
11,0,28,6,9870,77,0,34,4,2,1,45,248.675,0
13,1,41,0,1653,98,7,30,2,1,1,45,92.009,1
8,1,38,0,616,17,1,10,4,1,2,55,0.0,1
10,0,40,2,4575,86,7,27,3,1,1,30,214.44,0
3,0,35,0,6413,69,101,35,2,1,1,25,746.19,0
1,1,20,0,660,28,9,34,3,1,1,30,129.912,1
0,1,29,0,248,26,41,10,3,1,1,25,24.083,1
14,0,31,7,9950,79,0,35,4,1,1,45,250.725,0
6,0,38,0,710,11,8,2,2,1,2,25,68.445,1
0,0,36,0,7318,127,409,45,3,1,1,30,1933.8,0
0,0,29,0,1794,80,10,8,2,1,2,30,34.418,1
5,1,42,0,963,30,204,7,3,1,1,25,88.679,1
1,0,40,0,213,4,10,6,3,1,2,30,48.68,1
0,0,36,0,2088,52,0,31,1,1,1,15,117.7,0
10,0,36,1,6143,99,7,10,3,1,1,30,277.68,0
6,1,44,0,3619,16,72,4,3,1,2,25,0.0,1
7,1,45,0,1817,15,10,4,2,1,2,25,154.727,1
12,0,46,0,1275,30,35,16,3,1,2,30,192.2,0
6,0,13,3,2673,37,20,14,3,1,1,30,188.4,0
9,0,33,2,1575,46,208,17,3,2,1,30,896.84,0
0,0,24,0,1073,32,14,63,4,1,1,45,62.625,0
25,0,38,3,15140,225,54,32,3,1,1,30,830.6,0
0,0,36,0,405,8,6,6,2,1,2,25,45.585,0
0,1,45,0,697,17,23,24,4,1,2,25,0.0,1
0,1,45,0,5487,17,15,0,3,1,2,25,144.247,1
0,0,43,0,5310,17,18,0,3,1,2,45,109.374,1
0,1,32,0,0,6,5,5,3,1,1,25,117.254,1
0,0,41,0,1828,31,34,0,3,1,2,30,197.496,1
0,0,45,0,1023,8,50,5,2,1,2,25,0.0,1
18,0,39,3,9420,127,151,45,3,1,1,30,985.88,0
0,0,31,0,0,0,0,0,2,1,2,25,0.0,1
5,0,39,0,0,100,204,5,2,1,2,30,210.846,1
22,0,29,2,16015,235,0,78,2,1,1,25,731.25,0
4,0,33,0,287,100,13,2,2,1,1,25,176.925,1
0,0,32,0,1588,23,0,2,3,1,1,30,64.44,0
1,0,24,0,1508,36,25,66,4,1,1,45,101.1,0
5,1,42,0,286,69,4,3,3,1,1,25,347.242,1
0,0,43,0,0,72,14,26,2,1,2,30,74.592,1
1,0,44,0,1624,7,71,6,4,1,1,25,75.786,1
0,0,45,0,0,24,66,0,4,1,2,25,61.411,1
2,0,38,1,215,63,31,19,3,1,2,45,88.004,1
0,1,45,3,0,100,71,2,3,1,2,25,92.361,1
0,0,15,0,0,27,0,38,3,1,1,30,68.11,1
4,0,36,1,2900,25,5,16,3,1,1,30,137.0,0
0,0,17,0,1505,26,53,16,2,1,1,25,307.395,0
0,0,38,0,500,12,23,6,3,1,2,45,10.707,1
0,0,26,0,2275,6,0,6,3,1,1,30,91.24,0
9,0,38,1,535,73,28,3,2,2,2,45,140.921,1
12,1,11,4,2393,35,28,24,3,1,1,30,209.12,1
9,0,11,2,4885,47,231,15,3,1,1,30,1121.28,0
16,0,34,7,10130,87,0,40,4,1,1,45,255.425,0
2,0,34,0,2313,56,0,29,1,1,1,15,130.295,0
17,0,41,2,6933,112,22,14,3,1,1,30,369.8,0
4,0,26,0,1200,30,161,7,2,2,1,25,779.85,0
2,0,37,0,1445,17,68,5,2,1,2,30,0.0,1
2,1,45,0,1662,6,15,12,4,1,1,25,67.377,1
0,0,45,2,546,20,12,5,2,1,2,30,92.935,1
0,0,19,0,1970,85,52,0,4,1,2,25,53.251,1
5,0,32,1,3065,26,7,12,3,1,1,30,151.64,0
0,1,41,0,1347,52,39,0,2,1,1,25,129.238,1
10,0,25,0,1225,32,19,13,2,1,1,25,142.065,0
20,0,46,2,4763,82,23,43,1,1,1,15,392.975,0
1,0,40,0,0,50,3,18,3,1,2,30,17.454,1
0,0,33,0,3181,56,1,7,4,1,2,30,0.0,1
0,0,45,0,500,25,69,1,3,1,2,25,46.68,1
0,0,35,0,1065,34,17,5,3,1,2,30,111.96,0
10,0,37,0,2453,60,359,24,3,1,1,30,1536.52,0
6,0,43,0,385,8,17,6,2,1,2,25,94.185,1
0,1,30,0,0,0,0,0,2,1,2,25,0.0,1
0,0,9,0,3869,12,31,4,2,1,2,25,16.885,1
0,0,32,0,2780,19,0,12,3,1,1,30,111.96,0
0,0,34,0,1173,18,0,1,3,1,1,30,47.64,0
9,0,42,0,946,17,9,9,4,1,2,30,173.466,1
3,0,38,0,743,12,7,3,4,1,2,45,36.375,1
0,1,45,0,689,9,67,12,3,1,2,30,0.0,1
7,0,12,2,2773,43,21,15,3,1,1,30,196.64,0
0,0,41,0,1106,25,13,5,3,1,1,25,725.409,1
5,0,34,0,305,6,7,2,4,1,2,45,25.275,1
14,0,38,0,15675,182,125,28,2,1,1,25,1276.065,0
22,1,11,2,1703,0,17,6,3,1,1,30,147.293,1
3,0,13,2,4470,42,225,14,3,1,1,30,1080.48,0
6,0,36,0,2780,53,175,23,2,1,1,25,914.985,0
0,1,23,0,1226,51,3,22,3,1,1,30,0.0,1
0,1,41,0,456,11,32,12,3,1,1,45,56.477,1
0,1,38,0,0,14,70,0,4,1,2,30,395.251,1
0,0,37,0,2385,16,458,8,3,1,1,30,1928.04,0
0,1,42,0,3964,23,16,0,4,1,1,30,18.749,1
0,0,3,0,4085,28,200,7,2,1,1,25,1085.085,0
5,0,32,1,305,6,7,2,3,1,1,30,40.44,0
2,0,41,0,1853,27,10,24,2,1,1,25,21.504,1
0,0,22,1,1818,7,21,20,3,1,2,30,36.511,1
7,0,40,0,1015,20,20,10,3,1,2,30,121.4,0
0,1,41,0,2489,14,53,25,4,1,2,25,43.583,1
0,0,35,0,958,14,0,6,3,1,1,30,38.88,0
0,1,36,1,1075,22,0,0,2,2,1,30,0.0,1
5,0,36,0,857,82,40,0,3,1,1,30,131.363,1
2,0,31,0,1536,69,27,4,2,1,2,45,67.462,1
17,0,44,3,4160,90,49,34,3,1,1,30,366.0,0
10,0,33,2,583,18,6,9,2,1,2,30,30.129,1
10,0,36,0,2338,54,327,20,2,1,1,25,1579.14,0
0,1,11,2,1069,6,14,0,3,1,1,55,79.833,1
5,0,29,0,1245,22,60,9,4,1,2,45,181.675,0
0,0,43,0,1240,22,67,4,3,1,1,25,18.776,1
7,0,17,3,2447,40,13,21,3,1,1,30,151.48,0
15,0,42,3,9115,127,152,44,3,1,1,30,977.68,0
2,0,33,0,7428,125,374,39,2,1,1,25,2022.885,0
4,0,38,1,3095,27,483,8,3,1,1,30,2056.88,0
6,0,42,0,1348,23,46,1,3,1,1,30,88.511,1
0,1,37,0,902,60,5,21,3,1,1,30,211.887,1
9,0,28,1,1505,36,168,9,2,2,1,25,825.345,0
16,0,18,0,2179,100,12,8,4,1,2,25,0.0,1
7,0,11,2,4695,46,222,12,3,1,1,30,1077.64,0
1,0,28,0,6785,91,6,21,4,1,1,45,186.9,0
6,0,40,0,15180,182,151,29,2,1,1,25,1370.79,0
0,1,35,1,2194,24,9,0,2,1,1,25,81.412,1
7,0,37,1,3194,24,31,26,2,1,2,25,20.082,1
18,0,17,1,6638,144,87,42,2,2,1,25,696.69,0
0,1,37,0,701,26,44,0,2,1,2,25,234.89,1
0,0,4,0,830,22,7,2,2,1,2,25,27.861,1
17,0,40,1,155,11,37,0,5,1,1,30,48.549,1
13,0,39,1,2513,63,364,26,3,1,1,30,1559.04,0
0,0,19,0,520,4,6,2,4,1,2,45,28.1,0
13,0,40,1,6413,102,23,17,3,1,1,30,352.6,0
3,0,34,0,1180,14,0,12,2,1,2,25,53.73,0
6,0,42,0,3333,26,2,32,4,1,2,30,113.654,1
0,0,43,2,1817,42,10,0,2,1,2,30,263.71,1
25,1,45,0,1954,17,16,0,4,1,1,45,33.993,1
0,1,30,0,608,9,22,22,2,1,1,25,233.605,1
20,0,36,0,650,47,17,16,3,1,2,30,95.88,1
1,1,41,1,83,36,38,0,3,1,1,25,125.258,1
15,0,26,0,1415,32,7,11,2,1,1,25,96.615,0
3,0,36,0,1780,50,70,24,4,1,2,45,220.75,0
14,1,45,0,6008,19,71,7,3,1,2,30,0.0,1
9,0,39,0,2550,39,260,16,3,1,1,30,1143.56,0
9,0,36,0,2268,44,34,31,3,1,2,30,228.48,1
0,1,45,0,106,18,204,0,2,1,2,30,0.0,1
3,0,32,2,6850,111,273,34,2,2,1,25,1541.745,0
6,0,7,1,4615,44,212,8,3,1,1,30,1034.36,0
0,1,42,0,1079,17,13,9,2,1,1,25,38.058,1
7,1,45,0,122,5,29,0,2,1,2,25,6.824,1
8,0,25,0,585,20,12,8,2,1,2,25,81.225,0
20,0,32,2,14880,215,39,26,3,1,1,30,759.8,0
16,0,28,0,470,33,0,10,2,1,2,25,22.635,1
12,0,25,0,1415,33,28,16,2,1,1,25,191.16,0
7,0,30,0,5433,90,9,18,2,1,1,25,289.035,1
0,1,41,1,1896,14,204,0,3,1,2,30,32.176,1
0,1,29,1,1436,100,24,4,4,1,1,45,92.608,1
5,1,11,1,1193,15,7,2,3,1,1,30,76.32,1
3,0,37,0,7508,127,384,43,2,1,1,25,2071.575,0
7,1,3,0,241,14,0,10,3,1,1,25,39.775,1
32,0,33,4,16570,245,16,85,2,2,1,25,828.675,0
8,0,34,0,5513,92,19,22,2,1,1,25,337.725,1
14,1,38,0,240,13,3,1,3,1,1,30,78.103,1
5,0,39,0,305,6,7,2,2,1,2,25,45.495,1
4,0,31,0,2780,47,167,22,2,1,1,25,878.715,0
1,0,25,0,1200,31,195,12,2,2,1,25,932.895,0
5,0,41,0,4065,71,6,16,3,1,1,30,189.44,0
4,0,31,1,465,12,11,10,3,1,1,30,59.603,1
6,1,18,1,534,17,204,0,4,1,2,30,0.0,1
1,1,35,1,2489,18,9,10,3,1,1,25,24.486,1
13,0,41,1,3265,67,193,30,2,1,1,25,1018.44,0
0,1,23,2,2098,18,204,2,4,1,2,25,46.178,1
6,1,5,0,634,47,10,0,2,1,2,30,45.819,1
5,1,40,0,3578,41,16,0,3,1,2,25,0.0,1
4,0,40,0,4145,67,8,19,2,1,1,25,225.54,0
8,1,28,0,433,23,31,27,2,1,2,45,0.0,1
7,0,36,0,4083,61,3,36,1,1,1,15,244.42,0
0,0,29,1,1090,32,196,13,2,2,1,25,932.49,0
0,0,42,0,3018,24,10,8,2,1,1,25,306.839,1
3,0,27,0,1163,34,12,70,4,1,1,45,59.925,0
4,0,35,0,15180,176,143,28,2,1,1,25,1334.52,0
0,0,27,2,1685,21,20,15,2,1,1,45,96.422,1
0,0,44,0,1588,71,38,19,4,1,1,45,0.0,1
6,0,44,0,0,52,46,5,2,1,1,25,40.671,1
0,0,34,0,955,33,13,20,3,1,2,30,91.52,0
0,1,35,0,4230,22,16,0,4,1,2,25,81.483,1
5,0,38,0,3164,27,43,11,3,2,2,45,278.544,1
2,0,36,0,3718,82,2,28,2,1,1,25,180.0,0
3,1,41,1,1913,5,56,7,2,1,2,25,11.388,1
19,0,39,3,3358,76,387,41,3,1,1,30,1685.36,0
4,1,37,0,635,20,1,7,3,1,1,30,0.0,1
4,1,20,0,0,18,14,26,3,1,1,30,11.364,1
0,0,36,0,4418,100,43,3,3,1,1,30,78.243,1
27,0,31,3,16265,239,9,83,2,1,1,25,783.18,0
0,0,36,0,2333,55,0,31,1,1,1,15,131.34,0
1,0,31,1,1797,65,3,0,4,1,1,30,0.0,1
0,0,16,0,1580,21,30,15,2,1,1,25,207.045,0
9,0,41,0,366,6,204,0,3,2,1,45,61.881,1
5,0,40,0,2013,50,11,19,3,1,2,30,126.52,0
1,1,37,1,2759,6,43,0,4,1,1,45,122.817,1
0,0,33,0,3859,16,38,1,2,1,2,45,16.849,1
0,0,45,0,1699,11,15,6,2,1,2,30,89.879,1
5,0,6,1,4695,40,214,11,3,1,1,30,1045.4,0
1,0,36,0,1668,25,0,6,3,1,1,30,67.72,0
4,0,33,0,2600,45,164,18,2,1,1,25,857.025,0
12,0,39,1,4705,83,7,23,3,1,1,30,219.52,0
12,0,29,0,405,21,7,2,3,1,2,30,45.04,0
0,0,33,0,0,0,0,0,2,1,2,25,0.0,0
0,0,23,0,2920,55,1,21,3,1,1,30,123.0,0
0,1,26,0,500,24,65,19,2,1,2,25,0.0,1
0,0,40,0,2135,35,288,20,3,1,1,30,1238.8,0
15,1,37,0,2978,55,42,31,3,1,2,30,289.32,1
9,0,21,0,1145,30,9,9,2,1,1,25,93.375,0
2,0,33,0,6420,84,176,22,3,1,1,30,964.16,0
3,0,35,0,6413,69,101,35,2,1,1,25,746.19,0
2,0,10,2,4505,46,247,14,3,1,1,30,1170.04,0
23,1,33,0,955,47,16,17,2,1,2,25,117.09,1
14,0,44,0,2303,22,14,0,4,1,2,25,46.612,1
0,1,35,0,365,32,81,2,3,1,2,25,66.969,1
5,0,14,2,2737,40,33,20,3,1,1,30,243.08,0
0,0,18,0,1744,76,0,0,2,1,2,30,0.0,1
1,0,32,0,6233,61,90,30,2,1,1,25,688.23,0
1,0,39,1,0,22,8,0,3,1,2,30,61.978,1
0,1,44,0,1082,21,13,37,4,1,1,30,195.049,1
22,0,36,2,15025,220,56,33,3,1,1,30,833.8,0
5,1,45,0,1536,19,15,27,2,1,2,30,108.995,1
1,1,44,1,1719,29,12,0,3,1,1,25,19.19,1
9,0,41,0,4369,55,89,19,3,1,1,30,120.591,1
0,1,45,0,3096,21,0,0,3,1,2,25,109.839,1
0,1,28,0,556,2,33,13,3,1,1,25,0.0,1
2,0,39,0,2221,27,45,0,2,1,1,30,0.0,1
5,1,3,0,282,20,30,2,5,1,1,25,58.817,1
0,0,33,0,3538,74,0,23,2,1,1,25,162.54,0
17,0,46,2,14338,185,22,52,3,1,1,30,668.92,0
2,0,36,0,323,3,9,5,3,1,2,30,49.04,1
17,0,19,0,6098,137,71,29,2,2,1,25,600.075,0
13,0,17,0,8638,167,59,27,5,1,1,55,220.575,0
16,0,13,1,6438,137,77,38,2,2,1,25,642.375,0
27,0,45,0,1505,18,9,34,3,1,2,30,0.102,1
2,0,35,1,2915,19,472,3,3,1,1,30,2005.36,0
9,0,38,1,3530,79,30,28,3,1,1,30,264.36,0
1,1,35,0,952,14,8,0,3,1,1,30,258.147,1
3,1,42,0,2683,75,41,0,3,1,1,25,0.397,1
3,1,39,0,0,19,14,24,3,1,2,25,68.973,1
7,0,15,0,5488,125,57,25,1,2,1,15,622.215,0
6,1,32,2,1985,100,11,0,2,1,1,25,41.616,1
0,1,40,0,2649,22,85,0,3,1,2,25,238.42,1
7,1,39,0,258,53,25,6,3,1,1,25,65.09,1
6,0,39,2,6615,91,184,25,3,1,1,30,1004.24,0
0,0,33,0,2085,60,7,0,2,1,2,25,93.968,1
13,0,45,2,6223,107,22,15,3,1,1,30,341.2,0
11,0,37,1,4495,69,7,14,3,1,1,30,210.56,0
0,0,34,0,0,0,0,0,2,1,2,25,0.0,0
25,1,31,3,16075,238,0,80,2,1,1,25,734.085,0
2,0,36,0,4210,77,0,23,3,1,1,30,171.48,0
5,0,40,1,770,17,18,10,3,1,1,30,103.48,0
0,1,39,1,1543,5,13,5,3,1,2,30,0.0,1
0,1,40,0,1450,10,85,14,2,1,2,30,166.501,1
6,0,32,2,6910,95,10,19,5,1,1,55,120.075,0
0,0,37,0,0,28,12,2,3,1,2,30,7.217,1
1,0,35,0,701,65,10,0,4,1,1,25,89.911,1
14,0,15,1,9178,174,75,40,5,1,1,55,252.78,0
7,0,35,0,1826,25,204,1,4,1,2,25,23.466,1
13,0,34,0,2758,60,358,25,2,1,1,25,1737.81,0
6,0,36,2,4810,87,16,38,3,1,1,30,259.88,0
13,0,41,2,9070,125,152,47,3,1,1,30,975.8,0
4,0,34,0,1963,38,27,29,3,1,2,30,188.04,1
0,1,39,0,519,79,49,15,2,1,2,25,4.641,1
0,1,39,0,3011,53,56,0,4,1,2,30,27.358,1
0,0,32,0,635,30,43,9,3,1,2,45,0.0,1
10,0,40,2,8810,121,145,42,3,1,1,30,937.24,0
6,0,33,0,2875,36,11,17,2,1,2,25,180.495,1
3,0,37,1,6500,86,186,26,3,1,1,30,1007.44,0
3,0,41,0,4000,16,38,4,3,1,2,30,242.664,1
0,0,42,0,3865,20,52,0,3,1,2,25,0.0,1
0,1,45,0,6123,100,73,22,3,1,2,25,134.38,1
0,0,18,2,469,64,31,7,2,1,2,25,2.068,1
3,0,39,0,1848,33,11,11,3,1,1,30,119.24,0
20,0,42,0,1159,14,42,9,3,1,2,30,0.0,1
0,0,38,0,990,20,32,15,2,1,2,25,189.45,0
0,1,32,0,0,7,21,4,3,1,2,45,48.71,1
12,0,39,2,11770,160,18,49,4,1,1,45,343.25,0
9,1,15,3,1873,27,17,13,3,1,1,30,144.0,1
17,0,16,0,9123,171,48,38,4,1,1,45,352.35,0
0,0,42,0,0,13,54,44,3,1,2,45,65.811,1
3,0,38,0,2393,58,2,33,1,1,1,15,145.805,0
1,0,32,0,4130,75,0,19,3,1,1,30,168.2,0
4,1,7,0,774,22,24,7,2,1,2,30,0.0,1
36,0,34,5,17090,255,15,82,2,2,1,25,848.025,0
7,0,42,1,4470,87,10,29,3,1,1,30,222.28,0
4,1,42,0,411,19,24,7,4,2,1,45,83.491,1
11,0,35,1,11690,158,8,45,4,1,1,45,316.2,0
0,1,43,1,1238,18,34,4,2,1,2,30,213.859,1
4,0,31,3,6785,108,260,28,2,2,1,25,1480.185,0
0,0,34,0,428,6,14,15,3,1,2,30,73.36,1
9,0,10,0,6087,129,70,39,1,2,1,15,726.88,0
9,0,39,3,7170,105,31,28,5,1,1,55,155.625,0
7,0,26,0,1100,34,23,16,2,1,1,25,154.53,0
3,1,34,0,2280,30,0,16,2,1,2,25,103.95,1
4,0,39,0,918,15,28,19,3,1,2,30,149.32,0
2,0,42,2,353,26,0,5,3,1,1,30,22.096,1
9,0,20,4,2933,47,41,23,3,1,1,30,283.2,0
1,0,37,0,3805,72,0,25,3,1,1,30,155.08,0
4,0,5,0,47,100,30,20,2,1,2,30,0.0,1
0,0,32,0,0,0,0,0,2,1,2,25,0.0,0
19,0,36,8,10190,90,0,42,4,1,1,45,257.0,0
0,0,27,0,6400,89,0,16,4,1,1,45,162.225,0
3,1,44,0,968,0,0,12,2,1,1,45,0.0,1
0,0,33,0,2703,65,0,26,2,1,1,25,124.56,0
10,0,45,2,2698,70,17,36,2,1,1,25,201.06,0
15,1,41,0,3375,49,26,22,3,1,2,30,240.96,1
7,0,35,1,3550,33,8,14,3,1,1,30,175.32,0
1,0,40,0,1623,29,8,10,3,1,1,30,98.08,0
6,0,35,2,6845,100,19,24,5,1,1,55,132.675,0
3,0,37,0,3020,30,11,19,3,1,1,30,166.0,0
7,0,43,3,643,16,19,5,5,1,1,55,38.385,0
0,0,32,0,978,23,8,15,3,1,1,45,0.0,1
14,0,42,2,11950,168,29,54,4,1,1,45,375.45,0
0,0,39,0,668,60,28,25,4,2,2,45,0.0,1
5,0,44,2,0,100,204,1,2,1,2,30,0.0,1
0,0,14,0,1948,29,3,2,3,1,1,30,91.08,0
22,0,38,7,10140,89,7,29,5,1,1,55,163.935,0
25,0,31,3,16075,238,0,80,2,2,1,25,734.085,0
6,0,39,2,657,23,0,2,4,1,1,30,9.317,1
1,0,6,0,4109,62,13,17,2,1,2,30,0.0,1
0,0,30,0,0,27,13,36,2,1,1,30,237.805,1
7,0,38,0,13773,169,0,44,3,1,1,30,557.68,0
1,0,34,0,1873,45,0,13,3,1,2,30,76.72,0
0,0,32,1,0,17,32,0,2,1,2,25,45.188,1
0,0,27,0,3000,57,11,25,3,1,1,30,166.28,0
4,0,34,0,1963,38,27,29,3,1,2,30,188.04,1
1,1,39,0,2727,16,5,7,3,1,2,45,437.737,1
9,1,36,0,2268,44,34,31,3,1,2,30,228.48,1
7,1,40,0,1107,26,42,0,3,1,2,30,171.249,1
5,1,41,0,737,9,76,0,2,1,2,25,1.819,1
4,1,34,0,3514,13,83,24,4,1,1,25,54.179,1
3,0,38,0,3915,73,0,10,3,1,1,30,159.52,0
0,0,40,0,1852,15,78,8,2,1,1,30,98.179,1
2,1,22,1,263,3,74,3,3,1,1,30,0.0,1
5,0,38,1,4325,82,0,22,3,1,1,30,176.28,0
2,0,38,1,6095,81,168,28,3,1,1,30,919.04,0
7,0,37,0,0,57,68,0,2,1,2,30,62.576,1
0,0,28,0,600,6,24,5,4,1,2,45,75.15,0
0,0,4,0,3063,21,68,0,2,1,2,30,45.687,1
6,0,20,1,3758,68,21,2,2,1,1,25,23.241,1
9,0,40,1,2665,45,292,20,3,1,1,30,1276.4,0
4,0,44,0,347,24,49,7,4,1,2,30,138.96,1
8,0,43,2,6760,96,201,32,3,1,1,30,1078.24,0
3,0,36,0,0,100,14,0,3,1,2,30,48.69,1
0,0,32,0,2345,15,0,9,3,1,1,30,94.4,0
1,0,44,0,43,63,8,48,3,1,2,30,363.146,1
0,0,15,2,1578,23,59,30,3,1,2,25,235.991,1
5,0,36,0,305,6,7,2,3,1,2,30,40.44,1
15,0,14,1,9058,169,69,37,5,1,1,55,241.905,0
7,0,29,0,475,21,13,9,2,1,2,25,80.82,0
14,0,40,2,5898,100,36,28,2,1,1,25,431.91,1
6,0,33,0,4370,65,0,16,2,1,1,25,199.575,0
5,0,22,0,305,6,13,2,4,1,2,45,40.275,0
0,1,40,0,3976,23,12,11,3,1,1,30,70.261,1
0,1,20,3,3246,60,35,24,3,1,2,25,0.0,1
3,1,37,0,2650,54,84,0,4,2,2,30,144.246,1
3,0,37,0,4180,71,30,19,3,1,1,30,290.04,0
9,1,36,0,5218,88,5,9,2,1,1,25,261.27,1
9,0,38,2,3205,31,12,18,3,1,1,30,177.44,0
0,0,40,0,405,13,13,2,3,1,1,45,0.0,1
0,0,5,2,371,18,6,5,5,1,1,25,0.0,1
0,1,44,2,1504,67,65,39,4,1,1,30,19.059,1
2,0,14,0,0,53,12,11,4,1,2,30,62.97,1
16,0,46,2,6483,111,29,20,3,1,1,30,379.76,0
11,0,36,0,2858,65,360,22,2,1,1,25,1751.535,0
14,0,38,0,2573,50,41,33,4,1,2,45,168.075,1
5,0,35,0,2515,47,51,0,4,1,2,30,284.039,1
15,0,18,2,966,84,6,25,4,1,2,45,99.117,1
1,1,38,0,1556,28,43,26,2,1,2,25,163.651,1
0,0,43,0,2592,6,32,17,2,1,2,25,145.54,1
2,1,37,0,547,100,7,4,3,1,1,30,14.012,1
7,0,40,2,3155,30,488,10,3,1,1,30,2079.4,0
10,0,29,0,1180,36,27,17,2,1,1,25,176.22,0
14,0,26,0,825,23,7,4,3,1,2,30,61.92,0
1,1,36,0,125,65,28,15,4,1,1,30,177.149,1
10,0,43,1,4370,77,13,18,3,1,1,30,229.88,0
0,1,45,0,1275,65,14,3,2,1,2,25,144.683,1
9,0,45,0,1235,23,13,6,4,1,1,30,31.684,1
1,0,41,0,955,16,10,15,2,1,2,25,88.695,0
7,0,45,0,2237,18,15,3,2,1,2,25,67.173,1
1,1,42,0,2007,24,73,1,4,1,2,30,0.0,1
0,1,42,0,0,0,26,6,4,1,2,25,0.0,1
9,0,15,0,5897,134,69,37,1,2,1,15,711.205,0
2,0,44,4,0,11,23,3,2,1,2,45,195.074,1
4,0,37,0,1475,24,21,26,2,1,2,25,161.955,0
0,0,42,0,933,6,19,41,3,1,2,25,202.88,1
4,0,37,0,413,14,57,0,2,1,2,25,0.0,1
10,1,44,0,1193,23,31,12,4,1,2,45,107.9,1
6,0,38,0,4125,68,3,17,2,1,1,25,202.185,0
8,0,41,2,1240,23,12,15,2,1,1,25,110.835,0
0,1,29,2,330,14,59,0,3,1,2,30,108.806,1
0,0,27,0,2096,78,16,0,4,1,2,30,0.0,1
10,0,42,0,4153,70,9,39,1,1,1,15,281.765,0
4,0,30,0,0,80,0,6,3,1,1,30,246.91,1
5,1,17,0,1573,20,6,48,3,1,1,45,12.573,1
18,0,45,1,103,24,19,3,4,1,2,30,169.468,1
7,0,24,1,1620,36,192,12,2,2,1,25,938.52,0
0,1,36,1,1920,46,14,15,2,1,2,25,0.0,1
0,1,30,0,0,0,0,0,5,1,1,55,0.0,1
5,0,34,2,3440,32,21,29,3,1,1,30,222.88,0
7,0,27,1,3530,67,15,25,3,1,1,30,203.88,0
15,0,38,3,4375,92,53,43,3,1,1,30,390.68,0
17,1,33,1,1199,21,9,15,3,1,1,45,0.0,1
3,0,40,0,0,45,62,2,2,1,2,30,164.14,1
4,0,24,0,515,21,0,13,2,1,1,25,24.12,0
0,1,45,0,1817,28,62,5,2,1,2,25,64.587,1
1,0,40,0,0,20,13,2,2,1,2,25,35.639,1
0,0,41,0,2103,16,4,13,2,1,2,25,84.534,1
1,0,30,0,0,25,0,9,3,1,1,30,118.836,1
25,1,45,2,1845,62,68,28,2,1,2,25,24.529,1
9,0,38,0,2238,54,8,17,3,1,2,30,123.68,0
23,0,36,8,10680,96,7,42,5,1,1,55,172.14,0
9,0,27,1,3720,68,24,28,3,1,1,30,247.52,0
0,1,41,0,2588,60,4,13,4,1,2,25,385.19,1
25,0,34,3,15185,221,46,28,3,1,1,30,800.24,0
0,0,37,0,0,0,0,0,2,1,2,25,0.0,0
3,1,13,0,1338,23,11,0,4,1,2,30,41.115,1
6,0,43,0,3503,20,204,39,2,1,2,30,0.0,1
30,1,40,0,1260,59,31,20,3,1,2,30,176.76,1
0,1,33,0,0,0,0,0,2,1,2,25,0.0,1
0,0,35,0,7448,124,379,41,2,1,1,25,2046.24,0
0,0,41,0,3102,9,50,0,4,1,1,30,62.739,1
8,0,41,2,11545,156,21,51,4,1,1,45,345.025,0
0,0,42,0,1399,63,73,42,3,1,2,30,261.702,1
0,0,40,0,0,20,59,7,2,1,1,30,0.0,1
12,0,39,2,11770,160,18,49,4,1,1,45,343.25,0
10,0,39,2,6995,93,202,31,3,1,1,30,1091.52,0
0,1,41,0,1884,66,2,12,2,1,2,30,111.598,1
1,0,42,4,0,21,55,33,4,1,2,25,458.291,1
9,0,35,1,3594,9,0,9,3,1,2,45,21.704,1
5,1,31,1,423,79,36,9,3,1,1,30,195.475,1
0,0,37,0,1653,22,8,1,2,1,2,30,92.395,1
1,0,20,0,3761,17,14,7,4,1,2,30,0.0,1
0,0,45,0,1902,17,42,0,3,1,2,45,0.0,1
17,0,37,5,7980,133,286,35,3,2,1,30,1468.52,0
9,0,14,2,4875,54,233,17,3,1,1,30,1129.16,0
13,0,12,3,5405,57,230,12,3,1,1,30,1138.48,0
20,0,29,2,15770,232,0,78,2,1,1,25,720.09,0
3,0,14,0,3019,28,12,11,3,1,2,30,0.0,1
5,0,17,1,1820,24,24,11,3,1,1,30,169.76,0
0,0,43,0,2370,100,8,7,3,1,2,30,239.902,1
0,1,44,0,3624,47,16,0,3,1,1,25,0.0,1
6,0,23,0,1536,24,204,3,2,1,2,25,0.0,1
17,0,43,1,4683,80,19,42,1,1,1,15,366.465,0
10,0,29,2,3590,70,20,27,3,1,1,30,226.4,0
5,0,35,0,1855,45,47,23,3,1,2,30,264.0,0
3,0,37,0,1043,23,26,4,3,1,1,25,70.984,1
5,0,14,1,1740,22,20,10,2,1,1,25,169.29,0
2,1,33,0,2495,34,0,11,2,1,2,25,113.805,1
14,0,41,2,3408,75,17,35,2,1,1,25,233.235,0
0,0,37,0,0,0,9,0,2,1,2,25,40.5,0
6,0,36,1,3145,28,7,16,3,1,1,30,154.92,0
1,0,32,0,13388,161,0,38,3,1,1,30,541.96,0
0,1,38,0,284,19,4,14,4,1,2,30,116.489,1
0,1,42,0,775,100,0,2,4,1,2,25,0.0,1
0,0,44,0,4926,22,11,18,2,1,1,45,965.96,1
0,0,22,0,830,22,175,4,2,2,1,25,825.84,0
0,0,35,0,0,47,12,8,3,1,2,30,0.0,1
0,0,37,0,8,4,4,5,3,1,2,30,16.48,1
18,0,45,3,4080,94,47,31,3,1,1,30,354.96,0
3,0,39,1,2508,64,34,37,2,1,1,25,268.74,0
4,0,39,1,6493,71,111,39,2,1,1,25,794.88,0
20,0,35,1,14720,213,15,26,2,1,1,25,739.485,0
25,0,30,2,15960,232,0,76,2,1,1,25,728.64,0
7,0,39,2,4138,94,41,34,3,1,1,30,333.28,0
7,0,45,0,1522,17,25,17,3,1,2,25,164.442,1
5,0,35,0,1910,47,40,20,3,1,2,30,238.28,0
1,1,17,2,1603,3,7,48,2,1,1,30,289.021,1
15,0,42,0,2059,14,64,5,4,1,1,25,10.537,1
0,1,40,0,4289,67,36,2,3,1,1,30,356.25,1
0,0,35,0,1378,41,0,31,1,1,1,15,78.045,0
2,1,30,0,2505,27,0,9,2,1,2,25,113.94,1
3,0,13,0,8028,155,45,23,4,1,1,45,317.075,0
18,1,27,0,695,37,1,11,2,1,2,25,37.44,1
0,0,34,0,0,0,0,0,2,1,2,25,0.0,1
6,0,38,1,2605,42,287,18,3,1,1,30,1253.88,0
0,1,29,0,817,19,6,36,4,1,2,45,96.047,1
9,0,40,0,4075,67,7,4,3,1,1,30,193.68,0
0,1,31,0,0,27,63,1,2,1,1,30,173.649,1
7,0,29,2,1430,41,191,10,3,2,1,30,822.84,0
0,1,45,1,1122,18,2,29,2,1,2,25,0.0,1
6,0,25,0,395,19,3,5,2,1,2,25,32.13,0
5,0,37,0,1370,40,24,7,3,1,2,30,152.4,0
9,0,40,0,0,15,26,10,3,1,1,30,0.0,1
0,1,41,1,1337,1,7,0,3,1,1,30,31.819,1
5,0,35,0,3778,54,0,29,1,1,1,15,210.76,0
13,0,22,0,1530,32,18,14,2,1,1,25,151.29,0
29,1,39,0,1340,55,33,23,3,1,2,30,187.8,1
25,0,42,3,15095,229,62,36,3,1,1,30,860.96,0
14,0,24,0,1005,25,9,8,2,1,2,25,86.85,0
8,0,39,0,549,100,40,9,2,1,2,55,0.0,1
0,0,27,0,1100,28,16,12,3,1,2,30,109.12,0
13,0,39,4,7450,130,289,40,3,2,1,30,1459.2,0
5,0,36,0,1668,34,13,16,3,1,2,30,120.08,1
11,1,44,0,1179,37,4,18,3,1,1,25,74.769,1
6,1,38,2,842,10,7,4,2,1,2,25,208.366,1
4,0,45,0,2221,9,8,32,2,1,2,30,226.698,1
0,1,44,0,2263,22,12,24,3,1,2,25,0.0,1
6,0,43,2,3095,33,491,9,4,1,1,45,1305.7,0
4,0,36,0,3280,75,16,23,2,1,1,25,222.975,0
7,0,44,0,803,19,25,11,3,1,2,30,132.88,0
11,0,38,1,3085,59,182,25,2,1,1,25,960.48,0
2,0,39,0,808,15,20,9,4,1,2,45,70.575,1
5,0,40,0,825,19,11,7,3,1,2,30,77.76,0
3,0,39,0,5793,97,11,15,2,1,1,25,314.55,0
8,0,24,1,1793,43,27,66,4,1,1,45,113.4,0
8,0,21,0,2145,2,15,4,2,1,2,30,61.095,1
22,1,40,9,10515,95,11,46,5,1,1,55,175.65,0
0,1,37,0,55,53,28,1,4,1,2,30,10.085,1
0,0,41,1,2305,19,53,6,4,1,1,25,0.0,1
5,0,11,2,4450,43,220,12,3,1,1,30,1059.72,0
5,1,29,0,160,68,13,7,2,1,2,45,27.668,1
9,1,36,3,0,27,31,39,4,1,2,45,9.516,1
18,0,38,2,9305,121,119,41,3,1,1,30,853.04,0
7,0,43,0,1216,15,15,0,3,1,1,45,35.533,1
4,0,38,0,2360,39,285,18,3,1,1,30,1235.96,0
0,0,37,0,0,0,0,0,2,1,2,25,0.0,0
1,0,45,0,1974,23,43,12,3,1,1,25,30.545,1
6,0,32,1,2825,49,167,19,2,1,1,25,880.83,0
5,0,41,0,623,11,14,6,3,1,2,30,81.36,0
4,1,34,0,972,26,82,17,2,1,2,30,121.62,1
0,0,34,0,13408,160,0,40,3,1,1,30,542.72,0
3,1,34,0,994,12,7,34,3,2,2,25,66.59,1
4,0,15,0,2225,78,32,45,3,1,2,25,41.426,1
18,0,24,1,15770,226,0,77,2,1,1,25,719.82,0
10,0,21,1,1270,28,11,9,2,1,1,25,107.91,0
7,0,6,4,2409,8,70,21,2,1,2,30,43.842,1
0,1,42,0,764,21,9,5,3,1,2,45,0.0,1
0,0,17,0,1155,0,37,17,2,1,1,55,0.0,1
0,0,36,0,1865,32,269,13,3,1,1,30,1151.88,0
15,0,29,0,590,38,4,13,2,1,2,25,46.26,1
0,0,38,0,0,0,27,0,2,1,2,25,78.653,1
20,0,31,0,840,42,18,18,2,1,2,25,120.69,1
2,1,36,0,1460,19,11,37,4,1,2,25,0.0,1
0,0,40,0,0,63,22,0,4,1,2,45,214.756,1
20,0,17,3,6993,151,106,57,2,2,1,25,798.48,0
10,0,37,1,13898,167,7,41,3,1,1,30,590.6,0
8,0,22,0,1045,24,8,8,2,1,1,25,84.105,0
0,0,42,0,2513,13,33,0,3,1,2,45,163.33,1
3,1,38,0,2014,0,16,11,4,1,2,45,113.756,1
30,0,40,4,15445,231,61,34,3,2,1,30,871.04,0
18,0,38,2,6123,104,33,26,2,1,1,25,428.715,0
19,1,9,2,0,17,14,2,3,1,2,30,358.52,1
0,0,30,0,1180,30,20,13,3,1,2,30,128.4,0
16,1,22,0,4009,9,69,0,3,1,2,45,487.606,1
15,1,39,0,0,48,78,0,4,2,2,25,0.0,1
7,1,45,0,751,16,0,10,4,1,2,30,60.035,1
0,0,43,4,6123,43,13,0,4,1,1,30,351.947,1
16,0,40,4,5420,99,30,42,3,1,1,30,340.76,0
1,0,20,0,1051,1,15,0,3,1,2,45,26.538,1
26,0,33,2,15780,234,7,67,2,1,1,25,752.13,0
0,0,35,2,877,52,0,0,3,1,2,30,103.655,1
4,0,43,0,2877,65,41,2,3,1,1,45,118.657,1
5,0,38,2,643,10,11,4,5,1,1,55,26.295,0
0,0,35,0,1507,21,13,0,2,1,2,25,51.075,1
4,0,25,0,205,18,0,2,2,1,2,25,10.035,0
19,0,33,8,10255,85,0,37,5,1,1,55,155.1,0
7,0,20,1,2000,32,35,16,3,1,1,30,221.28,0
10,1,38,0,476,59,67,1,2,1,2,30,0.0,1
5,1,40,0,732,17,4,30,2,1,2,30,55.751,1
5,0,38,0,1065,14,7,9,2,1,2,25,80.055,0
0,0,38,0,1126,27,53,48,3,1,2,45,482.993,1
28,0,43,10,10740,105,16,45,5,2,1,55,186.675,0
11,0,38,0,2483,57,10,17,3,1,2,30,141.6,0
16,0,40,3,14678,185,28,61,3,1,1,30,706.52,0
7,0,9,0,8673,161,58,34,4,1,1,45,365.85,0
0,1,45,0,1928,19,46,2,5,1,2,30,62.975,1
9,0,29,2,1988,51,69,74,5,1,1,55,134.085,0
0,0,37,0,5208,84,0,12,2,1,1,25,238.14,0
4,0,11,0,8568,162,61,36,4,1,1,45,370.75,0
6,0,33,0,781,56,5,8,2,1,2,30,326.743,1
5,0,37,0,2375,48,157,25,2,1,1,25,815.535,0
8,0,40,2,7928,139,423,49,3,1,1,30,2014.68,0
3,1,38,0,2549,28,2,33,2,1,1,25,46.088,1
1,1,37,0,1824,26,13,12,4,1,1,30,0.0,1
4,0,38,1,3794,63,81,19,5,1,1,45,0.0,1
7,0,40,1,2860,55,185,27,2,1,1,25,963.675,0
11,0,36,2,6843,73,104,34,2,1,1,25,779.22,0
11,0,34,1,3820,78,24,24,3,1,1,30,251.92,0
0,0,24,0,1263,33,23,66,4,1,1,45,89.9,0
6,0,34,1,6538,67,97,32,2,1,1,25,733.725,0
10,0,39,2,3805,38,491,8,3,1,1,30,2117.72,0
6,0,39,1,7623,132,382,42,3,1,1,30,1838.2,0
0,1,41,0,5867,68,45,4,3,1,2,45,0.0,1
0,0,26,0,635,9,12,1,4,1,2,45,46.1,0
9,0,33,0,3085,53,174,24,2,1,1,25,924.21,0
5,0,14,2,2793,42,26,17,3,1,1,30,217.4,0
1,0,38,0,2203,57,0,30,1,1,1,15,124.3,0
7,0,15,2,4650,50,230,16,3,1,1,30,1108.0,0
11,0,38,1,3775,82,32,28,3,1,1,30,282.28,0
1,1,42,0,4880,73,77,0,2,1,2,25,79.531,1
12,0,37,0,223,67,44,0,2,1,1,25,33.667,1
8,0,35,1,15780,186,164,43,2,1,1,25,1456.47,0
12,0,37,1,4180,87,33,26,3,1,1,30,302.68,0
26,0,38,9,10740,99,8,44,5,2,1,55,174.585,0
0,0,36,0,2051,26,15,2,2,1,2,30,139.236,1
4,1,39,2,1267,8,13,6,2,1,2,30,401.136,1
20,0,43,3,6123,110,41,27,3,1,1,30,413.32,0
5,0,25,0,1973,44,31,66,4,1,1,45,127.925,0
0,1,38,0,0,26,30,0,3,1,2,30,111.875,1
0,0,39,0,3413,82,3,27,3,1,1,30,151.8,0
24,0,35,0,660,43,7,4,3,1,2,30,56.12,1
5,0,37,1,11220,151,9,47,3,1,1,30,490.84,0
16,0,44,2,4035,92,47,34,3,1,1,30,353.08,0
17,0,16,1,6797,146,86,40,1,2,1,15,854.865,0
8,1,35,1,5628,98,51,26,2,1,1,25,487.17,1
0,0,32,0,2008,50,0,27,1,1,1,15,113.19,0
9,0,41,3,3515,39,522,14,4,1,1,45,1393.85,0
0,1,25,0,1010,30,186,9,2,2,1,25,883.8,1
12,0,42,2,2725,48,297,22,4,1,1,45,811.825,0
3,0,11,0,1103,24,12,0,2,1,2,30,0.0,1
12,0,42,2,3855,84,42,32,3,1,1,30,325.56,0
17,0,39,2,4485,93,40,28,3,1,1,30,343.12,0
14,0,43,2,5000,97,20,32,3,1,1,30,283.88,0
10,0,38,0,4198,66,1,35,1,1,1,15,240.02,0
19,0,19,2,6453,144,90,44,2,2,1,25,701.865,0
7,0,35,1,6725,90,183,24,3,1,1,30,1004.6,0
0,0,36,0,760,8,0,7,2,1,2,25,34.56,0
1,0,39,0,2733,61,10,17,2,1,2,45,167.548,1
11,0,38,1,3775,82,32,28,3,1,1,30,282.28,0
0,0,36,0,0,0,0,0,2,1,2,25,0.0,0
0,0,40,0,485,10,16,10,2,1,2,25,94.275,0
20,1,34,0,830,49,20,20,2,1,2,25,129.555,1
5,0,32,0,3938,56,0,29,1,1,1,15,219.67,0
1,0,39,0,2235,41,289,21,3,1,1,30,1247.04,0
0,0,28,0,0,0,0,0,2,1,2,25,0.0,1
0,0,31,0,7248,117,369,37,2,1,1,25,1991.925,0
0,1,20,0,240,19,40,1,2,1,1,30,240.16,1
10,0,38,0,4198,66,1,35,1,1,1,15,240.02,0
9,0,23,1,1520,36,33,26,2,1,1,25,218.52,0
6,0,41,2,155,20,22,12,4,1,1,30,0.0,1
8,1,45,2,2721,46,57,5,4,1,1,45,160.104,1
21,0,41,4,9480,130,156,47,3,1,1,30,1008.4,0
0,0,26,0,825,10,21,3,4,1,2,45,73.375,1
11,1,38,0,1491,15,5,22,2,1,1,25,0.0,1
0,0,30,0,307,70,13,6,4,1,1,25,369.883,1
0,1,35,0,3210,20,11,0,3,1,1,30,28.94,1
11,1,39,0,627,26,77,31,2,1,1,30,187.561,1
0,1,32,0,0,0,0,0,2,1,2,25,0.0,1
2,1,33,0,4803,81,0,22,2,1,1,25,219.78,1
0,0,34,0,1363,19,0,4,3,1,1,30,55.28,0
6,0,36,1,3145,28,7,16,3,1,1,30,154.92,0
9,0,36,0,297,21,6,37,2,1,1,25,896.202,1
12,0,40,2,4820,89,9,27,3,1,1,30,232.36,0
5,0,36,0,873,10,11,4,4,1,2,45,49.575,1
4,1,35,0,1629,20,15,0,4,2,1,25,0.0,1
0,0,7,0,4275,35,217,11,3,1,1,30,1040.4,0
0,1,44,1,288,43,12,0,2,1,1,30,91.422,1
0,0,17,0,0,11,29,8,4,1,2,30,0.0,1
9,0,39,0,6423,71,94,24,2,1,1,25,715.23,0
16,1,42,1,1779,21,14,14,2,1,2,45,41.949,1
12,0,40,2,4820,89,9,27,3,1,1,30,232.36,0
12,0,40,0,3480,78,18,15,3,1,1,30,214.32,0
4,0,43,0,0,18,32,39,3,1,1,30,0.0,1
17,0,34,1,6043,102,23,22,2,1,1,25,380.025,0
1,1,41,0,3713,93,69,14,2,1,1,25,0.0,1
0,0,24,0,710,5,23,4,4,1,2,45,75.375,0
5,0,32,1,305,6,7,2,5,1,1,55,15.165,1
16,0,45,0,1230,60,10,25,3,1,2,30,90.543,1
0,0,38,0,115,6,32,4,2,1,2,25,149.445,1
0,0,37,1,2657,28,28,6,3,1,1,30,232.537,1
0,0,32,0,650,27,6,18,3,1,2,30,51.08,0
5,0,11,2,4505,45,213,9,3,1,1,30,1034.0,0
0,0,36,0,1488,42,0,16,1,1,1,15,84.15,0
4,0,38,0,2310,25,16,0,2,1,2,45,39.323,1
8,0,31,1,8855,111,129,37,3,1,1,30,874.64,0
5,0,38,1,3778,85,7,30,3,1,1,30,182.52,0
26,0,38,9,10740,99,8,44,5,1,1,55,174.585,0
6,1,43,0,2402,0,54,4,3,2,1,25,0.0,1
12,0,38,0,331,86,53,3,2,1,2,30,166.423,1
4,0,41,2,6580,88,196,30,3,1,1,30,1050.72,0
0,0,32,0,2725,17,2,15,3,1,1,30,117.68,0
5,0,40,0,2065,35,271,5,3,1,1,30,1168.0,0
3,1,37,1,3318,100,12,0,2,1,1,30,66.059,1
4,0,43,0,529,16,42,0,3,1,1,30,151.7,1
5,0,27,0,1015,10,7,2,4,1,2,45,43.125,0
0,0,34,0,0,78,17,36,2,1,1,30,0.952,1
0,0,40,0,2289,5,7,33,2,1,2,25,123.584,1
1,1,45,0,128,48,13,44,3,1,1,30,0.0,1
0,1,3,0,2457,81,15,3,4,1,1,30,74.821,1
12,0,33,0,2573,44,33,32,3,1,2,30,236.68,1
0,0,39,0,650,10,3,13,2,1,2,25,43.2,0
9,0,40,2,2033,34,12,10,4,1,1,45,81.675,0
7,0,33,3,7385,107,35,37,5,1,1,55,164.88,0
33,1,18,0,1439,100,83,27,4,1,1,30,18.683,1
6,0,40,1,2508,63,0,32,2,1,1,25,115.695,0
2,0,45,0,1689,21,45,1,2,1,1,30,0.0,1
10,0,16,3,3042,46,40,22,3,1,1,30,283.52,0
6,0,39,1,7568,130,389,45,3,1,1,30,1863.92,0
14,0,20,1,8932,177,81,41,5,1,1,55,258.135,0
8,0,34,0,2273,52,348,19,3,1,1,30,1485.0,0
5,1,38,0,305,6,7,2,3,1,2,30,40.44,1
5,0,36,0,4255,66,7,18,2,1,1,25,225.945,0
11,0,39,0,6108,95,7,10,2,1,1,25,310.635,0
1,1,45,0,0,6,9,7,3,1,1,25,24.06,1
9,1,36,1,2264,87,17,0,4,1,1,25,0.0,1
5,0,39,0,5513,90,0,14,3,1,1,30,224.12,0
11,0,39,3,1353,21,19,4,5,1,1,55,49.11,0
7,0,38,1,6313,70,90,39,2,1,1,25,692.235,0
8,0,36,1,3320,31,480,6,3,1,1,30,2054.04,0
17,0,18,6,3758,61,59,36,3,2,1,30,388.76,0
0,1,40,0,1515,13,44,8,2,1,1,45,401.537,1
0,1,45,0,0,53,10,3,3,1,1,45,104.954,1
9,0,35,0,2990,41,9,16,3,1,2,30,157.24,1
18,0,17,1,6582,142,94,45,2,2,1,25,725.58,0
2,0,39,0,3546,21,3,8,2,1,1,25,54.938,1
0,1,44,0,4018,10,7,7,3,1,2,45,0.0,1
11,0,11,4,5295,56,243,27,3,2,1,30,1186.04,0
17,0,28,0,1410,36,18,7,3,1,2,30,129.84,0
8,0,37,1,4428,93,10,28,3,1,1,30,220.84,0
10,1,45,2,1847,24,26,0,2,1,2,30,0.0,1
32,1,36,4,16560,252,18,87,2,2,1,25,837.54,0
1,0,30,0,572,20,9,0,4,1,2,25,139.88,1
9,0,40,1,11645,162,22,52,4,1,1,45,350.175,0
9,0,43,2,7893,135,401,49,3,1,1,30,1925.12,0
6,0,34,1,212,48,0,22,4,1,2,25,98.983,1
0,0,14,0,1330,17,16,10,2,1,1,25,132.615,0
8,1,15,0,3457,100,15,5,3,1,2,45,91.485,1
4,0,38,0,2360,39,285,18,3,1,1,30,1235.96,0
14,0,37,2,3900,80,28,25,3,1,1,30,271.2,0
12,1,40,0,1100,21,8,4,3,1,1,25,0.0,1
0,1,35,1,2766,6,25,37,4,1,2,30,332.021,1
0,1,45,0,3046,13,13,3,2,2,2,25,40.361,1
4,0,41,0,0,21,14,0,2,1,2,45,93.721,1
0,0,3,0,0,0,0,0,2,1,1,25,0.0,1
1,1,32,0,0,15,1,1,4,1,2,25,0.0,1
1,0,37,1,2162,100,57,2,2,1,2,25,0.0,1
0,0,14,0,4177,22,12,25,2,1,1,25,18.203,1
5,0,38,0,438,8,7,4,3,1,2,30,45.84,1
15,1,45,0,1735,22,82,0,3,1,2,30,264.661,1
4,0,39,0,1745,46,48,24,3,1,2,30,263.64,0
4,0,31,0,3145,22,0,15,3,1,1,30,126.68,0
10,0,40,1,13888,174,0,43,3,1,1,30,562.48,0
0,0,45,0,53,12,8,1,4,1,2,25,0.0,1
0,1,39,0,760,100,3,5,3,1,1,30,223.599,1
1,0,35,0,6223,68,92,32,2,1,1,25,697.095,0
12,0,41,3,4935,95,41,31,4,1,1,45,228.25,0
9,0,35,0,2153,38,2,27,3,1,2,30,95.64,1
0,0,31,0,4210,71,0,22,3,1,1,30,171.24,0
0,0,36,0,215,7,0,3,2,1,2,25,9.99,0
9,0,38,1,2895,58,173,22,2,1,1,25,911.385,0
3,0,41,0,433,10,5,3,3,1,2,30,37.72,0
0,1,7,0,482,23,31,29,2,1,2,25,0.0,1
2,0,35,0,13353,157,0,38,3,1,1,30,540.4,0
1,1,43,0,1202,23,12,2,2,1,1,30,223.454,1
0,1,28,0,1967,13,84,0,3,1,2,25,53.957,1
14,1,12,3,2502,36,15,9,3,1,1,30,161.52,1
6,0,30,3,7010,112,263,29,2,2,1,25,1503.99,0
12,0,35,2,4338,27,0,20,2,1,1,30,242.681,1
21,0,38,1,14540,215,33,17,3,1,1,30,722.2,0
4,0,32,0,1978,44,0,11,3,1,2,30,80.88,0
0,0,35,0,2715,24,4,17,3,1,1,30,125.56,0
5,0,39,0,6205,82,172,13,3,1,1,30,939.48,0
2,0,4,0,228,43,16,14,2,1,1,45,0.0,1
3,0,37,0,7508,127,384,43,2,1,1,25,2071.575,0
7,0,35,0,2665,39,284,19,3,1,1,30,1244.16,0
16,0,26,1,1935,43,27,13,2,1,1,25,210.51,0
20,0,25,2,15815,228,0,74,2,1,1,25,721.935,0
6,0,25,0,395,19,3,5,2,1,2,25,32.13,0
0,0,43,0,3730,67,14,8,4,1,2,30,183.864,1
15,0,40,1,4865,78,21,22,3,1,1,30,281.72,0
8,0,34,1,4415,67,7,13,3,1,1,30,207.28,0
2,0,15,2,2142,34,6,19,3,1,1,30,111.04,0
0,1,43,0,184,22,25,29,2,1,1,30,59.312,1
5,0,40,0,305,6,7,2,2,1,2,25,45.495,0
0,0,39,0,1359,11,6,29,2,1,2,25,32.717,1
7,1,7,1,1713,23,7,5,3,1,1,30,97.44,1
0,0,42,0,721,25,11,16,2,1,2,30,0.0,1
1,0,25,0,1230,15,22,1,4,1,2,45,86.125,0
13,0,38,1,4020,85,34,28,3,1,1,30,300.2,0
18,0,38,0,3173,60,62,48,4,1,2,45,235.825,1
5,0,28,0,1273,35,16,55,4,1,1,45,72.7,0
0,0,36,0,3118,72,0,13,2,1,1,25,143.55,0
3,0,38,0,13173,159,0,29,3,1,1,30,533.28,0
0,1,42,0,711,57,4,1,4,1,1,30,145.723,1
3,0,28,0,940,15,19,2,4,1,2,45,71.375,0
14,0,42,2,6283,104,19,16,3,1,1,30,331.48,0
0,0,13,0,2054,20,29,16,3,1,2,45,75.753,1
3,1,42,0,1334,28,34,6,2,1,2,25,126.872,1
12,0,39,1,1876,100,16,13,4,1,2,25,8.43,1
13,0,22,4,3113,55,46,25,3,1,1,30,310.72,0
5,0,22,0,3530,61,7,24,3,1,1,30,171.64,0
3,1,45,1,1181,70,13,1,3,1,2,30,82.991,1
5,0,35,0,305,6,7,2,2,1,2,25,45.495,0
4,0,34,0,701,25,17,31,3,1,2,25,0.0,1
0,0,36,0,2055,33,278,16,3,1,1,30,1195.52,0
0,1,4,2,604,80,7,13,3,1,2,30,148.602,1
7,0,38,1,4515,83,2,25,3,1,1,30,191.92,0
15,0,40,3,6823,111,35,29,3,1,1,30,417.36,0
5,0,33,0,920,10,7,7,2,1,2,25,73.35,0
6,0,21,0,440,15,0,1,2,1,2,25,20.475,0
0,1,21,0,437,11,15,8,3,1,2,45,0.0,1
3,0,14,2,2547,39,24,17,3,1,1,30,199.44,0
0,0,38,0,0,9,79,2,3,1,1,30,10.901,1
0,0,36,0,2615,18,3,16,3,1,1,30,117.32,0
0,0,7,2,0,64,76,0,4,1,2,25,16.851,1
25,1,38,0,955,53,24,18,3,1,2,30,136.32,1
2,1,45,0,405,14,51,15,2,1,1,45,0.0,1
0,0,38,0,0,18,44,17,4,1,2,30,48.932,1
5,0,37,0,818,7,7,2,4,1,2,45,38.125,1
2,0,38,1,2905,26,474,5,3,1,1,30,2013.24,0
7,0,41,0,1113,21,27,11,4,1,2,45,95.85,1
0,1,43,2,1296,22,37,0,2,1,2,25,6.818,1
0,0,42,0,0,25,6,8,3,1,1,25,96.365,1
2,0,35,1,7803,131,398,56,2,1,1,25,2148.03,0
9,0,36,0,2375,55,46,20,3,1,2,30,281.2,0
7,0,23,0,0,0,9,3,2,1,2,25,24.805,1
7,0,37,2,8108,137,405,58,3,1,1,30,1949.8,0
14,1,38,0,2573,50,41,33,4,1,2,45,168.075,1
16,1,38,0,2763,51,50,36,4,1,2,45,195.35,1
3,0,31,0,3893,54,0,32,1,1,1,15,217.085,0
7,0,36,0,11350,148,0,43,3,1,1,30,459.92,0
11,1,13,3,1853,28,12,11,3,1,1,30,123.24,1
0,0,27,0,617,20,20,0,2,1,1,30,112.308,1
1,1,44,0,1100,30,39,24,3,1,1,45,0.0,1
4,0,41,1,4210,83,3,24,3,1,1,30,183.72,0
6,1,41,1,1090,29,48,20,2,1,1,45,13.41,1
3,0,40,0,0,23,49,10,3,1,1,45,121.701,1
0,0,37,0,0,22,204,0,2,1,1,55,242.924,1
0,0,34,0,6080,74,147,20,3,1,1,30,834.16,0
0,0,37,0,489,100,10,10,3,1,1,30,162.232,1
0,0,35,0,1940,27,246,12,3,1,1,30,1062.68,0
9,1,39,0,0,10,25,0,2,1,1,55,117.038,1
0,0,35,0,94,28,33,28,4,1,2,30,0.0,1
0,1,43,1,2655,20,12,0,2,1,2,30,207.625,1
0,0,34,1,1122,18,204,0,3,1,2,25,0.0,1
5,0,23,1,1360,32,185,7,2,2,1,25,895.14,0
0,1,37,0,630,23,45,25,2,1,1,25,37.123,1
7,0,38,2,833,11,20,7,5,1,1,55,42.66,0
1,0,40,2,418,6,14,6,5,1,1,55,27.36,0
21,0,33,3,15850,234,3,82,2,1,1,25,737.28,0
0,0,16,0,1390,20,21,12,2,1,1,25,157.95,0
3,0,18,0,1336,51,44,0,3,1,1,45,0.0,1
1,0,34,0,2475,47,168,21,2,1,1,25,869.49,0
2,0,37,1,4325,83,27,27,3,1,1,30,284.32,0
4,0,38,0,900,15,22,11,3,1,2,30,124.6,0
5,0,38,0,3423,78,7,15,3,1,1,30,168.04,0
1,1,18,0,3593,16,11,31,2,1,2,30,12.96,1
9,0,38,4,1243,20,32,19,5,1,1,55,66.945,0
5,0,8,0,8627,159,58,37,4,1,1,45,364.65,0
0,0,22,0,1203,30,18,64,4,1,1,45,75.825,0
10,0,37,0,4083,60,0,31,1,1,1,15,227.865,0
5,0,29,0,1771,4,204,2,3,1,2,30,0.0,1
0,0,39,0,1090,20,11,6,2,1,2,30,94.804,1
4,0,10,0,1327,17,5,7,2,1,1,45,54.019,1
1,1,37,0,0,20,7,4,2,1,2,25,1.719,1
5,0,44,1,1792,28,14,6,3,1,1,30,0.0,1
0,0,38,0,4206,24,31,21,3,1,1,45,206.014,1
6,1,33,0,856,21,5,42,4,1,1,45,0.0,1
0,0,17,0,985,15,3,14,2,1,1,25,58.5,0
0,1,43,2,938,6,31,45,3,1,2,30,84.594,1
7,0,44,0,1180,26,15,14,3,1,2,30,108.24,0
0,1,42,0,2098,22,4,0,5,1,2,30,14.007,1
16,1,42,5,7530,132,293,41,3,2,1,30,1478.48,0
1,0,11,3,0,9,204,0,4,1,2,45,197.736,1
15,1,42,1,1608,25,37,34,2,2,1,30,73.17,1
5,0,34,1,2438,54,7,29,1,1,1,15,175.56,0
1,0,34,1,4013,86,16,41,2,1,1,25,256.455,0
18,0,36,2,14645,218,38,27,3,1,1,30,746.52,0
3,0,36,0,1858,26,9,9,3,1,1,30,111.36,0
5,0,37,1,7753,130,386,43,3,1,1,30,1859.32,0
11,1,38,0,2428,55,17,20,3,1,2,30,167.32,0
2,0,24,0,4619,28,7,7,2,1,1,30,22.987,1
5,0,21,1,3270,57,7,19,3,1,1,30,161.08,0
0,0,42,0,13,5,8,3,3,1,2,30,32.72,0
0,0,7,0,3968,28,50,11,3,1,1,55,81.5,1
7,0,27,1,3530,67,15,25,3,1,1,30,203.88,0
1,1,33,0,440,59,0,25,3,1,2,25,123.908,1
3,0,14,2,2547,39,24,17,3,1,1,30,199.44,0
20,0,37,3,14950,225,79,34,3,1,1,30,923.0,0
4,1,34,0,1963,38,27,29,3,1,2,30,188.04,1
0,1,9,0,1923,24,87,41,2,1,1,25,255.675,1
0,0,32,0,6060,100,243,16,2,2,1,25,1370.7,0
3,0,36,0,4065,65,0,15,2,1,1,25,185.85,0
0,0,45,0,2266,51,124,9,4,1,1,30,291.89,1
0,0,39,1,5294,28,27,0,3,1,2,30,0.0,1
13,1,36,1,5818,98,26,24,2,1,1,25,383.22,1
3,0,32,0,1853,46,0,11,3,1,2,30,75.96,0
3,0,37,1,6500,86,186,26,3,1,1,30,1007.44,0
5,0,34,1,3075,57,189,36,2,1,1,25,991.44,0
0,0,42,0,3783,16,3,5,2,1,1,30,0.0,1
0,0,40,0,1597,54,2,14,3,1,2,45,0.0,1
15,0,17,1,9047,176,71,39,5,1,1,55,244.845,0
8,0,39,0,3650,84,36,31,2,1,1,25,330.03,0
0,0,34,0,0,0,0,0,2,1,2,25,0.0,1
1,0,35,0,1548,44,331,7,2,1,1,25,1561.14,0
0,0,30,0,0,29,23,6,2,1,2,45,36.919,1
24,1,41,0,0,100,6,5,3,1,1,25,0.0,1
8,0,43,0,0,28,43,28,2,1,1,45,37.921,1
0,0,39,2,1507,21,29,0,3,1,1,30,92.703,1
3,0,29,1,3305,63,18,27,3,1,1,30,206.72,0
0,1,45,0,489,30,14,0,3,1,2,45,51.857,1
30,1,35,0,1450,54,32,22,3,1,2,30,188.16,1
0,0,8,0,3680,29,190,10,3,1,1,30,908.36,0
26,0,25,3,6958,157,107,50,2,2,1,25,801.675,0
7,1,30,0,2990,35,1,15,2,1,2,25,140.625,1
10,1,39,0,3011,100,204,0,4,1,2,30,91.795,1
3,0,37,0,10865,144,0,32,3,1,1,30,440.36,0
9,1,45,1,232,64,69,5,2,1,2,30,116.356,1
0,0,30,0,7203,115,369,40,2,1,1,25,1989.81,0
10,0,40,2,1989,50,6,25,3,1,1,25,154.809,1
9,0,22,0,700,19,2,6,2,1,2,25,41.355,0
0,1,41,0,2735,21,10,18,2,1,2,25,0.0,1
0,1,42,0,838,26,9,2,2,1,2,45,448.935,1
30,0,40,4,15445,231,61,34,3,1,1,30,871.04,0
8,0,37,0,3197,65,15,0,3,1,1,30,165.132,1
0,0,36,1,1678,15,40,0,5,1,2,30,52.217,1
0,1,43,0,884,8,61,14,3,1,2,25,43.991,1
14,0,35,2,264,100,11,3,2,1,1,30,7.92,1
0,1,44,0,1094,10,71,0,3,1,2,25,93.499,1
4,0,38,1,1783,30,0,5,4,1,1,45,45.325,0
1,0,34,0,2475,47,168,21,2,1,1,25,869.49,0
1,0,19,0,0,18,13,5,3,1,2,25,88.139,1
4,0,22,0,215,11,0,3,2,1,2,25,10.17,0
10,1,11,2,1982,26,16,12,3,1,1,30,144.32,1
0,1,45,0,2232,22,39,23,2,1,1,25,92.259,1
0,1,31,0,0,0,0,0,2,1,2,25,0.0,1
1,0,44,1,969,24,43,0,3,1,1,30,64.287,1
8,0,19,1,2405,37,36,14,2,1,1,25,271.89,0
34,1,36,0,1970,64,31,19,3,2,2,30,205.36,1
1,1,22,0,701,9,70,3,2,1,2,30,65.861,1
9,1,38,0,2238,54,8,17,3,1,2,30,123.68,0
0,0,25,0,2625,51,0,8,3,1,1,30,107.04,0
3,0,43,0,3603,5,33,35,3,1,1,30,157.282,1
20,0,36,2,14835,219,47,30,3,1,1,30,790.16,0
3,0,14,2,2548,39,24,17,3,1,1,30,199.48,0
0,0,45,0,2087,8,6,15,3,2,1,30,337.053,1
3,0,41,2,1148,17,3,5,3,1,1,30,0.0,1
11,0,42,1,15485,188,158,31,2,1,1,25,1416.285,0
11,0,41,1,2533,62,369,28,3,1,1,30,1579.8,0
10,0,38,1,2568,66,391,28,3,1,1,30,1669.36,0
0,1,41,3,1898,23,16,3,3,1,2,25,0.0,1
18,0,41,2,2818,69,371,28,3,1,1,30,1599.48,0
0,0,18,0,0,88,38,20,4,1,1,30,118.333,1
0,0,42,0,5976,13,62,3,3,1,2,45,82.332,1
0,1,29,0,1775,6,11,12,2,1,1,30,0.0,1
0,1,36,0,2542,16,36,5,3,1,2,30,0.0,1
7,0,41,0,813,12,23,9,3,1,2,30,125.0,0
12,0,15,0,8932,171,73,40,4,1,1,45,410.075,0
18,0,31,0,650,41,9,15,2,1,2,25,71.595,1
6,0,43,0,1319,72,17,7,4,1,2,45,15.114,1
0,1,36,1,407,20,43,15,2,1,1,30,58.498,1
12,0,39,1,693,20,76,3,2,1,2,25,0.0,1
0,1,3,0,1228,9,0,1,2,1,1,25,55.665,1
14,1,11,0,47,69,10,16,3,1,1,30,56.961,1
6,0,39,0,2113,56,12,20,3,1,2,30,134.76,0
0,0,42,0,2286,22,70,9,2,1,1,45,134.629,1
3,1,31,0,359,15,0,5,2,1,2,30,94.913,1
5,0,32,0,305,6,7,2,4,1,2,45,25.275,1
0,1,42,0,2585,65,35,0,2,1,2,25,7.019,1
1,0,32,2,6660,110,264,31,2,2,1,25,1492.65,0
8,0,32,0,2188,42,24,27,3,1,2,30,185.2,1
0,0,21,0,1430,61,65,8,3,2,2,25,108.671,1
5,0,43,0,1917,22,4,0,3,1,2,25,0.0,1
5,0,33,1,7030,100,16,22,5,1,1,55,130.95,0
0,0,36,1,93,1,2,2,5,1,1,55,4.41,0
0,0,44,0,2060,15,59,6,2,1,1,45,127.44,1
3,0,23,0,335,16,0,3,2,1,2,25,15.795,0
0,0,15,0,1515,18,17,9,2,1,1,25,145.485,0
0,0,37,0,0,31,82,2,4,1,2,30,62.985,1
0,1,37,0,2321,24,23,23,3,1,2,25,234.354,1
1,0,14,2,2357,38,15,14,3,1,1,30,155.8,0
2,0,22,0,1650,30,36,18,2,1,1,25,237.6,0
22,0,34,0,550,42,0,19,3,1,2,30,23.68,1
15,0,42,2,14138,178,12,48,3,1,1,30,620.64,0
11,1,35,0,3180,42,18,19,3,1,2,30,200.88,1
2,0,32,0,2980,12,8,16,3,1,1,25,45.617,1
0,1,36,0,770,22,65,13,2,1,1,25,137.535,1
0,0,42,0,1731,81,41,11,2,1,2,45,228.33,1
11,0,35,3,7155,116,246,31,2,2,1,25,1434.195,0
0,0,32,0,2770,18,63,23,5,1,2,25,25.45,1
33,0,42,5,15505,234,66,36,3,2,1,30,893.56,0
23,0,32,0,840,41,0,13,2,1,2,25,39.645,1
14,0,38,0,2680,61,53,22,4,1,2,45,201.025,0
0,0,18,0,4443,27,9,22,4,1,2,30,0.0,1
0,1,36,0,2340,100,21,5,2,1,2,30,51.22,1
16,0,38,2,5933,103,24,23,2,1,1,25,379.62,0
0,0,28,0,0,24,40,6,3,1,1,30,127.822,1
5,1,44,2,3772,100,18,45,2,1,1,25,109.911,1
0,0,32,0,1931,22,34,5,2,1,2,25,182.98,1
0,1,45,0,705,10,86,0,2,1,2,30,111.725,1
7,1,41,0,618,16,18,9,3,1,2,30,97.36,1
0,0,38,0,0,24,7,0,3,1,1,30,210.495,1
5,0,38,0,955,17,15,8,3,1,2,30,98.88,0
0,0,36,0,3290,34,0,37,4,1,2,30,0.0,1
0,0,30,0,0,100,63,0,3,1,2,25,41.123,1
2,0,38,0,7103,122,366,45,3,1,1,30,1753.0,0
0,0,33,0,710,8,5,7,2,1,2,25,54.81,0
0,0,35,0,3183,49,0,33,1,1,1,15,177.76,0
0,0,37,2,2446,25,23,2,2,1,1,25,148.468,1
0,0,34,0,3030,26,0,28,3,1,1,25,221.621,1
0,0,39,0,2190,42,63,27,2,1,1,25,12.007,1
8,0,25,0,1035,31,10,10,2,1,1,25,92.97,0
0,1,11,0,1280,25,26,4,2,1,2,25,0.0,1
2,0,36,1,528,5,13,5,5,1,1,55,27.495,0
0,0,36,0,1540,46,42,23,3,1,2,30,231.44,0
5,0,39,0,563,8,9,4,3,1,2,30,58.84,0
0,0,30,0,780,14,29,7,4,1,2,45,92.35,0
5,0,24,1,3350,59,7,20,3,1,1,30,164.36,0
0,0,32,1,3135,26,14,27,3,1,1,30,182.44,0
0,0,21,0,428,25,20,0,4,1,2,30,8.187,1
4,0,42,1,2473,60,12,37,2,1,1,25,167.985,0
1,0,36,0,1668,25,0,6,3,1,1,30,67.72,0
8,0,21,0,1662,21,9,6,3,1,1,30,79.755,1
1,1,45,0,2265,23,58,34,4,1,2,30,98.722,1
8,0,38,0,3953,63,0,35,1,1,1,15,220.88,0
14,0,41,3,9195,123,154,47,3,1,1,30,988.72,0
7,1,44,0,1090,4,72,0,2,1,1,45,254.987,1
0,1,43,0,479,58,56,19,5,1,1,30,20.255,1
4,0,30,1,3225,67,16,24,3,1,1,30,195.68,0
1,1,41,0,4433,13,45,18,3,1,2,30,0.0,1
0,1,12,0,2428,14,0,41,3,1,1,30,0.379,1
9,1,42,0,2193,58,16,21,3,1,2,30,154.04,0
17,0,34,1,14775,216,42,28,2,1,1,25,863.595,0
3,0,38,0,2393,58,2,33,1,1,1,15,145.805,0
0,0,13,0,45,100,24,23,2,1,1,30,173.726,1
0,0,42,0,1411,100,11,3,2,1,2,45,0.0,1
6,0,39,0,1963,44,35,30,3,1,2,30,220.28,1
2,0,36,0,818,8,18,7,4,1,2,45,65.65,1
0,1,42,0,2082,17,30,3,2,1,2,30,31.076,1
10,0,44,3,3480,35,500,14,4,1,1,45,1337.875,0
20,0,34,9,10730,97,15,55,4,1,1,45,308.175,0
3,1,38,2,651,20,64,13,3,1,2,25,92.302,1
4,0,33,0,5918,89,0,11,2,1,1,25,270.315,0
1,0,37,0,1016,96,18,0,2,1,2,30,18.825,1
0,1,43,2,1849,61,33,5,3,1,2,30,134.016,1
8,0,31,0,2600,77,11,2,2,1,1,45,226.932,1
0,0,36,0,3473,79,0,28,2,1,1,25,159.84,0
26,0,40,2,14845,221,40,19,3,1,1,30,762.64,0
28,1,34,0,1145,47,7,15,2,1,2,25,85.14,1
0,0,37,0,0,0,0,0,2,1,2,25,0.0,0
0,0,29,0,1280,36,21,14,3,1,2,30,136.64,0
8,0,40,2,498,11,12,6,3,1,1,30,68.36,1
0,0,45,1,347,28,12,12,2,1,1,55,89.213,1
8,0,39,2,6805,92,193,28,3,1,1,30,1047.88,0
0,0,27,0,824,21,62,0,2,1,2,25,91.5,1
0,0,36,0,799,18,42,25,3,1,2,30,85.218,1
0,0,37,0,1228,25,71,22,2,1,1,25,17.835,1
14,0,15,0,9122,172,82,43,4,1,1,45,437.35,0
7,1,33,0,2088,36,23,26,3,1,2,30,176.96,1
7,0,33,1,11510,150,7,43,4,1,1,45,309.0,0
4,0,38,0,5728,94,0,9,3,1,1,30,232.88,0
7,0,43,0,933,19,24,7,4,1,2,45,83.8,1
0,0,41,0,22,28,36,3,3,1,2,30,284.256,1
0,0,44,3,1877,25,52,1,4,1,2,30,25.66,1
0,0,26,0,825,10,21,3,4,1,2,45,73.375,0
5,0,39,0,2696,43,83,0,4,1,1,30,37.658,1
0,0,37,0,2535,22,1,13,3,1,1,30,106.28,0
0,0,37,0,0,0,0,0,2,1,2,25,0.0,1
10,0,34,0,3695,80,22,24,3,1,1,30,239.0,0
6,0,38,0,2507,100,177,8,3,1,2,30,14.571,1
5,0,36,1,1913,28,7,6,4,1,1,45,66.025,0
2,1,39,0,1833,100,45,4,3,1,2,30,50.334,1
7,0,32,0,195,24,18,25,3,1,2,25,137.356,1
7,1,45,0,883,6,56,41,4,1,1,30,0.0,1
23,0,29,0,1000,43,8,13,2,1,2,25,82.935,1
17,0,30,1,1710,46,37,20,2,1,1,25,245.52,0
8,0,33,0,4198,60,0,34,1,1,1,15,234.19,0
21,0,35,0,1265,41,32,15,3,1,2,30,180.24,0
6,0,35,0,3030,22,7,12,3,1,1,30,150.08,0
3,0,42,0,790,16,23,12,3,1,2,30,124.24,0
0,0,39,0,754,2,0,7,3,1,2,30,200.272,1
0,1,30,0,3448,4,10,6,3,1,1,25,6.408,1
0,0,43,0,4161,26,13,0,4,1,2,30,86.027,1
4,1,42,0,1877,6,37,1,3,1,2,30,0.0,1
0,0,3,0,4005,32,198,4,3,1,1,30,953.48,0
2,0,34,1,6380,92,0,24,5,1,1,55,97.08,0
15,0,43,1,2713,70,374,30,3,1,1,30,1607.32,0
24,0,36,4,15435,229,68,45,3,2,1,30,898.56,0
15,0,35,7,9725,82,0,42,4,1,1,45,245.175,0
4,0,4,0,1233,23,16,0,3,2,2,30,232.722,1
5,0,43,1,2393,64,10,34,2,1,1,25,155.565,0
0,1,36,0,112,8,4,21,4,1,2,25,365.755,1
0,0,36,0,0,0,0,0,2,1,2,25,0.0,0
2,0,39,0,2653,19,33,39,3,1,2,25,189.595,1
27,0,44,0,81,60,14,1,3,1,2,30,12.598,1
7,0,39,0,4073,68,5,38,1,1,1,15,255.255,0
0,1,5,0,1123,10,0,3,2,1,2,25,50.985,1
0,0,32,0,733,8,0,4,2,1,2,45,0.0,1
6,0,38,0,15360,184,154,33,2,1,1,25,1392.48,0
3,0,35,0,1558,33,9,31,3,1,2,30,99.64,1
11,0,45,2,2665,51,300,21,4,1,1,45,817.9,0
3,0,15,3,2663,45,56,21,3,1,1,30,332.32,0
3,0,37,0,7508,127,384,43,2,1,1,25,2071.575,0
1,0,39,0,4014,14,67,8,2,1,2,45,43.166,1
1,0,32,2,6660,110,264,31,2,2,1,25,1492.65,0
4,1,43,0,6123,22,8,36,4,1,2,25,117.424,1
0,0,32,0,325,6,0,2,2,1,2,25,14.895,0
3,0,32,0,4110,61,0,11,2,1,1,25,187.695,0
0,0,29,0,896,25,72,0,5,2,1,25,190.631,1
3,1,8,0,1373,13,0,3,2,1,1,25,62.37,1
14,0,17,1,6202,140,76,39,2,2,1,25,627.39,0
0,0,39,0,876,18,54,17,2,1,2,25,55.715,1
8,0,36,1,3025,56,177,23,2,1,1,25,935.145,0
0,0,28,0,3153,66,0,20,2,1,1,25,144.855,0
0,0,34,1,1635,11,14,0,4,1,1,25,164.486,1
19,0,32,1,14755,217,37,26,3,1,1,30,746.88,0
9,0,31,0,3035,37,7,12,3,1,2,30,150.88,1
1,1,43,0,1825,9,12,1,3,1,1,25,0.0,1
1,0,35,0,0,20,6,10,3,1,2,25,85.818,1
0,0,37,1,2905,27,508,10,3,1,1,30,2149.28,0
0,0,31,0,6480,91,7,20,4,1,1,45,181.775,0
7,0,37,0,194,29,10,7,4,1,2,30,18.861,1
22,0,29,2,15960,233,2,81,2,1,1,25,737.685,0
0,1,37,0,1941,19,86,7,3,2,2,45,9.844,1
8,0,34,0,2158,52,0,13,3,1,2,30,88.4,0
8,1,42,0,1415,78,11,11,3,1,2,30,330.502,1
3,0,31,0,15100,174,133,24,2,1,1,25,1285.83,0
0,1,43,0,1767,59,52,4,3,1,1,25,0.0,1
3,1,40,0,5765,26,18,26,3,1,2,25,144.925,1
0,0,18,0,1370,6,56,23,2,1,2,25,484.719,1
0,0,17,0,1901,13,14,6,3,1,2,45,258.053,1
6,1,42,3,2605,25,7,29,2,1,2,25,494.549,1
0,0,32,0,2565,8,46,0,3,1,2,30,173.958,1
7,0,46,0,623,17,22,7,3,1,2,30,113.6,0
0,0,34,0,1608,22,0,4,3,1,1,30,65.2,0
0,0,36,0,383,4,7,4,4,1,1,45,27.175,1
0,0,36,0,0,45,11,0,2,1,1,30,152.731,1
0,0,21,0,1055,26,178,5,2,2,1,25,849.645,0
17,1,35,0,1316,19,4,5,2,1,1,30,0.0,1
0,0,24,0,2617,74,85,0,2,1,1,45,485.293,1
4,0,36,0,7913,132,385,41,2,1,1,25,2094.525,0
8,0,40,3,703,13,16,6,5,1,1,55,34.74,0
0,1,15,0,6006,6,10,7,2,1,1,45,158.374,1
13,0,27,0,945,28,12,7,3,1,2,30,86.92,0
0,1,18,0,1734,26,15,4,4,1,2,30,93.097,1
0,0,38,0,5867,24,58,0,2,1,1,30,272.098,1
5,0,32,4,7260,120,285,46,2,2,1,25,1614.6,0
18,0,40,3,12480,171,26,49,4,1,1,45,381.275,0
10,0,37,1,6963,78,110,37,2,1,1,25,811.845,0
0,1,12,0,1067,27,7,35,3,1,2,25,110.612,1
30,0,39,3,15330,225,29,30,3,1,1,30,738.2,0
1,0,12,0,2889,26,17,21,2,1,1,30,93.314,1
9,1,45,1,323,14,15,5,4,1,1,45,0.0,1
0,0,45,0,0,21,4,3,3,1,2,25,102.128,1
0,1,33,0,44,41,34,19,4,1,2,45,58.512,1
15,0,38,0,2643,60,334,22,2,1,1,25,1624.635,0
0,0,15,0,1383,57,8,38,2,1,2,30,93.936,1
8,1,45,0,208,28,84,0,4,1,2,25,165.144,1
23,0,41,9,10435,99,9,43,5,2,1,55,171.51,0
0,0,3,0,4130,30,200,4,3,1,1,30,966.4,0
6,0,33,0,2863,16,45,6,2,1,2,25,266.538,1
1,1,12,0,497,56,46,45,3,1,2,25,95.184,1
18,0,45,3,7283,91,130,45,2,1,1,25,916.83,0
6,1,33,0,1275,68,28,18,2,1,1,30,60.38,1
15,0,27,1,1530,38,26,15,2,1,1,25,187.56,0
34,0,33,6,16980,254,28,97,2,2,1,25,901.53,0
5,1,41,0,352,73,59,0,3,1,2,25,132.706,1
2,0,8,0,4275,34,183,6,3,1,1,30,904.36,0
21,0,32,8,10480,89,7,38,5,1,1,55,169.035,0
16,0,31,2,1610,40,36,19,2,1,1,25,236.25,0
5,0,43,0,1813,100,13,7,2,1,1,45,0.0,1
6,1,14,2,1661,67,73,47,4,1,1,30,0.0,1
13,0,19,1,9013,173,83,44,5,1,1,55,262.29,0
5,0,40,0,415,10,7,2,3,1,2,30,45.0,0
0,0,29,0,1363,13,0,3,3,1,1,30,55.04,0
11,0,39,0,1148,19,15,4,3,1,2,30,106.68,1
27,0,37,9,11145,104,9,42,5,2,1,55,182.235,0
35,0,46,5,15705,241,76,40,3,1,1,30,941.84,0
6,1,32,2,1315,42,201,12,3,2,1,30,858.28,1
0,0,22,4,332,100,57,0,2,1,2,30,0.0,1
1,1,35,0,1131,8,59,0,5,1,1,30,0.0,1
7,0,35,2,7013,79,122,50,2,1,1,25,868.14,0
2,0,41,0,32,7,2,6,3,1,1,25,87.866,1
6,0,43,1,2360,45,293,19,4,1,1,45,792.625,0
5,0,29,0,836,42,40,3,4,2,1,25,987.255,1
13,0,24,1,1350,30,15,10,2,1,1,25,129.6,0
11,0,44,1,6178,105,22,18,3,1,1,30,339.32,0
0,0,11,0,3814,100,37,8,3,1,1,30,52.425,1
9,0,40,2,3400,33,490,10,3,1,1,30,2097.32,0
1,1,12,0,1417,11,16,4,2,1,2,25,222.206,1
4,0,38,1,3095,27,483,8,3,1,1,30,2056.88,0
0,1,12,0,0,100,12,4,3,1,2,25,0.0,1
0,0,39,0,1634,8,23,2,3,1,2,25,0.0,1
3,0,40,1,2564,60,26,0,4,1,2,30,332.102,1
5,0,43,0,1135,24,15,17,2,1,2,25,119.655,0
0,0,36,2,705,28,5,27,3,2,2,25,241.342,1
6,0,32,0,1210,18,38,9,4,1,2,45,125.7,0
14,0,37,0,2458,44,9,29,3,1,2,30,136.08,1
16,0,44,2,4583,74,18,41,1,1,1,15,355.135,0
0,1,42,0,2112,52,74,0,3,1,2,25,136.597,1
1,0,35,0,1420,41,36,20,3,1,1,30,202.44,0
1,0,45,0,1885,88,42,10,4,1,2,25,0.0,1
3,0,36,0,623,5,6,5,2,1,2,25,55.26,0
2,0,36,0,6008,64,83,37,2,1,1,25,646.74,0
0,1,28,1,717,12,0,27,3,1,1,45,56.3,1
3,1,32,1,840,26,73,0,5,1,2,30,12.753,1
0,0,40,1,1031,27,51,5,2,1,2,25,0.0,1
12,0,42,3,3460,36,495,12,4,1,1,45,1324.9,0
9,0,14,0,587,10,41,28,2,1,1,30,247.5,1
0,0,40,0,2161,87,2,19,4,1,1,55,12.515,1
0,0,36,0,595,9,15,9,2,1,2,25,94.68,0
5,0,22,1,1613,35,22,64,4,1,1,45,96.2,0
0,1,38,0,1611,29,45,4,2,1,1,25,0.0,1
0,0,39,0,92,25,0,0,2,1,1,30,0.0,1
0,0,45,0,0,10,13,12,3,1,1,45,51.501,1
0,0,35,0,1398,7,19,5,2,1,2,25,83.648,1
11,0,35,0,5,21,0,17,4,2,1,45,45.339,1
7,0,38,0,2485,49,161,10,2,1,1,25,838.53,0
9,0,34,2,7495,108,22,22,5,1,1,55,147.045,0
1,1,30,0,1654,6,39,16,3,1,2,25,0.0,1
7,0,42,2,5716,100,51,7,2,1,2,45,359.947,1
0,0,26,0,0,0,0,0,2,1,2,25,0.0,0
1,0,36,0,2245,34,287,19,3,1,1,30,1239.16,0
0,0,33,0,0,0,0,0,3,1,2,30,0.0,1
2,0,15,0,66,61,4,9,2,1,1,30,84.514,1
7,0,23,0,1110,27,21,14,2,1,1,25,145.665,0
19,0,22,2,9237,183,88,43,5,1,1,55,273.3,0
0,1,40,0,2946,21,0,8,2,1,2,25,54.328,1
9,0,30,3,1735,48,232,17,3,2,1,30,999.32,0
20,0,29,2,15770,232,0,78,2,1,1,25,720.09,0
10,0,13,3,4755,49,227,14,3,1,1,30,1100.16,0
16,0,9,2,3108,0,18,0,3,1,1,30,419.992,1
0,1,42,0,0,28,0,18,4,1,2,25,0.0,1
16,1,31,2,1283,92,38,2,4,2,2,30,105.839,1
14,1,38,0,2573,50,41,33,4,1,2,45,168.075,1
0,0,38,0,965,3,88,0,4,1,2,25,86.258,1
8,0,39,2,6805,92,193,28,3,1,1,30,1047.88,0
10,0,44,0,698,18,22,10,3,1,2,30,116.64,1
0,1,8,1,1298,19,25,9,3,1,1,30,152.68,1
9,0,20,2,4175,20,11,0,4,1,2,45,0.0,1
0,0,20,1,2869,21,0,6,4,1,1,45,362.378,1
19,0,42,3,6203,106,43,30,3,1,1,30,424.36,0
7,0,38,0,2328,62,363,27,2,1,1,25,1741.05,0
2,1,29,0,0,70,31,26,3,1,2,25,157.095,1
9,1,41,0,5381,100,9,1,3,2,1,45,335.947,1
5,0,37,0,1120,17,7,11,2,1,2,25,82.665,0
6,0,36,0,935,18,10,6,3,1,2,30,78.12,0
6,1,41,0,154,24,63,0,3,1,2,30,67.796,1
10,0,15,0,8742,170,64,37,4,1,1,45,382.8,0
3,0,38,0,248,7,0,1,3,1,2,30,10.2,1
10,0,15,0,8688,168,71,40,4,1,1,45,398.9,0
0,0,34,0,5703,58,76,35,2,1,1,25,601.245,0
13,0,43,2,6978,85,123,43,2,1,1,25,871.335,0
2,1,42,1,889,100,8,10,3,1,2,30,28.772,1
0,0,34,0,1995,30,273,14,3,1,1,30,1173.0,0
0,0,36,0,1755,14,39,0,2,1,2,25,54.151,1
5,0,37,1,6690,87,195,29,3,1,1,30,1051.08,0
0,0,30,0,5353,79,0,4,2,1,1,25,244.44,0
0,1,41,0,117,21,10,43,2,1,2,25,139.143,1
0,0,7,0,1182,13,0,5,2,1,1,25,53.775,1
0,0,33,0,1360,38,31,18,3,1,2,30,179.92,0
5,0,38,0,305,6,7,2,2,1,2,25,45.495,1
13,0,17,3,2053,35,22,15,3,1,1,30,171.52,1
0,0,35,0,6195,80,179,24,3,1,1,30,967.0,0
0,0,43,0,2165,56,18,7,3,1,1,45,321.52,1
7,0,32,0,2810,33,0,11,3,1,2,30,113.72,1
6,0,14,0,109,25,1,27,2,1,2,30,14.444,1
5,1,45,0,2821,31,64,17,3,1,2,25,0.0,1
9,0,44,2,3355,37,498,14,3,1,1,30,2127.68,0
3,0,8,0,208,100,10,0,3,1,2,30,0.0,1
9,0,38,0,2048,55,341,26,3,1,1,30,1448.12,0
0,0,3,2,570,20,40,28,3,1,1,25,34.308,1
0,0,43,0,1021,10,45,0,3,1,2,45,0.0,1
2,1,39,0,224,56,3,2,2,1,1,30,29.289,1
0,0,37,0,5900,76,165,11,3,1,1,30,899.04,0
0,0,24,0,300,19,161,9,2,2,1,25,738.855,0
5,0,38,0,933,13,16,6,4,1,2,45,63.65,1
12,0,40,3,11885,166,50,53,4,1,1,45,426.275,0
5,1,37,0,2765,37,12,18,2,1,2,25,180.09,1
28,0,33,4,16135,241,5,82,2,1,1,25,759.42,0
2,1,43,1,2447,65,75,1,2,1,1,25,100.679,1
12,0,38,1,11655,154,7,45,3,1,1,30,500.36,0
12,0,38,0,4388,67,10,38,1,1,1,15,300.025,0
4,0,38,0,3770,61,0,2,2,1,1,25,172.395,0
4,0,43,0,2030,22,71,0,2,1,2,30,13.277,1
18,0,37,7,10310,95,5,45,4,2,1,45,272.625,0
0,0,33,0,6135,77,174,22,3,1,1,30,944.48,0
10,0,12,0,8753,163,62,35,4,1,1,45,377.9,0
16,0,21,1,6348,145,93,46,2,2,1,25,710.685,0
3,0,13,1,2433,33,0,13,3,1,1,30,98.64,0
1,0,33,0,33,60,36,0,2,1,2,30,0.0,1
0,0,43,2,0,62,16,19,3,1,1,55,0.0,1
7,0,40,0,1473,28,41,0,4,1,2,30,10.219,1
3,0,41,1,6455,90,194,30,3,1,1,30,1037.8,0
10,0,40,0,1943,50,7,4,3,1,2,30,107.72,0
0,0,37,4,455,52,5,2,3,1,2,45,171.333,1
24,0,34,2,15060,223,44,28,3,1,1,30,787.32,0
0,0,15,0,680,9,0,12,2,1,1,25,31.005,0
0,1,42,1,3046,0,42,2,2,1,2,45,0.0,1
4,0,34,0,4913,82,0,7,2,1,1,25,224.775,1
0,0,45,2,968,24,18,7,2,1,1,45,0.0,1
0,0,29,0,1888,44,337,16,2,1,1,25,1603.44,0
4,1,6,0,1154,36,14,11,4,1,2,45,80.935,1
1,1,10,0,1444,65,53,40,3,1,2,30,0.0,1
15,0,39,1,2758,66,366,26,3,1,1,30,1576.96,0
22,0,38,4,6723,114,54,41,3,1,1,30,489.48,0
26,0,44,0,708,21,13,0,4,1,2,30,0.0,1
16,0,17,1,6393,141,85,42,2,2,1,25,676.53,0
9,0,19,0,2726,30,15,0,3,1,2,45,0.0,1
3,0,33,1,6785,97,14,22,5,1,1,55,124.23,0
0,0,36,0,0,0,0,0,3,1,1,30,0.0,1
14,0,35,1,14125,208,22,30,2,1,1,25,743.985,0
0,0,30,0,6195,74,171,23,3,1,1,30,934.76,0
7,0,31,0,50,2,0,1,2,1,2,25,2.34,1
28,1,35,0,1260,53,23,19,3,1,2,30,144.52,1
15,0,28,2,1645,44,58,19,2,1,1,25,337.005,0
0,0,32,0,450,4,0,2,2,1,2,25,20.43,0
8,0,38,0,7698,127,359,41,2,1,1,25,1967.625,0
11,0,40,1,6223,101,14,14,3,1,1,30,308.96,0
10,0,10,0,8932,165,65,39,4,1,1,45,389.925,0
5,0,42,0,888,17,24,10,4,1,2,45,82.625,1
0,1,41,0,423,100,36,0,4,1,2,30,56.263,1
10,0,39,1,3070,50,293,18,3,1,1,30,1296.8,0
4,1,32,0,1425,62,39,0,3,1,2,25,162.326,1
2,0,41,0,543,100,7,5,2,1,2,30,13.562,1
1,1,44,0,3219,65,12,35,4,1,1,25,60.808,1
0,0,34,0,0,0,0,0,5,1,1,55,0.0,0
1,0,33,0,2360,41,136,17,2,1,1,25,720.045,0
15,0,21,4,3338,59,49,26,3,1,1,30,331.88,0
0,1,32,0,2769,53,11,0,2,1,2,25,9.661,1
6,0,22,0,6,61,57,0,3,1,1,30,116.84,1
13,0,32,1,5863,94,18,20,2,1,1,25,349.065,1
5,0,45,0,578,15,22,10,3,1,2,30,111.72,0
11,0,44,2,2233,41,22,14,4,1,1,45,111.85,0
0,0,19,0,2840,53,0,17,3,1,1,30,115.72,0
5,0,36,0,305,6,7,2,2,1,2,25,45.495,1
13,0,39,0,4560,71,7,15,2,1,1,25,239.895,0
1,1,9,1,1243,16,0,7,3,1,1,30,50.36,1
1,0,28,0,1190,38,197,14,2,2,1,25,941.76,0
1,0,35,0,1553,19,0,2,3,1,1,30,62.88,0
4,1,40,0,245,15,8,3,2,1,2,25,114.361,1
12,0,44,1,2952,22,60,28,4,1,2,25,78.241,1
0,1,45,0,3020,15,78,0,2,1,2,25,10.26,1
0,1,32,0,2547,100,17,24,3,1,2,45,0.0,1
0,0,35,0,5813,59,80,20,2,1,1,25,624.24,0
14,1,42,0,2528,54,49,37,4,1,2,45,187.05,1
23,1,33,0,955,47,16,17,2,1,2,25,117.09,1
0,0,37,0,875,14,0,11,2,1,2,25,40.005,0
5,0,34,1,3085,25,7,14,3,1,1,30,152.4,0
9,0,41,2,6798,77,118,41,2,1,1,25,840.375,0
0,1,44,0,6123,65,3,25,3,1,2,45,0.0,1
3,0,41,0,0,10,4,35,3,1,1,25,42.073,1
0,1,33,0,3271,0,17,40,2,1,1,25,243.65,1
0,0,43,0,5704,61,17,7,2,1,2,30,109.357,1
3,0,36,0,6385,80,154,22,3,1,1,30,874.6,0
1,0,40,0,1667,27,11,1,3,1,1,30,119.388,1
0,1,45,0,1504,18,36,19,3,1,2,30,120.68,1
0,0,25,0,2980,58,6,23,3,1,1,30,145.52,0
