8,0,16,3,2853,45,31,19,3,2,1,30,239.92,0
4,0,34,3,6775,115,262,30,2,2,1,25,1489.05,0
9,1,37,1,2658,11,40,0,2,1,2,30,12.993,1
8,1,31,0,2910,39,0,12,3,1,2,30,117.96,1
4,0,38,0,3279,23,204,3,4,1,2,45,1.362,1
5,0,28,0,305,6,7,2,4,1,2,45,25.275,0
9,1,41,0,2876,18,26,0,2,1,1,25,152.338,1
1,1,39,0,2687,51,5,1,3,1,1,25,249.72,1
21,0,35,7,10320,87,0,38,4,2,1,45,260.175,0
0,0,36,0,3610,67,0,8,3,1,1,30,147.08,0
20,0,29,0,1605,41,38,24,3,1,2,30,217.84,0
0,0,34,0,1363,19,0,4,3,1,1,30,55.28,0
12,1,37,2,2216,11,38,45,3,1,1,25,136.67,1
0,0,37,3,2332,29,9,12,4,1,2,45,0.0,1
2,0,42,0,665,18,21,12,3,1,2,30,111.32,0
1,1,10,0,585,29,41,3,2,1,2,30,61.329,1
10,0,23,0,620,23,0,3,2,1,2,25,28.935,0
2,0,34,0,3833,57,0,31,2,1,1,25,175.05,0
19,0,45,0,1307,12,0,12,2,1,2,30,239.2,1
7,0,15,0,1472,28,0,34,2,1,1,30,147.046,1
0,0,9,0,386,16,3,0,4,1,2,25,374.173,1
1,0,45,0,0,25,65,0,3,1,1,45,187.236,1
5,1,36,0,406,68,14,24,3,1,1,30,90.605,1
0,1,20,0,3745,48,0,31,3,1,2,25,67.291,1
5,0,35,1,1793,23,7,3,4,1,1,45,62.9,0
0,1,43,0,3084,64,0,20,3,1,1,30,16.081,1
17,1,16,0,1963,50,3,0,2,1,2,30,110.513,1
2,0,35,0,4095,71,0,19,3,1,1,30,166.64,0
4,0,31,0,2780,47,167,22,2,1,1,25,878.715,0
1,0,37,0,5728,95,32,14,3,1,1,30,360.92,0
0,0,34,0,1633,64,0,7,5,1,2,25,261.67,1
28,1,39,0,1215,57,31,23,3,1,2,30,174.88,1
3,0,13,1,1443,23,8,11,3,1,1,30,90.64,1
12,0,45,0,924,100,5,12,3,1,2,25,39.111,1
1,0,35,0,1033,12,10,2,4,1,2,45,51.125,1
7,0,37,3,7100,96,207,41,3,1,1,30,1115.84,0
0,1,35,0,2307,56,0,0,2,1,2,30,156.664,1
4,1,30,0,2008,34,19,25,3,1,2,30,157.68,1
0,0,34,0,6080,74,147,20,3,1,1,30,834.16,0
0,0,37,0,0,0,0,0,2,1,2,25,0.0,0
9,0,38,0,2238,54,8,17,3,1,2,30,123.68,0
2,0,36,0,3718,82,2,28,2,1,1,25,180.0,0
2,0,29,0,4263,92,138,9,2,1,2,25,60.8,1
22,0,19,0,4525,56,12,0,4,1,2,25,15.205,1
3,0,38,2,453,9,2,1,5,1,1,55,9.93,0
8,1,35,1,5628,98,51,26,2,1,1,25,487.17,1
13,1,44,1,4572,60,0,0,3,1,1,30,155.741,1
0,0,7,0,1182,13,0,5,2,1,1,25,53.775,1
1,0,40,0,895,0,8,0,5,1,2,45,0.0,1
0,0,37,0,2264,23,46,26,2,1,1,25,0.0,1
1,0,36,0,3293,50,0,18,1,1,1,15,183.865,0
4,1,41,0,3227,12,1,0,4,1,1,25,165.966,1
0,0,21,0,0,0,3,0,4,1,2,45,7.5,0
0,0,28,0,0,0,0,0,3,1,2,30,0.0,1
4,0,15,0,384,99,3,13,2,1,2,45,68.378,1
14,1,41,0,2658,66,47,23,4,1,2,45,185.6,0
0,0,35,0,0,0,25,0,3,1,2,30,100.0,1
8,0,16,0,4710,18,17,5,3,1,1,30,141.034,1
10,0,35,2,7280,104,30,27,5,1,1,55,155.76,0
3,0,36,0,7393,121,352,39,2,1,1,25,1922.13,0
15,0,17,1,9047,176,71,39,5,1,1,55,244.845,0
16,0,35,2,5943,96,22,21,2,1,1,25,370.755,1
2,0,9,0,2809,65,8,17,3,1,2,45,129.26,1
0,0,33,0,1908,44,0,26,1,1,1,15,107.36,0
11,0,16,0,8527,166,55,42,5,1,1,55,212.895,0
0,0,3,0,0,0,0,0,2,1,1,25,0.0,1
16,0,13,1,9158,175,70,38,5,1,1,55,244.995,0
18,0,45,0,6123,20,4,36,4,1,2,25,345.255,1
10,1,6,1,3969,17,65,16,2,1,1,30,28.817,1
14,0,29,1,760,28,15,9,3,1,1,30,91.52,0
3,0,34,0,6298,63,69,31,2,1,1,25,596.745,0
1,1,37,0,647,65,17,18,3,1,1,30,454.707,1
9,0,38,1,4705,84,11,28,3,1,1,30,235.56,0
3,0,44,0,6123,70,5,14,3,1,1,30,240.418,1
9,0,38,1,3530,79,30,28,3,1,1,30,264.36,0
1,0,14,2,2357,38,15,14,3,1,1,30,155.8,0
13,0,30,0,5975,69,0,21,2,1,2,30,32.473,1
25,1,38,0,955,53,24,18,3,1,2,30,136.32,1
1,0,34,0,7328,119,373,38,2,1,1,25,2013.615,0
0,0,12,3,1283,22,51,45,2,1,2,25,51.88,1
7,0,25,0,590,10,0,10,3,1,2,30,308.062,1
0,0,37,0,1650,28,260,18,3,1,1,30,1107.12,0
15,0,39,1,5998,106,37,29,2,1,1,25,441.18,0
18,0,16,1,9642,182,81,40,5,1,1,55,268.86,0
0,0,33,0,0,0,0,0,2,1,2,25,0.0,0
8,0,37,0,2208,57,357,24,2,1,1,25,1708.425,0
6,0,33,0,3896,49,26,18,3,1,2,30,173.803,1
22,0,38,4,6723,114,54,41,3,1,1,30,489.48,0
1,0,39,0,6123,23,0,0,2,1,2,25,149.279,1
6,0,36,0,3470,76,25,26,2,1,1,25,272.07,0
18,0,33,2,14655,211,36,25,3,1,1,30,738.64,0
24,0,42,0,368,24,41,3,3,1,2,30,107.158,1
10,1,42,0,2340,27,0,4,3,1,2,30,380.808,1
0,0,16,0,4047,86,2,0,4,1,1,30,326.67,1
4,0,31,0,2068,52,342,18,2,1,1,25,1634.4,0
15,0,15,2,6688,145,99,55,1,2,1,15,920.315,0
25,0,31,3,16075,238,0,80,2,1,1,25,734.085,0
0,0,32,0,10980,140,0,40,3,1,1,30,444.8,0
9,0,29,2,1620,42,200,13,3,2,1,30,866.48,0
30,0,44,4,15400,235,69,38,3,1,1,30,901.4,0
0,0,36,0,405,8,6,6,2,1,2,25,45.585,0
0,0,25,0,0,0,0,0,2,1,2,25,0.0,0
26,0,38,9,10740,99,8,44,5,1,1,55,174.585,0
1,1,14,0,3039,4,37,5,4,1,1,25,233.507,1
0,0,11,0,1390,14,13,11,2,1,1,25,121.68,0
1,0,27,0,1443,41,34,71,4,1,1,45,122.1,0
8,0,9,0,2791,4,8,18,3,1,2,25,58.205,1
0,0,35,0,1973,46,0,27,1,1,1,15,111.045,0
13,0,38,1,3965,83,41,31,3,1,1,30,325.92,0
0,1,19,0,1089,100,9,48,2,1,2,30,0.0,1
1,0,36,0,1280,19,1,9,2,1,2,25,62.955,0
4,0,43,1,6123,71,197,28,2,1,2,30,34.295,1
15,0,41,2,5801,15,10,0,2,1,2,30,43.52,1
28,0,19,0,3170,64,16,1,4,1,2,30,158.191,1
24,0,29,4,16370,242,14,93,2,1,1,25,810.54,0
0,0,24,0,520,4,14,1,4,1,2,45,48.1,0
18,0,39,3,9420,127,151,45,3,1,1,30,985.88,0
31,1,32,4,16785,249,8,80,2,1,1,25,802.53,0
9,0,27,1,3720,68,24,28,3,1,1,30,247.52,0
2,1,42,1,4085,4,11,12,3,1,2,25,209.267,1
6,1,45,0,4235,76,9,15,3,1,2,25,107.483,1
17,0,21,2,6473,143,95,46,2,2,1,25,725.22,0
4,0,11,3,3744,6,0,16,3,1,1,30,17.597,1
1,0,34,0,2475,47,168,21,2,1,1,25,869.49,0
6,0,37,0,843,13,8,2,3,1,2,30,66.24,1
6,0,38,0,15360,184,154,33,2,1,1,25,1392.48,0
13,0,37,2,9115,121,144,43,3,1,1,30,945.44,0
0,0,42,0,6123,22,0,0,3,1,1,30,1.265,1
23,0,19,2,6887,148,101,47,2,2,1,25,771.075,0
4,0,10,0,3261,62,0,2,2,1,1,25,0.0,1
17,1,39,2,3355,50,21,20,3,1,1,30,220.2,1
15,0,21,4,3338,59,49,26,3,1,1,30,331.88,0
0,1,3,0,1228,9,0,1,2,1,1,25,55.665,1
7,0,35,0,2058,46,0,12,3,1,2,30,84.16,0
0,0,41,0,0,0,8,0,2,1,2,25,36.0,1
28,0,30,4,16200,236,7,77,2,2,1,25,771.12,0
5,0,38,2,643,10,11,4,5,1,1,55,26.295,0
7,0,37,0,15295,181,141,27,2,1,1,25,1330.92,0
0,0,41,0,3947,71,37,15,2,1,2,45,200.044,1
3,0,38,0,3915,73,0,10,3,1,1,30,159.52,0
15,0,40,3,6823,111,35,29,3,1,1,30,417.36,0
15,0,30,1,14575,209,32,24,2,1,1,25,809.28,0
24,0,43,0,3352,3,29,29,2,1,2,25,14.182,1
0,0,31,0,3718,76,0,27,2,1,1,25,170.73,0
6,0,8,0,3952,59,20,0,3,1,2,25,229.307,1
0,0,16,0,2505,6,0,48,3,1,2,30,187.25,1
0,0,37,0,2203,58,27,35,2,1,1,25,223.245,0
4,1,27,1,1315,36,193,11,2,2,1,25,929.295,1
4,0,26,0,1568,39,30,68,4,1,1,45,115.175,0
10,0,15,0,8742,170,64,37,4,1,1,45,382.8,0
0,0,38,1,0,0,7,0,5,1,1,55,10.5,0
3,0,43,1,3299,61,6,0,4,1,1,25,247.651,1
8,0,39,1,7813,133,391,45,3,1,1,30,1881.84,0
0,0,38,0,110,4,0,1,2,1,2,25,5.13,0
1,0,34,1,6123,20,0,7,3,1,2,30,168.215,1
9,1,45,1,3310,22,78,15,2,1,1,25,95.974,1
2,0,37,3,3215,18,20,3,4,1,2,25,237.478,1
5,0,34,0,5838,93,0,8,2,1,1,25,266.895,0
3,0,41,0,0,49,29,24,3,1,2,45,9.096,1
1,0,18,2,97,0,38,21,3,1,1,25,35.279,1
6,0,38,0,5918,95,7,12,3,1,1,30,268.52,0
7,0,13,0,1319,60,0,18,3,1,1,30,0.0,1
5,0,18,1,1940,29,30,14,2,1,1,25,223.605,0
16,1,43,0,2723,68,26,24,3,1,2,30,215.64,0
18,1,45,2,3690,25,56,5,2,1,2,45,99.227,1
9,1,21,0,218,58,0,0,5,1,1,30,0.0,1
11,0,41,0,2691,72,10,13,2,1,2,45,0.0,1
18,1,27,0,991,2,0,0,3,1,2,30,128.947,1
0,0,36,0,0,0,0,0,3,1,2,30,0.0,1
1,0,11,0,2664,100,6,5,3,1,2,45,0.0,1
4,0,15,0,3581,63,6,5,3,1,1,30,0.0,1
0,0,44,1,6123,66,16,34,2,1,2,30,183.076,1
7,0,36,0,2078,43,25,28,3,1,2,30,184.84,1
7,0,35,1,3400,27,482,9,3,1,1,30,2065.08,0
4,0,27,1,1315,36,193,11,2,2,1,25,929.295,0
0,0,13,2,2778,17,34,26,4,1,2,30,221.648,1
8,1,33,0,2195,53,11,4,3,1,2,30,0.0,1
9,0,18,0,3949,0,66,32,2,1,1,55,0.0,1
1,1,40,0,2450,77,2,16,2,1,2,30,163.984,1
2,0,31,0,11205,144,0,41,3,1,1,30,453.96,0
20,1,17,0,875,25,0,36,3,1,2,30,86.449,1
4,0,34,0,2070,49,39,18,3,1,2,30,240.76,0
8,0,40,1,1512,7,0,0,2,1,1,30,93.343,1
1,0,32,0,6233,61,90,30,2,1,1,25,688.23,0
13,0,22,4,3113,55,46,25,3,1,1,30,310.72,0
9,0,43,0,4057,39,30,16,3,1,2,25,67.975,1
0,1,11,3,4250,37,0,25,3,1,1,45,84.768,1
1,0,32,0,7508,121,376,42,2,1,1,25,2035.305,0
14,0,44,3,11770,166,26,50,4,1,1,45,363.4,0
0,0,44,0,2432,26,10,16,2,1,2,25,62.046,1
9,0,8,0,1992,11,0,25,3,1,2,30,8.971,1
16,0,39,0,888,14,13,0,4,1,2,55,0.0,1
0,1,28,0,1703,28,12,23,3,1,2,30,117.24,1
0,0,20,0,1183,31,13,62,4,1,1,45,62.85,0
10,0,37,0,2643,59,9,15,3,1,2,30,144.08,0
9,0,38,0,254,28,65,0,4,1,2,25,75.542,1
22,1,45,0,6123,56,0,43,4,1,1,25,0.0,1
3,1,6,0,4042,64,53,3,2,1,2,25,72.163,1
1,0,31,1,6545,104,232,27,2,2,1,25,1343.205,0
11,0,40,1,2855,46,301,23,3,1,1,30,1320.04,0
11,1,43,0,2891,20,10,0,2,1,2,45,0.0,1
2,1,45,0,984,45,75,2,3,1,2,30,74.682,1
5,0,8,2,4515,38,211,7,3,1,1,30,1026.12,0
2,0,22,0,1315,30,185,10,2,2,1,25,893.025,0
11,0,39,0,1148,19,15,4,3,1,2,30,106.68,1
0,0,14,1,6123,20,17,39,3,1,2,30,12.014,1
8,0,35,2,7090,103,21,24,5,1,1,55,139.395,0
4,1,43,0,1524,100,3,17,4,1,2,30,74.093,1
0,0,34,0,3658,79,0,26,2,1,1,25,168.165,0
2,0,8,0,4275,34,183,6,3,1,1,30,904.36,0
5,0,20,1,1755,29,33,16,2,1,1,25,228.78,0
8,0,35,1,15780,186,164,43,2,1,1,25,1456.47,0
0,0,33,0,6123,29,23,2,2,1,1,30,181.852,1
13,0,30,0,880,33,21,12,2,1,2,25,135.585,0
12,0,9,0,3326,16,15,21,2,1,2,30,139.022,1
3,0,36,0,6385,80,154,22,3,1,1,30,874.6,0
0,0,35,0,5813,59,80,20,2,1,1,25,624.24,0
0,0,31,0,0,0,0,0,2,1,2,25,0.0,0
9,0,36,0,2268,44,34,31,3,1,2,30,228.48,1
10,0,19,0,2176,59,14,12,5,1,2,25,12.372,1
0,0,19,0,1263,27,15,65,4,1,1,45,69.75,0
11,0,37,0,4603,71,2,33,1,1,1,15,268.07,0
3,0,37,1,6500,86,186,26,3,1,1,30,1007.44,0
1,0,39,0,305,9,0,10,3,1,2,30,12.56,0
14,0,25,2,1825,42,40,28,2,1,1,25,264.015,0
13,1,36,0,2868,54,55,46,3,1,2,30,336.88,1
2,0,39,0,825,20,45,12,3,1,2,30,213.8,0
21,0,40,2,3468,77,374,26,3,1,1,30,1637.8,0
5,0,38,0,933,13,16,6,4,1,2,45,63.65,1
9,0,35,0,6223,95,6,13,2,1,1,25,311.31,0
2,0,24,0,3110,55,0,19,3,1,1,30,126.6,0
0,0,37,0,4028,25,34,13,3,1,2,25,0.0,1
6,0,38,1,1973,31,7,8,4,1,1,45,67.6,0
6,1,39,0,1429,20,23,0,2,1,2,30,0.0,1
10,0,21,4,2852,51,39,20,3,1,1,30,272.12,0
14,0,41,2,3408,75,17,35,2,1,1,25,233.235,0
6,0,38,1,3285,28,492,11,3,1,1,30,2100.52,0
14,0,36,0,6123,15,19,4,4,1,2,25,424.591,1
29,0,45,0,3922,23,3,0,3,1,2,25,172.549,1
0,0,33,0,2130,11,0,14,3,1,1,30,85.64,0
20,0,35,0,4891,100,16,19,2,1,2,25,68.515,1
33,0,35,5,16440,247,12,84,2,2,1,25,804.915,0
11,0,32,1,9115,115,136,42,3,1,1,30,913.2,0
11,1,38,0,5998,19,9,23,3,1,2,25,46.226,1
11,0,32,0,3716,5,40,19,4,1,2,30,52.998,1
0,0,35,0,6005,79,170,21,3,1,1,30,923.36,0
12,0,16,2,4089,60,8,0,2,1,2,25,222.803,1
3,0,23,0,1235,34,183,7,2,2,1,25,880.605,0
4,1,34,0,1963,38,27,29,3,1,2,30,188.04,1
0,0,39,0,0,0,0,0,2,1,2,25,0.0,1
2,0,9,1,4390,40,215,10,3,1,1,30,1037.2,0
1,0,36,0,2300,36,280,16,3,1,1,30,1213.44,0
0,0,34,0,568,4,4,2,4,1,2,45,24.3,1
9,0,40,1,6033,100,5,11,3,1,1,30,265.32,0
1,0,31,0,4065,59,0,14,2,1,1,25,185.58,0
15,0,9,2,1268,6,10,0,3,1,1,30,23.881,1
31,1,39,4,15850,236,62,32,3,1,1,30,891.44,0
9,0,28,1,1873,45,37,70,5,1,1,55,84.27,0
5,0,38,0,305,6,7,2,3,1,2,30,40.44,0
0,0,31,0,5613,83,0,9,2,1,1,25,256.32,0
1,0,34,0,2588,64,1,0,2,1,2,30,283.685,1
2,1,10,1,1082,14,0,9,3,1,1,30,43.84,1
9,1,34,2,330,10,0,18,3,1,2,45,0.0,1
7,0,40,0,6123,34,3,22,3,1,2,25,118.25,1
6,0,41,0,3834,100,16,0,5,1,2,30,41.073,1
8,0,43,2,683,14,19,8,3,1,1,30,103.88,0
7,0,38,0,13773,169,0,44,3,1,1,30,557.68,0
5,0,38,0,13583,168,0,41,3,1,1,30,550.04,0
7,0,11,2,4695,46,222,12,3,1,1,30,1077.64,0
16,0,31,3,3766,10,3,10,3,1,2,30,183.254,1
8,0,41,1,3470,82,33,27,3,1,1,30,274.08,0
0,0,24,0,1263,33,23,66,4,1,1,45,89.9,0
6,0,42,0,5873,99,15,16,3,1,1,30,298.88,0
9,1,38,0,2238,54,8,17,3,1,2,30,123.68,0
7,1,43,0,3173,81,14,30,2,1,2,45,20.262,1
10,0,42,2,1429,100,8,14,3,1,2,30,20.125,1
9,0,13,0,1982,70,45,4,2,1,2,25,12.748,1
10,0,40,1,13833,172,5,46,3,1,1,30,580.2,0
0,0,9,1,6123,23,1,4,2,1,2,25,157.655,1
16,0,39,4,12370,170,39,64,4,1,1,45,411.0,0
0,0,40,0,433,11,39,8,3,1,2,30,173.76,0
6,1,32,1,6123,77,2,24,2,1,1,25,95.786,1
10,1,43,1,4042,4,5,14,3,1,2,30,20.116,1
6,0,38,1,11060,149,0,49,4,1,1,45,280.225,0
0,0,12,0,1738,59,21,4,2,1,1,25,255.131,1
13,0,38,0,2838,64,29,32,3,1,2,30,232.08,0
0,0,30,0,2475,13,0,10,3,1,1,30,99.52,0
34,0,41,0,1491,58,15,26,3,1,2,30,24.171,1
0,0,3,0,1870,72,7,15,4,1,2,55,0.0,1
20,0,36,2,14835,219,47,30,3,1,1,30,790.16,0
2,0,29,0,1005,18,32,8,4,1,2,45,105.575,0
17,0,40,3,5275,87,33,34,3,1,1,30,346.48,0
3,0,9,1,1487,19,0,7,3,1,1,30,60.24,1
7,0,23,0,1165,29,14,11,2,1,1,25,116.73,0
18,0,22,0,3352,33,6,21,2,1,2,25,11.194,1
8,0,41,2,3145,34,15,17,4,1,1,45,116.975,0
20,1,38,0,2771,100,10,7,3,1,2,30,123.0,1
0,0,45,0,2957,71,4,6,3,1,2,30,0.0,1
30,0,33,4,16380,244,7,82,2,2,1,25,779.58,0
0,0,32,0,0,0,0,0,4,1,1,45,0.0,0
0,0,33,0,0,0,0,0,3,1,2,30,0.0,1
5,0,16,3,692,60,7,0,2,1,2,30,0.0,1
2,0,18,0,2457,53,41,0,3,1,2,30,6.798,1
7,0,13,0,8627,165,66,38,4,1,1,45,384.8,0
23,1,40,1,2598,0,0,2,3,1,2,30,139.535,1
22,0,35,0,2540,20,10,22,2,1,2,30,100.604,1
0,0,21,0,1390,26,29,13,2,1,1,25,194.22,0
5,0,40,0,1665,50,46,21,4,1,2,45,157.875,0
9,0,38,1,15600,188,182,34,2,1,1,25,1529.46,0
16,0,40,2,4080,88,39,30,3,1,1,30,322.72,0
16,0,18,0,5795,76,28,17,3,1,1,25,342.858,1
0,0,25,0,635,10,46,5,4,1,2,45,131.125,0
9,1,43,0,2543,15,2,1,4,1,2,25,56.57,1
5,0,29,1,1020,32,179,2,3,2,1,30,758.08,0
2,0,39,1,518,12,15,7,5,1,1,55,30.45,0
0,0,35,0,570,8,0,9,2,1,2,25,26.01,0
0,0,39,0,6123,22,0,4,2,1,2,30,171.636,1
0,0,35,0,6195,80,179,24,3,1,1,30,967.0,0
22,1,7,0,1241,67,14,22,2,1,2,30,91.548,1
10,0,20,1,455,74,39,5,3,1,1,25,198.364,1
4,0,39,0,1745,46,48,24,3,1,2,30,263.64,0
3,1,17,2,2650,75,0,19,3,1,2,25,0.0,1
8,0,6,1,891,26,60,6,3,1,1,25,0.0,1
0,0,23,0,2920,55,1,21,3,1,1,30,123.0,0
0,1,7,0,1372,14,2,8,2,1,1,25,71.37,1
8,0,44,0,1095,22,30,14,3,1,2,30,164.68,0
12,0,39,2,11770,160,18,49,4,1,1,45,343.25,0
10,0,25,0,1225,32,19,13,2,1,1,25,142.065,0
10,0,30,0,2123,73,16,14,2,1,2,30,208.968,1
12,0,39,2,11770,160,18,49,4,1,1,45,343.25,0
5,1,24,0,1341,78,15,0,2,1,1,25,44.974,1
16,0,29,0,15170,222,0,63,2,1,1,25,692.64,0
0,0,16,1,1132,27,62,4,4,1,1,30,22.989,1
4,0,7,0,863,18,11,34,4,1,2,45,56.574,1
0,0,33,0,1875,25,267,11,3,1,1,30,1144.0,0
1,1,12,1,461,48,12,23,4,1,2,25,108.832,1
3,0,38,1,688,10,14,6,4,1,1,45,52.45,1
1,0,30,0,3210,66,10,20,2,1,1,25,192.42,0
6,1,3,2,1371,29,9,4,3,2,2,45,80.37,1
3,0,14,2,2547,39,24,17,3,1,1,30,199.44,0
13,0,35,0,3223,14,25,0,3,1,2,25,60.112,1
2,0,10,0,1124,17,56,1,3,1,2,25,0.0,1
5,1,41,0,3266,14,10,8,3,1,1,25,78.449,1
6,1,39,0,3643,100,204,0,3,1,2,25,236.124,1
9,0,45,0,3452,71,37,1,2,1,2,30,12.378,1
5,0,41,0,623,11,14,6,3,1,2,30,81.36,0
0,1,34,1,2379,14,10,3,5,1,2,30,344.955,1
7,0,43,0,6123,64,31,7,4,1,1,25,0.0,1
6,0,8,1,1129,27,26,6,2,1,2,45,114.965,1
21,0,17,3,9838,187,101,57,5,1,1,55,301.875,0
3,0,43,0,4148,22,53,8,4,2,2,30,201.427,1
0,0,27,0,6525,87,0,16,4,1,1,45,165.3,0
4,0,10,0,5065,68,58,2,3,1,2,45,78.426,1
7,0,38,1,792,29,2,0,3,1,1,30,59.183,1
0,0,33,0,653,8,0,4,3,1,1,30,26.44,0
1,0,32,0,6500,80,178,25,3,1,1,30,975.2,0
6,0,37,1,1725,47,43,22,3,1,1,30,242.88,0
4,0,32,0,1978,44,0,11,3,1,2,30,80.88,0
0,0,30,0,6365,85,0,16,4,1,1,45,161.25,0
22,1,30,0,912,21,12,4,2,1,1,25,0.0,1
16,0,29,0,1005,31,17,9,3,1,2,30,109.44,0
0,0,30,0,7203,115,369,40,2,1,1,25,1989.81,0
0,0,35,0,1139,19,0,0,2,1,2,30,2.723,1
0,0,14,0,1948,29,3,2,3,1,1,30,91.08,0
0,1,7,0,777,66,4,0,2,1,2,30,39.147,1
15,0,39,2,7213,82,124,42,2,1,1,25,886.275,0
15,0,38,1,16195,193,158,30,2,1,1,25,1448.46,0
25,0,19,4,7298,157,113,59,2,2,1,25,843.975,0
19,0,19,2,6453,144,90,44,2,2,1,25,701.865,0
6,0,11,0,1370,12,12,41,3,1,2,25,0.0,1
0,0,29,0,0,0,0,0,2,1,2,25,0.0,0
1,0,33,0,2725,16,0,10,3,1,1,30,109.64,0
17,0,46,3,5080,99,24,33,4,1,1,45,189.475,0
1,1,19,2,4572,13,67,5,2,1,1,25,73.4,1
21,1,30,0,775,39,5,12,2,1,2,25,59.13,1
9,1,39,0,905,16,28,17,2,1,2,25,167.445,1
2,1,40,0,2482,67,0,21,3,1,2,30,0.0,1
7,0,40,2,3155,30,488,10,3,1,1,30,2079.4,0
7,0,33,0,1890,48,35,18,3,1,2,30,217.52,0
9,0,27,0,510,24,1,4,2,1,2,25,28.53,0
34,1,34,0,1174,17,13,15,4,1,2,30,408.232,1
0,0,15,0,2472,51,7,23,3,1,1,45,88.449,1
0,0,34,0,4150,74,0,21,3,1,1,30,168.96,0
8,0,38,0,457,1,5,6,2,1,1,25,57.513,1
4,1,34,0,2800,41,34,18,3,1,2,30,249.64,1
1,1,12,1,1875,66,0,26,3,1,1,25,73.447,1
4,0,41,0,2288,23,19,2,2,1,2,25,256.454,1
0,0,40,0,2278,100,26,19,2,1,1,30,206.036,1
10,0,38,1,2568,66,391,28,3,1,1,30,1669.36,0
0,0,39,1,33,4,5,1,5,1,1,55,8.055,0
4,0,18,0,2740,8,10,20,4,1,2,45,69.471,1
4,0,9,1,4580,41,224,13,3,1,1,30,1080.84,0
10,0,42,0,6123,50,7,0,4,1,1,25,20.716,1
2,0,34,0,2313,56,0,29,1,1,1,15,130.295,0
7,0,13,0,8628,165,66,38,4,1,1,45,384.825,0
0,0,17,0,2660,45,0,15,3,1,1,30,108.2,0
0,1,33,1,1605,10,4,11,4,1,1,45,288.942,1
2,0,29,0,3180,65,16,27,3,1,1,30,193.8,0
10,0,39,1,4313,72,33,39,1,1,1,15,422.675,0
7,0,36,1,2618,62,7,31,2,1,1,25,152.1,0
9,1,45,0,1149,1,13,0,2,1,2,25,0.0,1
0,0,31,0,0,0,0,0,3,1,2,30,0.0,1
15,1,21,0,3929,69,0,13,5,1,2,45,187.756,1
13,1,34,0,4249,21,0,0,3,1,2,25,104.107,1
0,1,11,0,4534,5,0,0,2,1,1,25,21.171,1
18,0,34,0,1005,37,25,10,3,1,2,30,141.68,0
0,1,44,0,771,76,38,0,3,1,1,30,112.982,1
20,0,44,0,163,100,57,12,4,1,2,30,0.0,1
10,0,12,0,3772,21,27,3,3,1,2,30,0.0,1
28,0,35,3,15445,225,53,33,3,1,1,30,838.8,0
0,0,35,0,3355,54,0,15,2,1,1,25,153.405,0
1,0,35,0,1548,44,331,7,2,1,1,25,1561.14,0
34,0,10,0,3009,11,14,8,4,1,1,30,89.068,1
0,1,35,1,2349,14,2,3,3,1,2,30,219.287,1
14,0,39,2,2778,70,43,13,2,1,2,25,173.456,1
8,0,19,1,2405,37,36,14,2,1,1,25,271.89,0
4,0,21,0,3908,36,25,1,3,1,1,45,69.984,1
0,0,35,0,12758,152,0,42,3,1,1,30,516.4,0
5,0,35,0,6658,72,103,35,2,1,1,25,766.35,0
1,0,34,0,2840,22,0,14,3,1,1,30,114.48,0
4,0,14,0,6123,10,0,3,4,2,1,25,243.859,1
4,1,37,0,1400,7,6,0,3,1,2,25,97.347,1
2,0,6,0,2579,57,0,0,3,1,2,30,99.352,1
7,0,40,1,3550,78,35,30,3,1,1,30,285.12,0
18,0,33,0,4944,74,70,23,3,1,1,45,107.831,1
0,1,35,0,3339,28,0,21,2,1,1,30,132.693,1
10,1,44,0,1193,23,31,12,4,1,2,45,107.9,1
1,0,36,0,5613,89,0,10,2,1,1,25,256.59,0
0,0,13,0,3569,55,5,42,2,1,2,30,0.0,1
8,0,26,2,2168,49,51,83,4,1,1,45,182.925,0
6,0,7,0,2900,63,12,2,2,1,1,45,95.228,1
4,0,22,0,215,11,0,3,2,1,2,25,10.17,0
0,0,31,0,2295,39,157,16,2,1,1,25,811.53,0
18,0,29,0,850,100,14,0,3,1,1,45,76.678,1
0,1,5,0,1123,10,0,3,2,1,2,25,50.985,1
2,0,32,0,4255,73,0,19,3,1,1,30,173.12,0
5,0,34,0,6123,71,53,9,2,1,2,25,395.315,1
1,1,41,3,717,15,0,27,3,1,2,25,0.0,1
22,1,8,0,877,16,49,36,3,1,2,25,0.0,1
5,0,15,0,2000,26,27,15,2,1,1,25,212.67,0
12,1,34,0,3115,39,7,13,3,1,2,30,154.16,1
7,0,37,1,11465,154,11,47,4,1,1,45,317.975,0
5,0,43,0,837,19,5,0,2,2,2,45,165.962,1
0,0,40,1,1351,6,52,24,3,1,1,30,13.601,1
0,0,17,0,2369,20,1,0,2,1,1,45,58.435,1
1,0,37,0,13063,158,0,44,3,1,1,30,528.84,0
0,0,34,0,0,0,0,0,2,1,2,25,0.0,1
9,0,33,0,2373,58,349,20,2,1,1,25,1679.895,0
13,0,27,1,1340,37,17,12,2,1,1,25,138.465,0
24,1,45,1,4145,1,6,24,2,1,1,25,14.746,1
31,0,16,0,6123,14,12,1,4,1,2,30,165.387,1
2,0,42,0,4199,100,37,19,2,1,1,30,83.592,1
7,0,32,0,2810,33,0,11,3,1,2,30,113.72,1
19,0,36,8,10190,90,0,42,4,1,1,45,257.0,0
15,0,18,4,3347,52,47,24,3,1,1,30,323.96,0
8,0,38,0,4008,65,0,32,1,1,1,15,224.015,0
6,1,19,0,1137,22,0,10,4,1,2,30,360.986,1
5,0,30,0,6123,66,1,2,2,1,2,25,0.0,1
1,0,38,0,2203,57,0,30,1,1,1,15,124.3,0
12,0,41,2,14193,181,39,50,3,1,1,30,730.96,0
0,0,33,0,760,28,10,3,3,1,2,30,71.52,0
0,0,33,0,2650,22,25,16,3,1,1,30,206.88,0
13,0,15,0,6333,138,80,40,1,2,1,15,795.905,0
5,1,42,0,2362,69,7,22,3,1,2,45,62.987,1
4,0,10,0,1830,5,7,21,3,1,2,30,94.55,1
9,0,42,0,5115,54,3,6,2,1,2,25,54.443,1
6,0,41,0,1933,54,9,16,3,1,2,30,115.48,0
0,0,24,0,0,0,0,0,2,1,2,25,0.0,0
0,0,34,0,2136,24,1,3,5,1,2,25,245.968,1
4,0,36,0,13658,164,2,45,3,1,1,30,560.88,0
19,0,31,7,10435,87,0,41,4,1,1,45,263.05,0
2,0,35,0,3603,76,0,24,2,1,1,25,165.555,0
11,0,35,3,7155,116,246,31,2,2,1,25,1434.195,0
10,0,39,2,11525,157,16,49,4,2,1,45,332.05,0
0,1,30,0,2405,30,31,5,3,1,1,25,334.862,1
0,0,35,0,513,1,0,3,4,1,2,45,12.85,1
0,0,26,0,2275,6,0,6,3,1,1,30,91.24,0
0,0,38,0,750,16,4,14,2,1,2,25,52.47,0
5,0,8,0,2692,69,0,16,2,1,2,30,0.0,1
7,0,18,0,993,9,0,0,3,1,2,30,17.63,1
0,0,32,0,2133,48,0,27,1,1,1,15,119.955,0
24,0,20,1,929,100,5,17,2,1,2,30,98.237,1
0,1,45,0,3189,100,3,3,3,1,2,30,0.0,1
10,0,26,1,1340,38,51,17,2,1,1,25,291.51,0
9,1,34,0,2875,35,0,12,2,1,2,25,130.95,1
24,0,39,3,6833,115,41,26,3,1,1,30,441.92,0
6,0,16,0,2844,11,29,10,2,1,2,30,32.545,1
20,0,41,2,6303,112,44,31,2,1,1,25,486.675,0
11,1,35,0,2563,100,75,17,2,1,2,25,112.963,1
5,0,36,1,6965,105,25,27,5,1,1,55,143.55,0
12,0,42,3,3460,36,495,12,4,1,1,45,1324.9,0
2,0,13,0,1137,0,7,23,3,2,1,30,74.08,1
0,0,19,0,4704,28,0,4,2,1,2,25,13.354,1
0,0,24,0,1120,14,35,16,4,1,2,45,115.85,0
0,0,10,0,2579,74,5,18,2,1,1,25,124.858,1
12,0,35,0,2393,42,30,28,4,1,2,45,135.875,1
34,1,36,0,1970,64,31,19,3,2,2,30,205.36,1
29,1,39,0,1340,55,33,23,3,1,2,30,187.8,1
7,0,42,0,2662,100,9,5,4,1,1,25,73.595,1
2,0,36,0,1260,39,20,22,3,1,2,30,131.96,0
0,0,39,0,1007,71,12,12,2,1,2,30,92.801,1
26,0,35,4,16155,240,10,84,2,1,1,25,782.775,0
1,0,36,0,5613,89,0,10,2,1,1,25,256.59,0
0,0,30,0,5353,79,0,4,2,1,1,25,244.44,0
3,0,41,1,6455,90,194,30,3,1,1,30,1037.8,0
0,1,36,0,4689,100,0,0,2,1,2,25,0.0,1
1,1,30,3,6123,44,15,0,2,1,2,30,5.806,1
7,0,9,1,3974,79,11,1,2,1,1,25,361.123,1
7,0,42,1,5998,97,17,16,3,1,1,30,311.8,0
5,0,45,0,1106,64,31,0,2,1,2,30,0.0,1
13,0,41,5,7270,128,286,36,3,2,1,30,1439.92,0
6,0,45,0,99,18,43,16,3,1,1,30,37.882,1
9,0,31,0,5786,21,8,30,2,1,2,25,183.838,1
5,0,39,0,1180,20,7,13,2,1,2,25,85.5,0
6,1,38,1,2919,70,22,24,2,1,2,25,4.001,1
3,0,37,0,4180,71,30,19,3,1,1,30,290.04,0
3,0,40,1,3798,84,12,32,3,1,1,30,203.28,0
4,0,40,1,11160,154,12,46,4,1,1,45,312.85,0
8,0,36,1,3025,56,177,23,2,1,1,25,935.145,0
1,0,14,0,6123,56,6,5,3,1,2,30,56.213,1
7,1,7,1,1713,23,7,5,3,1,1,30,97.44,1
31,0,40,0,2689,66,3,3,3,1,1,30,0.0,1
12,0,19,0,8888,175,81,44,4,1,1,45,429.075,0
8,1,9,2,4534,52,7,7,3,1,2,25,157.751,1
3,1,8,0,1373,13,0,3,2,1,1,25,62.37,1
0,1,29,3,4433,18,10,8,3,1,2,30,0.0,1
0,0,30,0,0,0,0,0,3,1,1,30,0.0,0
10,0,44,3,3480,35,500,14,4,1,1,45,1337.875,0
0,0,9,0,1644,9,0,33,3,1,2,45,67.377,1
10,0,41,1,15565,184,160,34,2,1,1,25,1428.705,0
0,0,35,0,3500,66,0,23,3,1,1,30,142.64,0
21,0,19,2,6698,147,92,44,2,2,1,25,722.025,0
19,1,12,2,967,37,20,0,2,1,2,25,216.708,1
7,0,28,0,920,32,20,12,2,1,1,25,132.84,0
2,1,16,0,4713,70,0,18,3,1,1,45,0.0,1
10,0,36,0,3020,0,16,0,3,1,2,30,57.088,1
16,0,15,1,6123,74,6,0,3,1,1,25,192.824,1
4,0,38,0,2360,39,285,18,3,1,1,30,1235.96,0
17,0,32,0,245,36,0,17,2,1,2,25,12.645,1
11,0,40,0,1615,30,41,25,3,1,2,30,229.8,0
23,1,34,1,1380,61,10,2,3,1,2,25,134.594,1
10,1,7,2,599,27,67,0,3,1,2,55,396.931,1
7,0,34,0,15305,174,139,25,2,1,1,25,1322.055,0
0,1,13,1,3471,20,0,14,2,1,2,25,53.838,1
14,0,39,1,15790,188,157,32,2,1,1,25,1425.51,0
15,0,40,2,9295,129,155,48,3,1,1,30,996.96,0
5,0,30,1,2885,18,7,10,3,1,1,30,144.12,0
6,1,42,2,4118,3,16,42,3,2,2,30,267.189,1
5,0,34,0,305,6,7,2,4,1,2,45,25.275,1
9,0,34,2,7495,108,22,22,5,1,1,55,147.045,0
18,0,40,4,9535,133,183,49,3,1,1,30,1118.72,0
1,1,20,0,3157,25,0,26,3,1,1,30,65.553,1
0,0,35,0,0,0,0,0,3,1,2,30,0.0,1
18,0,40,3,12480,171,26,49,4,1,1,45,381.275,0
7,0,39,0,2867,59,6,2,4,1,2,45,23.833,1
9,1,8,0,4444,100,6,0,3,1,2,45,1.729,1
0,0,9,0,3092,68,7,33,3,1,1,25,48.766,1
12,0,28,0,1405,40,30,18,2,1,1,25,200.025,0
4,0,20,0,395,13,0,4,2,1,2,25,18.36,0
5,0,39,0,6205,82,172,13,3,1,1,30,939.48,0
7,0,41,0,1113,21,27,11,4,1,2,45,95.85,1
2,0,36,0,13468,163,0,42,3,1,1,30,545.24,0
3,0,13,0,8028,155,45,23,4,1,1,45,317.075,0
8,0,35,1,8810,115,137,41,3,1,1,30,905.0,0
6,0,14,0,8222,160,48,40,4,1,1,45,329.55,0
11,0,27,0,700,25,10,7,2,1,2,25,77.625,0
1,0,19,0,1290,21,10,16,2,1,1,25,103.995,0
7,0,6,0,1518,23,1,0,3,1,2,25,211.543,1
16,0,41,3,7083,84,120,41,2,1,1,25,862.515,0
31,0,18,0,1378,90,0,2,2,1,2,25,218.615,1
1,1,44,0,962,16,2,0,4,1,2,25,0.0,1
20,0,17,3,6993,151,106,57,2,2,1,25,798.48,0
8,0,40,1,2698,64,9,35,2,1,1,25,164.79,0
20,1,17,0,4404,13,17,47,4,1,1,25,76.251,1
17,0,28,0,1410,36,18,7,3,1,2,30,129.84,0
0,0,16,0,1390,20,21,12,2,1,1,25,157.95,0
16,0,36,3,9240,119,140,40,3,1,1,30,934.36,0
3,0,39,1,2840,28,8,15,3,1,1,30,146.72,0
9,1,39,0,2945,45,17,20,3,1,2,30,187.6,1
5,1,39,1,2055,100,14,24,2,1,2,25,0.0,1
2,0,41,1,1156,19,9,45,4,1,1,30,65.24,1
9,0,45,0,1015,26,28,11,3,1,2,30,153.64,0
30,0,3,0,941,56,2,0,3,1,2,30,57.666,1
7,0,14,4,3148,49,45,32,3,1,1,30,307.88,0
11,0,36,4,7270,122,278,35,3,2,1,30,1407.68,0
0,0,36,0,0,0,0,0,4,1,2,45,0.0,1
1,0,32,0,3638,80,0,24,2,1,1,25,167.31,0
0,0,33,0,1360,38,31,18,3,1,2,30,179.92,0
12,0,40,1,2298,57,13,19,3,1,1,30,146.2,0
0,0,34,0,4077,29,25,0,2,1,1,30,59.156,1
5,0,42,2,6500,92,194,27,3,1,1,30,1039.68,0
30,1,32,2,2692,0,4,25,3,1,2,25,129.434,1
6,0,28,0,674,79,41,0,2,1,2,25,48.935,1
6,0,32,0,2879,67,45,17,3,1,2,25,405.047,1
4,0,34,0,1963,38,27,29,3,1,2,30,188.04,1
1,0,9,0,2230,39,65,13,2,1,2,55,168.66,1
6,1,34,0,2153,39,36,32,3,1,2,30,231.68,1
17,0,12,0,3212,62,53,9,2,1,2,30,0.0,1
1,0,13,0,3457,100,3,11,2,1,2,25,0.0,1
20,0,33,2,1790,48,41,21,2,1,1,25,267.21,0
2,0,36,0,1743,47,0,12,3,1,2,30,71.6,0
20,0,31,0,895,44,11,15,2,1,2,25,91.755,1
4,1,21,1,2615,23,0,5,2,1,1,30,0.0,1
0,0,36,0,1333,38,0,4,3,1,2,30,54.84,0
1,0,34,0,2840,22,0,14,3,1,1,30,114.48,0
9,0,29,2,1620,42,200,13,3,2,1,30,866.48,0
0,0,31,0,0,0,0,0,4,1,2,45,0.0,1
10,0,42,1,7993,141,402,50,3,1,1,30,1933.36,0
34,1,45,1,4993,100,1,0,2,1,1,45,86.273,1
18,0,13,0,3258,100,12,20,4,1,2,30,0.0,1
17,0,32,0,6123,58,9,18,3,1,2,30,109.83,1
5,0,19,0,1381,67,0,22,4,1,2,30,337.75,1
12,0,39,2,2683,42,15,8,4,1,1,45,105.625,0
12,0,26,2,2260,42,50,22,3,1,1,30,292.08,0
0,0,32,0,325,6,0,2,2,1,2,25,14.895,0
9,0,39,1,2621,76,17,1,3,1,1,25,100.352,1
11,0,32,0,2593,28,3,11,2,1,2,25,0.0,1
13,0,31,0,1628,58,6,2,3,1,1,30,64.743,1
0,1,38,0,1700,62,1,6,3,1,1,45,0.0,1
29,0,38,5,15740,235,75,47,3,1,1,30,939.0,0
3,1,9,1,1487,19,0,7,3,1,1,30,60.24,1
0,0,14,0,463,20,126,25,2,1,1,30,0.0,1
9,0,22,0,6123,83,0,18,4,1,2,30,0.0,1
8,0,35,0,4264,7,8,12,2,1,1,30,46.25,1
1,0,35,0,2213,50,0,28,1,1,1,15,124.465,0
0,0,37,0,0,0,0,0,2,1,2,25,0.0,0
0,0,37,1,1265,67,17,12,2,1,2,30,23.781,1
11,0,8,1,4723,14,79,17,3,1,1,30,232.918,1
0,0,31,0,0,0,0,0,2,1,2,25,0.0,1
14,1,15,0,1390,83,16,48,3,1,2,30,47.047,1
2,1,45,0,3120,36,16,12,3,1,2,30,18.361,1
13,0,39,2,7023,81,115,39,2,1,1,25,837.18,0
0,1,38,0,4547,23,17,0,4,1,2,30,364.235,1
3,0,33,1,6785,97,14,22,5,1,1,55,124.23,0
8,0,43,1,6123,91,0,18,3,1,2,30,392.485,1
22,1,8,0,1349,23,12,13,2,1,2,25,0.0,1
5,0,23,1,1360,32,185,7,2,2,1,25,895.14,0
4,1,31,0,1461,31,43,8,3,1,2,25,519.922,1
2,0,37,1,3833,88,34,32,3,1,1,30,292.84,0
24,0,13,0,4702,5,10,24,3,2,2,30,152.84,1
0,0,24,0,2515,50,0,23,3,1,1,30,102.6,0
17,1,22,0,3265,20,44,7,2,1,2,25,10.97,1
11,0,13,2,6123,6,0,3,3,1,2,30,42.994,1
4,1,45,0,1187,66,9,20,3,1,1,30,135.024,1
10,0,16,0,5682,130,60,42,1,2,1,15,649.66,0
18,0,44,0,4811,18,5,18,3,1,2,30,70.354,1
8,0,44,1,1174,15,0,0,4,1,1,25,44.106,1
16,0,28,0,890,25,7,5,2,1,2,25,72.675,0
21,1,17,0,677,65,7,12,3,1,2,25,72.296,1
2,0,33,0,3095,21,475,7,3,1,1,30,2024.64,0
5,0,43,0,1135,24,15,17,2,1,2,25,119.655,0
16,0,39,1,15980,189,166,35,2,1,1,25,1474.605,0
14,0,30,0,1043,46,18,5,3,1,1,25,0.0,1
16,0,17,1,6392,141,85,42,2,2,1,25,676.485,0
7,0,20,1,2000,32,35,16,3,1,1,30,221.28,0
10,0,43,1,854,41,0,0,3,1,1,25,70.58,1
2,0,40,0,6123,29,0,4,3,1,1,55,53.711,1
7,1,18,0,418,64,22,20,3,1,2,25,107.823,1
0,0,37,0,1266,59,49,0,3,2,2,30,40.23,1
2,0,36,1,528,5,13,5,5,1,1,55,27.495,0
6,0,38,3,6920,120,279,37,2,2,1,25,1572.3,0
0,0,30,0,1283,17,0,5,3,1,1,30,52.0,0
19,1,16,0,3763,53,17,20,2,1,2,45,0.0,1
9,0,33,1,15530,178,142,26,2,1,1,25,1345.86,0
8,0,5,0,350,27,8,29,3,1,1,25,7.582,1
2,0,37,0,1093,66,2,19,3,1,1,25,154.89,1
6,0,9,0,5828,125,63,34,1,2,1,15,673.915,0
1,1,8,1,6123,23,14,30,2,1,2,30,54.565,1
0,0,25,2,6123,29,28,8,2,1,1,30,81.417,1
6,0,45,0,2548,12,3,3,4,1,2,30,227.243,1
19,0,30,1,3305,52,2,0,3,1,1,25,28.704,1
5,0,38,1,943,58,0,0,3,1,1,30,107.462,1
0,0,41,0,93,1,10,6,2,1,2,25,49.23,0
3,0,42,0,2618,93,9,27,3,1,2,25,56.284,1
10,0,27,1,2278,50,38,68,4,1,1,45,153.2,0
10,0,42,0,1970,56,53,23,4,1,2,45,183.15,0
11,1,40,4,7225,126,286,39,3,2,1,30,1438.04,0
15,1,17,2,3596,20,58,9,3,1,1,25,41.389,1
1,0,33,1,6540,94,12,22,4,1,1,45,195.85,0
30,1,40,0,1260,59,31,20,3,1,2,30,176.76,1
14,0,40,0,2625,0,1,0,4,1,1,25,99.832,1
23,0,22,2,6878,155,103,49,2,2,1,25,779.985,0
9,0,23,1,2180,40,46,21,3,1,1,30,272.8,0
0,0,42,0,6123,50,10,0,3,1,2,45,272.77,1
11,0,36,4,7270,122,278,35,3,2,1,30,1407.68,0
7,0,31,1,7010,101,11,20,5,1,1,55,123.165,0
12,0,44,2,4775,93,17,31,3,1,1,30,262.72,0
14,0,34,7,9940,86,0,37,4,1,1,45,250.65,0
22,0,32,2,15950,240,4,83,2,1,1,25,746.55,0
0,0,40,0,193,7,11,7,2,1,2,25,58.5,0
8,1,41,2,6123,77,12,25,3,1,1,30,0.0,1
0,0,36,0,405,8,6,6,2,1,2,25,45.585,0
14,0,35,1,2678,64,356,22,3,1,1,30,1533.68,0
11,0,35,0,1270,17,2,39,3,1,1,30,47.939,1
5,0,27,1,3285,64,13,25,3,1,1,30,185.96,0
6,0,16,3,2662,44,22,16,3,1,1,30,196.24,0
0,0,41,0,405,14,14,7,3,1,2,30,72.76,0
0,0,34,0,1608,22,0,4,3,1,1,30,65.2,0
5,0,45,0,4341,0,30,3,3,1,1,45,159.227,1
12,0,31,0,780,27,20,11,3,1,2,30,112.28,0
6,1,30,0,3935,30,8,0,4,1,1,30,149.736,1
26,0,30,0,704,25,57,13,3,1,1,45,235.305,1
5,0,45,2,2571,24,40,18,2,1,1,30,0.0,1
11,0,45,0,913,7,11,3,3,1,2,30,82.013,1
5,0,36,0,6123,63,16,0,5,1,1,25,0.007,1
16,0,19,0,1919,100,25,0,3,1,1,25,0.0,1
16,0,41,3,4195,94,71,34,3,1,1,30,455.56,0
4,0,37,0,2980,21,451,4,3,1,1,30,1924.04,0
3,0,34,0,1180,14,0,12,2,1,2,25,53.73,0
6,0,39,1,4110,78,0,27,3,1,1,30,167.52,0
12,0,39,2,11770,160,18,49,4,1,1,45,343.25,0
23,0,26,2,16075,232,0,79,2,1,1,25,733.815,0
10,0,42,2,6718,81,116,38,2,1,1,25,827.955,0
12,0,14,3,3078,49,28,17,3,1,1,30,237.08,0
9,0,12,3,1225,15,4,18,2,1,2,55,125.927,1
0,0,39,0,4247,56,6,3,4,1,1,30,0.0,1
12,0,11,0,1455,68,37,0,2,1,2,30,23.706,1
8,0,34,3,7210,119,273,33,2,2,1,25,1558.305,0
2,0,38,0,2115,36,283,18,3,1,1,30,1218.04,0
4,0,41,0,2795,20,0,0,2,1,2,30,49.811,1
8,0,24,1,1793,43,27,66,4,1,1,45,113.4,0
9,0,34,0,4118,64,0,31,1,1,1,15,230.01,0
22,0,34,3,15770,238,1,79,2,1,1,25,724.86,0
0,0,33,0,1253,27,2,29,3,1,2,30,59.2,1
1,0,9,1,1297,18,0,4,3,1,1,30,52.6,1
10,0,41,1,4311,70,9,3,2,1,2,30,5.672,1
0,0,37,0,1914,47,28,0,2,1,2,25,186.0,1
13,0,36,1,9000,115,112,39,3,1,1,30,812.6,0
1,0,11,2,2368,31,13,12,3,1,1,30,147.96,0
0,1,9,0,1286,11,29,7,3,1,2,25,36.201,1
4,1,38,0,2915,41,72,40,3,1,2,30,115.321,1
19,0,42,3,6203,106,43,30,3,1,1,30,424.36,0
13,0,20,1,6087,141,86,41,2,2,1,25,667.26,0
1,0,32,0,5658,85,0,6,2,1,1,25,258.435,0
23,1,45,0,2851,24,0,12,3,1,2,45,65.239,1
7,1,41,0,2650,64,10,22,4,1,1,30,137.599,1
17,0,14,3,6123,62,53,2,2,1,1,25,0.0,1
23,1,42,1,1178,100,10,13,4,1,1,25,913.409,1
0,0,38,0,6375,88,190,29,3,1,1,30,1018.52,0
8,0,17,0,8708,167,76,42,4,1,1,45,411.875,0
1,0,22,0,1881,60,0,0,2,1,2,30,0.0,1
0,0,45,2,2574,63,71,8,2,1,2,30,25.354,1
4,0,37,0,2048,54,33,19,3,1,2,30,216.08,0
3,1,39,2,6123,100,0,13,2,1,2,25,0.0,1
13,0,36,1,2578,58,355,21,3,1,1,30,1525.44,0
33,1,45,0,574,29,14,25,2,1,2,45,93.799,1
28,0,35,0,1260,53,23,19,3,1,2,30,144.52,1
4,0,28,0,0,13,13,5,3,2,2,25,111.645,1
14,0,35,1,14125,208,22,30,2,1,1,25,743.985,0
12,0,43,0,1973,24,2,23,3,1,2,30,987.255,1
7,0,37,0,2643,53,33,9,3,1,1,30,164.801,1
3,1,41,0,5209,41,0,3,2,1,2,25,186.311,1
0,1,19,0,1164,69,48,2,3,1,2,25,25.166,1
10,0,14,0,1204,100,36,2,4,1,2,25,27.693,1
29,0,29,3,16300,242,7,78,2,1,1,25,775.89,0
22,0,29,2,16015,235,0,78,2,1,1,25,731.25,0
1,0,38,1,3119,57,11,18,3,1,2,25,177.778,1
10,1,45,2,4727,31,6,20,2,1,2,55,298.417,1
8,0,44,1,2653,68,17,39,2,1,1,25,198.945,0
2,1,21,0,4244,22,0,35,3,1,1,30,91.857,1
10,0,43,1,2946,42,47,11,2,1,1,30,4.021,1
6,0,36,1,14068,173,14,57,3,1,1,30,625.64,0
34,1,41,1,2099,5,6,29,2,1,2,30,290.24,1
9,0,10,2,2197,30,8,7,3,1,1,30,121.08,1
6,0,44,3,3370,28,5,0,4,1,2,25,0.0,1
0,0,15,0,1275,14,0,8,2,1,1,25,58.005,0
9,0,37,1,6043,93,7,9,3,1,1,30,273.44,0
0,0,29,0,10900,138,0,39,3,1,1,30,441.52,0
7,0,43,0,933,19,24,7,4,1,2,45,83.8,1
2,1,45,0,3109,30,45,11,2,1,2,25,201.779,1
6,1,37,0,1353,52,69,35,3,1,1,30,64.887,1
10,1,41,1,1299,15,35,3,3,1,2,30,130.531,1
0,0,33,0,0,0,0,0,2,1,2,25,0.0,1
19,0,23,0,4105,0,53,5,4,1,2,25,9.361,1
15,0,30,1,2572,56,55,4,3,1,2,45,80.216,1
17,0,45,2,4503,78,16,38,1,1,1,15,339.955,0
0,0,17,1,781,72,45,3,3,1,2,25,320.783,1
0,1,34,1,1682,58,13,6,2,1,2,45,0.0,1
0,0,36,0,2179,11,6,11,4,1,1,30,247.653,1
4,0,13,0,2151,15,62,0,3,1,1,25,143.52,1
5,0,31,0,1710,40,30,16,3,1,2,30,190.0,0
4,1,17,0,1475,24,6,0,2,1,2,25,95.222,1
6,0,33,0,11385,152,1,43,3,1,1,30,465.48,0
3,0,10,2,703,5,4,26,2,1,2,30,40.926,1
9,1,13,0,2154,5,69,11,4,1,2,45,74.607,1
4,0,35,0,15180,176,143,28,2,1,1,25,1334.52,0
0,0,7,0,2620,98,65,5,4,1,1,30,56.919,1
6,0,39,1,6033,101,39,16,3,1,1,30,401.36,0
0,0,32,0,2780,19,0,12,3,1,1,30,111.96,0
9,0,40,2,3400,33,490,10,3,1,1,30,2097.32,0
18,0,37,1,6008,98,7,22,2,1,1,25,306.27,1
0,0,38,0,6123,11,0,1,2,1,1,30,206.699,1
3,0,39,1,2690,22,465,10,3,1,1,30,1968.48,0
0,0,34,0,1363,19,0,4,3,1,1,30,55.28,0
10,0,35,1,9055,118,139,41,3,1,1,30,922.92,0
5,0,23,0,920,26,12,11,2,1,1,25,96.57,0
28,0,13,0,61,11,15,16,4,1,2,30,11.539,1
9,0,43,0,1195,28,31,15,3,1,2,30,172.92,0
0,0,27,0,2638,57,14,11,2,1,2,45,103.016,1
20,1,14,3,1029,22,1,18,2,1,1,30,7.58,1
27,1,39,2,3739,26,50,1,4,1,2,25,20.396,1
10,0,34,0,3695,80,22,24,3,1,1,30,239.0,0
7,0,35,0,2745,38,7,16,3,1,1,30,139.32,1
9,0,40,2,3400,33,490,10,3,1,1,30,2097.32,0
2,0,7,0,8368,155,51,32,4,1,1,45,340.575,0
5,0,42,2,802,21,46,11,2,1,1,30,161.545,1
0,1,45,0,4472,74,7,5,2,1,2,30,158.937,1
18,0,45,3,2613,5,49,3,5,1,2,25,0.0,1
25,0,42,3,15095,229,62,36,3,1,1,30,860.96,0
3,1,3,1,2750,20,34,37,3,1,2,30,70.175,1
20,0,32,0,1809,42,14,2,3,1,2,30,14.081,1
6,1,40,2,2789,60,15,7,2,1,2,25,403.911,1
0,0,34,0,0,0,2,0,3,1,2,30,8.0,1
21,1,3,0,1032,62,27,1,3,1,2,30,0.0,1
0,0,35,0,5595,70,158,9,3,1,1,30,858.6,0
0,0,15,0,2593,27,6,0,3,1,2,25,280.877,1
16,0,17,1,6393,141,85,42,2,2,1,25,676.53,0
13,0,36,1,2957,63,43,18,2,1,2,25,0.0,1
5,0,36,0,3893,60,0,33,1,1,1,15,217.415,0
0,0,38,0,3818,100,9,0,3,1,2,55,13.098,1
8,0,20,0,4268,51,34,19,4,1,2,30,10.949,1
0,0,41,0,2088,58,3,32,2,1,1,25,110.07,0
5,0,35,0,2148,54,352,22,2,1,1,25,1683.09,0
9,0,35,1,3595,74,21,23,3,1,1,30,230.76,0
0,0,45,0,2729,49,0,28,2,1,2,25,114.729,1
5,0,39,0,305,6,7,2,2,1,2,25,45.495,1
6,0,36,0,1806,96,11,27,4,1,1,25,62.621,1
18,0,17,1,6582,142,94,45,2,2,1,25,725.58,0
7,1,41,0,1736,29,6,14,2,1,2,30,420.504,1
8,0,30,0,395,25,11,6,3,1,2,30,60.8,0
6,0,37,0,1046,12,20,26,2,1,2,25,0.0,1
0,0,13,0,758,49,16,11,4,1,2,30,98.153,1
12,0,38,0,4388,67,10,38,1,1,1,15,300.025,0
14,0,40,2,3145,62,187,27,2,1,1,25,985.815,0
11,0,11,0,8853,169,63,36,4,1,1,45,383.05,0
8,0,43,1,7768,137,399,49,3,1,1,30,1912.2,0
12,0,17,0,5793,131,64,27,1,2,1,15,677.82,0
8,0,13,0,6028,132,73,38,1,2,1,15,740.3,0
11,1,35,0,3180,42,18,19,3,1,2,30,200.88,1
9,0,38,1,743,56,0,0,3,1,1,45,116.431,1
0,0,36,0,215,7,0,3,2,1,2,25,9.99,0
6,0,35,0,4190,63,0,12,3,1,1,30,170.12,0
2,0,30,1,5254,69,5,11,2,1,1,25,0.0,1
2,0,40,1,2616,21,11,16,3,1,1,45,26.054,1
20,0,32,7,10355,91,0,38,4,1,1,45,261.15,0
5,0,45,0,973,100,10,48,3,1,2,30,0.0,1
11,0,15,0,6087,135,78,40,1,2,1,15,771.21,0
0,0,30,0,6195,74,171,23,3,1,1,30,934.76,0
1,0,37,3,2300,0,0,19,4,1,1,25,50.63,1
11,0,37,2,8870,118,142,43,3,1,1,30,927.52,0
7,0,10,0,4053,100,44,26,3,1,2,30,100.082,1
3,0,35,0,1558,33,9,31,3,1,2,30,99.64,1
1,0,43,0,2675,15,30,15,4,1,1,30,0.0,1
7,0,39,0,1370,21,16,16,2,1,2,25,134.595,0
15,0,30,3,2330,53,208,13,3,2,1,30,927.32,0
8,0,39,2,7045,107,29,28,5,1,1,55,150.78,0
6,0,15,0,2694,71,0,11,2,1,1,45,177.442,1
6,1,36,0,2178,51,3,15,3,1,2,30,101.16,0
1,0,40,0,1186,5,5,22,3,1,1,30,2.047,1
0,0,17,0,2120,42,3,23,3,1,1,30,282.709,1
16,0,26,1,1935,43,27,13,2,1,1,25,210.51,0
0,0,35,0,438,7,34,6,4,1,2,45,96.125,1
0,0,28,0,3153,66,0,20,2,1,1,25,144.855,0
7,1,38,0,2394,52,4,25,2,1,2,25,450.181,1
0,0,16,2,2824,44,5,4,3,1,1,25,0.0,1
0,0,18,0,1505,25,19,11,2,1,1,25,154.35,0
0,0,34,0,6493,110,352,41,2,1,1,25,1881.135,0
0,0,39,0,323,7,10,3,4,1,2,45,33.25,1
3,0,28,1,910,31,175,13,2,2,1,25,829.845,0
8,0,13,1,6123,43,3,6,3,1,2,25,58.84,1
8,0,26,1,3935,72,16,23,3,1,1,30,224.28,0
5,0,23,0,920,26,12,11,2,1,1,25,96.57,0
3,0,34,0,3410,73,20,24,2,1,1,25,246.735,0
0,0,37,0,248,8,32,6,3,1,2,30,138.24,1
0,0,43,0,3182,11,0,1,2,1,2,45,21.976,1
18,0,38,1,3985,71,18,0,4,1,2,25,85.903,1
10,0,37,2,4640,81,7,22,3,1,1,30,216.84,0
20,0,30,3,15885,238,25,82,2,1,1,25,838.035,0
8,0,18,0,4417,68,7,26,3,1,2,25,394.833,1
9,0,21,0,1145,30,9,9,2,1,1,25,93.375,0
0,0,7,1,4933,14,6,10,2,1,2,25,21.164,1
21,0,37,9,10550,99,33,46,5,1,1,55,209.235,0
3,0,39,0,1848,33,11,11,3,1,1,30,119.24,0
10,0,28,0,295,20,0,9,3,1,2,30,12.6,0
3,1,30,1,3644,44,3,24,3,1,2,45,575.058,1
25,1,32,0,3255,11,0,5,4,1,1,25,0.0,1
9,0,38,1,3585,81,23,25,3,1,1,30,238.64,0
19,0,40,3,7733,92,123,39,2,1,1,25,905.625,0
5,0,45,0,578,15,22,10,3,1,2,30,111.72,0
11,0,27,1,930,28,7,2,2,1,1,25,74.61,0
5,0,33,1,7030,100,16,22,5,1,1,55,130.95,0
27,0,41,3,15320,233,65,37,3,1,1,30,882.12,0
29,0,31,5,16675,248,21,95,2,1,1,25,856.035,0
2,0,19,0,1383,6,0,0,2,1,1,25,232.308,1
0,0,29,0,1888,44,337,16,2,1,1,25,1603.44,0
12,0,41,0,4378,74,12,40,1,1,1,15,310.86,0
19,0,33,0,355,37,0,2,2,1,2,25,17.64,1
0,0,7,0,1182,13,0,5,2,1,1,25,53.775,1
4,1,41,0,2071,25,43,18,3,1,2,30,0.0,1
15,0,43,2,15870,190,167,36,2,1,1,25,1474.2,0
8,0,10,0,2332,5,73,10,3,1,1,30,66.464,1
2,1,30,2,1114,0,9,13,4,1,2,25,0.0,1
34,0,38,0,3012,53,34,13,2,1,2,45,21.164,1
5,0,14,2,2793,42,26,17,3,1,1,30,217.4,0
8,1,38,0,3084,35,11,7,2,1,2,25,62.706,1
10,0,34,5,7565,126,292,48,2,2,1,25,1660.095,0
11,0,43,1,2845,53,303,25,3,1,1,30,1327.92,0
14,0,32,2,653,31,14,3,3,1,1,30,167.289,1
16,0,33,0,960,35,25,13,3,1,2,30,139.8,0
3,0,39,1,11240,150,14,49,3,1,1,30,511.6,0
28,0,40,0,367,25,4,5,2,1,2,25,173.063,1
3,0,29,0,8550,105,122,35,3,1,1,30,834.2,0
32,1,35,0,1860,63,44,34,3,1,2,30,252.92,1
8,0,45,0,1230,0,79,5,2,1,2,30,0.0,1
11,0,39,3,1353,21,19,4,5,1,1,55,49.11,0
10,0,25,0,1225,32,19,13,2,1,1,25,142.065,0
11,1,35,0,3470,42,4,3,3,1,2,30,54.376,1
9,0,37,0,2123,48,0,13,3,1,2,30,86.84,0
3,1,35,0,3867,100,33,0,4,1,1,25,0.0,1
0,1,20,0,4321,31,9,0,3,1,1,25,106.509,1
0,0,36,0,1478,24,0,3,3,1,1,30,60.08,0
1,0,7,1,1231,0,7,37,2,1,1,55,105.311,1
25,0,45,0,3239,37,13,5,3,1,1,30,18.768,1
11,0,39,0,4188,100,0,10,3,1,1,25,134.196,1
14,1,44,0,2498,64,23,23,3,1,2,30,194.48,0
6,1,42,0,1013,15,26,10,4,1,2,45,90.7,1
7,0,30,0,5433,90,9,18,2,1,1,25,289.035,1
0,0,35,0,1065,34,17,5,3,1,2,30,111.96,0
2,1,41,0,1532,24,0,0,2,1,2,45,59.211,1
22,1,10,2,2506,100,16,38,3,1,2,25,25.352,1
0,1,37,0,509,100,0,0,2,1,2,45,13.406,1
3,0,15,0,1056,10,0,16,2,1,2,30,204.212,1
13,0,36,0,2463,58,7,15,3,1,2,30,128.84,0
14,0,40,0,3285,0,0,10,4,1,2,25,0.0,1
19,0,38,3,9825,132,152,43,3,1,1,30,1006.28,0
2,0,34,1,6380,92,0,24,5,1,1,55,97.08,0
9,0,30,3,1735,48,232,17,3,2,1,30,999.32,0
8,0,40,2,7928,139,423,49,3,1,1,30,2014.68,0
18,0,29,0,3073,59,15,0,4,1,1,30,0.0,1
10,1,42,0,6123,100,46,22,4,1,2,45,207.521,1
0,0,15,0,2348,76,1,1,4,1,2,25,45.439,1
2,0,34,0,8100,104,112,41,3,1,1,30,776.16,0
13,0,39,1,2568,65,357,23,3,1,1,30,1533.32,0
0,0,34,0,3223,75,0,23,2,1,1,25,148.41,0
16,0,44,2,4035,92,47,34,3,1,1,30,353.08,0
0,0,34,0,345,5,1,4,2,1,2,25,20.25,0
0,0,32,0,0,0,0,0,4,1,2,45,0.0,1
0,0,36,2,2318,44,68,30,3,1,2,30,252.127,1
5,1,37,0,2765,37,12,18,2,1,2,25,180.09,1
16,0,26,0,650,35,1,14,2,1,2,25,35.325,1
4,0,35,0,5738,87,0,7,3,1,1,30,233.0,0
0,0,35,0,0,0,0,0,2,1,2,25,0.0,1
1,1,32,0,2950,7,71,39,2,1,2,25,351.823,1
3,0,41,1,1668,31,8,7,4,1,1,45,62.475,0
8,0,20,0,2181,26,5,0,3,1,1,30,172.087,1
9,0,20,1,2190,33,44,19,3,1,1,30,264.92,0
15,0,23,1,15510,222,0,72,2,1,1,25,707.94,0
0,0,40,0,88,6,8,6,3,1,2,30,35.76,1
2,0,16,0,2739,0,0,22,3,1,1,30,69.039,1
9,0,42,1,4450,73,15,21,3,1,1,30,240.92,0
0,0,32,0,2710,19,466,2,3,1,1,30,1973.16,0
0,1,44,3,1255,0,0,16,2,1,1,45,45.695,1
6,1,30,1,1495,44,204,16,2,2,1,25,987.255,1
0,0,36,0,650,11,8,6,2,1,2,25,65.745,0
3,1,39,2,977,25,6,5,2,1,1,25,0.0,1
5,1,19,0,31,74,13,3,4,1,2,30,17.907,1
4,1,21,0,994,18,5,4,4,1,2,30,173.154,1
32,1,43,0,4314,68,15,6,2,1,2,25,57.047,1
0,0,19,0,0,0,0,0,2,1,2,25,0.0,0
0,0,34,2,633,8,18,15,5,1,1,55,36.615,0
34,1,37,0,2380,70,64,20,3,1,2,25,82.298,1
5,1,29,1,2881,18,0,20,3,1,1,25,39.343,1
13,0,18,0,6268,143,89,45,1,2,1,15,842.105,0
0,0,23,0,395,29,0,26,3,1,1,25,180.263,1
9,0,42,2,11465,160,19,48,4,1,1,45,338.125,0
20,1,38,0,4005,58,24,18,3,1,2,30,258.52,1
3,0,24,1,1863,43,44,81,4,1,1,45,157.65,0
10,0,10,0,8932,165,65,39,4,1,1,45,389.925,0
7,0,40,1,2475,44,283,17,3,1,1,30,1232.76,0
20,0,19,2,9298,180,85,44,5,1,1,55,269.67,0
4,0,33,0,1973,25,0,7,3,1,1,30,79.92,0
0,0,36,0,628,7,9,4,4,1,2,45,38.375,1
5,0,33,1,6545,82,178,22,3,1,1,30,977.08,0
2,0,45,2,1033,100,0,12,3,2,1,30,28.811,1
13,0,43,3,11850,162,28,53,4,1,1,45,370.3,0
0,0,37,0,1385,16,5,28,3,1,2,30,12.958,1
0,0,35,0,7203,121,377,41,2,1,1,25,2026.08,0
10,0,20,1,1057,38,4,0,2,1,2,45,0.0,1
10,0,45,1,756,61,0,0,2,1,1,25,0.0,1
5,0,37,0,835,12,9,5,3,1,2,30,69.88,0
34,0,13,0,3757,24,41,0,4,1,2,30,65.402,1
0,0,37,0,223,2,0,6,4,1,2,45,5.625,1
2,0,9,1,4390,40,215,10,3,1,1,30,1037.2,0
3,1,40,1,1384,12,13,0,3,1,1,25,0.0,1
4,1,41,0,3504,49,4,0,4,1,2,30,130.123,1
5,0,40,0,2098,54,7,20,2,1,1,25,128.34,0
0,0,3,0,1182,7,0,4,2,1,1,25,53.505,1
8,0,23,0,6123,53,38,6,2,1,2,25,190.686,1
15,0,37,2,9360,124,146,43,3,1,1,30,963.36,0
8,0,4,1,826,100,42,16,2,1,1,30,59.132,1
8,0,37,0,4255,65,0,13,2,1,1,25,194.4,0
8,0,45,0,4116,78,7,0,2,1,2,25,5.256,1
11,0,39,2,6833,80,106,36,2,1,1,25,788.085,0
14,0,22,0,176,5,18,25,2,1,2,30,114.481,1
10,1,32,0,1005,28,80,23,2,1,1,25,74.666,1
0,0,26,0,825,10,21,3,4,1,2,45,73.375,0
0,0,21,0,825,4,13,2,4,1,2,45,53.225,0
0,1,32,0,0,0,0,0,3,1,2,30,0.0,1
12,0,44,2,4283,98,24,36,3,1,1,30,271.24,0
9,0,40,0,3662,24,11,21,5,2,2,30,0.0,1
9,0,18,0,8627,171,74,39,5,1,1,55,242.97,0
14,1,17,1,6148,138,83,42,1,2,1,15,802.23,0
3,0,38,0,2393,58,2,33,1,1,1,15,145.805,0
12,0,44,2,6303,103,24,18,3,1,1,30,352.24,0
22,0,23,3,6778,149,102,48,2,2,1,25,770.715,0
5,0,36,1,2545,18,7,6,3,1,1,30,130.52,0
7,0,26,2,1440,34,189,8,3,2,1,30,814.96,0
0,0,29,0,1405,34,23,14,3,1,2,30,149.56,0
0,0,28,0,1343,35,33,70,4,1,1,45,116.95,0
3,0,10,2,1603,25,32,11,3,1,1,30,193.12,1
9,0,37,1,11655,155,20,50,4,1,1,45,345.25,0
0,0,30,0,1546,100,31,18,3,1,2,25,294.401,1
0,0,40,1,6195,86,187,25,3,1,1,30,999.24,0
10,1,39,0,1821,0,35,20,2,1,2,45,112.502,1
5,0,36,0,4310,68,0,15,2,1,1,25,197.01,0
1,1,45,0,628,100,0,9,2,1,2,25,865.851,1
6,1,36,0,2123,49,10,18,3,1,2,30,126.88,0
12,0,38,0,2383,49,32,30,4,1,2,45,140.8,1
5,0,37,0,1120,17,7,11,2,1,2,25,82.665,0
16,1,20,1,2523,67,1,0,3,1,2,30,10.903,1
3,0,20,2,3077,18,13,25,3,1,2,30,173.122,1
9,0,38,0,4309,24,9,30,2,1,1,30,424.986,1
5,0,14,0,5377,124,53,40,1,2,1,15,594.055,0
12,0,37,0,2643,61,368,27,3,1,1,30,1580.16,0
1,0,31,1,1800,52,180,12,2,1,2,25,0.0,1
8,0,36,3,7205,109,53,28,5,1,1,55,189.21,0
0,0,33,0,0,0,0,0,2,1,2,25,0.0,0
10,1,36,0,1259,57,0,18,3,1,2,30,100.232,1
0,0,31,1,5950,99,239,31,2,2,1,25,1347.705,0
5,1,40,2,835,24,4,0,3,1,2,25,94.308,1
12,0,11,2,639,21,17,19,3,1,1,30,125.194,1
0,0,35,0,3183,49,0,33,1,1,1,15,177.76,0
27,0,43,4,15140,231,62,33,3,1,1,30,862.84,0
3,0,8,1,4795,45,216,8,3,1,1,30,1057.6,0
0,1,15,0,0,2,0,27,3,1,1,55,0.0,1
20,0,46,2,4763,82,23,43,1,1,1,15,392.975,0
23,1,34,0,1070,53,48,21,3,1,2,30,236.92,1
4,0,10,0,830,66,0,1,2,1,1,25,199.269,1
6,0,36,0,2669,9,3,48,2,1,1,30,366.773,1
8,0,25,0,980,29,17,13,2,1,1,25,121.905,0
13,0,36,1,5818,98,26,24,2,1,1,25,383.22,1
0,0,29,0,6153,59,86,29,2,1,1,25,666.54,0
1,0,12,0,567,20,27,10,3,1,1,30,112.539,1
6,0,38,0,1310,24,34,23,3,1,2,30,189.36,0
7,1,32,0,1243,0,0,7,2,1,1,25,3.383,1
5,0,38,0,438,8,7,4,3,1,2,30,45.84,1
0,0,43,0,206,75,1,15,3,1,1,30,0.0,1
22,1,44,0,1094,45,6,21,3,1,1,30,125.484,1
0,1,17,0,906,66,3,5,3,1,1,30,123.321,1
1,0,26,0,0,19,36,17,3,1,2,30,111.756,1
18,0,41,3,5530,100,17,27,4,1,1,45,183.25,0
16,1,31,0,460,40,0,12,2,1,2,25,22.5,1
2,0,23,0,1388,31,19,63,4,1,1,45,82.975,0
5,0,14,2,2737,40,33,20,3,1,1,30,243.08,0
0,1,45,0,6123,16,2,10,2,2,2,45,139.485,1
13,0,33,0,4331,22,2,0,2,1,2,25,166.022,1
5,0,40,1,6413,75,109,36,2,1,1,25,782.46,0
8,0,40,1,2698,64,9,35,2,1,1,25,164.79,0
21,0,33,0,3196,22,16,5,4,1,1,30,106.702,1
3,0,27,0,1163,34,12,70,4,1,1,45,59.925,0
2,1,34,0,3765,77,14,26,2,1,2,25,0.0,1
9,0,27,0,1758,39,7,66,4,1,1,45,62.425,0
2,0,19,1,1810,32,60,18,3,1,1,30,313.68,0
13,0,40,1,6413,102,23,17,3,1,1,30,352.6,0
10,0,36,0,2338,54,327,20,2,1,1,25,1579.14,0
2,0,30,0,15180,170,135,27,2,1,1,25,1298.25,0
7,0,42,0,485,14,18,7,2,1,2,25,103.455,1
3,0,37,0,7508,127,384,43,2,1,1,25,2071.575,0
2,0,40,0,180,8,11,5,2,1,2,25,57.96,1
4,0,18,3,2628,41,34,21,3,1,1,30,242.76,0
16,0,34,2,9420,121,143,44,3,1,1,30,953.64,0
11,0,12,0,2360,100,0,0,3,1,2,30,46.883,1
25,0,36,10,11035,103,22,57,5,2,1,55,200.07,0
25,1,17,0,228,62,51,23,2,1,2,30,195.705,1
19,0,15,0,2820,10,11,13,3,1,2,30,9.337,1
5,0,45,3,2628,100,0,36,3,1,1,30,72.772,1
14,0,31,7,9950,79,0,35,4,1,1,45,250.725,0
22,0,45,0,870,27,5,0,4,1,2,30,69.007,1
6,0,36,0,3470,76,25,26,2,1,1,25,272.07,0
2,1,39,0,0,100,14,0,2,1,1,55,8.053,1
0,0,42,1,822,17,9,16,4,1,1,25,65.067,1
0,0,34,0,0,0,0,0,4,1,2,45,0.0,1
8,0,15,2,2738,39,0,15,3,1,1,30,111.08,0
0,0,36,0,3473,79,0,28,2,1,1,25,159.84,0
8,1,45,0,3179,12,12,8,2,1,1,25,375.235,1
8,0,38,1,6690,86,161,24,3,1,1,30,915.04,0
4,0,3,0,3383,42,13,0,3,1,2,45,11.321,1
8,0,39,0,1833,49,0,19,3,1,2,30,75.28,0
3,0,41,0,5613,95,8,11,3,1,1,30,260.32,0
11,0,37,0,15675,183,159,33,2,1,1,25,1429.11,0
1,1,44,0,4126,100,7,21,2,1,1,25,65.922,1
0,1,33,0,684,26,6,17,3,1,2,30,103.44,1
14,0,40,1,14268,176,16,49,3,1,1,30,641.76,0
5,0,27,0,286,25,12,2,2,1,2,30,100.433,1
6,0,15,0,3249,18,4,3,3,1,2,25,0.0,1
0,0,35,1,740,65,0,23,3,1,2,30,441.311,1
1,0,35,1,2955,28,32,18,3,1,1,30,247.32,0
10,0,34,0,1390,26,43,11,4,1,2,45,142.9,0
8,0,39,2,6123,68,10,26,2,1,2,30,36.416,1
5,0,45,0,954,21,31,24,2,1,2,30,0.0,1
36,0,34,5,17090,255,15,82,2,2,1,25,848.025,0
10,0,42,2,6985,100,204,33,3,1,1,30,1099.4,0
6,0,32,2,6910,95,10,19,5,1,1,55,120.075,0
4,0,33,0,3290,68,14,21,2,1,1,25,214.11,0
0,0,29,0,6123,21,1,12,3,1,2,25,281.075,1
2,0,38,0,1444,69,0,0,3,1,2,30,149.385,1
6,0,34,0,4435,81,0,21,3,1,1,30,180.64,0
10,0,37,0,2695,37,7,3,3,1,2,30,137.28,1
0,0,16,0,1018,45,8,11,2,1,2,25,157.175,1
20,1,12,1,3334,69,10,26,3,1,1,30,115.15,1
4,0,14,2,4390,46,223,11,3,1,1,30,1069.44,0
20,0,35,1,14720,213,15,26,2,1,1,25,739.485,0
4,0,39,0,13648,171,4,47,3,1,1,30,568.76,0
0,0,8,0,617,69,46,24,2,1,2,45,263.957,1
7,1,35,0,2265,54,59,35,3,1,2,30,328.76,1
18,1,38,0,6123,24,9,26,2,1,1,30,232.503,1
0,0,32,0,2345,15,0,9,3,1,1,30,94.4,0
1,0,32,0,1485,36,27,15,3,1,2,30,168.84,0
1,1,43,0,1486,5,24,39,2,1,2,25,39.095,1
10,0,39,2,6995,93,202,31,3,1,1,30,1091.52,0
8,1,41,0,3748,56,9,25,3,1,1,25,35.987,1
4,0,43,0,710,20,21,9,3,1,2,30,113.2,0
14,0,35,0,4187,19,43,1,3,1,2,30,53.225,1
0,0,3,0,678,100,28,5,3,1,2,25,249.886,1
0,1,34,0,0,0,0,0,3,1,2,30,0.0,1
0,0,4,0,3831,20,40,8,2,1,1,25,246.82,1
5,0,13,0,8437,164,57,35,4,1,1,45,357.525,0
0,0,36,0,0,0,0,0,2,1,2,25,0.0,1
2,0,18,0,1695,26,28,14,2,1,1,25,203.445,0
27,0,31,3,16265,239,9,83,2,1,1,25,783.18,0
1,0,21,0,3934,89,21,15,2,1,2,25,65.99,1
12,0,15,0,8933,171,73,40,4,1,1,45,410.1,0
33,1,41,0,1520,63,38,25,3,1,2,30,215.32,1
3,0,33,1,6785,97,14,22,5,1,1,55,124.23,0
2,0,37,1,4325,83,27,27,3,1,1,30,284.32,0
16,0,37,0,1389,15,7,25,3,1,1,25,0.0,1
3,0,37,3,6660,116,272,32,2,2,1,25,1528.92,0
4,1,30,0,1918,21,65,19,2,1,2,45,175.827,1
6,0,34,3,6965,116,271,33,2,2,1,25,1538.145,0
8,0,37,0,1970,50,45,22,3,1,2,30,260.8,0
3,0,32,0,4110,61,0,11,2,1,1,25,187.695,0
0,0,34,0,2595,19,0,14,3,1,1,30,104.56,0
5,0,13,0,3714,25,6,0,2,1,1,30,3.993,1
0,0,25,0,2625,51,0,8,3,1,1,30,107.04,0
0,0,32,0,1588,23,0,2,3,1,1,30,64.44,0
4,0,38,0,5728,94,0,9,3,1,1,30,232.88,0
2,0,32,0,1684,20,23,3,4,1,2,25,101.362,1
0,1,9,0,888,9,0,3,3,1,1,30,35.88,1
0,1,43,2,2783,61,0,0,3,1,1,25,258.766,1
11,0,39,0,6108,95,7,10,2,1,1,25,310.635,0
0,1,38,0,1242,47,0,1,2,1,2,45,23.214,1
1,0,36,0,0,57,15,8,3,1,2,25,2.15,1
3,0,25,2,1610,40,207,24,2,2,1,25,1005.75,0
8,1,18,0,623,76,0,0,3,1,1,25,143.543,1
13,0,45,2,6223,107,22,15,3,1,1,30,341.2,0
0,0,20,0,1010,24,178,8,2,2,1,25,847.53,0
5,1,38,0,802,55,12,0,4,1,2,25,190.043,1
1,1,16,0,1042,63,72,5,2,1,2,25,0.0,1
6,0,42,0,2536,64,0,0,2,1,2,30,0.0,1
0,0,25,0,3035,60,0,20,3,1,1,30,123.8,0
9,1,14,1,1253,14,0,11,2,1,1,55,162.079,1
12,0,35,0,2315,72,12,2,4,1,2,25,342.355,1
2,0,36,0,13468,163,0,42,3,1,1,30,545.24,0
0,0,36,0,133,2,0,2,3,1,2,30,5.4,1
24,1,37,0,856,11,62,21,3,1,1,25,175.795,1
2,0,45,0,2943,9,7,13,3,1,1,25,53.856,1
28,0,37,4,15265,223,50,29,3,2,1,30,819.52,0
9,0,25,2,2000,38,43,17,3,1,1,30,253.52,0
9,0,40,1,2665,45,292,20,3,1,1,30,1276.4,0
27,1,29,2,2920,4,11,7,2,1,1,45,14.42,1
0,0,36,0,3465,55,0,10,2,1,1,25,158.4,0
0,0,24,0,3035,61,33,25,3,1,1,30,255.84,0
19,0,33,8,10255,85,0,37,5,1,1,55,155.1,0
0,0,19,0,750,20,171,3,2,2,1,25,804.15,0
0,1,13,0,4292,30,2,18,3,1,1,30,318.963,1
9,0,37,2,4018,60,16,7,3,1,2,30,49.194,1
4,0,35,0,1818,42,0,11,3,1,2,30,74.4,0
3,0,39,0,2310,11,72,0,2,1,1,25,113.09,1
11,0,42,1,15485,188,158,31,2,1,1,25,1416.285,0
0,0,34,0,0,0,0,0,4,1,1,45,0.0,0
5,0,19,0,3384,40,14,42,2,1,2,30,49.053,1
0,0,36,0,0,0,0,0,2,1,2,25,0.0,0
4,0,31,3,6785,108,260,28,2,2,1,25,1480.185,0
2,0,16,0,3919,28,0,22,4,1,1,25,61.968,1
0,0,30,1,6600,107,259,29,2,2,1,25,1467.315,0
1,1,40,1,1007,6,13,33,3,1,1,25,1.983,1
0,0,29,2,6480,102,253,26,2,2,1,25,1434.69,0
1,1,45,0,1532,100,2,2,2,1,2,55,146.668,1
28,0,3,2,2728,72,13,16,3,1,2,25,233.833,1
0,0,16,0,1390,20,21,12,2,1,1,25,157.95,0
34,1,33,0,1331,66,30,3,3,1,2,25,277.392,1
24,0,21,3,6758,150,97,46,2,2,1,25,747.36,0
0,0,35,0,1940,27,246,12,3,1,1,30,1062.68,0
14,0,43,1,14258,183,18,51,3,1,1,30,649.64,0
5,1,38,0,1000,36,12,4,2,1,1,30,458.84,1
20,0,34,0,6123,66,0,24,2,1,2,25,16.159,1
17,0,32,2,1530,44,34,16,2,1,1,25,223.83,0
34,0,24,0,2209,22,56,37,2,1,2,30,317.307,1
9,0,13,0,8817,166,75,41,4,1,1,45,412.075,0
4,0,35,0,15180,176,143,28,2,1,1,25,1334.52,0
5,0,21,0,315,17,0,1,2,1,2,25,14.94,0
6,0,43,0,1260,22,17,17,2,1,2,25,134.19,0
7,1,30,0,2990,35,1,15,2,1,2,25,140.625,1
0,0,37,0,0,0,0,0,2,1,2,25,0.0,0
8,0,39,2,6805,92,193,28,3,1,1,30,1047.88,0
14,0,36,1,4423,70,7,33,2,1,1,25,233.685,0
18,0,41,2,14788,186,15,46,3,1,1,30,658.96,0
14,0,28,1,15060,221,0,78,2,1,1,25,687.645,0
5,0,33,0,920,10,7,7,2,1,2,25,73.35,0
0,0,32,0,2535,16,0,12,3,1,1,30,102.04,0
5,0,30,2,6885,114,261,29,2,2,1,25,1489.455,0
7,0,41,0,813,12,23,9,3,1,2,30,125.0,0
5,0,25,1,3470,64,10,23,3,1,1,30,181.36,0
4,0,36,0,4400,78,4,26,3,1,1,30,195.12,0
4,0,14,0,4839,24,5,25,2,1,1,30,194.303,1
11,0,42,1,3040,63,190,29,2,1,1,25,994.635,0
7,0,23,0,198,26,19,17,3,1,1,45,0.0,1
26,0,18,1,2469,30,5,5,2,1,1,30,494.714,1
5,0,37,0,3065,71,7,28,3,1,1,30,153.44,0
1,0,40,0,1069,11,11,13,3,1,2,30,225.985,1
17,0,16,0,9123,171,48,38,4,1,1,45,352.35,0
17,0,40,1,4693,73,17,40,1,1,1,15,355.63,0
0,0,33,0,4030,69,0,18,3,1,1,30,163.96,0
5,0,41,0,5823,60,5,4,3,1,2,45,95.242,1
0,1,33,0,1860,71,29,1,3,1,2,30,384.189,1
6,0,19,0,4276,15,27,7,2,1,2,30,34.558,1
8,0,33,1,6763,71,100,33,2,1,1,25,757.53,0
1,0,25,0,297,28,9,28,2,1,1,25,188.799,1
0,0,37,2,4314,76,0,6,3,1,1,30,18.041,1
2,0,33,0,2360,33,277,17,3,1,1,30,1203.72,0
11,0,44,2,2233,41,22,14,4,1,1,45,111.85,0
9,0,13,0,2192,58,12,11,4,1,1,30,0.0,1
0,0,36,0,12868,153,0,27,3,1,1,30,520.84,0
0,0,33,0,510,5,0,7,2,1,2,25,23.175,0
0,1,41,0,2113,64,6,0,3,1,2,25,105.684,1
0,0,32,0,650,27,6,18,3,1,2,30,51.08,0
33,0,19,2,1017,70,204,8,2,1,2,25,164.688,1
0,0,32,0,2535,16,0,12,3,1,1,30,102.04,0
3,1,28,1,1425,22,11,39,4,1,2,25,72.083,1
26,0,42,9,10695,103,16,48,5,2,1,55,185.97,0
8,0,37,3,7145,124,282,38,2,2,1,25,1596.105,0
0,0,31,0,0,0,0,0,3,1,1,30,0.0,0
28,1,32,1,2497,25,15,0,4,1,2,45,289.866,1
0,0,35,0,570,8,0,9,2,1,2,25,26.01,0
11,0,42,1,3730,86,40,32,3,1,1,30,312.64,0
19,0,18,1,4536,18,1,12,3,1,2,25,72.23,1
2,0,34,0,1773,37,18,26,3,1,2,30,144.4,1
13,0,37,2,16085,192,171,45,2,1,1,25,1501.965,0
31,0,37,5,16460,246,17,86,2,1,1,25,828.27,0
28,1,35,0,1260,53,23,19,3,1,2,30,144.52,1
16,0,29,0,1005,31,17,9,3,1,2,30,109.44,0
8,1,11,2,1792,25,7,9,3,1,1,30,100.68,1
2,0,36,1,11275,154,36,49,4,1,1,45,375.725,0
15,0,39,0,4388,66,7,33,1,1,1,15,283.47,0
0,0,7,0,4275,35,217,11,3,1,1,30,1040.4,0
1,0,15,1,1166,68,0,0,3,1,2,25,0.0,1
6,1,22,2,817,22,6,0,2,1,1,25,0.0,1
0,0,34,0,0,0,0,0,5,1,1,55,0.0,0
18,0,38,2,6123,104,33,26,2,1,1,25,428.715,0
11,0,39,2,6778,78,113,39,2,1,1,25,817.02,0
6,1,36,0,6123,66,0,8,3,1,1,30,59.144,1
0,0,42,0,4222,52,0,17,2,1,2,30,280.095,1
5,0,29,0,1245,22,60,9,4,1,2,45,181.675,0
11,0,40,0,1890,31,15,13,2,1,2,25,153.945,0
33,1,20,0,2851,3,1,43,4,1,2,45,303.29,1
0,1,35,0,2892,4,4,4,3,1,2,25,192.35,1
0,0,30,0,1673,38,0,9,3,1,2,30,68.44,0
0,0,10,0,4265,42,219,13,3,1,1,30,1048.28,0
20,0,9,0,3244,69,10,0,3,1,2,25,50.385,1
13,1,45,0,2860,62,0,5,4,1,2,25,0.0,1
10,0,42,2,1075,23,25,12,3,1,1,30,143.92,0
2,0,31,0,1933,42,0,14,3,1,2,30,79.0,0
2,0,25,0,3225,61,8,23,3,1,1,30,163.44,0
10,0,37,0,2453,60,359,24,3,1,1,30,1536.52,0
5,0,45,0,6123,45,13,0,2,1,2,30,139.041,1
13,0,39,2,7023,81,115,39,2,1,1,25,837.18,0
0,0,37,2,453,10,36,6,5,1,1,55,60.945,0
9,0,26,0,820,27,1,15,2,1,1,25,42.615,0
6,0,39,0,2228,56,362,26,2,1,1,25,1731.78,0
14,0,35,0,2780,21,0,10,3,1,1,45,0.0,1
15,1,44,0,4188,10,44,0,3,1,2,25,112.401,1
4,1,21,3,3095,7,15,11,3,1,1,25,10.381,1
27,0,45,0,3633,100,6,4,3,1,1,30,133.315,1
12,0,39,1,15600,187,148,29,2,1,1,25,1376.415,0
1,1,41,0,3376,36,0,5,4,1,1,30,188.735,1
1,0,35,0,2590,53,200,25,2,1,1,25,1018.935,0
0,0,22,0,0,0,9,0,4,1,2,45,22.5,0
2,0,43,0,3668,62,46,15,4,1,2,30,548.513,1
6,0,37,2,3260,34,39,20,4,1,1,45,179.85,0
3,1,45,2,905,23,14,43,3,1,2,45,183.19,1
15,0,13,0,6313,139,75,38,1,2,1,15,767.36,0
0,0,29,0,3984,62,0,11,5,2,2,30,239.472,1
0,0,7,0,4085,34,208,8,3,1,1,30,996.76,0
0,0,35,0,530,6,2,3,3,1,2,30,29.44,0
8,0,40,0,4220,79,7,12,3,1,1,30,199.96,0
32,0,38,5,16380,250,15,83,2,2,1,25,815.85,0
5,0,23,0,920,26,12,11,2,1,1,25,96.57,0
15,0,36,1,6008,99,35,27,2,1,1,25,432.315,1
2,1,9,0,1078,65,6,0,3,1,2,30,83.378,1
0,1,42,0,2912,20,0,0,2,1,2,25,0.0,1
8,0,36,0,2533,58,22,30,3,1,2,30,191.64,0
5,0,35,0,305,6,7,2,2,1,2,25,45.495,0
9,0,40,1,5978,98,12,14,3,1,1,30,291.04,0
15,0,23,0,4086,20,8,16,2,1,1,45,100.09,1
0,0,36,0,1865,32,269,13,3,1,1,30,1151.88,0
1,0,43,0,865,28,42,11,3,1,2,45,109.272,1
3,0,35,0,6413,69,101,35,2,1,1,25,746.19,0
0,0,9,0,3790,30,194,23,3,1,1,30,928.8,0
16,1,42,0,3295,53,24,19,3,1,2,30,229.92,1
6,1,43,0,3368,21,0,19,4,1,2,25,205.187,1
0,0,36,0,2055,33,278,16,3,1,1,30,1195.52,0
7,0,36,0,4083,61,3,36,1,1,1,15,244.42,0
5,0,35,0,3444,7,2,20,5,1,2,45,0.0,1
0,0,36,0,389,100,67,7,5,1,2,30,77.629,1
5,1,29,1,1228,15,9,17,3,1,2,30,0.0,1
4,0,38,0,2843,44,5,0,4,1,1,25,171.986,1
0,0,21,0,1055,26,178,5,2,2,1,25,849.645,0
8,0,42,0,6123,50,11,12,3,1,2,30,86.56,1
16,0,39,2,3744,18,45,24,4,1,2,25,131.224,1
2,0,35,1,7803,131,398,56,2,1,1,25,2148.03,0
0,0,45,0,2304,77,12,4,2,2,1,25,0.0,1
9,0,39,1,3103,69,10,33,2,1,1,25,187.74,0
0,0,3,0,2676,25,11,6,3,1,1,30,33.94,1
5,1,22,3,2825,0,71,37,2,1,2,30,0.0,1
0,0,3,0,1790,19,55,0,3,1,2,45,189.318,1
7,0,9,0,4293,17,10,22,4,1,1,25,208.164,1
8,0,25,0,585,20,12,8,2,1,2,25,81.225,0
16,0,31,2,1610,40,36,19,2,1,1,25,236.25,0
0,0,45,0,4423,47,30,0,2,1,2,30,62.572,1
1,0,32,1,1821,100,8,0,3,1,1,45,27.034,1
0,0,34,0,1438,43,327,22,2,1,1,25,1538.145,0
5,1,35,0,1214,100,0,28,5,1,2,45,0.0,1
0,0,40,0,6123,100,5,3,3,1,1,30,217.562,1
11,0,11,0,6133,131,70,36,1,2,1,15,729.52,0
18,0,42,2,4563,75,13,39,1,1,1,15,326.59,0
0,0,35,0,14580,166,122,13,2,1,1,25,1212.57,0
19,0,14,1,6697,141,84,43,1,2,1,15,838.09,0
4,0,38,1,1728,28,5,8,4,1,1,45,56.4,0
3,0,32,2,6850,111,273,34,2,2,1,25,1541.745,0
0,0,37,0,5208,84,0,12,2,1,1,25,238.14,0
14,0,15,1,9178,174,75,40,5,1,1,55,252.78,0
0,0,33,0,0,0,0,0,4,1,1,45,0.0,0
17,0,18,6,3758,61,59,36,3,2,1,30,388.76,0
0,0,22,0,2210,44,0,21,3,1,1,30,90.16,0
16,0,46,2,6483,111,29,20,3,1,1,30,379.76,0
32,1,5,1,2800,53,7,0,3,1,2,25,0.0,1
22,0,18,2,7102,152,93,42,2,2,1,25,744.93,0
27,0,44,0,911,28,4,2,3,1,2,45,204.258,1
8,0,24,2,2080,34,45,20,3,1,1,30,264.56,0
34,0,5,0,1220,48,11,22,4,1,1,25,44.73,1
0,0,7,0,992,12,0,2,2,1,1,25,45.18,1
23,0,39,8,10615,101,12,47,5,1,1,55,178.74,0
31,0,44,10,11000,109,23,50,5,1,1,55,201.135,0
28,1,37,2,745,25,6,18,3,1,1,45,474.781,1
0,0,15,0,680,9,0,12,2,1,1,25,31.005,0
0,1,30,0,0,0,0,0,4,1,2,45,0.0,1
1,0,15,0,902,66,0,10,2,1,2,25,0.0,1
7,0,35,1,6725,90,183,24,3,1,1,30,1004.6,0
5,0,33,1,7553,123,376,39,2,1,1,25,2037.42,0
4,0,38,1,3095,27,483,8,3,1,1,30,2056.88,0
12,0,42,0,2946,22,37,1,4,2,2,25,0.0,1
0,0,22,0,3045,53,0,18,3,1,1,30,123.92,0
13,0,43,2,3085,65,190,26,3,1,1,30,886.0,0
0,1,7,0,577,73,6,4,2,1,2,30,61.145,1
13,1,35,0,3590,51,30,31,3,1,2,30,265.64,1
1,1,37,2,1447,20,5,16,2,2,1,30,134.24,1
6,0,39,0,2113,56,12,20,3,1,2,30,134.76,0
6,0,45,1,1117,64,0,1,2,1,2,30,27.998,1
18,0,40,0,3143,70,36,34,3,1,2,30,272.52,0
18,0,31,0,650,41,9,15,2,1,2,25,71.595,1
0,0,11,0,2001,10,11,2,2,1,1,30,153.422,1
0,0,10,1,6123,1,13,40,2,1,1,45,122.919,1
7,0,41,1,2518,77,6,13,3,1,2,25,107.451,1
4,0,35,0,2312,19,6,37,3,1,2,25,0.0,1
6,0,38,0,2550,40,294,21,3,1,1,30,1279.6,0
7,0,34,0,1179,24,1,13,3,1,1,30,0.0,1
2,0,44,0,389,2,0,10,3,1,2,25,17.654,1
9,0,45,0,3309,8,71,4,3,1,2,30,59.005,1
27,0,20,3,7407,158,100,44,2,2,1,25,790.425,0
5,0,37,3,4486,14,14,0,4,1,1,25,0.0,1
8,0,37,0,1863,39,16,33,3,1,2,30,140.08,1
9,0,32,2,3530,73,23,26,4,1,1,45,147.575,0
13,0,40,1,4313,71,0,34,1,1,1,15,241.12,0
0,1,8,1,1361,18,0,0,4,1,1,30,119.106,1
2,0,13,1,4345,44,223,14,3,1,1,30,1067.56,0
19,0,11,0,4124,29,26,0,2,1,1,25,37.18,1
7,0,44,0,2925,64,1,0,3,1,2,25,247.844,1
5,0,39,0,5513,90,0,14,3,1,1,30,224.12,0
8,0,19,0,3235,61,0,18,3,1,2,45,0.0,1
10,0,34,1,4243,62,7,31,2,1,1,25,225.225,0
19,0,37,2,6528,109,34,24,2,1,1,25,451.665,0
4,0,45,0,4156,13,6,3,3,1,2,25,127.382,1
30,1,21,1,6123,21,30,17,4,1,1,30,83.902,1
10,0,29,0,1180,36,27,17,2,1,1,25,176.22,0
5,0,32,1,305,6,7,2,3,1,1,30,40.44,0
19,0,45,1,4625,35,6,2,3,1,2,25,131.468,1
0,0,23,0,2320,45,0,6,3,1,1,30,94.6,0
16,0,43,0,3602,28,28,0,2,1,1,25,0.0,1
6,0,34,0,1790,42,34,17,3,1,2,30,209.28,0
3,0,18,0,3349,56,4,0,3,1,1,25,0.0,1
0,0,31,0,615,4,0,5,2,1,2,25,27.855,0
10,0,25,0,995,29,24,20,2,1,2,25,154.08,0
0,0,3,0,4130,30,200,4,3,1,1,30,966.4,0
6,0,31,0,6123,63,15,37,4,1,2,30,64.805,1
0,0,32,0,7023,113,366,36,2,1,1,25,1968.12,0
7,0,29,2,1375,39,198,13,3,2,1,30,848.56,0
13,0,40,3,7138,87,147,43,3,1,1,30,877.0,0
8,0,39,0,11170,150,7,34,4,1,1,45,300.5,0
0,0,39,0,0,0,3,0,2,1,2,25,13.5,1
3,0,38,0,743,12,7,3,4,1,2,45,36.375,1
10,0,36,2,4005,24,14,11,5,1,2,55,64.735,1
9,0,36,4,7080,121,269,32,3,2,1,30,1364.04,0
2,0,3,0,331,100,13,1,3,1,1,25,132.608,1
0,1,36,0,2230,21,14,44,2,1,1,25,271.325,1
3,1,14,1,3563,27,0,27,3,1,1,25,163.798,1
14,0,36,2,9520,126,145,41,3,1,1,30,965.84,0
0,0,34,0,1475,44,63,22,3,1,2,30,312.76,0
1,0,25,0,1255,33,188,9,2,2,1,25,903.96,0
4,0,36,0,733,12,21,17,3,1,2,30,113.8,1
0,1,43,1,1960,26,4,40,3,1,1,30,6.837,1
2,0,37,0,1065,15,9,14,2,1,2,25,89.1,0
13,0,18,4,3157,51,38,21,3,1,1,30,280.32,0
27,0,34,0,2801,18,11,2,2,1,2,30,293.206,1
7,0,38,0,628,9,16,7,3,1,2,30,89.48,1
2,1,27,1,1070,33,191,11,2,2,1,25,909.135,0
13,0,39,0,1453,50,0,6,2,1,1,25,110.553,1
4,0,11,0,8568,162,61,36,4,1,1,45,370.75,0
6,1,10,0,3082,60,7,0,3,1,2,30,187.818,1
4,0,39,0,2592,79,8,0,2,1,2,25,52.952,1
10,0,34,0,3395,46,10,14,3,1,2,30,177.64,1
0,0,7,0,4085,34,208,8,3,1,1,30,996.76,0
11,0,37,3,12065,164,32,62,4,1,1,45,385.725,0
0,1,14,0,1256,100,19,27,4,1,1,25,192.659,1
4,0,28,0,3405,69,19,28,3,1,1,30,214.96,0
8,0,41,1,6673,79,116,41,2,1,1,25,825.84,0
6,0,38,0,3598,56,0,20,1,1,1,15,200.97,0
0,0,27,0,3000,57,11,25,3,1,1,30,166.28,0
18,0,29,2,1590,41,31,17,2,1,1,25,212.895,0
0,0,39,0,318,5,7,4,2,1,2,25,46.035,0
0,1,38,1,3203,6,2,12,3,1,1,45,138.114,1
0,0,15,0,6123,13,0,1,3,1,2,30,32.993,1
25,0,27,3,16120,234,7,76,2,1,1,25,767.43,0
3,1,16,1,1233,94,11,7,2,1,2,45,0.0,1
34,0,33,6,16980,254,28,97,2,2,1,25,901.53,0
13,1,25,0,390,31,0,9,2,1,2,25,18.945,1
5,0,41,0,4065,71,6,16,3,1,1,30,189.44,0
15,0,42,2,7203,89,126,44,2,1,1,25,895.14,0
0,1,44,0,2750,49,21,14,4,1,2,30,123.28,1
2,0,40,0,1513,18,4,22,4,1,2,30,0.0,1
16,1,40,0,3475,55,27,23,3,1,2,30,249.2,1
0,0,35,0,0,0,0,0,2,1,2,25,0.0,0
5,0,22,0,2981,15,0,8,2,1,2,30,125.115,1
5,0,33,0,4023,82,1,29,2,1,1,25,189.225,0
7,0,7,0,4402,6,15,0,2,1,1,30,61.288,1
4,1,43,0,786,55,5,0,2,1,2,45,173.519,1
0,0,16,0,1635,23,23,12,2,1,1,25,178.11,0
5,0,27,1,3340,66,6,22,3,1,1,30,160.24,0
15,0,27,1,1530,38,26,15,2,1,1,25,187.56,0
3,0,38,2,398,7,9,4,5,1,1,55,19.575,0
7,0,36,0,4138,63,0,33,1,1,1,15,231.055,0
0,0,37,0,0,0,0,0,2,1,2,25,0.0,0
6,0,36,2,4318,92,23,43,3,1,1,30,268.4,0
7,0,41,2,823,18,22,9,5,1,1,55,45.615,0
3,0,35,0,1665,44,38,20,3,1,2,30,220.36,0
10,0,8,0,3709,68,17,28,4,1,2,45,53.218,1
13,0,27,0,945,28,12,7,3,1,2,30,86.92,0
12,0,36,1,4595,75,7,15,3,1,1,30,214.8,0
29,0,39,1,4016,15,72,4,2,1,1,25,160.7,1
5,0,45,0,2487,100,28,0,3,1,1,30,343.342,1
0,0,35,0,2760,65,0,26,2,1,1,25,127.125,0
26,0,42,4,15220,227,64,36,3,2,1,30,873.88,0
0,0,31,0,2212,22,0,2,3,1,1,25,173.34,1
4,0,35,2,1300,14,10,0,3,1,2,30,49.72,1
2,1,42,0,4508,17,0,30,3,1,1,25,149.9,1
4,0,40,0,4145,67,8,19,2,1,1,25,225.54,0
1,0,41,0,955,16,10,15,2,1,2,25,88.695,0
5,0,22,0,305,6,13,2,4,1,2,45,40.275,0
2,0,35,0,13353,157,0,38,3,1,1,30,540.4,0
18,0,34,0,4221,28,11,10,2,1,2,30,178.371,1
33,0,45,0,2691,35,49,4,5,1,2,25,19.935,1
0,1,3,0,1136,22,0,18,2,1,2,25,274.282,1
0,0,36,0,1455,23,257,1,3,1,1,30,1087.12,0
2,0,38,0,2599,100,16,0,2,1,1,30,253.819,1
11,0,34,1,7023,75,107,38,2,1,1,25,800.91,0
11,0,28,0,815,31,42,11,3,1,2,30,201.84,0
6,0,34,1,3943,86,7,26,3,1,1,30,189.16,0
12,0,38,1,11655,154,7,45,3,1,1,30,500.36,0
0,0,39,0,7283,123,387,45,2,1,1,25,2074.77,0
0,0,5,1,6123,100,21,2,3,1,1,25,0.0,1
13,0,40,3,3265,55,313,35,4,1,1,45,865.5,0
4,0,41,1,4210,83,3,24,3,1,1,30,183.72,0
0,1,44,2,956,11,0,4,3,1,1,30,44.043,1
4,1,16,0,5633,77,0,12,2,1,2,30,88.889,1
0,0,37,0,520,14,38,10,3,1,2,30,173.36,0
0,1,41,0,1141,38,19,32,4,1,1,25,22.065,1
6,1,39,0,405,24,23,2,3,1,1,25,100.877,1
0,1,44,0,3280,50,0,33,4,1,2,25,38.045,1
6,0,34,1,6538,67,97,32,2,1,1,25,733.725,0
5,0,11,0,2802,7,36,15,2,1,1,25,70.449,1
5,0,39,0,563,8,9,4,3,1,2,30,58.84,0
3,0,39,0,1955,34,267,20,3,1,1,30,1147.56,0
6,1,42,0,1183,100,0,0,2,1,1,30,0.0,1
12,0,37,1,5413,93,8,26,2,1,1,25,283.77,1
0,0,34,0,10450,137,0,45,3,1,1,30,423.48,0
0,0,30,0,5770,80,0,20,4,1,1,45,146.25,0
1,0,38,0,2795,26,8,18,3,1,1,30,144.84,0
0,0,31,0,0,0,0,0,2,1,2,25,0.0,1
0,0,8,0,777,8,0,7,3,1,1,30,31.4,1
12,1,16,0,1306,36,15,2,2,1,2,30,0.0,1
7,0,33,3,7370,121,272,31,2,2,1,25,1561.095,0
0,0,36,1,6310,86,211,28,3,1,1,30,1099.84,0
18,0,29,0,1195,32,26,12,3,1,2,30,153.08,0
9,0,39,3,7170,105,31,28,5,1,1,55,155.625,0
6,0,37,1,3585,82,57,30,3,1,1,30,374.68,0
0,0,5,0,6123,25,0,23,2,1,2,30,215.404,1
7,0,39,1,13888,175,32,48,3,1,1,30,690.52,0
34,0,38,1,4330,19,8,8,2,1,2,25,101.639,1
7,0,38,1,4515,83,2,25,3,1,1,30,191.92,0
21,0,33,3,15850,234,3,82,2,1,1,25,737.28,0
3,0,36,0,1780,50,70,24,4,1,2,45,220.75,0
1,0,25,0,1200,31,195,12,2,2,1,25,932.895,0
6,0,27,0,1535,21,29,3,4,1,2,45,111.4,0
3,0,36,1,668,0,40,7,3,1,2,30,27.092,1
0,0,24,0,520,4,14,1,4,1,2,45,48.1,0
7,0,28,0,1320,17,37,8,4,1,2,45,125.925,0
3,1,31,0,3542,18,3,2,3,1,2,30,161.446,1
6,0,18,0,6123,55,0,0,3,1,1,25,30.908,1
17,0,17,1,9237,177,80,42,5,1,1,55,261.21,0
17,1,16,0,3111,65,9,4,4,1,1,45,0.0,1
13,0,43,0,2230,60,60,28,4,1,2,45,207.25,0
4,0,3,0,4624,13,11,2,2,1,1,25,77.381,1
0,1,45,1,874,67,50,39,2,1,2,30,177.75,1
23,1,37,0,910,51,24,21,2,1,2,25,151.245,1
27,1,33,0,1555,57,37,32,3,1,2,30,212.48,1
18,0,43,3,9375,131,159,49,3,1,1,30,1016.24,0
3,0,24,0,3630,66,9,21,3,1,1,30,183.84,0
7,1,23,1,3502,47,82,20,2,1,1,25,3.157,1
0,0,7,0,3485,24,187,21,3,1,1,30,888.36,0
9,0,38,0,2048,55,341,26,3,1,1,30,1448.12,0
2,0,41,0,133,8,8,3,3,1,2,30,37.64,1
0,0,41,0,875,3,13,0,4,1,1,30,123.07,1
15,1,36,0,3700,52,17,16,3,1,2,30,218.08,1
15,0,26,0,1415,32,7,11,2,1,1,25,96.615,0
9,1,40,0,1172,71,0,5,3,1,2,30,205.905,1
3,0,20,0,740,18,1,6,2,1,1,25,38.61,0
22,0,35,8,10840,98,2,40,4,1,1,45,278.45,0
9,0,41,1,4695,91,13,30,3,1,1,30,243.44,0
30,0,32,3,16265,238,7,78,2,1,1,25,774.135,0
0,0,28,0,1470,48,4,44,3,1,2,25,24.774,1
4,0,38,1,1783,30,0,5,4,1,1,45,45.325,0
4,0,35,0,11350,149,13,48,3,1,1,30,511.96,0
21,0,19,2,6697,147,92,44,2,2,1,25,721.98,0
15,0,31,1,1485,42,34,19,2,1,1,25,221.715,0
12,1,38,1,2328,47,39,33,3,1,1,30,251.0,1
5,0,38,1,2638,61,7,33,2,1,1,25,152.955,0
8,0,33,0,4198,60,0,34,1,1,1,15,234.19,0
0,0,35,0,3528,82,27,30,3,1,1,30,252.4,0
16,1,9,1,1109,16,14,17,3,1,1,25,0.0,1
12,0,32,0,6123,100,14,12,3,1,1,30,192.369,1
0,0,36,0,5423,88,0,7,2,1,1,25,247.995,0
20,0,37,8,10030,88,0,44,5,1,1,55,151.77,0
4,0,39,1,2475,45,317,22,4,1,1,45,855.5,0
5,0,35,3,6560,111,253,35,2,2,1,25,1438.695,0
6,0,32,1,8630,107,126,36,3,1,1,30,853.48,0
0,0,20,0,1308,29,15,62,4,1,1,45,70.925,0
6,0,29,0,1748,47,41,73,4,1,1,45,147.375,0
11,0,29,0,4735,64,13,0,2,1,2,45,0.0,1
13,0,41,2,4790,83,44,23,3,1,1,30,370.92,0
11,1,41,0,1967,74,0,2,2,2,2,30,84.406,1
15,0,41,2,3375,56,300,20,4,1,1,45,835.775,0
27,1,45,0,1124,23,3,5,2,1,2,25,0.0,1
9,0,14,2,4875,54,233,17,3,1,1,30,1129.16,0
7,0,42,0,1360,28,18,18,2,1,2,25,143.46,0
29,1,45,4,2627,64,29,32,2,1,1,30,87.004,1
8,0,35,1,8810,115,137,41,3,1,1,30,905.0,0
5,0,19,1,2425,25,0,0,2,1,2,25,21.123,1
19,0,39,3,3358,76,387,41,3,1,1,30,1685.36,0
0,0,35,0,2070,42,150,23,2,1,1,25,770.04,0
0,1,45,1,2735,6,6,20,5,1,1,25,118.562,1
12,0,40,1,14078,175,7,46,3,1,1,30,598.12,0
30,0,33,4,16380,244,7,82,2,2,1,25,779.58,0
0,1,22,0,1294,49,0,7,2,1,2,25,100.326,1
8,0,36,0,3660,77,34,29,2,1,1,25,321.165,0
2,0,10,2,4505,46,247,14,3,1,1,30,1170.04,0
0,0,29,0,1954,75,5,7,2,1,1,30,310.162,1
2,0,32,1,6123,68,25,2,2,1,1,45,194.77,1
3,0,32,0,1853,46,0,11,3,1,2,30,75.96,0
6,0,16,1,1920,30,25,12,2,1,1,25,200.25,0
15,0,39,0,2948,65,16,17,3,1,2,30,184.52,0
5,0,15,0,3572,79,0,5,3,1,2,30,26.721,1
8,0,42,2,4103,90,19,34,3,1,1,30,243.72,0
11,0,13,3,3157,45,30,20,3,1,1,30,248.08,0
0,0,37,0,0,0,0,0,2,1,1,25,0.0,1
19,0,45,2,16050,198,172,38,2,1,1,25,1505.16,0
8,0,15,0,8333,161,52,25,4,1,1,45,342.35,0
3,0,12,0,261,27,40,4,4,1,1,30,176.331,1
7,0,43,3,643,16,19,5,5,1,1,55,38.385,0
3,1,45,2,906,100,46,17,3,1,2,30,196.055,1
0,1,41,0,2950,22,2,0,3,1,2,30,278.739,1
3,0,44,0,2739,53,10,38,2,1,2,25,36.485,1
5,0,37,0,305,6,7,2,3,1,2,30,40.44,0
0,1,40,0,505,22,34,17,3,1,2,30,0.0,1
4,0,36,1,1410,54,3,15,2,1,2,25,39.576,1
3,0,38,1,7623,133,416,47,3,1,1,30,1974.24,0
15,1,41,0,3375,49,26,22,3,1,2,30,240.96,1
4,0,31,0,3470,70,17,25,2,1,1,25,235.8,0
6,0,42,3,723,12,21,8,5,1,1,55,42.525,0
0,0,34,0,0,0,0,0,3,1,2,30,0.0,1
0,0,36,0,1488,42,0,16,1,1,1,15,84.15,0
3,1,32,0,1387,32,51,0,3,2,1,30,241.146,1
17,0,16,1,6797,146,86,40,1,2,1,15,854.865,0
4,0,37,0,2423,95,15,4,2,1,1,30,0.0,1
5,0,24,0,305,6,18,2,4,1,2,45,52.775,0
3,0,34,0,2720,50,170,21,2,1,1,25,889.65,0
11,0,38,3,4623,98,30,45,3,1,1,30,308.84,0
30,0,31,0,1892,100,11,12,2,1,2,30,97.055,1
4,0,34,0,15065,170,111,24,2,1,1,25,1185.075,0
0,0,32,0,1975,24,0,14,2,1,2,25,89.955,1
8,0,41,2,2813,70,41,39,2,1,1,25,314.235,0
1,0,39,1,2538,22,12,3,4,1,1,30,0.0,1
1,0,9,0,2904,25,10,0,4,1,1,30,73.51,1
0,1,25,0,1010,30,186,9,2,2,1,25,883.8,1
2,0,24,0,6123,26,2,1,4,1,1,30,0.0,1
0,1,17,0,967,22,31,28,2,1,2,25,252.81,1
12,1,37,0,2570,60,66,37,4,1,2,45,230.75,1
4,0,45,0,3541,76,20,27,3,1,2,30,36.503,1
8,0,39,1,3325,36,18,21,3,1,1,30,206.44,0
0,0,34,0,0,0,0,0,5,1,1,55,0.0,0
8,0,31,0,705,23,26,15,2,1,2,25,176.028,1
0,1,15,0,1818,62,31,0,3,1,2,30,79.759,1
3,0,23,0,730,25,3,8,2,1,1,25,47.475,0
0,0,3,0,1969,30,29,21,4,1,1,25,72.123,1
5,1,43,0,856,58,49,0,3,1,2,25,0.0,1
25,0,45,1,1201,61,5,19,2,1,2,45,52.339,1
4,0,37,0,6118,65,87,22,2,1,1,25,669.735,0
20,0,43,0,844,58,4,3,4,1,2,45,0.0,1
0,0,39,0,2268,60,6,36,1,1,1,15,161.04,0
2,0,36,2,1705,26,3,18,3,1,2,25,0.0,1
13,0,29,4,2220,52,221,28,3,2,1,30,974.88,0
0,0,34,0,1363,19,0,4,3,1,1,30,55.28,0
4,0,29,0,1464,14,4,22,2,1,2,45,106.624,1
0,0,16,0,1390,20,21,12,2,1,1,25,157.95,0
6,0,37,0,2827,24,11,22,2,1,2,30,185.895,1
16,0,34,7,10130,87,0,40,4,1,1,45,255.425,0
0,0,36,0,405,8,6,6,2,1,2,25,45.585,0
6,1,8,2,1613,17,7,4,3,1,1,30,93.2,1
8,1,44,0,2148,0,3,2,2,1,1,25,0.0,1
6,0,37,0,1853,50,338,9,2,1,1,25,1606.635,0
5,0,24,0,3891,68,26,0,3,1,1,30,195.908,1
5,0,20,1,3092,21,7,3,3,1,2,30,177.466,1
15,0,11,0,418,37,0,7,3,1,2,25,77.653,1
9,1,45,1,4806,78,63,16,3,1,2,30,0.0,1
3,0,33,0,3983,60,24,15,3,1,2,45,119.106,1
10,0,34,1,11770,154,10,48,3,1,1,30,516.96,0
4,0,36,0,2535,50,173,23,2,1,1,25,894.825,0
6,0,6,1,1792,19,0,8,3,1,1,30,72.44,1
17,0,38,0,2490,60,5,6,3,1,1,30,0.0,1
23,0,31,3,15885,237,0,77,2,1,1,25,725.49,0
5,0,32,4,7260,120,285,46,2,2,1,25,1614.6,0
0,0,38,0,128,5,32,6,3,1,2,30,133.32,0
15,0,38,0,6123,6,70,5,2,2,2,30,201.699,1
5,0,9,1,1677,20,9,10,3,1,1,30,103.88,1
6,0,39,2,6560,89,191,28,3,1,1,30,1029.96,0
11,0,45,3,3400,39,498,11,4,1,1,45,1330.975,0
30,0,41,0,649,100,45,2,2,1,1,25,76.833,1
13,0,39,2,5225,94,10,25,3,1,1,30,252.76,0
3,0,35,0,1665,44,38,20,3,1,2,30,220.36,0
4,0,36,1,6905,91,187,24,3,1,1,30,1027.84,0
13,0,8,0,3221,23,12,0,3,1,1,30,208.569,1
11,0,43,2,3580,41,501,15,3,1,1,30,2148.84,0
6,0,30,1,7090,97,13,23,4,1,1,45,212.175,0
2,0,26,0,1323,36,28,68,4,1,1,45,103.975,0
0,0,26,0,825,10,21,3,4,1,2,45,73.375,0
17,0,41,2,15850,191,162,34,2,1,1,25,1450.845,0
4,0,35,0,11405,151,6,45,3,1,1,30,486.24,0
3,0,39,0,3226,54,43,0,2,1,1,25,22.439,1
0,0,19,1,1277,60,0,9,2,1,2,55,172.292,1
13,0,21,2,2710,43,43,16,3,1,1,30,282.12,0
5,0,37,0,305,6,7,2,2,1,2,25,45.495,1
0,0,35,0,4903,78,0,10,2,1,1,25,224.145,0
0,0,35,0,0,0,0,0,2,1,2,25,0.0,1
10,1,40,0,6123,40,204,14,3,1,2,25,183.78,1
4,0,38,0,2360,39,285,18,3,1,1,30,1235.96,0
23,0,33,0,955,47,16,17,2,1,2,25,117.09,1
13,0,3,0,3748,56,0,0,2,1,2,25,250.753,1
20,0,39,3,9610,128,160,48,3,1,1,30,1029.52,0
18,0,39,3,9420,127,151,45,3,1,1,30,985.88,0
2,0,17,0,1613,19,9,21,3,1,2,25,0.0,1
0,0,32,0,2552,0,7,5,3,1,1,30,188.593,1
2,0,32,0,15000,168,132,23,2,1,1,25,1276.56,0
1,0,20,0,4148,43,37,0,3,1,2,55,0.0,1
22,0,41,1,0,22,7,47,4,1,2,25,134.523,1
16,0,16,0,1187,100,29,3,2,1,2,25,0.0,1
17,0,37,4,9715,131,165,58,3,2,1,30,1053.84,0
1,1,15,0,6123,61,3,0,2,1,2,30,0.0,1
14,1,42,0,2722,100,0,31,2,1,1,45,260.009,1
1,0,12,0,7917,154,41,38,4,1,1,45,304.275,0
11,1,8,0,3942,58,1,9,2,1,2,45,126.734,1
5,0,33,0,13773,163,0,43,3,1,1,30,557.44,0
7,0,35,0,2393,57,354,22,2,1,1,25,1703.25,0
0,0,38,0,1360,44,39,19,3,1,2,30,212.16,0
1,1,12,0,2916,28,4,25,2,1,1,30,64.712,1
9,0,38,3,2947,71,0,16,3,1,2,30,121.244,1
5,1,32,0,5453,89,14,20,2,1,1,25,312.39,1
2,0,12,0,4719,0,21,0,2,1,1,45,141.019,1
20,0,45,2,3596,0,20,15,2,1,2,25,27.724,1
3,0,22,0,1488,37,20,64,4,1,1,45,88.125,0
4,1,33,0,2685,35,2,14,2,1,2,25,131.4,1
2,1,25,0,725,29,11,18,2,1,2,25,283.402,1
13,0,40,1,4675,77,12,19,3,1,1,30,238.08,0
0,0,35,1,4578,74,26,0,3,1,1,25,39.972,1
13,0,3,3,724,13,8,17,2,1,2,45,25.417,1
9,0,28,1,1873,45,37,70,5,1,1,55,84.27,0
14,0,12,0,6392,135,77,41,1,2,1,15,782.485,0
21,0,46,3,4340,98,54,36,3,1,1,30,393.52,0
6,0,36,0,2780,53,175,23,2,1,1,25,914.985,0
9,0,38,2,7210,97,194,26,3,1,1,30,1068.28,0
9,1,40,0,634,50,16,19,2,1,1,25,43.305,1
14,0,40,2,15905,194,189,36,3,1,1,30,1399.96,0
24,0,27,2,15995,236,0,76,2,1,1,25,730.395,0
13,0,39,2,7023,81,115,39,2,1,1,25,837.18,0
25,0,32,4,16190,244,32,84,2,2,1,25,883.53,0
4,0,33,0,2600,45,164,18,2,1,1,25,857.025,0
18,1,7,1,3265,2,4,0,2,1,1,55,70.307,1
10,0,36,0,15890,187,151,28,2,1,1,25,1402.965,0
14,0,37,2,3053,70,380,39,3,1,1,30,1644.92,0
0,0,5,0,6123,6,31,7,2,1,1,30,33.609,1
1,1,21,0,1453,15,10,1,3,1,2,30,277.14,1
3,0,37,0,2655,55,179,26,2,1,1,25,927.45,0
3,0,34,0,1550,38,6,16,3,1,2,30,87.52,0
3,0,38,0,2393,58,2,33,1,1,1,15,145.805,0
15,0,36,2,0,96,9,9,4,1,2,25,0.0,1
0,0,21,0,930,28,176,5,2,2,1,25,835.11,0
13,0,28,3,2473,55,58,85,5,1,1,55,124.92,0
14,0,38,0,5523,94,12,11,2,1,1,25,306.765,1
3,0,35,0,4123,87,3,26,2,1,1,25,202.95,0
4,0,36,0,15295,182,175,32,2,1,1,25,1483.965,0
3,0,39,0,990,19,0,10,2,1,2,25,45.405,0
6,1,37,0,3816,78,53,0,3,1,2,45,99.515,1
0,0,35,0,6385,81,188,27,3,1,1,30,1010.64,0
8,1,12,3,1908,31,39,13,3,1,1,30,233.56,1
3,1,42,0,3121,20,46,0,2,1,2,25,393.466,1
8,0,39,0,1420,25,21,8,3,1,2,30,141.8,0
0,0,33,0,1497,25,8,18,4,1,1,25,335.844,1
0,0,27,0,4052,100,6,19,3,1,2,30,226.447,1
2,1,17,0,4568,77,0,12,3,1,2,30,987.255,1
6,1,41,0,2157,100,12,5,2,1,1,25,70.621,1
0,0,8,0,4569,40,35,2,2,1,1,45,121.024,1
14,1,38,0,2573,50,41,33,4,1,2,45,168.075,1
18,1,17,2,4672,99,14,41,4,1,2,45,185.028,1
6,0,38,0,710,11,8,2,2,1,2,25,68.445,1
1,0,27,0,3201,18,16,11,3,2,2,25,111.315,1
12,0,39,0,13963,169,7,42,3,1,1,30,593.28,0
12,1,22,0,3064,72,67,10,2,1,2,25,48.904,1
1,1,36,2,2526,13,0,1,2,1,1,25,83.461,1
0,1,19,0,6123,52,4,0,4,1,1,30,0.0,1
1,1,41,0,2401,12,16,48,2,1,1,25,219.438,1
0,0,23,0,0,0,0,0,4,1,2,45,0.0,0
1,0,30,0,2488,37,14,20,3,1,2,30,309.983,1
7,0,15,0,1055,42,6,40,3,1,1,30,307.981,1
11,0,38,1,3085,59,182,25,2,1,1,25,960.48,0
2,1,43,0,3433,74,8,2,3,1,2,45,99.298,1
2,0,28,0,2685,29,0,13,2,1,2,25,122.13,1
0,1,42,3,6123,23,38,12,2,1,2,25,122.297,1
1,0,17,0,4886,97,81,2,3,1,2,30,94.171,1
13,0,27,1,1285,35,24,15,2,1,1,25,167.4,0
6,0,33,0,2930,38,4,14,2,1,2,25,151.56,1
0,0,29,0,0,0,0,0,2,1,2,25,0.0,1
5,0,32,0,1085,20,36,9,4,1,2,45,117.625,0
23,1,45,1,5842,52,56,6,3,1,2,25,29.834,1
18,0,38,0,3173,60,62,48,4,1,2,45,235.825,1
7,1,33,0,6123,29,12,0,3,1,2,25,0.0,1
3,0,42,0,3635,13,50,8,2,1,2,30,159.615,1
0,0,36,0,685,14,25,13,2,1,2,25,143.955,0
17,0,42,1,2938,74,377,31,3,1,1,30,1628.48,0
0,0,35,0,6440,83,181,24,3,1,1,30,984.92,0
9,0,38,0,1533,23,37,21,4,1,2,45,131.4,1
0,0,42,0,2165,24,10,18,2,1,1,25,10.288,1
8,0,34,0,5513,92,19,22,2,1,1,25,337.725,1
4,1,38,0,1269,19,0,26,3,1,1,30,208.572,1
1,0,37,0,2499,62,2,31,3,1,2,45,0.0,1
11,1,36,1,5573,95,24,24,2,1,1,25,363.06,1
10,0,39,0,3070,43,19,20,3,1,2,30,200.52,1
11,0,32,2,1800,50,211,18,3,2,1,30,918.0,0
16,0,38,0,4468,84,81,9,2,1,2,25,290.319,1
1,0,34,0,1218,36,4,26,2,1,1,45,109.306,1
0,0,21,0,3407,74,5,6,3,1,2,30,24.684,1
12,0,35,3,9410,125,158,56,3,1,1,30,1013.4,0
17,0,36,6,9835,83,0,27,4,1,1,45,247.95,0
26,1,27,0,549,16,58,25,3,1,2,25,27.444,1
12,0,36,1,15610,180,146,27,2,1,1,25,1367.55,0
14,1,37,0,3295,47,16,18,3,1,2,30,197.68,1
34,0,14,0,4571,38,0,0,3,1,1,25,254.558,1
9,0,38,1,5593,94,29,26,2,1,1,25,386.415,1
9,0,10,0,6087,129,70,39,1,2,1,15,726.88,0
12,0,30,2,1933,48,42,72,5,1,1,55,92.715,0
16,0,41,0,3616,0,11,1,3,1,1,30,0.0,1
5,0,17,2,2728,47,35,22,3,1,1,30,251.0,0
3,1,7,2,2420,19,39,22,3,1,2,45,0.0,1
14,0,22,5,3238,53,48,25,3,2,1,30,323.64,0
0,0,32,2,6470,109,255,28,2,2,1,25,1443.555,0
4,0,13,2,1568,21,10,11,3,1,1,30,103.56,1
0,0,20,0,0,0,4,0,4,1,2,45,10.0,0
4,0,41,0,890,22,24,13,3,1,2,30,132.48,0
17,0,33,0,1085,33,27,13,3,1,2,30,152.72,0
6,0,35,0,15370,177,152,31,2,1,1,25,1383.615,0
13,0,38,1,3275,60,191,28,2,1,1,25,1009.575,0
0,0,32,0,3353,73,0,24,2,1,1,25,154.17,0
1,1,38,0,907,46,75,0,2,1,2,30,16.178,1
7,0,43,0,6123,66,63,3,2,1,2,25,195.008,1
4,0,36,0,4455,80,0,23,3,1,1,30,181.4,0
0,0,45,2,2278,11,7,25,2,1,1,30,221.055,1
5,1,18,0,2874,19,0,0,4,1,1,30,34.156,1
6,0,43,1,2360,45,293,19,4,1,1,45,792.625,0
0,0,26,0,2498,72,0,0,2,2,2,25,132.775,1
0,0,8,0,2330,18,28,7,2,1,2,30,403.179,1
11,0,38,1,3085,59,182,25,2,1,1,25,960.48,0
9,1,39,0,2353,60,40,21,3,1,2,30,256.52,0
8,1,37,0,1166,14,14,4,3,1,2,30,16.24,1
1,0,42,0,651,54,44,0,3,1,2,45,125.423,1
5,0,34,0,2547,60,32,17,2,1,2,45,88.057,1
2,0,36,0,4210,77,0,23,3,1,1,30,171.48,0
2,1,7,3,609,13,11,22,4,1,1,45,95.743,1
8,0,14,0,5655,71,24,8,3,1,2,25,102.346,1
8,1,14,0,3192,4,10,0,2,1,2,45,16.504,1
8,0,38,0,3953,63,0,35,1,1,1,15,220.88,0
9,0,38,0,13963,170,9,47,3,1,1,30,601.32,0
12,0,43,1,4198,72,9,36,1,1,1,15,284.35,0
11,0,29,1,1305,34,29,17,2,1,1,25,190.755,0
19,0,36,8,10245,92,0,39,5,2,1,55,155.055,0
1,0,35,0,1475,43,29,17,3,1,2,30,176.72,0
0,0,33,0,6135,77,174,22,3,1,1,30,944.48,0
0,0,31,0,405,2,0,5,2,1,2,25,18.315,0
7,0,20,1,2000,32,35,16,3,1,1,30,221.28,0
5,1,43,0,6123,46,0,0,4,1,1,30,345.699,1
13,0,38,0,2825,19,12,5,2,1,2,55,0.668,1
9,0,33,2,1575,46,208,17,3,2,1,30,896.84,0
8,1,36,0,2585,36,0,18,3,1,2,30,104.84,1
0,0,7,0,1428,16,0,5,3,1,1,30,57.76,1
11,0,35,1,11690,158,8,45,4,1,1,45,316.2,0
0,0,37,0,613,9,21,17,2,1,2,25,122.49,0
18,0,42,2,6078,108,41,30,2,1,1,25,462.87,0
11,0,43,0,2740,82,2,40,2,1,1,55,160.4,1
8,0,35,2,7090,103,21,24,5,1,1,55,139.395,0
14,0,46,2,2925,55,307,26,4,1,1,45,842.0,0
6,0,14,2,4254,0,2,6,4,1,1,25,296.147,1
0,0,34,0,2650,21,0,11,3,1,1,30,106.84,0
0,0,36,1,6480,97,15,21,5,1,1,55,121.155,0
6,0,9,0,3174,87,2,24,4,1,1,25,308.7,1
5,0,38,0,305,6,7,2,2,1,2,25,45.495,1
0,1,12,0,1165,72,7,7,2,1,2,45,98.406,1
0,0,33,0,0,0,0,0,2,1,2,25,0.0,0
9,0,40,2,2033,34,12,10,4,1,1,45,81.675,0
5,0,32,0,1804,56,30,7,3,1,2,30,196.752,1
0,0,33,0,2567,100,0,8,4,1,1,30,74.259,1
0,0,39,0,128,4,0,1,2,1,2,25,5.94,0
16,0,6,2,0,32,15,36,3,1,1,25,8.611,1
26,0,11,0,4545,25,12,20,3,1,1,25,57.395,1
9,0,34,0,2283,50,7,13,3,1,2,30,121.32,0
11,0,21,1,2926,45,11,0,2,1,1,30,0.0,1
8,0,21,0,3112,100,21,21,3,1,2,30,14.517,1
7,0,5,0,1554,26,76,23,3,1,1,45,0.0,1
12,0,40,2,4820,89,9,27,3,1,1,30,232.36,0
9,1,42,2,721,16,9,12,4,2,2,45,60.115,1
4,0,30,1,3225,67,16,24,3,1,1,30,195.68,0
1,1,27,0,2334,73,2,0,2,1,1,30,128.004,1
18,0,46,2,4935,87,27,25,3,1,1,30,308.88,0
2,0,31,0,6333,67,91,31,2,1,1,25,697.5,0
8,0,38,0,4370,71,5,17,3,1,1,30,197.64,0
25,1,36,0,1135,55,27,22,2,1,2,25,175.05,1
16,1,37,0,3994,66,0,34,2,1,1,45,105.455,1
0,0,17,1,977,95,13,6,3,1,2,25,4.025,1
0,0,22,2,1092,12,42,12,4,1,2,25,0.0,1
12,0,15,1,4133,79,12,0,3,1,1,45,17.501,1
17,1,3,0,2112,30,7,7,2,1,2,30,225.813,1
0,0,31,0,7248,117,369,37,2,1,1,25,1991.925,0
14,0,40,0,2543,60,15,19,3,1,2,30,164.12,0
0,0,35,0,0,0,2,0,2,1,2,25,9.0,1
1,0,28,0,1190,38,197,14,2,2,1,25,941.76,0
8,1,8,0,3794,22,0,1,2,1,2,25,32.798,1
2,0,6,0,2468,24,36,0,3,1,2,25,229.018,1
6,1,40,3,4579,65,1,18,3,1,1,45,192.295,1
3,0,37,0,3020,30,11,19,3,1,1,30,166.0,0
0,0,35,1,6560,93,17,24,4,1,1,45,208.825,0
6,0,36,1,3145,28,7,16,3,1,1,30,154.92,0
0,0,40,0,0,0,1,0,2,1,2,25,4.5,1
0,1,16,0,2781,100,3,12,3,1,1,25,242.412,1
0,0,41,0,3933,35,48,7,2,1,2,30,116.815,1
0,0,42,0,6123,20,10,3,3,1,2,55,0.0,1
13,0,28,2,4240,78,23,25,3,1,1,30,264.72,0
13,0,41,1,3955,90,43,33,3,1,1,30,333.8,0
11,0,11,2,3708,23,32,24,2,1,2,30,249.954,1
9,0,38,1,4213,89,18,33,3,1,1,30,244.08,0
0,0,38,0,822,38,13,0,3,1,1,45,0.0,1
11,0,41,0,2418,62,19,22,3,1,2,30,175.2,0
5,0,32,0,3390,74,15,22,2,1,1,25,223.38,0
2,1,36,0,2869,100,40,29,3,1,2,45,36.996,1
16,0,44,2,15790,194,165,33,3,1,1,30,1299.36,0
3,1,33,0,2702,19,7,22,2,1,2,25,195.408,1
9,0,41,3,3515,39,522,14,4,1,1,45,1393.85,0
0,0,35,0,2653,22,3,0,2,1,1,30,349.169,1
1,0,10,0,2430,0,12,13,2,1,1,25,77.9,1
11,0,11,1,3338,21,18,0,2,2,1,30,287.69,1
1,0,11,2,4051,28,0,30,2,1,1,25,34.912,1
6,0,27,1,1560,39,195,11,2,2,1,25,949.455,0
34,0,45,0,3228,28,2,0,3,1,2,25,0.0,1
16,1,15,4,2440,25,35,0,3,2,2,30,58.062,1
7,0,37,0,2744,28,74,0,3,1,2,25,163.41,1
8,1,34,0,2563,48,48,44,3,1,2,30,296.44,1
0,1,39,3,6123,67,0,0,3,1,2,45,239.363,1
6,0,34,0,13693,167,0,40,3,1,1,30,554.4,0
6,1,38,0,2685,41,10,15,3,1,2,30,149.04,1
2,0,10,1,2468,37,14,13,3,1,1,30,156.2,0
0,0,30,0,0,0,0,0,2,1,2,25,0.0,1
3,0,33,0,438,2,0,3,3,1,2,30,17.6,1
4,1,16,0,1054,68,72,8,3,1,1,30,0.0,1
10,1,31,0,3750,0,61,19,4,1,2,30,0.0,1
0,0,19,0,2840,53,0,17,3,1,1,30,115.72,0
5,1,35,0,3315,25,44,11,2,1,2,30,76.919,1
10,0,36,1,6143,99,7,10,3,1,1,30,277.68,0
0,0,45,3,4060,9,59,28,2,1,2,25,97.365,1
7,1,9,3,2088,29,21,22,3,1,1,30,168.68,1
21,0,28,2,2240,49,34,15,2,1,1,25,256.005,0
0,1,35,0,2388,31,0,16,3,1,1,30,61.566,1
0,0,20,0,1470,22,31,16,2,1,1,25,206.64,0
0,1,43,0,1367,41,6,0,2,1,1,30,204.045,1
14,0,39,0,3446,64,6,9,3,1,1,30,161.27,1
1,0,9,1,2547,33,16,16,3,1,1,30,167.2,0
5,0,41,0,623,11,14,6,3,1,2,30,81.36,0
6,0,40,1,3100,32,15,20,3,1,1,30,185.28,0
2,0,19,0,946,33,0,46,3,1,2,25,108.339,1
3,0,37,0,1115,19,14,6,2,1,2,25,114.03,0
0,0,24,0,300,19,161,9,2,2,1,25,738.855,0
3,0,18,0,920,20,4,10,1,1,1,15,73.7,0
7,0,9,0,8673,161,58,34,4,1,1,45,365.85,0
3,0,45,0,373,26,30,7,4,1,2,30,0.0,1
0,0,34,0,5703,58,76,35,2,1,1,25,601.245,0
0,0,36,0,165,3,0,11,2,1,2,25,7.56,0
9,0,16,3,4695,52,230,13,3,1,1,30,1109.88,0
14,0,39,1,5080,82,30,17,3,1,1,30,326.48,0
0,0,43,1,3417,50,34,22,2,1,1,45,237.95,1
7,0,41,0,3893,66,2,34,1,1,1,15,228.745,0
9,1,35,0,2990,41,9,16,3,1,2,30,157.24,1
0,0,36,0,2615,18,3,16,3,1,1,30,117.32,0
13,0,31,0,800,2,47,9,3,1,1,25,142.45,1
11,0,33,0,4219,41,6,32,4,1,2,30,0.0,1
12,0,44,1,14033,179,15,50,3,1,1,30,628.48,0
0,1,37,0,503,9,13,7,4,1,2,45,45.3,1
10,1,33,0,1974,100,14,0,2,1,1,30,0.0,1
0,1,31,0,0,0,0,0,2,1,2,25,0.0,1
17,0,43,1,4683,80,19,42,1,1,1,15,366.465,0
18,0,24,5,3418,61,53,27,4,2,1,45,219.475,0
10,1,13,0,4025,26,24,2,2,1,2,30,40.461,1
0,0,32,0,450,4,0,2,2,1,2,25,20.43,0
31,1,38,0,3954,18,26,0,3,1,1,25,138.061,1
6,0,36,0,935,18,10,6,3,1,2,30,78.12,0
4,0,40,0,0,43,12,4,5,1,2,25,20.982,1
0,0,22,0,218,43,5,20,3,1,2,45,25.973,1
0,0,39,1,6275,82,189,28,3,1,1,30,1010.28,0
6,0,39,0,1963,44,35,30,3,1,2,30,220.28,1
0,0,36,0,2190,11,455,5,3,1,1,30,1908.04,0
2,0,42,0,498,13,18,9,2,1,2,25,103.995,0
6,0,37,2,1048,15,12,2,5,1,1,55,33.945,0
3,0,36,0,4065,65,0,15,2,1,1,25,185.85,0
10,0,4,3,4244,73,3,0,3,1,2,30,78.648,1
1,0,41,2,744,0,5,9,4,1,2,25,0.0,1
3,0,28,0,4205,100,62,24,2,1,2,30,205.569,1
28,1,36,0,1375,59,55,23,3,1,2,30,277.36,1
8,0,37,0,3147,19,3,5,3,1,1,25,55.611,1
34,0,37,0,3874,69,9,14,2,1,1,30,45.171,1
6,0,36,2,6625,84,182,23,3,1,1,30,996.36,0
14,0,37,0,2458,44,9,29,3,1,2,30,136.08,1
9,1,36,1,2213,24,17,0,2,1,1,25,105.613,1
9,1,13,0,3044,6,18,3,2,1,1,30,225.842,1
17,0,39,2,4485,93,40,28,3,1,1,30,343.12,0
2,0,38,1,2905,26,474,5,3,1,1,30,2013.24,0
1,0,6,1,1185,61,8,8,2,1,2,45,104.427,1
1,0,19,0,4176,27,3,6,3,1,1,30,0.0,1
0,0,13,0,3918,46,4,0,4,1,1,25,0.0,1
8,0,24,1,3893,35,2,23,3,2,2,45,0.0,1
34,1,6,2,3940,28,18,7,2,1,2,30,98.188,1
0,0,20,0,0,0,6,0,4,1,2,45,15.0,0
14,0,21,0,1429,40,16,10,2,1,2,25,16.65,1
6,1,38,1,2575,22,15,33,3,1,2,25,137.14,1
5,0,38,0,305,6,7,2,4,1,2,45,25.275,1
11,0,36,2,6843,73,104,34,2,1,1,25,779.22,0
4,0,39,1,6493,71,111,39,2,1,1,25,794.88,0
13,0,43,2,3775,88,40,29,3,1,1,30,314.52,0
1,0,32,2,6660,110,264,31,2,2,1,25,1492.65,0
0,0,30,0,3805,55,0,9,2,1,1,25,173.7,0
10,0,38,2,6123,62,3,0,2,1,1,30,36.585,1
7,0,35,2,7013,79,122,50,2,1,1,25,868.14,0
9,0,32,1,1828,49,45,74,5,1,1,55,95.655,0
8,0,19,0,1382,71,5,0,3,1,1,25,192.056,1
10,0,24,0,1110,26,0,9,2,1,1,25,51.12,0
4,0,36,0,1039,34,48,5,2,1,2,25,104.606,1
13,0,37,1,4323,64,7,32,1,1,1,15,279.785,0
15,0,41,3,11830,163,23,51,4,1,1,45,357.325,0
0,0,38,0,470,9,0,13,2,1,2,25,21.555,0
6,0,21,0,440,15,0,1,2,1,2,25,20.475,0
4,0,17,1,1194,100,4,0,2,1,2,25,145.2,1
9,0,37,0,8515,111,123,28,3,1,1,30,837.04,0
7,0,38,0,1993,51,6,17,3,1,1,30,105.76,0
8,0,34,2,3016,57,10,8,2,1,2,30,340.788,1
0,1,43,0,3058,77,2,4,2,1,1,30,0.0,1
9,0,33,0,857,49,37,32,3,1,1,25,97.764,1
13,0,14,0,9337,176,74,38,4,1,1,45,422.825,0
17,1,32,0,1086,17,39,25,3,1,2,30,95.108,1
9,0,29,0,5939,52,22,15,2,1,1,25,70.156,1
0,0,36,1,0,0,0,0,5,1,1,55,0.0,0
0,0,32,1,6595,97,39,24,5,1,1,55,158.88,0
0,0,22,0,830,22,175,4,2,2,1,25,825.84,0
21,0,33,0,765,46,7,14,2,1,2,25,67.995,1
9,0,28,0,1730,26,49,20,4,1,2,45,166.4,0
25,1,34,3,1787,61,11,35,3,1,2,45,25.229,1
4,1,37,1,1434,7,10,4,2,1,2,30,166.05,1
7,1,34,0,2660,26,0,2,2,1,2,25,294.967,1
0,1,6,0,606,100,0,23,3,1,1,30,237.187,1
9,0,16,0,8808,173,77,43,4,1,1,45,417.025,0
8,0,37,0,1970,50,45,22,3,1,2,30,260.8,0
0,0,25,0,710,4,0,1,4,1,2,45,17.85,0
10,1,40,0,2348,46,44,35,3,1,2,30,271.76,1
13,0,15,0,6277,136,87,43,1,2,1,15,831.215,0
0,0,27,0,420,5,3,5,4,1,2,45,18.125,0
5,0,37,1,6690,87,195,29,3,1,1,30,1051.08,0
3,0,9,0,895,27,65,3,3,1,2,45,52.256,1
6,0,38,0,5918,95,7,12,3,1,1,30,268.52,0
8,0,39,1,7813,133,391,45,3,1,1,30,1881.84,0
10,0,41,0,4550,79,16,22,3,1,1,30,249.16,0
32,1,44,0,6123,43,57,6,3,1,1,30,104.104,1
3,1,8,0,922,19,6,37,3,1,1,45,237.948,1
25,1,9,2,4010,20,9,5,3,1,1,30,36.862,1
19,0,30,2,15365,227,0,80,2,1,1,25,701.64,0
28,0,38,9,10930,100,17,47,5,1,1,55,190.95,0
7,0,37,0,6323,100,8,10,2,1,1,25,325.035,0
5,1,11,0,1451,61,9,4,3,1,2,55,181.109,1
6,0,9,3,4990,50,236,25,3,1,1,30,1145.6,0
2,0,34,0,2994,26,204,10,2,1,2,30,9.923,1
12,0,33,2,3790,77,30,31,4,1,1,45,171.675,0
0,0,37,0,875,14,0,11,2,1,2,25,40.005,0
2,0,40,0,3673,86,10,32,2,1,1,25,214.155,0
4,0,34,0,4913,82,0,7,2,1,1,25,224.775,1
1,0,37,0,3313,77,0,30,3,1,1,30,135.6,0
5,0,39,0,7213,123,370,30,3,1,1,30,1773.44,0
0,0,19,1,1324,13,0,8,2,1,2,30,247.721,1
10,0,47,0,883,21,29,12,3,1,2,30,152.16,0
16,0,18,2,6508,147,117,46,2,2,1,25,825.975,0
5,0,33,0,8750,112,132,39,3,1,1,30,882.48,0
3,0,33,1,6785,97,14,22,5,1,1,55,124.23,0
11,0,36,1,13998,173,7,42,3,1,1,30,594.84,0
0,0,35,3,16,100,77,0,3,1,2,45,127.661,1
1,0,34,0,1873,45,0,13,3,1,2,30,76.72,0
28,0,43,10,10740,105,16,45,5,2,1,55,186.675,0
8,0,28,0,575,27,14,10,2,1,2,25,90.09,0
13,1,15,0,4149,50,3,12,2,1,2,30,33.6,1
2,0,13,0,1967,30,7,3,4,1,1,25,34.28,1
3,1,38,3,700,35,51,17,2,1,2,30,131.351,1
7,1,39,0,1459,12,14,15,3,1,2,25,70.285,1
7,0,42,2,2053,33,17,12,4,1,1,45,94.65,0
12,0,42,1,2453,66,367,25,3,1,1,30,1568.76,0
6,0,33,0,4370,65,0,16,2,1,1,25,199.575,0
25,1,33,0,1145,48,25,20,2,1,2,25,166.185,1
7,0,15,0,6123,5,9,17,2,1,2,30,25.81,1
7,0,38,2,2993,68,23,48,2,1,1,25,241.245,0
30,1,35,0,1450,54,32,22,3,1,2,30,188.16,1
9,1,41,0,2446,49,0,15,4,1,2,25,0.0,1
1,0,37,1,1783,31,32,10,4,1,1,45,125.35,0
10,0,37,1,13898,167,7,41,3,1,1,30,590.6,0
14,0,43,0,975,100,31,0,2,1,1,25,65.148,1
11,0,34,3,1620,48,208,14,3,2,1,30,898.72,0
6,0,35,0,3030,22,7,12,3,1,1,30,150.08,0
16,0,34,7,10130,87,0,40,4,1,1,45,255.425,0
9,0,40,0,1205,21,29,13,3,1,2,30,165.04,0
7,0,23,0,1873,39,29,69,4,1,1,45,120.3,0
0,0,6,0,3375,23,183,8,3,1,1,30,867.92,0
0,0,31,0,7123,119,367,37,2,1,1,25,1977.39,0
0,0,42,0,4254,78,5,10,2,1,1,25,75.04,1
14,0,15,0,9122,172,82,43,4,1,1,45,437.35,0
2,0,31,0,1585,42,28,16,3,1,2,30,177.08,0
30,0,10,0,4624,100,26,17,4,1,2,30,423.575,1
6,0,36,1,3145,28,7,16,3,1,1,30,154.92,0
14,0,4,0,2106,96,5,8,4,1,2,25,0.0,1
8,0,32,0,2453,54,351,23,2,1,1,25,1692.315,0
28,0,33,4,16190,243,0,79,2,2,1,25,739.485,0
2,1,31,2,6123,39,0,20,2,1,1,25,115.981,1
3,1,45,0,6123,20,53,16,2,1,2,25,70.828,1
0,1,3,0,1990,61,4,15,2,1,2,30,0.0,1
6,1,34,0,2208,41,29,29,3,1,2,30,205.96,1
27,1,31,0,1180,51,13,15,3,1,2,30,101.24,1
14,1,8,0,3283,22,1,0,3,1,2,25,0.0,1
0,0,38,0,1793,48,0,18,1,1,1,15,101.255,0
0,0,38,0,465,11,11,8,2,1,1,25,70.92,0
10,0,38,2,7270,111,32,29,5,1,1,55,158.715,0
8,0,27,3,1915,46,214,26,2,2,1,25,1051.245,0
9,1,38,0,3285,11,3,0,2,1,1,25,7.327,1
8,0,36,0,713,19,7,0,3,1,1,45,0.0,1
0,0,33,0,13288,155,0,37,3,1,1,30,537.72,0
3,1,39,1,60,3,5,2,2,1,1,25,25.335,1
1,1,40,0,3366,65,33,0,3,1,2,30,132.495,1
18,0,36,2,14645,218,38,27,3,1,1,30,746.52,0
11,0,28,0,1880,23,68,5,4,1,2,45,320.99,1
6,0,35,0,2698,58,1,34,1,1,1,15,157.08,0
13,1,33,0,3215,45,7,14,3,1,2,30,158.4,1
24,1,21,0,1188,19,3,9,3,1,1,30,43.851,1
1,0,7,2,4685,44,229,23,3,1,1,30,1105.16,0
1,1,40,0,708,9,19,8,4,1,2,45,65.425,1
5,0,12,0,4042,62,9,1,4,2,2,25,9.215,1
0,0,37,0,2535,22,1,13,3,1,1,30,106.28,0
28,0,28,3,16380,238,0,81,2,1,1,25,747.81,0
5,0,36,0,1668,34,13,16,3,1,2,30,120.08,1
1,0,41,0,1154,17,7,0,4,1,1,45,38.126,1
0,0,34,0,4005,62,0,13,2,1,1,25,183.015,0
10,0,35,0,14078,169,0,45,3,1,1,30,569.88,0
19,0,42,0,2549,14,49,3,3,1,2,25,0.0,1
0,0,36,0,0,0,0,0,2,1,2,25,0.0,0
3,0,23,0,1130,10,20,4,4,1,2,45,78.5,0
1,0,38,0,2148,55,0,33,1,1,1,15,121.165,0
0,0,13,0,3856,24,0,0,4,1,1,30,52.057,1
7,1,33,0,2238,48,0,16,3,1,2,30,91.44,0
7,0,44,0,970,24,28,14,3,1,2,30,151.76,0
17,0,42,2,2603,63,20,21,4,1,1,45,116.65,0
15,0,41,2,4618,78,40,41,1,1,1,15,478.28,0
0,0,21,0,2860,52,0,19,3,1,1,30,116.48,0
8,0,39,4,6965,122,279,34,3,2,1,30,1399.48,0
0,1,10,0,0,44,77,13,3,1,2,30,43.229,1
11,0,11,4,5295,56,243,27,3,2,1,30,1186.04,0
2,0,33,0,6420,84,176,22,3,1,1,30,964.16,0
6,0,19,0,6123,20,0,40,2,1,1,30,239.572,1
10,0,39,1,5513,98,27,23,2,1,1,25,373.995,1
0,0,3,0,2043,64,27,31,3,1,1,45,210.042,1
11,1,43,0,2238,60,16,18,3,1,2,30,155.92,0
0,1,13,2,3876,16,8,6,2,1,1,25,276.645,1
1,0,29,0,1263,39,31,67,4,1,1,45,110.05,0
0,0,38,0,520,13,4,5,3,1,2,30,37.32,0
0,1,35,0,6123,58,7,4,3,1,1,30,0.174,1
2,1,34,0,832,100,8,22,2,1,1,25,231.878,1
5,1,41,0,1238,100,23,1,2,1,1,30,329.256,1
11,0,33,2,1873,51,45,71,5,1,1,55,96.36,0
13,1,35,0,5703,92,0,20,2,1,1,25,260.775,1
13,0,40,1,4675,77,12,19,3,1,1,30,238.08,0
11,0,41,2,84,78,3,5,3,1,2,25,164.29,1
10,0,43,1,2878,72,20,40,2,1,1,25,222.75,0
4,0,23,1,1695,32,36,15,3,1,1,30,213.08,0
14,1,39,0,2688,56,73,37,4,1,2,45,251.1,1
2,0,31,0,825,16,29,4,4,1,2,45,93.525,0
6,0,18,2,1249,94,14,17,2,1,1,30,86.647,1
14,0,38,0,3410,53,48,22,3,1,2,30,330.52,1
16,0,40,0,2733,61,24,22,3,1,2,30,207.76,0
15,0,39,1,2758,66,366,26,3,1,1,30,1576.96,0
0,1,41,2,2229,0,10,20,3,1,2,30,24.024,1
0,1,39,0,2338,5,35,1,3,1,1,25,22.027,1
10,0,34,0,5703,93,28,25,2,1,1,25,386.82,1
0,0,40,1,2870,23,486,10,3,1,1,30,2059.72,0
0,0,37,0,685,13,0,8,2,1,2,25,31.41,0
0,0,45,0,2796,22,2,0,3,1,2,45,34.627,1
14,0,9,1,3089,72,13,19,3,1,1,30,182.887,1
7,0,41,0,1130,26,52,14,3,1,2,30,254.24,0
10,0,40,0,2150,58,56,27,3,1,2,30,312.32,0
33,0,42,5,15505,234,66,36,3,2,1,30,893.56,0
8,1,29,0,2585,61,4,4,2,1,2,25,200.152,1
29,0,3,0,28,55,13,27,2,1,1,25,149.328,1
11,0,40,2,3590,34,499,13,3,1,1,30,2140.96,0
1,1,38,0,0,40,8,17,2,1,1,30,130.652,1
0,0,36,0,1390,72,16,29,2,1,1,30,105.384,1
7,0,10,0,1223,100,0,14,3,1,1,25,51.565,1
34,1,13,0,2065,28,12,20,3,1,1,30,0.0,1
6,0,38,0,4125,68,3,17,2,1,1,25,202.185,0
9,0,22,0,700,19,2,6,2,1,2,25,41.355,0
16,1,3,0,575,31,3,5,2,1,1,25,206.922,1
3,1,18,1,4242,13,5,30,4,1,1,25,255.882,1
0,0,6,2,2911,68,0,0,4,1,1,30,139.027,1
0,0,34,0,3413,76,0,26,2,1,1,25,157.005,0
1,0,29,0,3191,62,0,4,3,1,2,30,186.02,1
8,1,14,4,983,23,0,48,3,1,1,30,136.172,1
0,1,45,0,6123,6,76,5,4,1,2,30,19.154,1
3,0,39,0,5793,97,11,15,2,1,1,25,314.55,0
14,0,23,1,1450,36,16,11,2,1,1,25,138.87,0
1,1,4,0,2257,78,33,24,3,1,2,30,287.991,1
7,0,12,0,8513,159,34,34,4,1,1,45,301.8,0
12,0,16,0,6123,12,0,12,4,1,2,25,0.0,1
0,1,3,0,4026,16,12,44,3,1,1,30,221.512,1
7,0,33,1,11510,150,7,43,4,1,1,45,309.0,0
0,0,32,0,3737,57,0,0,3,1,1,30,31.061,1
2,0,22,0,1650,30,36,18,2,1,1,25,237.6,0
6,1,40,0,1207,29,11,1,3,1,2,30,0.0,1
3,0,35,0,1958,53,343,19,2,1,1,25,1633.995,0
0,0,35,0,0,0,0,0,4,1,1,45,0.0,0
4,0,33,0,1250,32,0,4,3,1,2,30,0.0,1
21,0,40,3,6183,107,38,28,3,1,1,30,403.6,0
28,1,45,0,6123,18,3,20,2,1,2,25,170.064,1
0,1,41,0,3109,65,34,25,2,1,1,25,439.307,1
7,1,36,0,2614,66,5,8,3,1,2,25,63.557,1
1,0,10,1,3985,35,197,12,3,1,1,30,948.8,0
0,1,34,0,0,0,0,0,3,1,2,30,0.0,1
0,0,31,0,2790,15,468,5,3,1,1,30,1984.2,0
3,0,37,0,7508,127,384,43,2,1,1,25,2071.575,0
11,0,40,0,6123,100,21,39,2,1,2,25,0.0,1
2,0,39,0,1988,53,0,35,2,1,1,25,91.845,0
9,0,27,0,455,22,8,7,2,1,1,25,57.465,0
9,0,36,1,4493,70,15,48,1,1,1,15,333.465,0
4,0,42,1,3050,31,491,12,3,1,1,30,2087.24,0
0,0,36,0,2600,20,467,3,3,1,1,30,1972.8,0
7,0,38,0,2048,53,0,14,3,1,2,30,84.04,0
0,0,34,0,0,0,0,0,2,1,2,25,0.0,0
0,0,13,0,1210,12,10,7,2,1,1,25,99.99,0
8,1,15,1,2587,21,7,31,4,1,2,30,15.136,1
0,0,35,0,0,0,0,0,4,1,2,45,0.0,1
17,1,34,0,4076,7,12,14,2,1,1,25,5.725,1
9,1,36,4,7025,119,276,35,3,2,1,30,1389.76,0
2,0,37,2,1046,100,32,25,3,1,1,30,201.186,1
19,0,40,3,5103,82,29,52,1,1,1,15,444.675,0
22,0,32,4,2430,56,24,0,2,1,1,30,17.411,1
0,1,11,0,480,71,0,21,2,1,1,30,19.193,1
5,0,38,0,6593,77,112,40,2,1,1,25,804.15,0
5,0,36,0,305,6,7,2,3,1,2,30,40.44,1
2,0,40,0,2081,67,27,0,3,1,1,45,98.018,1
6,0,27,0,1000,28,22,15,2,1,1,25,145.26,0
0,0,35,0,2715,24,4,17,3,1,1,30,125.56,0
13,0,44,1,4630,81,20,23,3,1,1,30,268.44,0
11,1,33,1,5638,90,15,19,2,1,1,25,325.26,1
7,0,10,1,4580,40,190,8,3,1,1,30,944.8,0
29,1,38,0,4138,61,0,1,2,1,1,25,0.0,1
30,0,41,5,15560,237,93,38,3,1,1,30,1003.88,0
11,0,36,1,5628,97,17,21,2,1,1,25,334.125,1
16,1,31,0,3892,91,32,30,3,1,2,25,316.037,1
6,0,45,1,3083,13,3,3,2,1,2,55,167.678,1
17,0,21,1,9193,181,88,46,5,1,1,55,272.61,0
0,0,45,0,1879,5,13,12,2,1,2,30,22.171,1
5,0,25,0,305,6,17,2,4,1,2,45,50.275,0
0,1,31,2,2609,48,0,42,3,1,1,25,42.303,1
19,0,9,0,516,77,10,8,3,1,1,25,228.292,1
7,0,40,0,2148,60,360,23,3,1,1,30,1528.32,0
24,0,33,8,10740,93,0,43,4,1,1,45,270.825,0
0,0,37,0,2385,16,458,8,3,1,1,30,1928.04,0
0,0,31,0,3233,68,0,21,2,1,1,25,148.545,0
20,1,34,0,830,49,20,20,2,1,2,25,129.555,1
5,0,32,0,1125,71,28,15,4,1,1,25,204.658,1
20,0,15,1,6618,145,82,40,2,2,1,25,673.335,0
2,0,29,0,1963,32,19,28,3,1,2,30,155.8,1
0,0,29,0,5935,70,164,18,3,1,1,30,896.2,0
28,1,45,0,5035,63,22,14,2,1,1,30,31.777,1
5,0,35,1,4335,75,0,20,3,1,1,30,176.4,0
6,0,40,0,15180,182,151,29,2,1,1,25,1370.79,0
0,0,29,0,14920,166,128,22,2,1,1,25,1254.87,0
5,0,11,2,4505,45,213,9,3,1,1,30,1034.0,0
8,0,33,0,1679,100,9,7,2,1,1,25,178.293,1
8,0,36,1,3320,31,480,6,3,1,1,30,2054.04,0
11,0,40,0,2990,47,17,17,3,1,2,30,189.48,1
5,0,37,0,0,14,1,19,5,1,2,45,200.322,1
16,0,20,0,2317,45,15,19,3,1,2,25,274.649,1
3,0,11,0,4856,50,0,20,3,1,2,25,3.303,1
0,0,33,0,2703,65,0,26,2,1,1,25,124.56,0
5,0,35,1,3843,80,7,25,3,1,1,30,184.92,0
8,0,17,4,2968,51,63,23,3,2,1,30,372.76,0
7,0,20,1,2000,32,35,16,3,1,1,30,221.28,0
3,1,44,1,2113,23,28,0,3,1,2,25,0.0,1
11,1,41,0,3822,57,9,16,4,1,1,25,0.0,1
23,1,33,0,955,47,16,17,2,1,2,25,117.09,1
17,0,36,3,6418,108,47,39,2,1,1,25,505.17,0
3,0,33,1,643,4,3,3,5,1,1,55,14.205,0
5,0,10,0,8448,157,55,33,4,1,1,45,352.625,0
9,1,15,0,2271,59,25,9,2,1,2,25,189.353,1
5,0,20,1,1810,31,26,13,3,1,1,30,177.64,0
25,0,34,3,15185,221,46,28,3,1,1,30,800.24,0
0,0,18,0,0,0,0,0,4,1,2,45,0.0,0
6,0,34,3,6965,116,271,33,2,2,1,25,1538.145,0
8,0,38,0,7698,127,359,41,2,1,1,25,1967.625,0
11,0,37,3,7150,106,26,26,5,1,1,55,147.84,0
13,1,39,0,1119,0,48,13,2,1,2,30,65.002,1
27,0,38,0,6123,54,37,22,3,1,2,30,56.75,1
6,1,36,0,2865,43,13,19,2,1,2,25,189.36,1
14,0,30,0,4280,31,13,6,2,1,2,45,234.686,1
6,0,37,0,5803,89,0,8,2,1,1,25,265.14,0
10,0,38,1,8990,123,148,46,3,1,1,30,956.52,0
6,0,35,0,15425,179,145,28,2,1,1,25,1354.68,0
7,1,16,0,2985,11,72,0,2,1,2,25,0.0,1
0,0,37,0,0,0,0,0,2,1,2,25,0.0,1
5,0,40,1,6680,94,197,31,3,1,1,30,1058.96,0
25,0,37,2,15025,219,22,28,3,1,1,30,697.76,0
5,0,42,2,598,14,19,8,5,1,1,55,37.68,0
26,0,38,9,10740,99,8,44,5,1,1,55,174.585,0
6,0,30,0,8810,109,129,40,3,1,1,30,872.76,0
6,0,32,0,3515,72,17,22,2,1,1,25,237.915,0
4,0,9,0,3310,7,0,11,3,1,2,25,0.0,1
1,0,30,0,1665,38,30,19,3,1,2,30,188.12,0
3,1,18,0,2874,0,3,5,2,1,1,30,111.709,1
14,0,40,2,8523,144,399,45,3,1,1,30,1942.68,0
11,0,43,1,3148,100,3,36,2,1,1,25,16.128,1
24,0,39,3,14735,220,36,34,3,1,1,30,742.2,0
13,0,38,2,12175,165,19,47,4,1,1,45,356.0,0
14,1,20,0,2620,7,84,10,3,1,2,25,0.0,1
8,0,38,0,15080,177,132,32,2,1,1,25,1280.565,0
31,1,12,0,3449,75,12,0,2,1,2,55,81.198,1
0,0,15,0,4615,58,32,4,3,1,1,45,0.0,1
11,1,39,1,1172,24,53,0,2,1,2,45,159.357,1
0,1,19,0,4087,21,13,23,2,1,2,25,10.057,1
1,0,34,0,2840,22,0,14,3,1,1,30,114.48,0
13,1,29,0,713,30,42,22,4,1,2,30,0.0,1
18,0,39,1,4457,96,3,14,3,1,1,25,44.995,1
3,0,33,1,1070,54,47,5,2,1,1,25,124.966,1
0,1,38,1,3980,44,0,30,4,1,2,30,161.082,1
0,0,41,0,1195,2,16,48,2,1,2,45,289.011,1
8,0,10,2,5100,51,223,10,3,1,1,30,1098.04,0
8,1,9,0,4136,18,1,11,2,1,2,30,150.948,1
10,1,17,0,3622,9,11,21,2,1,2,25,104.073,1
12,0,35,0,2543,54,7,18,3,1,2,30,131.88,0
11,0,38,0,4527,5,0,39,2,1,2,45,96.801,1
10,0,21,1,1270,28,11,9,2,1,1,25,107.91,0
2,0,17,0,1580,20,0,10,2,1,1,25,72.0,0
23,0,36,8,10680,96,7,42,5,1,1,55,172.14,0
7,0,33,0,1130,22,36,6,4,1,2,45,118.8,0
1,1,5,0,1039,15,2,2,3,1,1,45,178.163,1
12,0,40,2,4820,89,9,27,3,1,1,30,232.36,0
0,0,36,1,338,4,4,2,5,1,1,55,11.13,0
6,0,26,0,1758,40,39,71,4,1,1,45,142.45,0
13,0,27,0,890,26,19,10,2,1,2,25,126.72,0
0,0,16,1,2122,32,21,5,2,1,2,25,0.0,1
7,0,40,1,6123,55,29,0,2,1,2,25,0.0,1
14,0,45,3,4820,95,17,28,4,1,1,45,165.375,0
0,1,16,1,2227,55,8,13,2,1,2,30,26.54,1
7,1,9,2,443,96,67,23,2,1,1,55,0.0,1
1,1,44,0,4302,100,10,7,3,1,1,30,177.742,1
0,0,23,0,0,0,0,0,4,1,2,45,0.0,0
32,1,36,4,16560,252,18,87,2,2,1,25,837.54,0
13,0,39,1,14483,180,8,44,3,1,1,30,618.52,0
3,0,28,0,5253,82,4,16,2,1,1,25,258.075,1
18,0,20,0,2498,0,24,8,3,1,2,25,123.883,1
10,0,36,2,3380,63,196,38,2,1,1,25,1036.935,0
4,0,37,0,600,10,21,15,2,1,2,25,121.95,1
8,0,42,1,13853,171,10,48,3,1,1,30,600.96,0
0,1,5,0,861,14,2,6,3,1,2,25,26.679,1
22,0,34,0,550,42,0,19,3,1,2,30,23.68,1
15,0,44,3,7023,87,123,40,3,1,1,30,776.4,0
1,0,36,2,1048,16,12,26,2,1,2,25,52.888,1
18,0,38,2,6123,104,33,26,2,1,1,25,428.715,0
11,1,13,3,1853,28,12,11,3,1,1,30,123.24,1
0,0,31,0,6115,78,169,20,3,1,1,30,923.72,0
7,0,43,1,1928,74,7,0,3,1,1,30,0.0,1
0,0,39,1,3427,0,0,25,3,1,1,25,17.64,1
14,1,12,3,2502,36,15,9,3,1,1,30,161.52,1
0,1,40,0,3567,56,8,16,3,1,2,30,34.775,1
7,0,32,2,4669,100,12,25,3,1,1,25,160.806,1
9,0,31,3,7270,116,270,34,2,2,1,25,1547.37,0
0,0,34,0,0,0,0,0,2,1,2,25,0.0,1
5,0,39,3,758,16,43,8,5,1,1,55,76.11,0
3,0,37,1,6500,86,186,26,3,1,1,30,1007.44,0
3,0,13,1,2433,33,0,13,3,1,1,30,98.64,0
0,1,38,0,3441,29,0,0,3,1,2,25,17.173,1
22,0,41,3,14835,225,55,31,3,1,1,30,822.4,0
0,0,35,1,148,4,29,4,5,1,1,55,45.78,0
28,0,41,0,4480,20,78,1,3,2,2,30,0.0,1
3,0,34,2,6900,103,46,26,5,1,1,55,174.045,0
6,0,38,1,2605,42,287,18,3,1,1,30,1253.88,0
4,0,36,3,938,14,25,17,5,1,1,55,51.78,0
8,0,33,0,5398,86,0,18,2,1,1,25,246.78,1
5,0,31,0,2193,50,344,18,2,1,1,25,1648.935,0
5,1,45,0,1011,25,5,0,2,1,1,30,59.112,1
0,1,18,0,53,54,39,48,2,1,1,25,0.0,1
11,1,45,0,1453,98,24,3,3,1,2,45,82.314,1
6,0,25,0,625,22,0,2,2,1,1,25,29.115,0
18,0,40,2,4270,89,48,33,3,1,1,30,366.36,0
1,0,36,0,3035,24,478,6,3,1,1,30,2034.36,0
5,0,38,0,13528,166,0,44,3,1,1,30,547.76,0
0,0,30,0,3950,67,0,17,3,1,1,30,160.68,0
0,1,41,0,2082,25,0,0,3,1,2,25,0.0,1
1,0,17,0,1179,19,33,1,3,1,2,30,210.51,1
8,1,33,0,3040,28,17,0,2,1,1,25,0.0,1
6,0,37,1,6473,72,106,37,2,1,1,25,771.525,0
8,0,36,0,3715,79,27,26,3,1,1,30,259.76,0
15,0,41,3,4110,44,498,10,4,1,1,45,1348.85,0
4,1,39,0,1009,2,12,8,2,1,1,25,16.598,1
1,0,37,0,1197,66,10,0,2,1,2,30,0.0,1
17,0,40,2,2633,53,46,35,4,1,1,45,182.15,1
8,0,41,2,365,9,12,4,3,1,1,30,62.96,1
6,0,39,0,13368,164,0,46,3,1,1,30,541.28,0
0,0,40,0,765,20,15,11,2,1,2,25,158.871,1
0,0,41,0,593,42,13,26,2,1,2,25,0.0,1
0,1,34,0,2388,7,1,15,2,1,1,30,169.567,1
17,0,36,2,544,33,13,9,4,1,2,30,68.882,1
6,0,34,0,7813,127,383,44,2,1,1,25,2080.8,0
25,0,39,4,15255,231,86,36,3,1,1,30,963.44,0
0,0,37,0,5900,76,165,11,3,1,1,30,899.04,0
6,0,45,1,2435,22,7,9,4,1,2,30,57.042,1
10,1,35,0,1439,99,34,8,2,1,1,25,66.817,1
1,0,24,0,1508,36,25,66,4,1,1,45,101.1,0
11,0,35,0,1414,7,0,14,3,1,1,45,12.237,1
13,0,40,4,4000,43,511,25,4,1,1,45,1378.575,0
8,0,36,1,11870,159,12,45,3,1,1,30,529.16,0
4,1,39,0,1490,7,11,11,2,1,1,30,29.169,1
16,0,28,0,470,33,0,10,2,1,2,25,22.635,1
15,1,37,0,2978,55,42,31,3,1,2,30,289.32,1
8,1,17,0,4863,19,9,0,3,1,1,45,0.0,1
6,0,25,0,395,19,3,5,2,1,2,25,32.13,0
6,0,16,0,6123,49,204,1,3,1,1,30,212.391,1
12,0,40,5,7350,124,288,39,3,2,1,30,1450.96,0
2,1,23,0,3051,100,7,17,2,1,2,30,0.0,1
4,0,37,2,3090,100,13,19,4,1,2,30,230.41,1
35,0,46,5,15705,241,76,40,3,1,1,30,941.84,0
16,0,40,2,4080,88,39,30,3,1,1,30,322.72,0
20,0,40,4,4680,98,60,45,3,1,1,30,431.12,0
0,0,36,0,6798,116,359,43,2,1,1,25,1926.63,0
2,1,33,0,1960,48,52,33,3,1,2,30,288.32,1
5,0,38,0,2583,59,11,36,1,1,1,15,205.81,0
9,0,36,0,15370,176,118,26,2,1,1,25,1230.57,0
17,0,27,0,570,39,0,11,2,1,2,25,27.405,1
10,0,9,1,6123,23,0,32,3,1,2,30,282.811,1
0,0,32,0,0,0,0,0,5,1,1,55,0.0,0
1,0,36,0,3641,1,78,19,3,1,2,45,250.029,1
0,0,6,0,348,14,41,0,4,1,1,45,304.203,1
4,0,34,0,2862,48,9,0,2,1,1,30,0.0,1
14,0,38,0,2573,50,41,33,4,1,2,45,168.075,1
17,0,37,5,7980,133,286,35,3,2,1,30,1468.52,0
11,0,29,2,1810,43,209,16,3,2,1,30,910.12,0
0,0,32,0,2415,44,163,19,2,1,1,25,844.155,0
12,0,37,1,4180,87,33,26,3,1,1,30,302.68,0
0,0,42,0,1549,27,15,1,2,1,2,30,3.355,1
8,0,37,1,6718,75,108,37,2,1,1,25,791.685,0
0,0,35,0,2435,17,0,16,3,1,1,30,98.08,0
0,1,30,0,0,0,0,0,5,1,1,55,0.0,1
4,0,22,0,3791,5,0,4,4,1,1,25,0.0,1
0,0,23,0,0,0,0,0,2,1,1,25,0.0,0
4,0,38,0,900,15,22,11,3,1,2,30,124.6,0
0,0,30,0,0,0,0,0,3,1,2,30,0.0,1
0,0,39,0,0,0,1,0,3,1,2,30,4.0,1
0,0,24,0,520,4,14,1,4,1,2,45,48.1,0
19,0,17,0,1388,59,10,4,2,1,2,30,0.0,1
10,0,45,2,2698,70,17,36,2,1,1,25,201.06,0
16,0,30,0,1120,37,49,13,3,1,2,30,242.28,0
7,0,38,1,4515,83,2,25,3,1,1,30,191.92,0
0,0,38,2,910,59,39,40,4,1,2,45,133.111,1
4,0,19,0,3463,23,17,5,3,1,2,30,0.0,1
7,0,39,2,4630,89,34,29,3,1,1,30,324.76,0
4,0,41,2,6580,88,196,30,3,1,1,30,1050.72,0
7,1,41,1,2013,6,4,11,3,1,2,30,463.5,1
2,1,39,0,313,10,11,7,3,1,2,30,56.92,1
0,0,31,0,6480,91,7,20,4,1,1,45,181.775,0
0,0,42,0,13,5,8,3,3,1,2,30,32.72,0
0,0,27,0,2535,10,0,11,3,1,1,30,101.8,0
6,0,37,0,1780,49,36,19,3,1,2,30,217.16,0
3,0,35,0,6413,69,101,35,2,1,1,25,746.19,0
21,0,41,4,9480,130,156,47,3,1,1,30,1008.4,0
10,0,45,0,1440,30,22,19,3,1,2,30,146.8,0
3,1,39,0,312,32,61,12,5,1,1,30,75.472,1
0,0,36,0,0,0,0,0,5,1,1,55,0.0,0
7,0,17,3,2447,40,13,21,3,1,1,30,151.48,0
0,0,34,0,5553,86,0,8,2,1,1,25,253.755,0
3,1,15,0,383,51,55,15,3,1,2,45,181.996,1
8,0,34,0,5513,92,19,22,2,1,1,25,337.725,1
0,0,33,0,1170,37,22,15,3,1,2,30,136.28,0
34,0,34,0,1295,74,35,0,2,1,2,30,76.667,1
9,0,39,0,6123,10,3,5,2,1,2,30,48.692,1
10,0,40,2,4630,88,0,24,3,1,1,30,188.72,0
0,0,12,0,1310,18,11,8,2,1,1,25,109.26,0
4,0,37,0,2245,33,253,14,3,1,1,30,1103.12,0
21,1,41,0,4605,25,0,40,2,1,1,30,200.706,1
18,0,37,7,10310,95,5,45,4,2,1,45,272.625,0
12,0,39,4,7405,102,214,43,3,1,1,30,1156.28,0
2,1,45,0,1532,12,3,0,3,1,1,30,79.684,1
0,0,44,0,2676,23,68,18,2,1,2,45,165.603,1
5,0,42,0,393,12,15,8,3,1,2,30,76.2,1
14,0,20,1,8932,177,81,41,5,1,1,55,258.135,0
0,1,36,0,628,7,9,4,4,1,2,45,38.375,1
12,0,39,3,8413,143,412,60,3,1,1,30,1990.24,0
0,0,33,0,0,0,0,0,2,1,2,25,0.0,1
0,1,11,1,1263,15,3,9,3,1,1,30,63.12,1
12,0,22,0,301,17,44,0,2,1,2,30,0.0,1
0,0,44,1,3338,36,1,21,3,1,1,30,79.432,1
3,1,18,0,573,28,5,31,3,1,1,30,256.001,1
9,0,41,1,4203,96,20,35,3,1,1,30,251.96,0
21,0,38,1,14540,215,33,17,3,1,1,30,722.2,0
2,1,8,3,6123,68,6,0,3,1,2,30,84.336,1
0,0,34,0,0,0,0,0,3,1,2,30,0.0,1
5,0,38,1,4270,80,0,25,3,1,1,30,174.0,0
23,0,38,3,14950,224,45,29,3,1,1,30,786.96,0
0,0,35,0,7448,124,379,41,2,1,1,25,2046.24,0
3,1,45,0,4308,27,68,0,2,1,1,25,0.0,1
12,0,40,0,3480,78,18,15,3,1,1,30,214.32,0
0,0,34,0,428,6,14,15,3,1,2,30,73.36,1
3,1,32,0,3935,90,77,0,3,1,1,25,90.602,1
0,0,20,0,2642,19,4,6,2,1,1,25,126.444,1
9,0,38,1,14018,172,7,44,3,1,1,30,595.6,0
0,0,26,1,6400,100,249,25,2,2,1,25,1413.0,0
12,0,35,4,7690,113,42,39,5,1,1,55,180.045,0
0,1,40,0,583,11,17,8,4,1,2,45,57.35,1
2,0,32,0,13513,159,0,38,3,1,1,30,546.88,0
21,1,42,3,938,6,64,5,4,2,1,30,329.628,1
10,1,33,0,5704,15,28,0,2,1,2,45,167.954,1
9,0,12,0,5908,127,67,35,1,2,1,15,700.425,0
35,0,39,5,16640,254,22,88,2,2,1,25,859.23,0
11,0,42,1,4009,7,12,4,3,1,1,30,202.012,1
0,0,33,0,795,12,0,7,2,1,2,25,36.315,0
6,1,16,0,1344,29,56,0,3,1,1,25,0.0,1
0,1,11,0,619,73,24,1,3,1,2,25,173.276,1
1,1,9,0,3658,16,0,2,3,1,2,30,47.903,1
9,0,37,0,2751,39,39,11,2,1,1,30,85.679,1
5,1,16,0,1060,12,29,14,2,1,1,25,108.125,1
10,0,44,0,4317,26,46,11,3,1,2,25,112.971,1
4,1,42,3,4465,84,4,8,4,1,1,30,0.0,1
21,0,35,0,1265,41,32,15,3,1,2,30,180.24,0
3,1,14,0,2913,100,11,6,3,1,1,25,179.878,1
0,0,39,0,3413,82,3,27,3,1,1,30,151.8,0
6,0,45,0,6123,72,6,7,3,1,2,30,983.514,1
6,1,37,0,2143,46,38,34,3,1,2,30,239.56,1
5,0,32,0,4244,29,0,0,4,1,1,30,267.466,1
11,0,5,0,6123,82,42,0,2,1,2,55,57.642,1
2,0,33,0,2806,6,65,10,2,1,2,25,0.0,1
0,1,34,0,1363,28,6,14,3,1,2,30,79.64,1
26,1,37,3,15545,230,55,30,3,1,1,30,851.0,0
0,0,31,0,338,5,0,1,4,1,1,45,8.575,0
7,0,40,1,2420,42,290,20,3,1,1,30,1258.48,0
2,0,26,0,1378,38,21,65,4,1,1,45,87.9,0
10,0,45,0,565,16,22,8,3,1,2,30,111.24,1
0,1,34,0,941,25,6,11,3,1,2,30,213.799,1
4,0,31,0,15225,172,135,24,2,1,1,25,1300.365,0
0,0,35,0,380,7,0,6,2,1,2,25,17.415,0
9,0,40,0,2223,48,42,35,3,1,2,30,258.84,1
5,0,36,0,305,6,7,2,2,1,2,25,45.495,1
16,0,17,0,698,22,8,0,3,2,1,45,35.533,1
1,0,38,0,723,10,8,2,2,1,2,25,68.985,0
0,0,19,0,2965,51,0,17,3,1,1,30,120.64,0
0,0,38,0,0,0,3,0,3,1,2,30,12.0,1
15,0,36,1,6063,101,28,24,2,1,1,25,403.38,0
27,0,42,10,10820,101,18,48,5,1,1,55,190.815,0
1,0,33,0,6123,60,0,10,2,1,2,25,84.389,1
3,0,14,2,2548,39,24,17,3,1,1,30,199.48,0
13,0,43,1,6403,109,25,19,3,1,1,30,360.48,0
7,1,35,0,2800,40,0,13,3,1,2,30,113.6,1
5,0,11,1,4095,36,201,25,3,1,1,30,969.24,0
12,0,38,2,4970,81,26,32,3,1,1,30,306.04,0
0,0,42,0,1994,31,1,16,2,1,1,45,345.05,1
12,0,40,1,14078,175,7,46,3,1,1,30,598.12,0
6,1,17,0,782,70,47,15,2,1,1,25,207.469,1
34,0,29,0,2926,64,3,24,3,1,2,30,67.843,1
6,0,35,0,2665,47,143,19,2,1,1,25,765.54,0
16,0,40,2,1172,28,65,28,4,1,2,55,99.732,1
0,1,15,0,1904,11,3,6,3,1,2,25,0.0,1
8,1,45,0,2690,9,4,14,2,1,2,30,209.497,1
5,0,38,0,933,13,16,6,4,1,2,45,63.65,1
3,1,28,1,1108,24,10,1,3,1,2,25,0.0,1
5,0,34,1,305,6,7,2,5,1,1,55,15.165,0
0,0,45,0,1097,16,82,15,3,1,2,30,0.0,1
0,0,33,0,0,0,0,0,3,1,2,30,0.0,1
4,0,8,1,1892,24,1,5,3,1,1,30,80.64,1
12,1,44,0,3274,21,16,33,2,1,2,25,52.286,1
3,0,15,0,1941,16,9,0,3,1,2,30,185.038,1
8,0,43,0,1070,6,6,0,4,1,2,30,61.406,1
0,1,29,1,3794,12,16,9,3,1,2,30,121.834,1
20,0,28,1,15655,226,0,74,2,1,1,25,714.645,0
5,0,45,0,3899,23,7,5,3,1,1,30,0.0,1
9,0,8,1,2260,9,17,5,2,1,2,30,39.079,1
3,1,42,1,3346,30,9,0,2,1,2,45,254.422,1
11,0,38,2,14373,179,21,59,3,1,1,30,666.08,0
32,1,41,1,3841,28,6,11,3,1,2,25,100.964,1
3,0,45,0,3404,29,11,6,2,1,2,30,0.0,1
1,1,31,0,2625,32,0,12,2,1,2,25,119.565,1
14,1,40,0,3301,100,25,8,4,1,1,45,0.0,1
0,0,39,0,1363,25,1,5,4,1,1,45,37.2,0
10,0,39,2,3805,38,491,8,3,1,1,30,2117.72,0
10,0,39,1,8003,134,400,48,3,1,1,30,1925.48,0
4,0,41,1,3718,88,10,29,3,1,1,30,192.24,0
0,0,37,0,0,0,0,0,2,1,2,25,0.0,1
9,0,42,0,6123,54,8,0,2,1,1,30,13.05,1
0,1,40,0,3742,20,1,1,2,1,2,25,184.467,1
34,1,43,0,4571,100,0,0,3,1,1,25,222.392,1
15,1,39,0,1661,48,37,18,4,1,1,30,73.717,1
1,0,15,0,2197,100,13,19,3,1,1,45,161.922,1
0,0,32,0,0,0,0,0,2,1,2,25,0.0,1
1,0,35,1,743,9,5,1,5,1,1,55,18.78,0
4,1,32,0,2570,29,0,10,2,1,2,25,116.955,1
12,0,42,2,3855,84,42,32,3,1,1,30,325.56,0
10,0,33,1,2498,56,351,20,3,1,1,30,1506.16,0
0,0,34,0,5485,69,154,24,3,1,1,30,838.16,0
0,0,35,0,0,0,0,0,2,1,2,25,0.0,1
0,0,35,0,1478,25,25,8,4,1,1,45,100.075,0
24,0,32,0,1360,52,17,15,2,1,2,25,140.04,1
20,0,34,9,10730,97,15,55,4,1,1,45,308.175,0
0,1,37,1,2761,12,3,16,3,1,2,30,187.016,1
6,0,35,2,6845,100,19,24,5,1,1,55,132.675,0
3,1,18,0,114,18,2,13,2,1,1,25,46.752,1
2,1,43,0,5727,66,33,27,2,1,1,30,75.964,1
0,0,38,3,2482,67,0,0,3,1,2,25,383.791,1
10,0,33,3,1700,44,210,17,3,2,1,30,909.76,0
15,0,12,0,9237,171,72,41,4,1,1,45,415.2,0
12,0,34,0,3643,55,36,19,3,1,1,30,156.172,1
9,0,37,0,2383,50,66,35,4,1,2,45,225.825,1
0,1,32,0,0,0,0,0,2,1,2,25,0.0,1
9,1,17,0,1688,12,8,5,3,1,2,30,194.406,1
1,1,12,1,2762,100,8,11,3,1,1,30,54.221,1
0,0,35,0,0,0,0,0,5,1,1,55,0.0,0
8,1,39,0,3294,92,3,9,5,1,1,25,153.766,1
0,0,19,0,1570,28,32,17,2,1,1,25,215.91,0
22,1,42,0,490,0,16,10,2,1,1,30,68.138,1
0,0,30,0,570,2,0,8,2,1,2,25,25.74,0
5,0,11,2,4450,43,220,12,3,1,1,30,1059.72,0
9,0,33,4,7090,114,267,30,3,2,1,30,1356.16,0
18,0,30,0,2619,22,24,12,2,1,2,30,272.698,1
5,0,34,1,1893,29,7,4,4,1,1,45,65.55,0
1,0,36,0,1668,25,0,6,3,1,1,30,67.72,0
12,1,42,2,2204,42,12,2,2,1,2,25,121.184,1
13,0,40,1,5773,102,34,28,2,1,1,25,417.375,0
0,0,35,0,6603,111,356,26,2,1,1,25,1904.13,0
0,0,13,0,910,82,34,15,3,1,1,30,0.0,1
0,0,3,0,536,18,4,28,2,1,2,25,188.536,1
0,0,30,0,1180,30,20,13,3,1,2,30,128.4,0
6,0,26,0,510,25,35,9,3,1,2,30,161.4,0
6,0,34,0,5323,91,10,19,2,1,1,25,288.63,1
3,1,42,1,3954,100,0,0,2,1,2,30,18.045,1
10,1,37,0,3313,45,68,0,2,1,1,25,231.061,1
9,0,41,0,15440,186,158,34,2,1,1,25,1414.17,0
11,0,42,0,1375,31,19,0,3,1,1,30,91.576,1
0,0,32,0,2535,16,0,12,3,1,1,30,102.04,0
2,0,9,0,1969,66,9,8,3,1,1,25,51.327,1
13,0,33,2,9160,117,136,39,3,1,1,30,915.08,0
3,0,33,1,2715,78,0,35,3,1,2,45,102.614,1
0,1,7,1,6123,6,31,0,2,1,1,25,82.924,1
5,0,40,0,4618,25,1,0,3,1,2,25,98.66,1
6,0,37,1,2895,59,207,27,2,1,1,25,1064.43,0
1,0,9,0,4326,24,8,31,3,1,2,45,64.226,1
3,0,33,0,3713,52,0,28,1,1,1,15,207.075,0
1,1,25,0,3807,55,0,18,2,1,1,25,235.412,1
10,0,39,1,3070,50,293,18,3,1,1,30,1296.8,0
0,0,25,0,1010,30,186,9,2,2,1,25,883.8,0
0,0,30,3,6123,69,0,3,2,1,2,30,161.828,1
5,0,17,0,5153,13,25,7,2,1,2,45,84.414,1
19,1,12,0,2414,62,3,6,2,1,2,30,0.0,1
27,0,36,4,16075,244,8,81,2,1,1,25,770.355,0
8,0,37,1,4428,93,10,28,3,1,1,30,220.84,0
0,0,8,1,4200,40,240,12,3,1,1,30,1129.6,0
4,0,25,0,1453,33,0,64,4,1,1,45,37.15,0
1,0,34,0,2475,47,168,21,2,1,1,25,869.49,0
2,1,21,0,821,30,13,7,3,1,1,45,19.912,1
0,0,17,0,1304,57,9,4,3,1,2,30,185.909,1
2,0,33,0,3245,27,1,12,3,1,1,30,134.88,0
12,1,14,1,4558,57,0,18,5,1,2,45,0.0,1
23,0,20,0,3011,0,0,9,3,1,1,30,0.0,1
3,1,29,0,2605,33,0,10,2,1,2,25,118.71,1
3,0,39,1,935,17,5,13,2,1,1,25,65.34,0
0,0,44,2,5054,69,12,0,2,1,1,30,154.656,1
0,0,3,0,1222,75,43,2,3,1,2,30,200.452,1
0,0,36,0,1423,22,0,6,3,1,1,30,57.8,0
1,0,39,0,2970,29,487,11,3,1,1,30,2067.96,0
0,0,17,0,985,15,3,14,2,1,1,25,58.5,0
19,0,41,0,6123,2,13,8,3,1,2,25,96.594,1
0,1,8,1,1298,19,25,9,3,1,1,30,152.68,1
19,0,31,2,1065,34,22,11,3,1,1,30,131.96,0
10,0,40,2,4083,91,14,32,3,1,1,30,222.96,0
5,0,43,0,260,10,15,6,2,1,2,25,79.65,1
0,0,16,3,1031,100,59,4,3,1,1,25,216.295,1
8,0,39,0,2251,48,59,1,2,1,2,30,0.0,1
9,0,15,1,1093,39,11,19,3,1,1,45,0.0,1
34,1,34,0,947,12,12,17,2,1,1,45,33.722,1
3,0,17,0,960,16,0,17,5,1,2,30,157.463,1
5,0,38,0,4586,59,0,17,3,1,2,25,234.684,1
8,1,44,1,2032,21,204,20,3,1,2,45,0.0,1
0,1,10,0,1363,21,4,10,2,1,1,25,80.28,1
0,0,29,0,0,0,0,0,4,1,1,45,0.0,0
0,1,42,0,179,66,69,22,3,1,1,25,131.541,1
5,0,8,0,8627,159,58,37,4,1,1,45,364.65,0
0,0,34,0,0,0,0,0,3,1,1,30,0.0,0
1,0,41,0,2055,39,286,17,3,1,1,30,1227.76,0
21,0,45,0,3778,100,6,34,3,1,2,30,62.448,1
17,0,45,3,12030,170,33,55,4,1,1,45,387.5,0
3,0,17,0,2100,31,29,12,2,1,1,25,226.395,0
4,0,13,0,3646,56,41,0,3,1,1,25,120.422,1
11,0,40,1,4430,74,10,19,3,1,1,30,220.16,0
0,0,14,0,4413,48,20,0,3,1,1,30,0.0,1
7,0,27,1,3530,67,15,25,3,1,1,30,203.88,0
3,1,18,0,2182,71,38,15,3,1,1,25,58.663,1
14,0,40,0,2543,60,15,19,3,1,2,30,164.12,0
14,0,45,2,14078,181,15,47,3,1,1,30,630.36,0
3,1,45,0,1066,95,22,14,3,2,2,45,42.004,1
5,0,36,0,4255,66,7,18,2,1,1,25,225.945,0
10,0,38,2,6518,105,28,27,3,1,1,30,376.92,0
4,1,23,0,3170,60,42,34,2,1,1,45,299.006,1
10,0,38,0,1973,40,20,18,3,1,2,30,160.52,1
4,0,30,0,1382,19,61,0,3,1,2,30,148.694,1
6,0,38,1,3340,30,485,8,3,1,1,30,2074.8,0
11,0,36,0,2858,65,360,22,2,1,1,25,1751.535,0
13,0,38,0,6123,0,36,24,2,1,2,30,35.315,1
12,0,37,1,2698,63,361,24,3,1,1,30,1554.44,0
5,1,5,0,1533,15,7,3,3,1,1,30,89.92,1
4,0,35,0,8210,105,116,26,3,1,1,30,796.6,0
11,0,41,0,646,56,9,13,3,1,1,45,0.0,1
2,1,18,0,5677,13,21,12,2,1,2,25,59.603,1
15,0,27,0,1300,35,31,22,3,1,2,30,177.4,0
5,1,37,0,3566,27,62,32,3,1,2,25,344.65,1
24,0,35,9,10560,91,7,39,5,1,1,55,170.265,0
0,0,23,0,2730,54,0,18,3,1,1,30,111.36,0
5,0,34,1,2405,35,277,14,3,1,1,30,1205.6,0
4,0,27,1,1315,36,193,11,2,2,1,25,929.295,0
7,0,36,0,11350,148,0,43,3,1,1,30,459.92,0
1,0,30,0,905,12,31,7,4,1,2,45,100.425,0
11,0,27,0,700,25,10,7,2,1,2,25,77.625,0
5,0,34,1,11285,146,0,42,4,1,1,45,285.775,0
0,1,32,0,2700,30,0,0,2,1,2,30,0.0,1
0,0,25,0,858,28,5,68,4,1,1,45,34.65,0
5,0,42,0,4231,10,14,18,2,1,1,45,243.397,1
2,0,39,0,808,15,20,9,4,1,2,45,70.575,1
9,1,41,0,409,23,47,37,3,1,2,25,10.924,1
3,1,17,3,2475,100,43,11,3,2,1,30,45.701,1
3,0,17,0,4809,21,15,9,2,1,1,45,39.105,1
16,0,33,1,6123,98,25,25,2,1,1,25,392.445,1
0,0,12,1,1182,19,1,6,3,1,1,30,52.04,1
0,0,26,0,0,0,0,0,4,1,2,45,0.0,0
31,0,43,2,3975,100,0,15,2,1,1,25,0.0,1
21,1,40,8,10390,97,9,46,5,2,1,55,170.805,0
10,1,11,2,1982,26,16,12,3,1,1,30,144.32,1
0,0,33,0,11100,145,0,43,3,1,1,30,449.8,0
1,0,41,0,80,2,10,4,2,1,2,25,48.69,1
8,1,34,0,5513,92,19,22,2,1,1,25,337.725,1
0,0,10,0,1851,5,5,36,3,1,1,25,319.66,1
13,1,36,1,5818,98,26,24,2,1,1,25,383.22,1
0,1,36,0,4111,60,9,3,2,1,1,30,143.118,1
16,0,39,3,9175,124,149,45,3,1,1,30,967.96,0
0,0,42,0,2457,40,57,18,2,1,2,30,0.0,1
10,0,19,3,3033,53,42,24,3,1,1,30,291.44,0
0,0,32,0,6123,14,47,12,2,1,1,45,14.609,1
0,0,38,0,4642,100,0,2,2,1,2,25,46.028,1
27,0,37,9,11145,104,9,42,5,2,1,55,182.235,0
2,0,36,0,2870,66,4,11,2,1,1,25,150.12,0
2,1,33,0,4803,81,0,22,2,1,1,25,219.78,1
34,1,40,6,16045,241,82,49,3,2,1,30,979.44,0
21,1,28,0,955,41,8,16,2,1,2,25,80.82,1
11,0,24,0,1630,37,20,11,2,1,1,25,165.015,0
6,0,36,0,859,39,14,7,2,1,2,45,31.06,1
12,1,40,0,2353,59,6,16,3,1,2,30,120.48,0
0,0,30,0,1828,42,0,25,1,1,1,15,102.85,0
3,0,31,0,15100,174,133,24,2,1,1,25,1285.83,0
9,0,18,2,2558,41,17,6,3,1,1,30,171.96,0
7,0,29,2,1430,41,191,10,3,2,1,30,822.84,0
7,1,15,0,932,29,0,14,2,1,1,30,0.0,1
7,0,38,1,4023,88,9,30,3,1,1,30,200.44,0
2,1,45,1,5835,21,21,27,4,1,1,25,26.338,1
4,0,12,1,4570,48,226,15,3,1,1,30,1088.72,0
0,0,12,1,4085,40,216,9,3,1,1,30,1029.0,0
0,0,35,0,0,0,0,0,2,1,2,25,0.0,0
0,0,30,0,0,0,0,0,2,1,2,25,0.0,1
0,0,40,0,2135,35,288,20,3,1,1,30,1238.8,0
26,0,18,0,2566,5,14,9,2,1,2,25,63.83,1
8,1,8,0,3107,100,13,13,2,1,1,25,0.0,1
15,0,27,1,1530,38,26,15,2,1,1,25,187.56,0
1,0,33,0,3102,28,17,3,4,1,2,45,96.236,1
20,0,29,2,15770,232,0,78,2,1,1,25,720.09,0
23,1,36,1,3672,66,76,18,4,1,1,45,160.016,1
4,0,25,0,205,18,0,2,2,1,2,25,10.035,0
5,0,4,0,6123,58,0,0,2,1,1,25,133.611,1
7,0,37,0,15240,179,148,30,2,1,1,25,1359.855,0
0,0,41,0,830,18,8,15,2,1,2,25,74.16,0
3,1,34,1,2548,17,29,0,2,1,1,30,0.0,1
1,0,36,0,1668,25,0,6,3,1,1,30,67.72,0
12,0,42,2,2725,48,297,22,4,1,1,45,811.825,0
16,0,20,5,3218,54,43,23,3,2,1,30,302.88,0
2,0,39,0,508,6,16,7,2,1,2,25,95.13,0
0,1,13,2,2839,21,102,13,3,1,2,30,262.755,1
0,1,41,0,4676,0,0,37,2,1,2,30,230.926,1
1,0,5,0,3008,22,29,28,5,1,2,45,215.575,1
4,1,9,0,522,21,0,40,3,1,1,45,249.444,1
0,0,38,0,0,0,0,0,2,1,2,25,0.0,0
4,0,18,0,939,70,3,3,3,1,1,25,107.747,1
5,0,39,0,1180,20,7,13,2,1,2,25,85.5,0
17,0,41,0,3024,59,1,14,2,1,1,30,0.0,1
17,0,19,0,3183,22,76,6,2,1,1,30,7.368,1
25,0,35,3,16030,242,8,84,2,1,1,25,768.24,0
0,1,24,0,765,7,16,1,4,1,2,45,59.3,1
7,0,26,0,1100,34,23,16,2,1,1,25,154.53,0
3,0,36,0,3703,59,0,30,2,1,1,25,169.29,0
9,0,38,1,4760,86,7,25,3,1,1,30,221.84,0
5,0,38,0,3423,78,7,15,3,1,1,30,168.04,0
0,0,34,0,3603,77,4,29,2,1,1,25,183.6,0
10,0,39,0,15190,178,136,17,2,1,1,25,1303.56,0
6,1,11,0,4095,55,6,31,2,1,1,25,0.0,1
15,0,38,3,4375,92,53,43,3,1,1,30,390.68,0
22,0,11,2,4362,92,14,35,2,2,2,30,0.0,1
0,0,3,0,4005,32,198,4,3,1,1,30,953.48,0
1,0,20,0,1625,100,14,26,3,1,1,25,141.987,1
8,0,40,1,2446,0,0,3,3,2,1,25,30.355,1
4,0,3,0,897,23,57,0,2,1,1,30,25.892,1
1,0,35,0,602,10,30,13,3,1,2,25,8.229,1
11,0,39,0,1643,24,24,6,4,1,2,45,101.675,1
3,0,36,1,2655,43,299,31,3,1,1,30,1303.92,0
12,0,40,2,4820,89,9,27,3,1,1,30,232.36,0
0,0,32,0,6060,100,243,16,2,2,1,25,1370.7,0
22,0,36,2,15080,222,49,30,3,1,1,30,808.08,0
3,0,36,0,4065,65,0,15,2,1,1,25,185.85,0
10,0,44,2,4244,50,15,8,4,1,1,30,164.292,1
14,0,29,6,10130,81,0,39,4,1,1,45,255.275,0
15,1,42,0,2653,52,51,37,4,1,2,45,195.125,1
12,0,44,0,3196,59,9,0,3,1,2,30,30.683,1
4,0,31,1,1270,40,201,15,2,2,1,25,963.45,0
22,1,40,9,10515,95,11,46,5,1,1,55,175.65,0
3,0,31,0,3893,54,0,32,1,1,1,15,217.085,0
1,0,42,0,1504,20,10,0,4,1,1,30,50.572,1
23,0,26,0,4529,54,4,10,2,1,2,25,250.843,1
0,0,33,0,6353,66,96,33,2,1,1,25,720.855,0
3,0,38,0,248,7,0,1,3,1,2,30,10.2,1
19,0,37,0,3994,61,42,24,2,1,2,25,101.365,1
9,0,15,0,5897,134,69,37,1,2,1,15,711.205,0
8,0,35,0,4018,58,0,30,1,1,1,15,224.18,0
8,0,30,2,1190,19,33,7,4,1,1,45,112.725,0
8,1,15,2,1748,29,15,13,3,1,1,30,131.08,1
3,1,36,0,2609,15,0,3,3,1,2,45,0.0,1
7,0,23,0,1110,27,21,14,2,1,1,25,145.665,0
2,0,29,0,995,25,9,1,4,2,1,30,69.005,1
9,1,36,0,3105,47,41,20,3,1,2,30,290.08,1
0,0,36,0,628,7,9,4,4,1,2,45,38.375,1
2,1,22,0,6123,11,6,5,3,1,2,30,0.0,1
7,0,15,0,5488,125,57,25,1,2,1,15,622.215,0
8,0,41,0,1925,54,53,26,3,1,2,30,291.16,0
4,1,19,0,6123,50,12,14,2,1,2,30,119.779,1
3,0,12,0,1294,58,0,2,2,1,2,25,128.449,1
0,0,26,1,1125,36,218,13,2,2,1,25,1033.245,0
2,0,38,0,7103,122,366,45,3,1,1,30,1753.0,0
5,0,32,1,305,6,7,2,5,1,1,55,15.165,1
9,0,41,0,13953,177,11,49,3,1,1,30,609.2,0
12,0,14,0,8818,165,41,36,4,1,1,45,327.075,0
0,0,30,0,2530,11,461,7,3,1,1,30,1945.64,0
3,0,36,1,6528,75,133,39,2,1,1,25,895.635,0
2,0,38,0,2967,16,65,18,3,2,2,30,175.574,1
0,0,40,1,293,8,12,6,5,1,1,55,22.515,0
15,0,30,3,591,26,24,0,4,1,1,45,38.974,1
7,0,36,0,1031,60,1,0,3,1,2,45,58.325,1
9,0,36,0,2268,44,34,31,3,1,2,30,228.48,1
4,1,12,0,2308,63,34,32,2,1,2,25,0.0,1
0,0,8,1,2288,29,9,11,3,1,1,30,128.68,0
7,0,35,0,2665,39,284,19,3,1,1,30,1244.16,0
11,0,40,0,15665,190,161,35,2,1,1,25,1437.975,0
1,0,38,0,1127,52,11,14,3,1,2,30,407.713,1
0,0,24,0,710,5,23,4,4,1,2,45,75.375,0
11,0,21,0,2973,19,3,35,3,1,1,25,239.136,1
15,0,30,6,10050,85,0,36,4,1,1,45,253.375,0
11,0,44,3,752,17,0,2,3,1,2,30,0.0,1
10,0,16,0,6123,27,17,34,3,1,2,25,347.334,1
1,1,37,0,4129,67,1,9,5,1,2,25,384.696,1
3,1,39,0,1251,100,1,33,4,1,1,45,162.756,1
6,0,43,2,3095,33,491,9,4,1,1,45,1305.7,0
13,0,38,1,330,55,1,0,3,1,2,30,48.644,1
8,0,15,3,4775,48,232,16,3,1,1,30,1120.92,0
0,0,29,0,2475,41,160,20,2,1,1,25,833.22,0
9,0,19,0,3111,16,12,25,2,1,1,30,8.978,1
5,0,22,1,1613,35,22,64,4,1,1,45,96.2,0
0,0,31,0,6480,91,7,20,4,1,1,45,181.775,0
14,0,38,5,7330,125,283,37,3,2,1,30,1430.2,0
15,0,39,1,2758,66,366,26,3,1,1,30,1576.96,0
10,0,44,3,6805,98,201,29,4,1,1,45,675.075,0
12,0,41,3,4935,95,41,31,4,1,1,45,228.25,0
2,1,26,0,2738,84,26,0,4,1,2,30,203.627,1
30,0,38,1,11340,109,29,59,5,1,1,55,215.235,0
0,0,34,0,0,0,6,0,5,1,1,55,9.0,0
12,0,29,0,405,21,7,2,3,1,2,30,45.04,0
9,0,33,0,3775,76,24,27,2,1,1,25,281.295,0
3,0,12,0,1307,13,34,0,2,1,2,30,78.663,1
9,0,38,2,3604,41,16,16,2,1,2,25,0.0,1
5,0,9,1,4635,43,217,10,3,1,1,30,1055.12,0
7,0,45,0,1285,30,5,16,3,1,2,25,0.0,1
2,0,38,0,4388,21,20,40,3,1,2,25,397.165,1
0,0,22,0,2805,49,0,17,3,1,1,30,114.16,0
23,0,31,3,15830,235,0,80,2,1,1,25,722.925,0
23,0,44,3,6383,114,48,32,3,1,1,30,451.88,0
17,0,17,1,9238,177,80,42,5,1,1,55,261.225,0
9,0,39,0,6423,71,94,24,2,1,1,25,715.23,0
20,0,31,0,840,42,18,18,2,1,2,25,120.69,1
12,0,40,0,2633,68,370,29,3,1,1,30,1588.04,0
2,0,41,2,338,10,12,3,5,1,1,55,23.22,0
6,0,38,1,1973,31,7,8,4,1,1,45,67.6,0
4,0,21,0,1875,34,39,19,2,1,1,25,261.405,0
7,0,37,0,4400,77,0,21,3,1,1,30,179.08,0
5,0,37,0,2765,44,286,16,3,1,1,30,1256.36,0
1,0,25,0,1230,15,22,1,4,1,2,45,86.125,0
15,0,28,2,1645,44,58,19,2,1,1,25,337.005,0
4,0,39,0,1574,38,4,4,2,1,2,25,30.44,1
10,1,35,0,6123,0,3,26,2,1,2,25,205.05,1
11,0,28,1,2063,46,46,73,5,1,1,55,100.635,0
4,0,26,0,1568,39,30,68,4,1,1,45,115.175,0
6,0,10,0,2324,22,13,0,3,1,1,25,252.374,1
0,0,39,0,73,2,5,4,2,1,1,25,25.875,0
4,0,45,0,4461,100,0,4,2,1,1,25,0.0,1
17,0,19,0,6098,137,71,29,2,2,1,25,600.075,0
0,0,34,0,3313,47,23,0,3,1,1,30,21.323,1
11,1,38,0,2428,55,17,20,3,1,2,30,167.32,0
3,0,42,1,4564,35,2,6,2,1,1,25,31.754,1
5,0,15,0,2760,63,24,7,4,1,1,25,0.0,1
0,0,39,0,0,0,0,0,2,1,2,25,0.0,0
1,0,6,0,2044,9,4,0,4,1,2,45,0.0,1
2,0,36,0,13468,163,0,42,3,1,1,30,545.24,0
3,0,3,0,3129,53,2,16,3,1,1,30,157.164,1
0,0,36,0,2744,0,15,32,2,1,2,30,987.255,1
20,0,40,0,2573,14,55,0,3,1,1,55,25.533,1
11,0,38,1,3085,59,182,25,2,1,1,25,960.48,0
6,0,25,2,3825,71,29,38,3,1,1,30,271.84,0
10,1,40,0,1628,25,13,0,3,1,2,25,0.0,1
5,0,28,0,1130,16,28,5,4,1,2,45,98.65,0
7,0,33,0,1386,27,4,35,2,1,2,25,255.619,1
0,0,28,0,600,6,24,5,4,1,2,45,75.15,0
26,1,11,2,4969,10,24,15,2,2,2,30,0.0,1
0,1,31,0,1639,100,12,14,3,1,2,30,206.903,1
12,1,32,0,3295,41,8,17,3,1,2,30,165.44,1
5,0,38,1,3833,87,0,27,3,1,1,30,156.8,0
3,1,38,1,2495,100,0,0,2,1,2,25,0.0,1
13,0,38,1,6908,75,83,35,2,1,1,25,687.735,0
10,0,16,3,3042,46,40,22,3,1,1,30,283.52,0
0,0,36,3,6123,58,25,6,4,1,2,45,136.534,1
13,0,32,0,700,31,18,8,3,1,2,30,101.24,0
0,0,33,0,1248,13,0,3,3,1,1,30,50.44,0
7,0,12,2,2773,43,21,15,3,1,1,30,196.64,0
28,1,34,0,3358,55,5,0,5,1,2,45,232.385,1
25,0,39,0,3407,25,1,18,2,1,2,30,0.0,1
17,0,37,0,1215,7,11,30,2,1,1,25,52.551,1
13,0,45,2,8073,143,406,51,3,1,1,30,1952.64,0
9,0,37,0,4775,76,23,15,2,1,1,25,321.795,0
6,0,16,0,3121,29,0,5,2,1,2,25,0.0,1
5,0,34,0,1266,42,2,3,3,1,2,25,0.0,1
2,0,35,0,11160,148,4,45,3,1,1,30,468.32,0
0,0,38,0,1272,94,26,27,3,1,2,25,192.8,1
0,0,32,0,1245,32,0,14,3,1,2,30,51.08,0
3,0,17,0,1498,100,34,20,3,1,2,25,74.784,1
0,0,4,0,4390,34,207,9,3,1,1,30,1004.96,0
13,0,44,2,14158,177,17,50,3,1,1,30,641.4,0
7,0,46,0,623,17,22,7,3,1,2,30,113.6,0
1,0,32,0,13388,161,0,38,3,1,1,30,541.96,0
3,0,30,0,1883,36,17,25,3,1,2,30,144.76,1
7,0,10,3,1524,1,5,26,2,1,1,30,100.103,1
0,0,15,0,4419,23,9,9,4,1,2,30,85.918,1
8,0,38,0,1849,68,16,9,4,1,1,25,241.466,1
2,0,41,0,3708,100,8,5,2,1,2,30,78.548,1
2,0,36,0,2180,43,154,8,2,1,1,25,793.035,0
8,0,34,1,6975,97,7,20,4,1,1,45,194.3,0
5,1,16,1,4439,67,4,1,2,1,1,30,179.72,1
11,0,40,0,3903,62,7,22,1,1,1,15,256.575,0
8,0,34,0,2158,52,0,13,3,1,2,30,88.4,0
8,0,36,1,2585,43,282,16,3,1,1,30,1233.12,0
2,1,4,0,300,100,59,13,3,1,2,30,118.086,1
0,1,4,3,6123,100,0,20,2,1,2,25,0.0,1
3,0,23,0,335,16,0,3,2,1,2,25,15.795,0
8,0,38,3,3695,37,504,23,3,1,1,30,2165.28,0
16,0,35,8,10245,93,26,44,5,2,1,55,194.07,0
0,0,5,0,6123,13,0,0,2,1,2,30,82.578,1
16,0,38,2,5933,103,24,23,2,1,1,25,379.62,0
2,0,26,1,3340,67,40,27,3,1,1,30,296.28,0
2,1,42,0,3855,29,9,39,2,1,2,45,95.972,1
2,0,25,0,3225,61,8,23,3,1,1,30,163.44,0
6,0,32,0,1210,18,38,9,4,1,2,45,125.7,0
14,1,9,0,4969,59,8,1,2,1,2,45,76.888,1
0,0,42,0,2304,66,57,2,3,1,2,25,137.428,1
11,0,34,2,8935,113,133,38,3,1,1,30,893.92,0
1,0,37,0,7318,126,375,40,2,1,1,25,2022.48,0
0,1,15,0,6123,15,6,15,3,1,1,30,161.966,1
0,0,37,0,6123,32,37,10,3,1,2,30,265.07,1
0,0,36,0,0,0,0,0,2,1,2,25,0.0,0
8,0,35,2,7090,103,21,24,5,1,1,55,139.395,0
1,0,37,0,3805,72,0,25,3,1,1,30,155.08,0
18,0,39,3,9420,127,151,45,3,1,1,30,985.88,0
7,0,25,1,1693,37,26,65,5,1,1,55,64.95,0
14,0,17,4,3562,56,39,19,3,2,1,30,300.72,0
6,0,36,0,2780,53,175,23,2,1,1,25,914.985,0
5,0,29,0,1876,13,3,8,2,1,1,45,280.898,1
0,0,34,0,7088,115,345,37,2,1,1,25,1876.635,0
15,1,45,0,4728,58,11,0,3,1,1,25,0.0,1
7,1,45,0,1059,26,64,5,4,1,2,25,65.425,1
6,0,38,0,2454,46,24,16,2,1,2,25,72.939,1
10,0,41,0,2893,100,7,21,2,1,1,30,26.399,1
0,0,30,0,0,0,0,0,4,1,1,45,0.0,0
2,0,38,0,710,14,13,8,3,1,2,30,80.96,0
6,0,16,3,2608,42,29,19,3,1,1,30,222.0,0
0,0,36,0,2790,21,476,6,3,1,1,30,2016.44,0
3,0,34,0,3030,23,9,17,3,1,1,30,158.12,0
2,0,31,0,2294,53,23,32,3,1,1,25,25.146,1
0,0,18,0,1095,16,7,6,2,1,1,25,81.495,0
8,0,9,0,6123,74,0,22,3,2,2,25,85.124,1
1,1,16,3,2586,4,6,0,2,1,2,45,230.227,1
13,0,43,2,6978,85,123,43,2,1,1,25,871.335,0
2,0,41,1,4575,48,0,7,4,1,1,30,65.464,1
7,0,37,0,13658,163,0,40,3,1,1,30,552.84,0
10,1,40,0,1155,18,30,14,2,1,2,30,128.19,1
5,0,42,0,888,17,24,10,4,1,2,45,82.625,1
1,0,31,0,6123,100,19,0,3,1,1,25,292.723,1
9,0,13,0,8873,168,68,38,4,1,1,45,396.025,0
0,0,8,0,6123,4,0,0,3,1,2,30,80.178,1
7,0,14,1,925,61,24,0,3,1,1,25,0.0,1
13,0,39,4,7450,130,289,40,3,2,1,30,1459.2,0
13,0,44,3,4900,91,19,31,3,1,1,30,275.64,0
7,0,28,0,1673,25,6,7,3,1,1,45,62.666,1
6,0,30,0,3017,100,0,15,3,1,1,55,39.002,1
1,0,33,1,6595,96,5,19,5,1,1,55,107.865,0
5,0,19,3,2547,45,32,18,3,1,1,30,231.68,0
23,0,18,2,9947,188,88,42,5,1,1,55,284.025,0
0,0,37,0,0,0,0,0,3,1,2,30,0.0,1
31,1,17,0,3836,6,47,20,3,1,1,30,94.169,1
9,0,35,1,2905,51,171,20,2,1,1,25,902.52,0
8,0,41,1,2780,59,183,24,2,1,1,25,951.255,0
2,1,45,0,6123,32,14,41,4,1,1,55,21.873,1
23,0,35,3,14960,217,43,27,3,1,1,30,779.08,0
0,0,12,0,6123,27,0,19,2,1,2,45,198.315,1
6,0,37,1,2046,46,3,20,3,1,2,25,0.0,1
0,0,36,0,1898,51,0,28,1,1,1,15,107.195,0
3,0,38,2,6615,92,218,30,3,1,1,30,1140.28,0
1,0,45,1,1074,0,44,19,3,1,1,30,3.34,1
8,0,25,0,640,22,5,5,2,1,2,25,52.29,0
3,0,29,1,3305,63,18,27,3,1,1,30,206.72,0
10,0,35,1,4820,83,1,26,3,1,1,30,200.12,0
1,0,12,0,0,77,48,12,4,1,1,25,230.702,1
0,0,35,0,815,11,0,9,2,1,2,25,37.17,0
0,1,41,0,1205,6,13,5,3,1,2,25,172.293,1
22,0,41,3,4790,99,47,30,3,1,1,30,383.56,0
19,1,22,0,2196,40,18,0,3,1,2,25,0.0,1
13,0,35,0,4503,66,0,36,1,1,1,15,251.295,0
0,0,33,0,0,0,0,0,2,1,2,25,0.0,1
18,0,39,3,16390,198,178,47,2,1,1,25,1547.46,0
10,0,32,3,7190,120,268,31,3,2,1,30,1364.4,0
14,0,35,1,2387,8,45,40,2,1,2,55,84.028,1
7,0,39,0,3965,66,0,19,3,1,1,30,161.24,0
0,0,39,0,318,5,7,4,2,1,2,25,46.035,0
13,1,43,0,2261,10,38,0,3,1,2,45,34.508,1
0,1,34,0,561,2,4,17,3,1,2,30,83.537,1
9,0,39,0,1780,30,28,28,2,1,2,25,207.45,0
0,0,31,0,3489,18,0,1,3,1,1,25,95.65,1
0,0,43,0,2768,100,14,44,2,1,1,30,0.0,1
5,0,35,0,305,6,7,2,2,1,2,25,45.495,1
0,0,17,1,6123,67,12,5,3,1,2,25,51.365,1
0,0,33,0,2610,13,465,1,3,1,1,30,1964.92,0
0,0,37,0,3733,17,16,43,3,1,2,30,234.823,1
0,0,31,0,1668,19,0,5,3,1,1,30,67.48,0
5,0,36,1,3963,85,7,28,3,1,1,30,189.92,0
0,1,14,0,2058,100,36,1,3,1,2,30,37.331,1
1,0,3,2,3930,71,35,32,4,1,2,30,132.802,1
0,0,42,1,4262,95,0,0,3,1,2,25,90.764,1
16,0,34,7,10130,87,0,40,4,1,1,45,255.425,0
0,0,29,3,814,25,2,12,4,1,1,25,141.056,1
30,1,37,4,16335,248,15,86,2,1,1,25,813.735,0
21,0,36,8,10435,93,1,42,5,1,1,55,159.42,0
15,1,20,1,6123,100,8,15,3,1,2,25,61.408,1
13,0,8,0,581,29,22,3,2,1,2,45,118.615,1
9,0,29,2,1988,51,69,74,5,1,1,55,134.085,0
2,0,11,1,606,7,13,0,3,1,1,30,0.0,1
21,0,43,0,2872,0,76,8,2,1,2,30,291.463,1
10,1,43,0,903,9,24,29,2,1,1,25,10.701,1
7,0,43,0,4683,9,6,0,3,1,2,30,257.92,1
4,0,36,0,1933,48,1,15,3,1,2,30,83.24,0
2,0,33,0,7428,125,374,39,2,1,1,25,2022.885,0
2,1,39,1,79,41,21,12,3,1,2,25,209.465,1
4,0,13,3,981,100,7,18,3,1,2,25,189.765,1
25,0,45,0,512,78,56,15,2,1,1,30,76.535,1
1,0,35,0,6223,68,92,32,2,1,1,25,697.095,0
15,0,40,2,2873,72,398,30,3,1,1,30,1709.8,0
6,0,41,0,2540,47,296,23,3,1,1,30,1287.48,0
11,0,18,4,2913,48,36,21,3,1,1,30,262.44,0
1,1,17,0,2683,22,0,29,3,1,2,30,312.306,1
0,0,36,0,1540,46,42,23,3,1,2,30,231.44,0
0,0,37,0,6908,117,363,28,2,1,1,25,1949.625,0
7,0,32,0,15485,176,142,29,2,1,1,25,1343.745,0
0,0,31,0,2055,27,270,15,3,1,1,30,1163.28,0
7,0,32,2,2857,51,27,18,5,1,1,30,130.123,1
0,0,44,0,3779,10,3,0,3,1,1,25,0.0,1
0,1,34,0,0,0,0,0,3,1,2,30,0.0,1
13,1,22,1,1084,57,64,8,2,1,2,30,277.861,1
2,0,38,0,1242,100,0,12,2,1,2,30,31.246,1
0,1,18,0,4240,96,3,29,2,1,2,30,50.539,1
0,1,43,1,401,27,17,28,4,1,2,45,79.196,1
5,0,40,0,1289,0,16,8,2,1,2,30,0.0,1
10,1,27,0,531,100,15,2,2,1,2,30,130.336,1
17,0,34,1,6043,102,23,22,2,1,1,25,380.025,0
14,0,42,2,11950,168,29,54,4,1,1,45,375.45,0
1,0,35,0,5498,83,0,6,2,1,1,25,251.145,0
10,1,45,0,633,36,2,15,2,1,2,25,43.696,1
32,0,39,10,11450,110,16,44,5,1,1,55,197.4,0
5,0,37,0,818,7,7,2,4,1,2,45,38.125,1
4,0,18,0,1885,27,37,17,2,1,1,25,252.54,0
0,0,20,0,1873,74,56,19,2,1,2,25,268.876,1
1,0,41,0,6123,18,4,38,2,1,2,30,193.421,1
16,0,15,2,9533,181,94,55,5,1,1,55,286.71,0
5,0,36,0,3893,60,0,33,1,1,1,15,217.415,0
2,1,7,0,2176,19,8,16,2,1,2,25,113.507,1
15,0,38,3,3685,69,203,40,2,1,1,25,1082.43,0
1,1,33,0,3140,21,40,35,4,1,2,45,134.579,1
11,0,38,3,5115,93,23,40,3,1,1,30,300.32,0
8,1,30,0,5558,88,11,18,2,1,1,25,303.57,1
36,0,41,5,16155,242,69,34,3,2,1,30,931.88,0
13,0,45,0,1052,64,0,20,2,1,1,30,100.682,1
9,0,44,2,2778,66,19,39,2,1,1,25,213.48,0
0,0,27,0,1100,28,16,12,3,1,2,30,109.12,0
0,0,29,0,2840,16,0,13,3,1,1,30,114.24,0
4,0,36,0,3908,83,11,31,2,1,1,25,229.095,0
0,1,34,0,527,20,46,11,3,1,1,25,0.0,1
7,0,20,0,2821,12,33,3,2,1,1,45,0.0,1
0,0,37,0,743,13,41,8,4,1,2,45,121.4,1
0,0,37,0,213,6,8,5,5,1,1,55,15.285,0
0,1,35,0,2891,100,10,18,3,1,2,30,92.669,1
10,0,44,0,4507,40,15,6,4,1,1,45,0.0,1
6,1,34,0,617,100,11,0,3,1,2,25,100.444,1
3,0,36,0,5803,90,9,13,2,1,1,25,305.685,0
16,0,44,2,3345,69,197,31,2,1,1,25,1040.13,0
2,0,25,0,3225,61,8,23,3,1,1,30,163.44,0
16,0,17,1,6392,141,85,42,2,2,1,25,676.485,0
5,0,45,0,6123,100,4,0,5,1,1,30,69.205,1
0,0,44,0,1227,23,9,24,3,1,2,30,1.677,1
5,0,40,0,2065,35,271,5,3,1,1,30,1168.0,0
21,1,35,1,825,40,82,16,3,1,1,55,0.0,1
1,0,19,0,6123,0,9,0,2,2,1,45,17.149,1
4,0,35,0,15180,176,143,28,2,1,1,25,1334.52,0
4,0,41,0,13468,169,1,43,3,1,1,30,549.48,0
0,1,32,0,4047,42,32,0,3,1,2,45,0.0,1
9,1,5,0,4033,56,9,14,4,1,2,25,123.158,1
3,0,36,0,5858,92,2,10,2,1,1,25,276.75,0
0,0,26,0,580,7,19,3,4,1,1,45,62.175,0
7,0,11,2,4695,46,222,12,3,1,1,30,1077.64,0
0,0,36,1,338,4,4,2,5,1,1,55,11.13,0
0,1,9,0,1370,100,4,0,2,1,1,25,70.976,1
6,1,11,2,1602,24,0,6,3,1,1,30,65.04,1
3,1,15,1,4676,100,42,25,3,1,2,25,62.994,1
0,0,36,0,2055,33,278,16,3,1,1,30,1195.52,0
0,0,3,0,5057,21,7,0,3,1,1,30,82.423,1
0,0,30,0,3333,74,0,22,2,1,1,25,153.315,0
17,0,44,3,4160,90,49,34,3,1,1,30,366.0,0
6,0,42,1,2700,22,7,28,3,1,1,25,51.324,1
18,1,23,0,6123,24,6,24,2,1,1,25,84.508,1
1,0,33,0,3885,57,0,10,2,1,1,25,177.39,0
10,0,16,1,4647,17,25,0,3,1,2,30,118.826,1
7,1,15,0,2562,63,5,36,3,1,2,30,158.613,1
1,0,33,0,15120,173,138,26,2,1,1,25,1309.185,0
2,0,21,0,3506,59,49,27,3,1,1,25,15.477,1
6,1,9,1,3916,17,0,0,3,1,1,30,9.815,1
8,1,33,2,2497,38,54,7,3,1,1,25,229.496,1
3,0,36,0,1858,26,9,9,3,1,1,30,111.36,0
9,0,37,0,15485,182,150,30,2,1,1,25,1380.015,0
5,0,37,1,3500,32,484,6,3,1,1,30,2077.28,0
13,0,10,0,4114,21,13,0,3,1,1,25,40.349,1
6,1,39,0,814,26,78,4,3,1,2,30,306.008,1
0,0,31,0,628,1,1,3,4,1,2,45,18.225,1
8,0,13,2,3187,15,17,0,3,1,2,25,34.414,1
14,0,40,2,3890,87,30,27,3,1,1,30,279.08,0
1,0,41,1,4317,69,28,9,2,1,2,30,318.732,1
11,1,16,0,3951,12,10,10,2,2,1,45,96.534,1
0,0,14,0,1330,17,16,10,2,1,1,25,132.615,0
0,0,41,0,822,68,3,8,2,1,2,30,258.369,1
0,0,30,0,13208,153,0,36,3,1,1,30,534.44,0
1,0,4,0,1487,13,0,6,2,1,1,25,67.5,1
14,1,42,0,2528,54,49,37,4,1,2,45,187.05,1
2,0,32,0,3985,63,0,11,2,1,1,25,182.16,0
1,0,18,0,2930,35,10,0,3,1,2,30,240.388,1
0,1,30,0,2643,24,12,29,3,1,1,45,52.915,1
0,0,26,0,0,0,0,0,2,1,2,25,0.0,0
0,1,43,0,3459,80,0,31,3,1,1,30,48.461,1
2,0,37,0,3660,60,0,17,2,1,1,25,167.4,0
1,0,36,0,10755,143,0,47,3,1,1,30,435.92,0
15,0,40,1,4503,72,8,37,1,1,1,15,295.625,0
14,0,36,3,7800,114,29,24,5,1,1,55,162.21,0
1,0,35,0,1553,19,0,2,3,1,1,30,62.88,0
25,0,31,3,16075,238,0,80,2,2,1,25,734.085,0
5,1,35,0,305,6,7,2,3,1,2,30,40.44,1
0,0,34,0,2730,18,471,4,3,1,1,30,1993.92,0
5,0,12,1,1668,27,11,12,3,1,1,30,111.8,1
9,0,39,2,8890,117,147,45,3,1,1,30,948.28,0
13,0,7,0,2655,100,0,38,3,1,2,25,277.217,1
1,1,10,0,2761,1,2,2,3,1,1,25,99.775,1
21,0,41,2,5213,83,16,37,1,1,1,15,379.28,0
8,0,16,0,3275,20,11,8,2,1,1,25,0.0,1
0,0,35,0,290,2,0,2,2,1,2,25,13.14,0
11,0,26,0,585,19,0,3,2,1,2,25,27.18,0
0,1,8,0,1719,58,8,0,2,1,2,55,223.017,1
2,0,40,0,1125,49,18,12,3,1,2,25,180.714,1
2,0,37,0,13583,169,25,46,3,1,1,30,650.08,0
8,0,41,0,6098,103,18,17,3,1,1,30,320.04,0
0,0,43,0,273,9,15,8,2,1,2,25,80.19,0
13,0,17,3,3043,45,7,17,3,1,1,30,151.52,0
0,0,17,0,1505,26,53,16,2,1,1,25,307.395,0
15,0,27,1,1530,38,26,15,2,1,1,25,187.56,0
0,0,34,0,318,4,0,3,2,1,2,25,14.49,0
0,0,28,0,2920,61,9,22,3,1,1,30,155.24,0
7,0,42,1,4470,87,10,29,3,1,1,30,222.28,0
23,0,44,0,2184,16,11,7,4,1,2,30,0.0,1
7,0,40,0,2474,25,62,0,2,2,2,55,219.8,1
0,0,32,0,875,8,0,10,2,1,2,25,39.735,0
4,0,39,0,480,48,8,3,2,1,1,25,14.33,1
5,1,14,2,1487,25,8,8,3,1,1,30,92.48,1
18,0,29,2,15580,231,0,75,2,1,1,25,711.495,0
3,0,37,1,6740,101,22,26,5,1,1,55,135.615,0
12,0,37,1,3490,64,183,23,2,1,1,25,983.43,0
14,0,40,2,5898,100,36,28,2,1,1,25,431.91,1
7,0,34,4,6123,57,0,5,2,1,1,55,69.747,1
12,0,16,1,9048,177,105,44,5,1,1,55,295.875,0
9,1,38,0,2754,24,3,41,2,1,2,30,368.7,1
7,0,33,2,4992,19,25,48,3,1,2,25,14.761,1
12,0,37,3,7318,85,129,52,2,1,1,25,913.635,0
5,0,38,0,1065,14,7,9,2,1,2,25,80.055,0
2,0,30,0,1069,23,6,18,2,1,2,30,0.0,1
2,0,37,0,2600,8,14,23,2,1,1,45,83.662,1
5,0,34,1,3085,25,7,14,3,1,1,30,152.4,0
4,1,7,0,5378,27,0,38,3,1,2,30,213.624,1
6,0,25,0,395,19,3,5,2,1,2,25,32.13,0
7,0,14,0,8743,171,98,42,5,1,1,55,280.71,0
10,0,40,0,1943,50,7,4,3,1,2,30,107.72,0
4,0,39,0,3898,90,13,33,2,1,1,25,237.96,0
0,0,24,0,1263,33,23,66,4,1,1,45,89.9,0
5,0,42,0,738,17,46,10,3,1,2,30,214.2,0
6,0,32,0,6718,69,100,36,2,1,1,25,755.415,0
10,0,34,0,5758,95,21,22,2,1,1,25,357.885,1
10,0,40,1,13888,174,0,43,3,1,1,30,562.48,0
0,0,28,0,6123,19,25,0,4,1,2,25,150.007,1
1,1,43,0,398,7,17,8,3,1,2,30,84.2,1
9,1,15,3,1873,27,17,13,3,1,1,30,144.0,1
4,0,39,2,3210,33,515,12,4,1,1,45,1368.575,0
0,0,3,0,1103,11,0,1,2,1,1,25,50.13,1
0,0,17,0,660,16,0,5,2,1,1,25,30.42,0
16,0,45,0,2481,32,71,8,3,2,2,25,57.658,1
26,1,45,1,4199,53,0,0,2,1,2,30,435.655,1
0,0,36,0,3528,81,0,25,2,1,1,25,162.405,0
0,1,24,0,1124,75,4,0,4,1,1,25,64.335,1
6,0,41,1,4973,9,56,26,2,1,2,45,1.202,1
2,1,29,1,4153,45,3,7,4,1,2,30,192.721,1
26,0,41,1,3306,69,47,13,3,1,1,25,268.024,1
3,0,15,0,3993,13,13,19,4,1,1,25,10.979,1
10,0,32,2,4188,85,4,5,2,1,2,30,350.37,1
12,0,34,5,9530,77,0,25,4,1,1,45,240.175,0
31,0,44,5,15525,233,71,38,3,1,1,30,914.32,0
0,0,37,0,8,4,4,5,3,1,2,30,16.48,1
1,0,10,0,6123,15,15,20,2,1,2,25,80.699,1
5,0,38,0,438,8,7,4,3,1,2,30,45.84,1
18,0,17,1,6638,144,87,42,2,2,1,25,696.69,0
0,0,36,0,3682,24,68,1,3,1,1,30,0.0,1
2,1,7,2,1783,23,14,20,3,1,1,30,128.24,1
6,1,11,2,1548,22,5,9,3,1,1,30,82.8,1
24,0,38,9,10550,98,0,41,5,1,1,55,159.72,0
7,0,27,1,3530,67,15,25,3,1,1,30,203.88,0
0,1,43,0,3570,67,60,7,5,1,2,25,315.69,1
10,1,44,0,915,15,77,7,5,2,2,30,25.328,1
0,0,6,0,3970,28,176,4,2,1,1,25,971.91,0
28,0,4,0,5870,59,12,0,4,1,2,25,0.0,1
2,1,21,0,3592,27,31,38,4,1,2,45,126.508,1
0,0,41,0,4478,36,8,7,2,1,1,30,0.0,1
17,0,39,1,2948,67,375,29,3,1,1,30,1620.6,0
17,0,30,1,1710,46,37,20,2,1,1,25,245.52,0
10,0,33,0,987,65,16,21,2,1,2,45,154.863,1
11,0,15,0,6087,135,78,40,1,2,1,15,771.21,0
0,0,34,0,1173,18,0,1,3,1,1,30,47.64,0
22,0,41,0,3710,71,45,0,3,1,2,30,104.717,1
13,0,34,0,2758,60,358,25,2,1,1,25,1737.81,0
26,1,35,1,1015,50,21,19,3,1,1,30,126.6,1
5,0,11,0,2994,29,6,0,2,1,1,25,22.717,1
13,0,12,3,5405,57,230,12,3,1,1,30,1138.48,0
0,0,32,0,4278,60,25,0,3,1,2,30,58.569,1
10,1,43,0,2998,17,8,1,3,1,2,30,0.0,1
7,0,36,1,4665,75,19,30,2,1,1,25,298.8,0
3,0,41,0,4010,22,3,13,4,1,1,25,9.651,1
0,0,28,1,6580,108,254,27,2,2,1,25,1443.96,0
3,0,36,0,4065,65,0,15,2,1,1,25,185.85,0
13,1,43,2,1207,20,0,6,4,1,2,30,61.404,1
19,0,43,4,9500,129,161,49,3,1,1,30,1029.16,0
3,0,41,1,378,8,12,6,3,1,1,30,63.44,0
10,0,37,0,4083,60,0,31,1,1,1,15,227.865,0
6,0,40,0,3973,62,4,37,2,1,1,25,199.575,0
15,1,12,0,2363,11,10,11,3,1,1,30,0.0,1
0,0,34,0,2813,66,0,11,2,1,1,25,129.555,0
1,0,33,0,2360,41,136,17,2,1,1,25,720.045,0
11,0,36,4,7270,122,278,35,3,2,1,30,1407.68,0
13,0,39,1,2513,63,364,26,3,1,1,30,1559.04,0
0,0,29,0,1280,36,21,14,3,1,2,30,136.64,0
0,0,9,0,2578,49,9,12,3,1,1,25,4.406,1
10,0,11,0,6008,133,68,36,1,2,1,15,711.755,0
13,1,18,0,2937,57,36,44,2,1,1,30,430.696,1
0,0,40,0,570,14,1,10,2,1,2,25,30.78,0
0,0,36,0,2088,52,0,31,1,1,1,15,117.7,0
6,0,40,1,2453,61,7,35,2,1,1,25,144.63,0
0,0,35,0,1345,22,253,16,3,1,1,30,1066.68,0
7,0,39,1,1378,59,24,18,4,1,2,55,152.524,1
0,0,30,0,2760,20,0,10,3,1,1,30,111.2,0
0,0,24,0,0,0,5,0,4,1,2,45,12.5,0
16,1,37,0,3485,48,25,21,3,1,2,30,241.32,1
2,1,10,0,2483,59,8,37,2,1,2,45,116.328,1
0,0,20,0,3793,0,0,48,3,1,2,25,191.034,1
4,0,34,0,4326,100,6,9,4,1,1,25,131.099,1
0,1,35,0,0,0,0,0,2,1,2,25,0.0,1
1,0,30,0,1562,1,8,6,2,1,1,25,0.0,1
15,0,42,3,4880,92,14,29,4,1,1,45,159.3,0
1,0,36,0,2245,34,287,19,3,1,1,30,1239.16,0
1,0,30,0,6413,63,93,34,2,1,1,25,709.92,0
19,0,16,2,6518,139,81,39,2,2,1,25,664.065,0
5,0,33,0,4515,77,0,24,3,1,1,30,183.68,0
23,0,39,0,4235,16,0,23,4,1,2,45,364.327,1
2,1,45,0,3431,23,21,7,2,1,2,25,351.118,1
12,0,40,3,11885,166,50,53,4,1,1,45,426.275,0
13,0,32,6,10070,84,0,38,4,1,1,45,253.85,0
0,0,39,0,4306,68,45,4,4,1,2,30,168.279,1
1,0,36,0,1668,25,0,6,3,1,1,30,67.72,0
24,0,34,2,15060,223,44,28,3,1,1,30,787.32,0
10,0,37,0,2453,60,359,24,3,1,1,30,1536.52,0
8,0,3,1,4587,18,10,7,3,1,2,30,0.0,1
13,1,25,2,4355,54,0,17,4,1,1,30,279.244,1
13,0,36,4,7460,123,287,38,3,2,1,30,1451.32,0
2,0,38,1,2850,24,481,8,3,1,1,30,2038.96,0
9,1,32,0,2313,40,26,27,3,1,2,30,198.12,1
9,1,36,0,5218,88,5,9,2,1,1,25,261.27,1
12,0,20,0,1822,55,9,23,3,1,1,25,34.688,1
15,0,40,1,4503,72,8,37,1,1,1,15,295.625,0
6,0,23,1,3450,65,7,21,3,1,1,30,168.6,0
6,0,36,1,7633,125,380,40,3,1,1,30,1830.32,0
11,0,28,6,9870,77,0,34,4,2,1,45,248.675,0
4,1,38,0,0,70,9,38,4,1,1,45,67.941,1
0,0,33,0,1360,38,31,18,3,1,2,30,179.92,0
9,0,31,0,3035,37,7,12,3,1,2,30,150.88,1
18,1,25,0,6123,48,2,0,3,1,2,30,59.063,1
5,0,32,0,1233,90,34,5,4,1,1,30,142.607,1
24,1,38,9,10495,96,6,44,5,2,1,55,167.865,0
12,0,46,0,1275,30,35,16,3,1,2,30,192.2,0
5,0,36,0,1000,12,7,8,2,1,2,25,77.04,0
3,0,40,0,1961,100,57,0,2,1,2,25,56.123,1
21,1,33,0,710,44,14,17,2,1,1,25,96.93,1
12,0,33,0,2573,44,33,32,3,1,2,30,236.68,1
0,0,17,0,4395,38,6,10,2,1,1,30,78.318,1
3,0,44,0,684,25,0,0,3,1,1,30,42.801,1
0,0,33,0,1360,38,31,18,3,1,2,30,179.92,0
1,1,35,0,746,57,10,4,2,1,2,45,43.013,1
10,1,15,0,837,14,6,15,2,1,2,25,16.67,1
0,0,28,0,1360,32,23,17,3,1,2,30,147.68,0
12,0,45,1,1338,30,34,3,2,1,1,45,0.0,1
17,0,34,1,14775,216,42,28,2,1,1,25,863.595,0
0,1,33,0,5022,40,9,6,3,1,2,30,123.592,1
8,0,39,2,6805,92,193,28,3,1,1,30,1047.88,0
13,0,40,1,4675,77,12,19,3,1,1,30,238.08,0
9,0,37,0,15485,182,150,30,2,1,1,25,1380.015,0
0,0,4,0,1003,5,0,4,2,1,1,25,45.36,1
0,1,30,0,2281,14,8,20,2,1,2,30,321.156,1
0,0,40,0,0,0,0,0,3,1,2,30,0.0,0
32,0,43,4,15625,239,72,39,3,1,1,30,922.56,0
3,0,35,2,6840,118,275,36,2,2,1,25,1550.61,0
0,0,27,0,4609,100,3,1,3,1,2,45,298.44,1
0,0,37,0,0,0,0,0,2,1,2,25,0.0,0
2,0,35,0,2073,30,1,4,3,1,1,30,88.12,0
4,0,36,0,1933,48,1,15,3,1,2,30,83.24,0
0,1,20,0,3148,64,15,9,3,1,2,55,0.0,1
0,0,33,0,2611,100,4,15,2,1,2,25,75.501,1
7,0,38,2,833,11,20,7,5,1,1,55,42.66,0
15,1,16,0,6123,100,42,0,2,1,2,30,95.027,1
6,0,38,0,496,0,0,25,4,1,2,25,318.987,1
23,0,24,3,6697,153,100,45,2,2,1,25,758.25,0
0,1,39,0,5109,24,7,0,2,1,2,30,0.0,1
0,0,31,0,490,6,0,5,2,1,2,25,22.32,0
16,0,32,0,2454,30,26,2,3,1,2,30,69.19,1
0,0,33,0,6185,87,0,7,4,1,1,45,156.8,0
0,0,34,0,0,0,0,0,2,1,2,25,0.0,1
0,1,45,0,1037,21,30,24,3,1,1,45,85.746,1
7,0,32,0,1189,15,19,10,3,1,1,30,21.436,1
15,0,35,7,9725,82,0,42,4,1,1,45,245.175,0
8,0,38,2,6833,81,140,41,2,1,1,25,941.13,0
27,1,34,3,16255,246,11,85,2,1,1,25,792.045,0
5,1,19,0,3053,10,0,1,2,1,2,30,313.04,1
13,0,19,1,9013,173,83,44,5,1,1,55,262.29,0
5,0,30,4,1008,100,7,2,2,1,2,25,56.15,1
18,0,39,3,6238,110,65,30,3,1,1,30,513.92,0
15,0,44,0,2704,43,8,39,2,1,1,25,143.593,1
9,0,23,1,1520,36,33,26,2,1,1,25,218.52,0
7,0,12,3,4810,52,254,16,3,1,1,30,1210.48,0
0,1,34,0,0,0,0,0,4,1,2,45,0.0,1
11,1,36,1,2590,14,0,5,4,1,2,30,118.999,1
0,0,6,1,4210,32,204,5,3,1,1,30,985.68,0
7,0,21,0,992,100,31,13,5,1,2,25,62.912,1
4,1,34,0,476,16,26,0,3,1,2,25,65.437,1
3,0,10,2,2593,35,16,13,3,1,1,30,169.12,0
2,0,5,0,1408,17,0,3,3,1,1,30,57.0,1
0,0,35,0,2675,15,444,2,3,1,1,30,1883.6,0
10,0,34,1,3005,57,172,21,2,1,1,25,911.79,0
5,0,41,0,2573,66,13,38,1,1,1,15,216.645,0
3,0,37,0,1528,43,0,17,3,1,2,30,62.84,0
6,0,34,3,6965,116,271,33,2,2,1,25,1538.145,0
0,0,31,0,6240,76,171,20,3,1,1,30,936.64,0
2,0,35,1,2915,19,472,3,3,1,1,30,2005.36,0
25,0,30,2,15960,232,0,76,2,1,1,25,728.64,0
26,0,39,10,10855,105,40,48,5,2,1,55,224.4,0
0,0,32,0,5533,87,0,6,2,1,1,25,252.9,0
17,0,45,0,830,76,15,2,2,1,1,25,95.127,1
0,0,35,0,7203,121,377,41,2,1,1,25,2026.08,0
1,0,22,0,4763,18,0,12,3,1,1,30,153.807,1
10,0,36,2,11590,152,7,44,4,1,1,45,311.05,0
0,0,11,2,1488,20,8,0,3,1,1,45,29.017,1
1,0,36,0,2980,22,485,9,3,1,1,30,2060.08,0
11,1,44,0,938,100,34,37,3,1,1,30,517.862,1
10,0,44,3,903,20,26,10,5,1,1,55,52.845,0
7,1,17,0,469,53,41,4,3,1,2,45,382.309,1
0,0,28,0,2580,12,0,8,3,1,1,30,103.68,0
4,0,36,0,1228,17,30,19,4,1,2,45,106.125,1
1,0,37,1,6310,85,177,23,3,1,1,30,963.8,0
0,0,9,0,1196,13,80,0,3,1,1,45,321.579,1
0,0,37,0,875,14,0,11,2,1,2,25,40.005,0
2,0,35,0,2180,31,274,13,3,1,1,30,1184.44,0
2,1,4,0,1198,74,28,0,4,1,2,45,72.079,1
0,0,20,0,2740,47,0,16,3,1,1,30,111.48,0
8,0,37,1,4920,88,3,23,3,1,1,30,212.32,0
6,0,10,0,4013,9,15,13,2,1,1,30,0.0,1
7,0,37,1,11465,154,11,47,4,1,1,45,317.975,0
5,0,21,0,3735,10,42,27,3,1,1,25,52.433,1
5,0,40,0,420,12,39,6,3,1,2,30,173.28,1
21,0,40,3,14915,221,57,34,3,1,1,30,833.44,0
0,1,4,0,3918,75,0,0,2,1,2,25,32.095,1
13,1,45,0,2923,100,13,27,3,1,1,30,192.791,1
18,0,31,0,650,41,9,15,2,1,2,25,71.595,1
13,0,40,1,4258,69,6,37,1,1,1,15,270.985,0
5,0,36,2,2268,35,21,21,4,1,1,45,110.075,0
2,0,40,0,3113,21,0,8,2,1,2,45,425.522,1
1,0,14,0,1615,24,18,10,2,1,1,25,154.755,0
9,0,45,0,899,19,76,28,3,1,1,30,16.864,1
0,1,21,0,2427,11,0,7,4,1,2,30,0.0,1
0,0,32,0,1935,6,0,2,3,1,1,30,77.64,0
0,0,35,1,6123,20,24,22,4,1,2,45,175.203,1
0,1,40,0,4383,18,0,0,2,1,2,25,7.289,1
0,0,31,0,0,0,0,0,5,1,1,55,0.0,0
15,0,23,5,3157,57,46,22,4,1,1,45,195.35,0
0,0,36,0,0,0,1,0,2,1,2,25,4.5,1
8,0,29,0,1488,26,6,6,2,1,2,30,200.157,1
0,1,3,3,3138,75,4,15,4,1,1,25,0.0,1
0,0,36,0,5013,79,0,13,2,1,1,25,229.14,0
2,0,30,0,2486,71,7,29,3,1,2,25,0.0,1
15,0,42,3,9115,127,152,44,3,1,1,30,977.68,0
26,0,30,3,16480,243,1,78,2,1,1,25,757.035,0
0,0,36,0,3118,72,0,13,2,1,1,25,143.55,0
2,0,41,0,323,6,0,8,4,1,2,45,4.052,1
0,0,38,0,3493,78,5,30,2,1,1,25,183.195,0
12,1,32,0,5738,96,16,20,2,1,1,25,334.53,1
7,0,38,2,2823,30,37,2,2,1,2,55,194.406,1
28,0,13,0,3376,88,24,19,5,1,2,25,0.0,1
6,0,33,0,2875,36,11,17,2,1,2,25,180.495,1
4,0,12,0,6123,100,11,18,3,1,1,55,189.843,1
10,0,38,0,4198,66,1,35,1,1,1,15,240.02,0
0,0,24,0,1263,33,23,66,4,1,1,45,89.9,0
5,0,36,0,3893,60,0,33,1,1,1,15,217.415,0
9,1,4,0,6123,73,30,2,2,1,2,25,129.126,1
0,0,3,0,3172,17,39,10,3,1,1,45,212.284,1
7,0,40,1,2860,55,185,27,2,1,1,25,963.675,0
5,0,38,2,6785,103,22,23,5,1,1,55,136.32,0
0,0,23,0,0,0,10,0,4,1,2,45,25.0,0
0,0,38,0,2495,17,462,7,3,1,1,30,1948.48,0
12,0,39,0,938,0,2,8,2,1,2,45,242.794,1
10,0,32,0,4085,12,0,0,2,2,2,30,11.449,1
0,0,17,0,1115,12,26,7,3,1,2,30,79.658,1
22,0,23,2,9498,187,95,48,5,1,1,55,287.775,0
21,0,31,1,15475,228,0,65,2,1,1,25,706.635,0
0,0,35,0,3008,71,0,28,2,1,1,25,138.555,0
0,0,30,0,0,0,0,0,2,1,2,25,0.0,0
17,0,45,0,2787,98,0,22,4,1,1,30,192.051,1
0,1,42,3,6123,61,0,39,2,1,2,45,156.732,1
28,0,40,4,15200,228,59,34,3,1,1,30,853.12,0
6,0,36,0,3470,76,25,26,2,1,1,25,272.07,0
3,0,3,0,4672,100,9,5,2,1,1,45,0.0,1
9,0,38,0,2211,44,13,29,3,1,2,25,130.953,1
0,0,32,0,0,0,0,0,2,1,2,25,0.0,0
6,1,32,2,1315,42,201,12,3,2,1,30,858.28,1
20,0,37,3,14950,225,79,34,3,1,1,30,923.0,0
0,0,22,0,1690,17,12,0,2,1,2,30,12.669,1
3,1,37,0,1705,32,58,4,3,1,2,30,170.525,1
8,0,32,0,2188,42,24,27,3,1,2,30,185.2,1
0,0,33,0,1765,36,143,21,2,1,1,25,724.545,0
11,0,36,1,4740,87,7,23,3,1,1,30,221.08,0
0,0,10,0,2762,24,3,5,2,1,2,25,0.0,1
5,1,38,0,6123,100,0,0,2,1,2,30,80.078,1
18,0,45,3,7283,91,130,45,2,1,1,25,916.83,0
6,0,13,3,2673,37,20,14,3,1,1,30,188.4,0
7,0,42,1,3978,92,17,34,3,1,1,30,230.8,0
0,0,35,0,7013,120,368,38,2,1,1,25,1976.985,0
9,0,37,0,15485,182,150,30,2,1,1,25,1380.015,0
5,0,35,0,2148,54,352,22,2,1,1,25,1683.09,0
27,0,39,1,3893,100,7,48,2,1,1,25,0.0,1
7,0,31,0,4615,9,6,39,2,1,2,45,0.0,1
0,1,31,0,777,57,29,29,3,1,2,30,198.249,1
0,0,3,0,2384,68,30,0,3,1,1,55,110.973,1
0,0,40,0,2379,60,5,4,3,1,1,30,130.408,1
11,0,13,0,3003,17,7,7,3,1,1,30,34.37,1
30,0,40,4,15445,231,61,34,3,1,1,30,871.04,0
5,0,38,0,2043,40,37,33,3,1,2,30,231.32,1
0,1,21,0,2831,28,4,0,4,1,2,25,152.872,1
0,0,33,0,1605,41,33,18,3,1,2,30,197.84,0
0,0,7,0,428,59,50,15,3,1,2,25,0.0,1
2,0,29,0,6705,95,4,18,4,1,1,45,180.0,0
0,0,23,0,3165,58,3,21,3,1,1,30,140.92,0
5,1,36,4,625,17,5,35,3,1,2,25,111.445,1
0,0,45,0,1471,62,0,11,2,1,2,45,0.0,1
4,0,22,0,3125,19,23,5,3,1,2,30,0.0,1
0,0,38,2,4676,26,11,2,3,1,1,30,227.242,1
4,1,12,2,1889,42,1,4,2,1,2,30,254.459,1
2,0,35,0,6123,74,3,25,2,1,2,25,69.728,1
1,1,38,2,518,78,27,20,3,1,2,45,0.489,1
5,0,38,1,3778,85,7,30,3,1,1,30,182.52,0
0,0,25,0,1378,39,55,70,4,1,1,45,172.925,0
0,1,32,0,3003,24,14,12,5,1,1,30,0.0,1
0,0,29,0,6943,111,362,35,2,1,1,25,1946.43,0
1,1,32,0,2743,11,10,42,3,2,1,55,53.839,1
12,1,11,4,2393,35,28,24,3,1,1,30,209.12,1
19,0,17,1,9427,178,89,45,5,1,1,55,277.575,0
8,0,35,1,8810,115,137,41,3,1,1,30,905.0,0
3,0,34,0,2280,37,275,14,3,1,1,30,1192.68,0
14,0,40,3,7515,103,201,28,3,1,1,30,1108.72,0
4,0,26,0,1200,30,161,7,2,2,1,25,779.85,0
5,1,42,0,2881,0,7,21,3,1,2,25,188.952,1
5,0,36,1,0,72,59,1,4,1,2,45,52.344,1
21,1,29,0,3549,52,27,23,3,1,2,25,98.886,1
0,1,10,0,6123,67,13,2,3,1,2,25,42.497,1
25,0,34,8,10660,97,7,40,5,1,1,55,171.855,0
15,0,11,0,1245,13,5,1,4,1,2,25,166.015,1
4,0,26,0,1568,39,30,68,4,1,1,45,115.175,0
13,0,46,2,2958,74,24,41,2,1,1,25,244.44,0
0,1,8,0,1484,100,26,0,3,1,1,30,0.037,1
3,1,39,2,1931,13,16,10,3,1,2,30,50.813,1
6,0,38,0,6079,71,70,6,3,1,2,45,37.008,1
7,0,27,0,100,15,0,3,2,1,2,25,5.175,0
12,0,15,0,8932,171,73,40,4,1,1,45,410.075,0
5,0,36,0,873,10,11,4,4,1,2,45,49.575,1
10,1,35,0,2673,49,35,29,3,1,2,30,248.88,1
0,1,39,2,6123,42,7,0,3,1,2,30,94.51,1
0,0,31,0,6725,94,9,20,4,1,1,45,192.975,0
0,0,36,0,4020,76,0,20,3,1,1,30,163.84,0
29,1,40,2,1278,8,5,0,2,1,1,25,100.4,1
12,0,37,0,3105,46,7,15,3,1,2,30,154.04,1
20,1,33,0,1164,23,23,25,3,1,1,25,3.661,1
1,0,5,0,4310,38,205,6,3,1,1,30,993.92,0
2,1,34,0,2137,26,0,16,4,1,1,30,197.461,1
13,1,34,0,2493,48,31,29,3,1,2,30,225.64,1
12,0,39,1,4705,83,7,23,3,1,1,30,219.52,0
4,0,19,0,193,51,14,10,3,1,2,30,50.055,1
0,0,35,0,0,0,0,0,2,1,2,25,0.0,0
11,0,27,0,700,25,10,7,2,1,2,25,77.625,0
19,1,39,1,3241,13,7,7,4,1,1,55,0.0,1
15,0,36,0,1526,17,12,5,4,1,2,55,105.569,1
9,0,45,0,2662,0,0,5,3,1,1,25,0.0,1
7,0,36,1,8405,110,119,43,3,1,1,30,816.6,0
1,1,45,0,6123,100,21,0,4,1,1,30,45.426,1
18,0,24,1,15770,226,0,77,2,1,1,25,719.82,0
6,0,32,1,2825,49,167,19,2,1,1,25,880.83,0
0,1,30,0,604,73,10,0,3,1,2,25,987.255,1
0,1,32,0,2062,74,50,2,2,1,1,45,19.814,1
9,0,40,1,2665,45,292,20,3,1,1,30,1276.4,0
6,0,39,2,294,14,42,0,3,1,2,25,71.28,1
0,0,37,0,0,0,0,0,2,1,2,25,0.0,0
1,1,37,0,1227,73,9,18,2,1,2,45,1.428,1
33,1,38,0,1820,25,5,0,3,1,2,25,28.336,1
5,1,7,0,3779,72,73,4,2,1,2,30,71.079,1
16,0,44,2,4583,74,18,41,1,1,1,15,355.135,0
20,0,18,0,4321,20,1,0,4,1,1,30,196.574,1
3,0,37,0,2278,52,0,29,1,1,1,15,128.15,0
20,0,41,1,1280,55,1,0,2,1,2,30,70.214,1
8,0,38,0,2085,56,77,26,4,1,2,45,246.025,0
0,0,45,1,2910,14,61,0,3,1,2,45,168.329,1
15,0,40,1,4503,72,8,37,1,1,1,15,295.625,0
2,0,44,0,318,11,15,5,3,1,2,30,73.16,0
7,0,33,0,6638,73,98,33,2,1,1,25,742.995,0
13,0,37,2,9115,121,144,43,3,1,1,30,945.44,0
5,1,41,4,1331,20,12,0,3,2,2,25,285.376,1
4,0,35,0,237,21,2,14,5,1,2,45,269.846,1
7,0,37,0,3908,82,7,26,2,1,1,25,211.05,0
25,0,39,0,4498,58,4,9,2,1,2,25,0.0,1
9,0,28,1,1873,45,37,70,5,1,1,55,84.27,0
5,0,32,0,11465,148,3,46,3,1,1,30,476.52,0
0,0,3,0,4085,28,200,7,2,1,1,25,1085.085,0
4,0,17,1,6123,68,0,0,2,1,2,30,0.0,1
34,0,44,4,6123,72,38,12,3,1,2,25,257.386,1
5,0,26,0,1070,13,23,3,4,1,2,45,84.575,0
2,0,38,0,1546,73,37,43,3,1,1,45,769.783,1
7,0,33,0,2921,100,0,12,3,1,1,25,40.889,1
30,1,6,0,1976,11,26,42,2,1,1,30,191.186,1
14,0,40,2,3835,85,37,30,3,2,1,30,304.8,0
0,0,30,0,11160,142,0,44,3,1,1,30,452.08,0
10,0,40,1,2888,65,18,38,2,1,1,25,213.885,0
5,0,35,0,1015,14,12,9,2,1,2,25,100.305,0
1,0,8,1,1391,25,8,42,3,1,2,45,105.158,1
1,0,44,1,4102,41,31,6,2,1,2,25,67.561,1
7,0,31,0,1150,8,61,1,3,1,1,25,173.142,1
7,0,31,0,2062,19,5,8,3,1,2,45,0.0,1
0,0,29,0,0,0,0,0,3,1,2,30,0.0,1
0,1,4,1,588,23,9,4,2,1,2,30,0.0,1
11,0,37,0,2970,53,150,21,2,1,1,25,811.035,0
4,0,27,1,1683,45,62,72,5,1,1,55,118.92,0
7,1,37,0,1693,100,24,20,4,1,2,25,179.608,1
13,0,39,0,4560,71,7,15,2,1,1,25,239.895,0
0,0,36,0,133,2,0,2,3,1,2,30,5.4,1
1,0,38,0,6123,25,11,3,2,1,1,30,304.756,1
0,0,35,0,7393,122,386,44,2,1,1,25,2075.175,0
6,0,7,1,4615,44,212,8,3,1,1,30,1034.36,0
11,0,33,0,4023,0,56,7,4,1,1,45,101.332,1
0,0,33,1,6123,67,14,11,2,1,1,30,51.658,1
0,0,32,0,2725,17,2,15,3,1,1,30,117.68,0
8,0,31,1,8855,111,129,37,3,1,1,30,874.64,0
0,0,38,0,0,0,4,0,2,1,2,25,18.0,1
5,0,35,0,1855,45,47,23,3,1,2,30,264.0,0
0,1,38,0,403,3,12,6,4,1,2,45,40.15,1
15,1,21,0,3855,54,12,6,3,1,2,45,186.359,1
7,1,44,1,2460,18,3,2,3,1,1,30,148.945,1
5,1,11,1,1193,15,7,2,3,1,1,30,76.32,1
25,0,38,3,15140,225,54,32,3,1,1,30,830.6,0
4,0,45,0,1355,27,11,1,2,1,2,25,987.255,1
8,0,38,1,2163,32,16,11,4,1,1,45,94.875,0
0,1,33,0,0,0,0,0,2,1,2,25,0.0,1
1,0,16,1,1588,0,7,15,2,1,1,30,32.322,1
5,0,39,0,305,6,7,2,2,1,2,25,45.495,1
1,0,28,0,6785,91,6,21,4,1,1,45,186.9,0
5,0,35,0,6603,70,110,38,2,1,1,25,795.285,0
0,0,27,1,6660,104,256,30,2,2,1,25,1456.38,0
3,0,39,2,1233,5,50,2,3,1,1,45,58.439,1
5,0,34,0,4039,83,73,19,2,1,1,30,0.0,1
7,0,36,0,3433,21,31,8,2,1,2,25,329.844,1
9,0,30,1,3710,75,26,30,3,1,1,30,255.4,0
2,0,33,0,308,23,14,13,3,1,1,45,77.2,1
21,1,40,2,6123,52,33,32,3,1,2,30,0.0,1
2,0,41,0,1052,22,5,0,3,1,2,25,0.0,1
2,0,21,0,860,23,7,9,2,1,1,25,71.235,0
3,1,39,0,0,31,65,5,3,1,2,30,85.331,1
5,0,22,0,805,20,0,7,1,1,1,15,45.375,0
2,0,36,3,6740,112,274,35,2,2,1,25,1541.34,0
0,1,16,0,2532,9,0,27,3,1,2,30,376.73,1
15,0,18,1,5987,136,67,44,2,2,1,25,577.035,0
3,0,14,2,2547,39,24,17,3,1,1,30,199.44,0
7,0,35,2,5186,0,59,3,3,1,2,30,223.932,1
23,0,18,0,4126,18,12,0,3,1,1,25,0.0,1
8,1,30,1,1912,63,58,13,4,1,1,30,93.372,1
0,0,32,0,6075,86,0,22,4,1,1,45,154.025,0
0,1,42,0,3964,57,0,0,2,1,1,25,337.874,1
1,0,36,0,2615,71,36,16,3,1,1,25,185.029,1
0,0,36,1,338,4,4,2,5,1,1,55,11.13,0
4,1,8,0,856,13,28,21,2,1,2,25,164.101,1
12,0,40,3,3298,74,30,50,2,1,1,25,286.74,0
5,1,23,1,4081,0,33,22,4,1,1,30,190.133,1
17,0,25,0,1423,50,33,10,3,1,1,45,184.174,1
13,0,16,0,598,100,10,2,3,1,2,25,0.0,1
23,0,36,8,10625,94,10,45,5,1,1,55,175.785,0
4,0,36,0,13713,166,0,42,3,1,1,30,555.16,0
4,0,31,0,3993,29,38,18,4,1,1,30,128.983,1
22,0,29,2,15960,233,2,81,2,1,1,25,737.685,0
9,0,19,0,2231,33,0,3,2,1,2,30,0.0,1
0,0,40,0,2168,54,5,35,1,1,1,15,149.71,0
24,0,40,0,859,33,13,0,4,1,2,25,175.539,1
0,0,3,0,2318,100,9,1,3,1,2,30,99.081,1
9,0,32,2,581,49,15,26,2,1,2,25,1.841,1
15,0,45,2,4675,83,20,20,3,1,1,30,270.32,0
2,0,38,0,710,14,13,8,3,1,2,30,80.96,0
0,0,33,0,3538,74,0,23,2,1,1,25,162.54,0
8,0,39,0,2583,58,7,31,1,1,1,15,183.755,0
7,0,38,0,2485,49,161,10,2,1,1,25,838.53,0
12,0,19,1,6168,137,88,44,1,2,1,15,830.775,0
1,0,32,2,6660,110,264,31,2,2,1,25,1492.65,0
0,0,3,1,1389,80,0,11,4,1,1,30,105.907,1
0,0,12,1,2488,36,19,15,3,1,1,30,176.96,0
29,1,34,0,1665,58,24,17,3,1,2,30,164.92,1
1,0,21,0,3145,59,0,19,3,1,1,30,128.16,0
1,0,34,0,630,12,3,4,2,1,2,25,42.39,0
0,0,36,0,2055,33,278,16,3,1,1,30,1195.52,0
0,0,38,0,0,0,0,0,2,1,2,25,0.0,0
23,1,33,0,955,47,16,17,2,1,2,25,117.09,1
2,0,9,0,3412,16,0,0,2,1,2,30,0.0,1
13,0,11,0,2464,0,8,4,3,1,1,45,73.117,1
0,0,33,0,1550,39,40,21,3,1,2,30,223.56,0
27,0,31,0,4102,67,0,0,3,1,2,30,355.558,1
0,0,32,0,6015,72,168,19,3,1,1,30,915.48,0
11,0,14,0,2607,64,3,0,3,1,1,25,13.707,1
2,0,11,0,6123,18,55,0,3,1,1,30,0.0,1
7,0,35,0,2338,55,361,25,2,1,1,25,1732.185,0
0,0,23,0,4563,10,28,18,2,1,2,25,7.081,1
4,0,3,3,379,22,23,1,3,1,1,25,0.0,1
17,1,41,3,3826,100,41,24,3,1,2,30,112.085,1
1,0,37,2,4200,79,6,12,3,1,2,25,0.0,1
0,1,3,4,2316,77,27,0,4,1,1,30,67.922,1
12,0,45,0,3918,12,4,33,3,1,2,30,197.156,1
4,0,34,0,2675,63,191,10,2,1,1,30,48.335,1
23,0,28,3,15895,230,0,75,2,1,1,25,725.625,0
19,0,46,0,2803,70,30,25,4,1,2,45,146.825,0
2,0,36,0,818,8,18,7,4,1,2,45,65.65,1
5,0,27,0,2930,57,7,10,3,1,1,30,147.48,0
5,0,20,1,1400,22,14,2,2,1,1,25,126.99,0
7,0,44,0,803,19,25,11,3,1,2,30,132.88,0
0,0,12,0,1125,68,4,16,2,1,1,25,407.649,1
5,0,35,0,13593,161,0,39,3,1,1,30,550.16,0
11,0,15,0,6088,135,78,40,1,2,1,15,771.265,0
8,1,26,0,6123,22,1,30,2,1,2,25,824.295,1
3,0,12,0,6123,17,44,10,3,1,1,30,0.0,1
28,1,29,0,6123,95,65,2,3,1,2,45,51.257,1
0,0,34,0,1875,37,147,6,2,1,1,25,747.54,0
27,0,34,0,1332,12,32,0,4,1,1,30,50.083,1
0,1,32,0,2704,30,9,14,3,1,2,25,213.409,1
10,0,42,0,6123,28,32,10,2,1,1,30,84.422,1
6,0,39,2,6615,91,184,25,3,1,1,30,1004.24,0
5,0,3,0,244,8,10,11,2,1,2,25,113.722,1
16,0,45,0,2543,66,23,20,4,1,2,45,122.725,0
7,0,37,1,2485,37,281,15,3,1,1,30,1224.88,0
0,0,36,0,0,0,0,0,2,1,2,25,0.0,0
8,0,37,1,6718,75,108,37,2,1,1,25,791.685,0
0,0,36,0,2088,52,0,31,1,1,1,15,117.7,0
16,0,38,2,5878,101,31,26,2,1,1,25,408.555,0
10,1,35,0,4235,18,15,0,3,1,2,45,119.43,1
0,0,32,0,2033,20,15,16,4,1,2,30,75.283,1
5,0,35,1,305,6,7,2,5,1,1,55,15.165,0
10,1,41,0,2723,51,4,23,3,1,1,45,26.242,1
3,0,15,0,2413,56,159,8,2,1,2,45,291.406,1
12,0,25,1,1470,35,21,13,2,1,1,25,162.225,0
18,1,15,1,2931,38,0,10,4,1,1,25,91.594,1
3,0,36,0,623,5,6,5,2,1,2,25,55.26,0
0,0,4,0,3905,26,197,3,3,1,1,30,945.24,0
8,0,42,0,4325,75,13,21,3,1,1,30,228.0,0
0,0,34,0,323,1,2,2,4,1,2,45,13.1,1
16,1,36,1,2515,77,50,34,2,1,2,25,269.286,1
0,0,45,0,1040,21,0,1,4,2,2,30,0.0,1
34,1,15,0,886,16,18,8,3,1,2,30,143.03,1
0,0,19,0,520,4,6,2,4,1,2,45,28.1,0
0,1,6,0,1068,7,0,1,2,1,1,25,48.375,1
9,1,38,0,2238,54,8,17,3,1,2,30,123.68,0
1,1,17,0,1414,63,14,5,2,1,2,30,245.47,1
28,0,3,0,2787,16,32,0,2,1,1,25,10.707,1
2,0,31,0,1266,26,7,0,3,1,2,45,115.643,1
4,0,41,0,3146,2,10,21,2,1,2,25,263.308,1
10,0,40,1,6898,83,119,42,2,1,1,25,849.645,0
20,0,40,0,1217,0,0,16,2,1,2,25,0.0,1
0,0,38,0,990,20,32,15,2,1,2,25,189.45,0
0,1,3,0,2881,97,8,14,2,1,1,30,0.0,1
18,0,38,2,6123,104,33,26,2,1,1,25,428.715,0
6,0,42,0,518,10,17,8,3,1,2,30,89.12,1
5,0,27,0,1015,10,7,2,4,1,2,45,43.125,0
12,0,9,0,2136,100,11,27,3,1,1,25,0.0,1
0,0,8,0,3680,29,190,10,3,1,1,30,908.36,0
0,0,32,0,2008,50,0,27,1,1,1,15,113.19,0
5,0,41,0,870,23,19,26,2,1,1,25,0.673,1
14,0,38,0,2680,61,53,22,4,1,2,45,201.025,0
10,0,42,0,4153,70,9,39,1,1,1,15,281.765,0
6,0,14,2,0,9,32,0,4,1,2,25,30.773,1
7,0,35,1,7733,131,381,41,3,1,1,30,1838.56,0
34,0,35,1,494,50,7,10,2,1,2,30,62.306,1
1,0,30,1,6605,89,3,17,5,1,1,55,104.91,0
6,1,31,0,5333,84,8,17,2,1,1,25,279.765,1
0,0,29,0,1363,13,0,3,3,1,1,30,55.04,0
14,0,43,3,7103,83,125,43,2,1,1,25,885.87,0
0,0,37,0,3593,84,6,31,2,1,1,25,192.465,0
7,0,35,0,5108,87,1,24,2,1,1,25,238.275,1
4,0,39,0,918,15,28,19,3,1,2,30,149.32,0
5,1,3,0,1751,0,45,30,3,1,1,25,119.346,1
3,0,13,2,4470,42,225,14,3,1,1,30,1080.48,0
4,0,37,0,3488,55,0,35,1,1,1,15,194.865,0
9,0,42,0,6123,100,0,23,4,1,2,30,92.272,1
2,0,33,0,1753,40,0,10,3,1,2,30,71.72,0
23,0,38,3,14895,222,52,32,3,1,1,30,812.68,0
1,0,31,0,11080,146,0,41,3,1,1,30,449.04,0
17,1,42,4,727,17,0,10,4,1,2,30,90.2,1
0,0,35,0,2080,10,451,6,3,1,1,30,1887.6,0
18,0,45,3,4080,94,47,31,3,1,1,30,354.96,0
6,0,43,0,385,8,17,6,2,1,2,25,94.185,1
9,0,38,1,8218,138,392,43,3,1,1,30,1902.24,0
7,0,41,1,11420,158,19,51,4,1,1,45,336.95,0
9,0,38,1,2840,56,180,25,2,1,1,25,940.32,0
5,0,40,0,7688,135,395,48,2,1,1,25,2129.535,0
9,0,43,2,4023,94,17,31,3,1,1,30,232.68,0
1,0,39,0,2984,76,14,26,4,1,2,30,39.264,1
8,0,41,1,2153,39,18,13,4,1,1,45,99.8,0
0,0,3,0,2847,20,2,2,2,1,1,30,111.181,1
3,1,41,0,605,80,11,4,4,1,2,45,23.191,1
0,0,24,0,663,23,2,51,4,1,1,45,22.15,0
5,0,40,0,415,10,7,2,3,1,2,30,45.0,0
3,0,35,0,1665,44,38,20,3,1,2,30,220.36,0
0,0,44,0,3689,52,13,10,3,1,2,25,0.0,1
1,1,42,0,0,26,42,9,3,1,2,30,0.0,1
17,0,20,0,1397,16,0,1,3,1,1,25,329.651,1
10,0,37,0,2453,60,359,24,3,1,1,30,1536.52,0
0,0,35,0,0,0,0,0,2,1,2,25,0.0,0
7,0,38,0,832,17,80,33,3,1,2,30,0.0,1
7,0,29,0,475,21,13,9,2,1,2,25,80.82,0
0,1,34,0,323,1,2,2,4,1,2,45,13.1,1
9,1,40,2,3541,66,20,5,3,1,2,30,0.0,1
3,0,9,1,1488,19,0,7,3,1,1,30,60.28,1
10,1,45,1,4745,55,40,5,3,1,2,30,44.019,1
7,0,31,0,1332,9,7,17,5,1,1,30,53.677,1
7,1,45,0,4181,0,64,27,4,1,2,25,57.659,1
0,0,38,0,1760,29,264,3,3,1,1,30,1127.56,0
0,0,45,3,0,23,62,7,3,1,2,30,159.146,1
11,0,45,0,1626,50,13,7,4,2,1,25,0.0,1
2,0,38,0,2170,38,276,15,3,1,1,30,1192.32,0
7,0,38,1,6313,70,90,39,2,1,1,25,692.235,0
0,0,45,4,6123,67,20,19,2,1,2,25,288.816,1
0,0,29,1,1090,32,196,13,2,2,1,25,932.49,0
34,0,12,2,4547,0,42,0,3,1,2,30,213.698,1
17,0,44,0,4176,25,8,3,2,1,1,30,0.0,1
30,0,40,4,15445,231,61,34,3,2,1,30,871.04,0
0,1,41,0,6123,25,0,6,2,1,1,25,12.759,1
14,0,43,1,15745,192,165,36,2,1,1,25,1459.665,0
6,1,41,0,2576,28,12,0,2,1,2,45,0.0,1
0,0,36,0,13278,162,0,39,3,1,1,30,537.6,0
0,0,40,0,2888,100,45,9,2,1,2,30,0.0,1
11,1,44,0,359,44,57,28,4,1,1,25,168.759,1
25,1,33,0,1200,50,18,17,3,1,2,30,122.0,1
11,0,15,4,2978,43,27,16,3,1,1,30,228.84,0
0,0,37,0,1440,40,41,22,3,1,2,30,223.2,0
22,0,29,0,875,45,6,13,2,1,2,25,68.4,1
14,0,17,1,6202,140,76,39,2,2,1,25,627.39,0
12,0,11,1,8978,167,65,36,4,1,1,45,391.125,0
3,0,43,1,938,62,41,19,2,1,2,55,50.861,1
0,0,7,0,4059,23,0,0,2,1,2,25,64.653,1
3,0,37,0,1711,32,7,4,4,1,2,30,93.752,1
0,0,24,0,0,0,0,0,4,1,2,45,0.0,0
5,0,35,0,2390,31,0,1,3,1,2,30,96.84,1
11,0,41,3,6865,95,198,30,3,1,1,30,1070.4,0
2,1,41,0,1130,99,15,0,2,1,1,30,70.012,1
0,0,38,1,2992,72,0,0,4,1,1,30,0.0,1
12,0,15,1,5073,40,13,29,3,1,1,25,39.665,1
21,0,37,0,1877,68,13,28,3,1,2,45,0.0,1
14,0,46,3,3660,43,505,16,4,1,1,45,1355.075,0
3,0,39,0,2475,53,176,22,2,1,1,25,905.76,0
14,1,37,0,3295,47,16,18,3,1,2,30,197.68,1
10,1,35,0,2919,74,31,1,3,1,1,30,164.661,1
4,0,42,2,2807,66,6,0,2,1,2,25,77.909,1
5,1,45,0,3846,60,9,4,2,1,2,25,103.544,1
25,1,14,0,4234,74,33,4,4,1,2,25,5.909,1
0,1,35,0,2759,59,0,1,2,1,1,25,81.554,1
6,0,39,1,7568,130,389,45,3,1,1,30,1863.92,0
6,0,40,0,2735,57,183,27,2,1,1,25,949.14,0
14,0,26,0,825,23,7,4,3,1,2,30,61.92,0
21,0,34,0,832,63,1,3,4,1,2,25,274.048,1
8,0,20,0,1225,26,11,12,2,1,1,25,105.795,0
4,0,19,3,2596,48,0,9,4,2,1,30,0.0,1
1,0,6,0,647,64,37,0,3,1,2,25,267.761,1
8,0,41,2,11545,156,21,51,4,1,1,45,345.025,0
2,1,43,1,1170,40,0,1,4,1,1,30,95.716,1
0,0,34,2,4294,30,0,0,4,1,1,30,0.0,1
1,0,7,1,3289,17,9,11,2,1,1,45,0.0,1
0,0,31,0,6290,90,0,17,4,1,1,45,159.5,0
4,1,29,2,1668,17,0,13,2,1,1,25,66.345,1
4,0,37,0,1475,24,21,26,2,1,2,25,161.955,0
0,0,3,1,2433,60,20,13,2,1,1,30,88.404,1
9,1,39,0,6123,12,0,0,3,1,2,30,122.828,1
19,1,44,0,2833,60,56,39,4,1,2,45,212.325,1
6,0,25,0,395,19,3,5,2,1,2,25,32.13,0
15,0,42,2,14138,178,12,48,3,1,1,30,620.64,0
3,1,40,1,4996,73,7,0,2,1,2,45,53.367,1
12,1,17,0,4006,23,29,20,3,1,2,30,40.957,1
6,0,9,0,8548,163,56,34,4,1,1,45,357.775,0
4,1,23,0,1051,14,16,5,2,1,2,25,5.377,1
3,0,11,0,3831,64,6,17,3,1,1,30,9.783,1
2,1,34,0,4377,48,0,0,3,1,2,25,269.893,1
9,0,33,0,3085,53,174,24,2,1,1,25,924.21,0
9,0,41,1,5590,100,74,10,2,1,2,25,145.217,1
11,1,38,0,3170,49,20,21,3,1,2,30,208.76,1
5,0,34,2,3440,32,21,29,3,1,1,30,222.88,0
13,0,18,4,3157,51,38,21,3,1,1,30,280.32,0
8,0,38,2,2960,49,306,33,3,1,1,30,1344.36,0
2,0,37,2,815,11,1,3,3,1,2,30,130.839,1
23,0,35,1,4400,19,33,31,3,1,1,25,0.0,1
0,0,34,0,955,33,13,20,3,1,2,30,91.52,0
0,0,37,0,2674,65,55,11,3,1,1,30,0.0,1
21,0,42,0,640,100,3,5,5,1,2,25,0.0,1
0,1,43,1,4549,72,9,5,2,1,1,25,10.313,1
9,1,22,0,1055,66,77,0,3,1,2,25,69.476,1
2,0,42,0,747,88,11,0,4,1,2,25,155.577,1
4,0,38,1,3095,27,483,8,3,1,1,30,2056.88,0
5,0,37,1,6745,89,188,26,3,1,1,30,1025.36,0
17,0,27,1,1720,39,35,18,2,1,1,25,236.655,0
10,0,15,0,427,51,0,6,4,1,2,25,0.0,1
5,0,34,0,755,10,7,4,3,1,2,30,58.6,0
8,0,16,3,2852,45,31,19,3,1,1,30,239.88,0
2,1,13,0,1023,10,31,32,3,1,1,30,167.554,1
0,1,20,2,3861,30,1,18,3,1,2,25,106.065,1
3,0,33,0,933,7,8,5,4,1,2,45,43.5,1
0,0,34,0,0,0,0,0,2,1,2,25,0.0,1
18,0,34,7,10375,90,0,40,4,1,1,45,261.625,0
1,0,33,0,4134,38,1,0,4,1,2,25,23.391,1
2,0,38,1,2920,24,10,18,3,1,1,30,157.76,0
2,0,37,3,770,45,15,0,3,1,2,30,183.521,1
9,0,44,0,2755,53,10,14,2,1,2,25,51.559,1
6,0,38,1,1973,31,7,8,4,1,1,45,67.6,0
14,0,40,2,5010,90,18,30,3,1,1,30,276.0,0
28,1,17,0,1075,24,12,6,3,1,2,25,0.0,1
31,1,34,0,1403,75,13,26,2,1,1,30,60.695,1
5,1,41,0,1024,21,27,30,3,1,2,30,79.482,1
13,0,18,0,4414,51,71,9,5,1,2,25,365.178,1
6,0,33,1,6123,100,69,8,4,1,1,25,102.671,1
0,1,33,0,2782,92,26,8,2,1,2,30,0.0,1
1,1,45,0,3876,29,0,0,3,1,2,30,9.821,1
17,0,39,2,3795,70,190,25,2,1,1,25,1028.925,0
14,0,37,2,3900,80,28,25,3,1,1,30,271.2,0
9,0,39,0,3793,61,0,37,1,1,1,15,211.97,0
2,0,35,0,11160,148,4,45,3,1,1,30,468.32,0
23,0,37,1,1807,44,42,17,2,1,1,30,0.0,1
5,0,17,1,1820,24,24,11,3,1,1,30,169.76,0
14,0,22,0,1192,20,5,4,2,1,2,25,24.067,1
11,1,34,0,960,18,10,18,3,1,2,30,0.0,1
0,0,36,0,890,14,4,6,2,1,1,25,0.0,1
14,0,43,2,5000,97,20,32,3,1,1,30,283.88,0
12,0,31,3,1680,45,205,15,3,2,1,30,889.0,0
5,0,33,1,6975,98,23,25,5,1,1,55,140.595,0
5,0,33,0,1029,25,204,18,3,1,2,30,191.758,1
15,0,43,1,4855,85,23,24,3,1,1,30,289.6,0
0,0,35,0,0,0,0,0,2,1,2,25,0.0,1
24,0,40,4,10130,138,159,45,3,1,1,30,1046.72,0
6,0,24,0,280,13,0,1,2,1,2,25,13.185,0
30,0,33,4,16380,244,7,82,2,2,1,25,779.58,0
4,0,32,0,3813,58,0,29,1,1,1,15,212.905,0
1,0,43,0,3038,24,26,0,3,1,2,30,0.0,1
9,0,45,0,1389,18,10,10,2,1,2,25,260.107,1
3,0,7,0,925,84,66,17,3,1,1,30,106.845,1
0,0,28,0,6300,83,0,15,4,1,1,45,159.575,0
2,0,14,0,1525,68,9,13,3,1,2,30,0.0,1
0,1,28,0,0,0,0,0,4,1,1,45,0.0,1
11,0,45,2,2665,51,300,21,4,1,1,45,817.9,0
13,0,38,3,9230,127,176,47,3,1,1,30,1078.28,0
5,0,39,0,15260,178,153,32,2,1,1,25,1383.21,0
6,0,35,0,3355,70,0,22,2,1,1,25,154.125,0
6,0,33,2,6850,110,239,29,2,2,1,25,1388.7,0
6,0,39,2,2088,37,39,12,4,1,1,45,150.625,0
7,0,41,0,2614,29,8,23,4,1,2,30,25.927,1
5,0,36,1,305,6,7,2,5,1,1,55,15.165,0
17,0,39,4,1961,70,15,0,4,1,2,30,25.224,1
5,1,45,1,476,22,11,23,3,1,1,45,56.06,1
0,0,22,1,1343,23,7,26,3,1,2,45,252.942,1
12,0,26,0,1105,30,11,5,2,1,2,25,100.575,0
10,0,37,0,5693,100,30,27,2,1,1,25,395.685,1
0,0,25,0,1903,20,165,8,2,2,1,25,829.035,0
0,1,30,0,0,0,0,0,4,1,2,45,0.0,1
18,0,32,0,765,47,41,19,3,1,2,30,196.48,1
10,0,38,1,4615,74,7,17,3,1,1,30,215.56,0
2,0,45,0,2967,20,47,29,5,1,2,25,90.152,1
11,0,20,3,2600,42,56,31,3,1,1,30,329.68,0
0,0,19,0,2369,22,0,3,3,1,2,30,267.124,1
14,0,29,0,815,30,8,6,3,1,2,30,65.8,0
0,0,44,0,1121,3,39,13,3,1,1,30,0.0,1
0,0,34,0,0,0,0,0,5,1,1,55,0.0,0
5,0,35,0,6490,93,7,9,5,1,1,55,109.245,0
10,1,38,0,2750,19,2,32,3,1,1,25,454.704,1
7,0,43,1,2286,60,2,5,4,1,2,30,957.785,1
3,0,15,3,2663,45,56,21,3,1,1,30,332.32,0
13,0,22,0,1530,32,18,14,2,1,1,25,151.29,0
5,1,9,1,1733,22,7,7,3,1,1,30,98.2,1
13,0,41,2,9070,125,152,47,3,1,1,30,975.8,0
14,0,24,0,1005,25,9,8,2,1,2,25,86.85,0
4,1,40,1,2251,1,7,11,2,1,1,45,86.597,1
0,0,25,0,6220,81,0,14,4,1,1,45,157.525,0
7,0,31,0,1310,24,39,10,4,1,2,45,130.85,0
0,0,36,0,0,0,0,0,3,1,2,30,0.0,1
4,1,31,0,883,59,69,15,3,1,2,30,63.958,1
1,1,42,0,5489,6,15,35,3,1,2,30,27.035,1
15,1,32,3,2924,18,3,1,2,1,2,25,27.936,1
8,1,17,0,2767,78,10,3,3,1,2,30,110.912,1
9,0,43,1,13773,175,8,45,3,1,1,30,589.92,0
0,0,23,0,3110,56,10,24,3,1,1,30,166.64,0
20,0,42,3,9600,135,162,50,3,1,1,30,1037.4,0
5,0,28,0,1130,16,28,5,4,1,2,45,98.65,0
0,1,34,0,0,0,0,0,2,1,2,25,0.0,1
5,0,40,0,825,19,11,7,3,1,2,30,77.76,0
8,0,39,0,3650,84,36,31,2,1,1,25,330.03,0
8,0,25,1,1540,40,190,9,3,2,1,30,823.2,0
0,0,3,0,3683,37,204,22,4,1,2,30,1.168,1
1,0,40,2,418,6,14,6,5,1,1,55,27.36,0
1,0,39,0,6123,8,0,0,2,1,2,25,68.603,1
22,0,31,0,2456,30,7,21,4,1,2,30,394.465,1
0,0,36,0,2333,55,0,31,1,1,1,15,131.34,0
11,0,38,3,4543,60,15,7,3,1,1,30,0.0,1
10,0,37,0,4153,66,6,2,3,1,2,45,319.912,1
5,0,40,0,305,6,7,2,2,1,2,25,45.495,0
1,0,21,0,6123,3,6,17,3,1,2,45,275.208,1
0,0,39,0,318,5,7,4,2,1,2,25,46.035,0
1,0,24,0,1453,34,32,69,4,1,1,45,117.175,0
0,0,38,1,2876,10,3,28,3,1,1,25,132.54,1
5,0,21,1,3270,57,7,19,3,1,1,30,161.08,0
16,0,40,2,4080,88,39,30,3,1,1,30,322.72,0
2,1,34,0,2921,39,22,6,3,1,2,45,185.619,1
10,0,15,0,8688,168,71,40,4,1,1,45,398.9,0
5,0,18,0,3837,68,70,14,2,1,2,30,0.0,1
2,0,9,0,1968,69,4,7,2,1,2,25,0.0,1
18,0,31,1,14835,213,39,29,2,1,1,25,852.66,0
8,0,12,3,2898,41,23,15,3,1,1,30,209.56,0
9,0,31,0,3565,60,82,19,3,1,1,25,77.863,1
13,1,18,1,3676,5,13,10,5,1,2,30,145.22,1
0,0,38,0,4048,18,0,3,2,1,1,55,28.893,1
0,0,16,0,1580,21,30,15,2,1,1,25,207.045,0
15,0,29,0,590,38,4,13,2,1,2,25,46.26,1
0,1,34,0,2513,25,0,0,2,1,2,30,156.311,1
4,0,33,0,1848,32,0,25,3,1,2,30,75.2,1
9,1,38,1,1426,6,0,15,3,1,1,25,346.176,1
10,0,37,0,2757,76,1,5,3,1,2,25,0.0,1
6,0,18,2,2295,36,49,29,2,1,1,25,325.395,0
7,0,37,2,3220,25,479,5,3,1,1,30,2045.8,0
9,0,24,0,520,17,0,2,2,1,2,25,24.165,0
5,0,14,0,6123,68,9,20,2,1,2,25,0.0,1
8,1,43,2,2613,30,6,4,2,1,2,25,102.835,1
7,0,40,0,1015,20,20,10,3,1,2,30,121.4,0
14,1,40,0,2543,60,15,19,3,1,2,30,164.12,0
2,0,35,0,2383,100,0,0,3,1,2,30,59.749,1
0,0,29,0,2355,8,0,7,3,1,1,30,94.52,0
0,0,37,1,445,16,7,10,3,1,2,45,49.938,1
5,1,45,3,1002,20,21,0,3,1,2,30,217.681,1
13,0,10,0,1369,26,0,14,3,1,2,25,7.809,1
1,0,35,0,800,48,0,24,2,1,1,30,91.439,1
16,0,40,3,14678,185,28,61,3,1,1,30,706.52,0
0,1,38,1,1702,20,24,3,4,1,2,25,171.879,1
22,0,38,7,10140,89,7,29,5,1,1,55,163.935,0
6,0,10,0,594,100,72,2,3,1,1,25,0.0,1
7,1,16,0,3414,65,1,2,2,1,2,25,44.024,1
8,0,37,0,1970,50,45,22,3,1,2,30,260.8,0
23,1,36,0,1070,31,53,1,3,1,2,30,184.311,1
0,0,35,0,10970,147,0,42,3,1,1,30,444.68,0
0,0,34,0,695,6,0,6,2,1,2,25,31.545,0
7,0,38,1,4023,88,9,30,3,1,1,30,200.44,0
8,0,21,0,2957,5,6,28,4,1,2,30,206.325,1
4,0,36,1,3402,13,18,0,3,1,1,25,50.16,1
14,1,39,0,2428,54,7,15,3,1,2,30,127.28,0
2,1,36,0,6123,27,61,0,2,1,1,55,0.0,1
8,0,43,2,1973,37,15,9,4,1,1,45,87.75,0
13,0,38,1,4020,85,34,28,3,1,1,30,300.2,0
22,1,39,5,10020,137,172,60,3,1,1,30,1094.28,0
5,0,19,0,965,22,4,7,2,1,1,25,62.415,0
0,1,10,0,1132,63,6,9,3,1,2,30,346.92,1
7,0,39,2,4138,94,41,34,3,1,1,30,333.28,0
0,0,37,0,1683,47,0,33,1,1,1,15,95.15,0
0,0,23,0,950,27,181,7,2,2,1,25,858.465,0
2,0,13,2,4681,9,55,16,2,1,2,30,111.012,1
1,0,26,0,2820,56,0,25,3,1,1,30,115.04,0
8,0,40,3,6920,98,225,32,4,1,1,45,737.95,0
1,1,20,0,1167,68,22,23,3,1,2,45,213.64,1
1,0,40,1,1140,41,4,8,2,1,2,30,0.0,1
2,0,43,0,2311,18,0,0,4,1,2,30,242.03,1
5,0,30,1,1648,41,40,72,4,1,1,45,142.225,0
5,0,33,1,2965,20,7,11,3,1,1,30,147.4,0
7,0,34,1,4560,79,7,21,3,1,1,30,213.56,0
0,0,35,0,7203,121,377,41,2,1,1,25,2026.08,0
1,0,34,1,6320,78,175,21,3,1,1,30,955.92,0
12,0,39,1,6628,106,15,12,3,1,1,30,329.36,0
6,0,39,1,7623,132,382,42,3,1,1,30,1838.2,0
7,0,16,0,688,47,204,17,3,1,1,45,0.0,1
4,0,36,0,2590,52,166,20,2,1,1,25,865.89,0
6,0,32,0,1970,44,37,21,3,1,2,30,228.56,0
0,0,7,0,4330,37,210,8,3,1,1,30,1014.68,0
6,0,38,0,4180,70,0,14,3,1,1,30,170.0,0
7,0,24,1,1955,36,43,20,3,1,1,30,251.64,0
8,0,38,0,4370,71,5,17,3,1,1,30,197.64,0
0,1,12,0,3322,15,11,0,2,1,2,45,3.871,1
2,0,42,1,1155,29,0,2,3,1,1,25,71.284,1
2,0,36,1,2688,62,16,46,1,1,1,15,239.25,0
0,0,29,0,520,10,22,2,4,1,2,45,68.25,0
5,0,38,2,643,10,11,4,5,1,1,55,26.295,0
1,1,30,0,4192,23,13,28,2,1,2,30,141.548,1
5,0,3,0,4082,13,31,22,3,1,1,30,34.572,1
10,0,40,3,7090,109,29,25,5,1,1,55,151.485,0
4,0,36,0,7913,132,385,41,2,1,1,25,2094.525,0
3,0,23,0,5143,28,9,10,3,1,1,30,145.274,1
1,0,41,1,2790,27,484,7,3,1,1,30,2048.68,0
24,0,35,0,660,43,7,4,3,1,2,30,56.12,1
4,0,38,0,5673,92,5,12,2,1,1,25,281.925,0
9,0,44,1,2620,49,300,24,3,1,1,30,1306.76,0
4,0,32,1,7190,102,15,20,4,1,1,45,219.8,0
0,0,33,0,2085,25,0,9,2,1,2,25,94.95,1
0,0,11,1,4165,36,218,12,3,1,1,30,1040.04,0
11,0,41,2,6338,107,46,18,3,1,1,30,441.8,0
0,1,7,0,1183,13,0,5,2,1,2,25,53.82,1
13,0,18,4,3158,51,38,21,3,2,1,30,280.36,0
18,0,39,0,233,60,54,14,3,1,2,30,0.0,1
14,0,41,3,9195,123,154,47,3,1,1,30,988.72,0
6,0,40,0,1028,16,15,4,3,1,2,30,101.76,0
16,0,42,1,15970,196,168,37,2,1,1,25,1483.47,0
10,0,38,0,4198,66,1,35,1,1,1,15,240.02,0
0,0,37,0,258,2,2,2,2,1,2,25,20.7,0
13,0,35,1,15710,186,147,28,2,1,1,25,1376.82,0
2,0,37,0,595,8,0,4,2,1,2,25,27.135,0
2,0,20,1,4204,100,29,2,2,1,2,30,277.9,1
7,0,38,0,13773,169,0,44,3,1,1,30,557.68,0
11,0,16,1,6203,141,110,44,2,2,1,25,780.48,0
2,0,40,0,5693,91,10,14,2,1,1,25,305.28,0
0,0,28,0,0,0,0,0,2,1,2,25,0.0,1
7,0,15,2,4650,50,230,16,3,1,1,30,1108.0,0
7,0,39,0,4073,68,5,38,1,1,1,15,255.255,0
0,0,29,0,0,0,0,0,2,1,2,25,0.0,1
0,0,32,0,2835,17,468,2,3,1,1,30,1986.08,0
2,0,24,0,3155,31,6,0,2,1,1,45,247.53,1
8,0,16,3,2852,45,31,19,3,1,1,30,239.88,0
5,0,34,1,3075,57,189,36,2,1,1,25,991.44,0
27,0,45,0,2273,0,0,0,3,1,1,25,27.451,1
14,0,33,1,1847,49,4,0,3,1,1,30,0.0,1
7,0,11,2,4695,46,222,12,3,1,1,30,1077.64,0
12,0,37,1,3050,44,14,18,3,1,1,30,179.76,1
8,1,8,0,1219,66,204,0,2,1,2,25,152.451,1
33,0,32,0,6123,13,9,32,2,1,2,25,280.842,1
4,0,39,0,3933,55,35,4,3,1,1,55,243.797,1
3,0,41,1,814,43,2,14,2,1,1,45,63.775,1
1,0,32,0,1903,35,22,27,3,1,2,30,165.52,1
1,0,35,0,538,7,1,1,3,1,2,30,25.8,1
2,0,36,0,4210,77,0,23,3,1,1,30,171.48,0
30,0,40,4,15445,231,61,34,3,2,1,30,871.04,0
7,1,9,1,1534,19,126,11,4,1,1,25,73.914,1
14,0,39,1,15790,188,157,32,2,1,1,25,1425.51,0
11,0,35,0,3235,44,11,16,3,1,2,30,175.16,1
7,0,15,2,2287,25,2,38,2,1,2,30,36.556,1
3,0,34,0,2665,48,177,24,2,1,1,25,918.585,0
4,0,37,2,4371,19,15,23,2,1,2,30,0.0,1
1,0,36,2,4467,24,0,0,3,1,1,25,232.675,1
5,0,39,0,580,10,7,2,2,1,2,25,58.05,0
6,0,38,0,2811,8,24,46,3,1,2,25,368.487,1
14,0,39,1,15790,188,157,32,2,1,1,25,1425.51,0
9,0,40,0,4075,67,7,4,3,1,1,30,193.68,0
0,1,14,0,2452,56,0,12,3,1,2,30,33.837,1
12,0,35,1,6943,79,105,35,2,1,1,25,788.49,0
3,0,38,0,2905,100,10,5,3,1,1,25,12.677,1
0,0,34,0,1553,20,2,7,3,1,1,30,70.92,0
5,0,32,0,305,6,7,2,4,1,2,45,25.275,1
0,1,41,0,3537,98,0,5,2,1,1,45,52.571,1
0,0,38,0,115,6,32,4,2,1,2,25,149.445,1
5,0,40,2,685,9,7,7,2,1,2,25,219.804,1
0,0,34,0,14470,165,118,28,2,1,1,25,1189.575,0
11,0,18,4,2967,50,29,18,3,1,1,30,236.68,0
11,0,13,1,9228,175,87,53,4,1,1,45,452.575,0
17,0,36,1,3806,56,10,6,3,1,2,25,0.0,1
5,0,32,0,3938,56,0,29,1,1,1,15,219.67,0
3,0,28,1,885,13,26,5,4,1,1,45,87.45,0
11,0,40,1,6223,101,14,14,3,1,1,30,308.96,0
0,0,39,1,2673,86,42,23,3,1,1,25,165.53,1
2,1,14,1,1887,100,11,16,3,1,2,55,156.441,1
3,0,42,0,790,16,23,12,3,1,2,30,124.24,0
22,0,36,2,15025,220,56,33,3,1,1,30,833.8,0
11,0,39,0,2158,56,345,11,3,1,1,30,1468.56,0
5,0,37,0,2722,8,11,18,3,1,2,55,121.07,1
8,1,45,0,1147,74,19,11,2,1,1,45,0.0,1
8,0,36,0,1855,44,13,18,3,1,2,30,127.96,0
20,0,12,0,2305,100,7,28,2,1,2,55,76.993,1
7,0,31,0,4000,58,10,1,2,1,2,30,237.759,1
17,0,34,0,2412,55,6,48,3,1,2,30,56.186,1
34,0,38,0,1185,14,204,8,5,1,2,25,43.026,1
26,1,30,0,1260,47,15,18,2,1,2,25,126.315,1
3,0,40,1,4290,79,5,27,3,1,1,30,194.76,0
8,0,41,2,1240,23,12,15,2,1,1,25,110.835,0
7,0,33,3,7385,107,35,37,5,1,1,55,164.88,0
0,1,20,0,1272,100,6,5,2,1,2,30,39.209,1
6,0,40,1,2508,63,0,32,2,1,1,25,115.695,0
0,0,10,0,2544,20,15,10,4,1,1,30,226.624,1
4,0,25,0,3415,62,17,26,3,1,1,30,207.08,0
4,0,36,1,2900,25,5,16,3,1,1,30,137.0,0
12,0,30,1,1225,38,27,14,2,1,1,25,178.335,0
14,0,18,0,9113,179,84,45,4,1,1,45,442.3,0
5,1,38,0,305,6,7,2,3,1,2,30,40.44,1
0,0,23,0,1148,27,0,62,4,1,1,45,29.375,0
16,0,39,1,3965,82,7,26,3,1,1,30,189.88,0
17,0,17,0,1572,55,11,0,3,1,2,25,243.122,1
10,0,31,0,1542,10,35,0,2,1,2,45,0.0,1
2,0,38,1,6095,81,168,28,3,1,1,30,919.04,0
13,0,39,2,4733,99,17,30,3,1,1,30,261.28,0
24,1,32,3,15670,233,0,82,2,1,1,25,715.635,0
29,0,36,3,15365,229,51,30,3,1,1,30,827.76,0
19,0,27,3,2130,48,47,30,2,1,1,25,309.51,0
18,0,17,1,3024,15,68,28,3,1,1,30,160.118,1
3,0,13,0,2255,65,4,12,3,1,1,30,0.0,1
0,0,26,0,825,10,21,3,4,1,2,45,73.375,1
2,0,26,0,1015,11,30,6,4,1,2,45,100.65,0
0,0,3,0,2618,72,9,35,2,1,1,25,0.0,1
0,0,38,0,3468,27,0,6,3,1,2,25,27.07,1
11,0,27,3,4130,77,36,40,3,1,1,30,312.28,0
12,1,35,4,7675,127,279,33,3,2,1,30,1428.08,0
7,0,35,1,3550,33,8,14,3,1,1,30,175.32,0
0,1,32,0,1496,26,34,2,2,1,1,30,37.013,1
11,0,31,1,2053,53,48,75,5,1,1,55,103.59,0
12,0,32,1,6123,90,14,12,2,1,2,30,159.6,1
6,0,41,1,3275,35,494,13,3,1,1,30,2108.4,0
9,0,43,3,6885,94,203,32,3,1,1,30,1091.16,0
2,1,42,2,6123,60,0,18,3,2,1,30,56.621,1
0,0,31,0,1300,35,26,16,3,1,2,30,157.4,0
10,0,33,0,3671,21,14,23,4,1,1,25,0.0,1
8,0,38,0,4370,71,5,17,3,1,1,30,197.64,0
12,0,37,0,2363,52,7,14,3,1,2,30,124.6,0
0,0,38,3,567,23,0,2,3,1,1,45,0.0,1
0,1,15,1,2896,14,29,0,2,2,1,30,253.32,1
0,0,5,0,1906,16,3,30,2,1,2,45,0.0,1
12,1,20,4,1050,46,3,8,4,1,1,30,128.086,1
0,1,27,0,2425,25,0,8,2,1,2,25,110.25,1
3,0,38,0,3172,64,11,0,2,1,2,25,83.131,1
0,1,36,2,6123,91,16,33,5,1,2,30,3.11,1
0,1,45,0,6123,16,47,29,3,1,2,45,228.136,1
28,1,35,0,1260,53,23,19,3,1,2,30,144.52,1
14,0,28,1,417,42,89,3,3,1,1,30,65.954,1
5,0,31,2,1395,38,203,15,2,2,1,25,977.985,0
4,0,31,0,3145,22,0,15,3,1,1,30,126.68,0
16,0,39,3,9230,126,142,42,3,1,1,30,942.24,0
3,0,32,1,1022,50,0,6,3,1,1,30,0.0,1
0,0,41,0,1661,20,2,0,4,1,1,30,164.256,1
6,0,35,1,8620,114,128,38,3,1,1,30,861.36,0
9,0,41,2,2780,51,324,24,4,1,1,45,880.775,0
0,0,35,0,0,0,0,0,2,1,2,25,0.0,1
0,0,16,0,1200,19,12,9,2,1,1,25,108.855,0
4,0,36,0,3280,75,16,23,2,1,1,25,222.975,0
7,0,28,1,1683,44,28,67,5,1,1,55,67.905,0
3,0,41,0,433,10,5,3,3,1,2,30,37.72,0
8,0,12,0,2743,22,87,28,4,1,2,45,105.173,1
5,0,34,0,2033,48,320,18,2,1,1,25,1533.645,0
0,0,42,4,3255,51,6,0,3,1,2,25,0.0,1
4,0,38,0,1001,58,0,17,2,1,2,25,245.359,1
22,1,30,0,1715,42,25,9,3,1,2,30,170.28,1
11,0,23,0,745,21,7,3,2,1,2,25,65.97,0
14,1,15,0,4719,77,7,19,2,1,2,45,0.0,1
5,0,38,0,1638,44,0,2,3,1,2,30,67.28,0
0,0,32,0,2100,29,270,12,3,1,1,30,1165.16,0
0,0,38,0,7383,129,388,46,2,1,1,25,2084.04,0
7,0,40,1,5623,91,7,17,3,1,1,30,256.56,0
16,1,45,1,6123,64,1,6,3,1,2,25,123.431,1
4,0,38,1,3095,27,483,8,3,1,1,30,2056.88,0
14,0,35,1,4080,82,31,29,3,1,1,30,290.48,0
9,0,36,0,2375,55,46,20,3,1,2,30,281.2,0
3,0,31,0,6458,65,93,31,2,1,1,25,712.035,0
2,0,35,0,11160,148,4,45,3,1,1,30,468.32,0
9,0,12,0,4450,100,35,12,4,1,2,30,0.0,1
7,0,26,0,3415,61,7,21,3,1,1,30,167.04,0
5,0,34,1,2438,54,7,29,1,1,1,15,175.56,0
0,0,25,0,0,0,0,0,4,1,2,45,0.0,0
0,0,12,2,4660,71,0,0,2,1,1,25,52.606,1
7,0,21,2,2115,38,67,20,3,1,1,30,354.12,0
0,1,31,0,1017,18,7,10,3,1,1,30,0.0,1
5,0,34,0,305,6,7,2,3,1,2,30,40.44,1
0,0,37,0,3838,100,24,10,4,1,2,25,0.0,1
9,0,36,1,7123,80,109,35,2,1,1,25,814.635,0
10,0,13,3,4755,49,227,14,3,1,1,30,1100.16,0
18,1,37,0,3895,57,37,33,3,1,2,30,306.08,1
5,0,37,0,1370,40,24,7,3,1,2,30,152.4,0
0,0,26,0,968,29,9,53,4,1,1,45,47.425,0
7,0,38,0,3175,72,11,13,3,1,1,30,173.88,0
0,1,39,3,3632,24,10,2,3,1,1,30,195.893,1
3,0,28,0,940,15,19,2,4,1,2,45,71.375,0
18,0,41,2,2818,69,371,28,3,1,1,30,1599.48,0
0,0,11,0,1272,26,2,0,4,1,2,45,237.104,1
2,0,36,0,1554,10,3,18,3,1,2,30,234.232,1
7,1,42,0,4619,59,41,0,3,1,1,45,260.543,1
7,0,31,1,3485,71,23,29,3,1,1,30,234.24,0
5,0,22,0,3530,61,7,24,3,1,1,30,171.64,0
23,0,36,0,3671,78,4,0,3,1,2,30,159.092,1
11,0,34,1,3820,78,24,24,3,1,1,30,251.92,0
6,0,44,0,6095,21,14,39,2,2,1,45,516.674,1
5,0,35,0,2148,54,352,22,2,1,1,25,1683.09,0
0,0,13,0,3782,54,8,15,3,1,2,45,53.726,1
25,0,38,3,15140,225,54,32,3,1,1,30,830.6,0
16,0,40,4,5420,99,30,42,3,1,1,30,340.76,0
21,0,32,8,10480,89,7,38,5,1,1,55,169.035,0
1,0,30,0,2520,43,160,17,2,1,1,25,835.335,0
4,1,10,0,1575,13,16,24,3,2,2,30,0.0,1
20,0,29,2,15770,232,0,78,2,1,1,25,720.09,0
10,0,45,0,4733,10,68,15,3,1,2,30,131.846,1
0,0,40,0,485,10,16,10,2,1,2,25,94.275,0
8,1,43,0,4321,100,8,26,4,1,2,25,125.695,1
0,0,42,0,0,0,8,0,2,1,2,25,36.0,1
1,1,40,0,6123,20,3,9,4,1,1,25,0.0,1
9,1,23,0,6123,64,0,2,2,1,1,30,335.525,1
14,0,36,0,3180,41,7,14,3,1,2,30,156.84,1
5,0,38,1,4325,82,0,22,3,1,1,30,176.28,0
7,1,41,0,618,16,18,9,3,1,2,30,97.36,1
8,0,13,0,604,57,36,6,3,1,2,25,10.641,1
5,0,31,1,1560,77,0,34,3,1,1,25,104.006,1
5,0,36,1,6213,99,21,25,2,1,1,25,378.54,0
7,0,37,1,2378,36,8,6,4,1,1,45,80.35,0
5,0,29,3,2325,27,7,19,3,1,2,25,105.74,1
7,0,37,2,8108,137,405,58,3,1,1,30,1949.8,0
5,0,39,0,305,6,7,2,2,1,2,25,45.495,1
7,0,39,0,495,7,16,5,2,1,2,25,94.59,1
0,0,24,0,1073,32,14,63,4,1,1,45,62.625,0
8,0,36,0,6603,69,76,33,2,1,1,25,642.24,0
31,1,37,2,1320,56,28,21,3,1,1,30,167.04,1
9,1,43,0,1091,22,0,0,4,1,1,25,31.92,1
6,0,32,2,1004,65,45,14,3,1,2,30,33.967,1
0,0,18,0,2920,49,0,20,3,1,1,30,118.76,0
18,1,35,0,4372,47,22,20,3,1,2,45,1.798,1
4,0,37,0,1580,76,0,2,2,1,2,25,0.0,1
0,1,45,0,3142,50,39,0,3,1,2,25,267.376,1
8,0,34,0,8695,109,105,37,3,1,1,30,772.16,0
7,1,7,0,4219,66,13,6,3,1,1,25,12.091,1
3,0,35,0,3950,59,0,11,2,1,1,25,180.405,0
8,0,27,3,944,100,2,0,4,1,2,30,77.145,1
6,1,22,0,2057,27,46,0,2,1,1,30,198.056,1
18,0,16,0,1234,66,67,39,2,1,2,30,197.611,1
11,0,33,2,964,78,15,26,2,1,1,30,232.094,1
5,0,14,1,1740,22,20,10,2,1,1,25,169.29,0
1,1,12,0,1935,59,0,8,3,1,1,25,90.148,1
20,0,38,2,6313,105,42,29,2,1,1,25,477.81,0
7,1,38,4,7045,118,281,37,2,2,1,25,1586.835,0
17,0,38,8,10210,89,4,44,4,2,1,45,267.475,0
0,0,34,0,3413,76,0,26,2,1,1,25,157.005,0
10,0,44,0,1192,21,7,2,2,1,2,45,5.223,1
0,0,35,0,6195,80,179,24,3,1,1,30,967.0,0
5,0,37,0,4008,66,26,37,1,1,1,15,367.07,0
27,0,38,3,15330,226,63,35,3,1,1,30,874.24,0
5,0,38,1,1373,21,7,2,4,1,1,45,52.35,0
0,0,37,1,830,53,0,15,3,1,2,25,64.358,1
10,0,36,3,3745,38,28,31,3,1,1,30,263.32,0
0,0,26,0,6480,85,0,19,4,1,1,45,164.125,0
0,0,32,0,1303,16,0,2,3,1,1,30,52.76,0
11,0,37,0,3660,76,0,24,2,1,1,25,168.12,0
2,1,44,0,1221,4,16,0,3,1,2,25,218.255,1
5,1,34,0,3979,100,23,5,3,1,1,30,0.0,1
5,1,38,0,4604,44,2,1,3,1,2,30,0.0,1
6,1,41,0,3779,0,3,20,3,1,1,30,20.021,1
1,0,31,1,2621,26,36,15,3,1,1,30,0.0,1
13,0,32,0,3828,12,4,8,3,1,1,45,91.262,1
0,0,38,1,1034,8,0,3,3,1,2,30,84.295,1
0,0,26,0,605,25,168,11,2,2,1,25,784.35,0
0,0,16,2,2734,9,47,0,3,1,2,25,73.469,1
10,0,44,2,7813,139,399,46,3,1,1,30,1914.08,0
4,1,42,0,2864,24,30,13,4,1,2,30,177.101,1
14,0,34,2,2133,55,52,76,5,1,1,55,110.82,0
0,0,33,0,2855,11,1,30,3,1,2,45,197.56,1
21,0,30,1,1346,100,65,8,3,1,1,25,111.711,1
7,0,34,1,13818,165,7,40,3,1,1,30,587.32,0
0,0,34,1,1963,29,14,19,3,1,1,30,135.68,0
1,0,36,0,3875,64,0,12,2,1,1,25,177.255,0
5,0,37,0,7698,128,393,46,2,1,1,25,2120.67,0
27,0,38,3,15385,228,56,32,3,1,1,30,848.52,0
15,0,37,2,9305,122,153,46,3,1,1,30,989.08,0
29,1,38,4,1804,29,12,27,2,1,2,30,86.382,1
5,0,5,1,4435,36,207,6,3,1,1,30,1006.84,0
0,0,29,0,3413,70,0,25,2,1,1,25,156.735,0
5,0,18,0,1449,21,0,4,4,1,2,45,4.443,1
17,0,17,1,9237,177,80,42,5,1,1,55,261.21,0
2,0,15,3,1170,38,12,6,3,1,1,25,0.0,1
0,0,31,0,6480,91,7,20,4,1,1,45,181.775,0
0,0,37,0,2170,39,310,20,3,1,1,30,1328.36,0
0,0,6,0,472,2,0,5,2,1,1,25,21.33,1
0,0,40,0,555,20,58,42,2,1,1,25,0.0,1
0,0,35,0,10560,138,0,30,3,1,1,30,427.92,0
20,0,29,2,15770,232,0,78,2,1,1,25,720.09,0
0,0,45,1,2538,59,0,28,3,1,1,30,0.0,1
18,0,15,0,1364,100,9,16,4,1,2,30,0.0,1
13,1,36,1,5818,98,26,24,2,1,1,25,383.22,1
0,0,32,0,1975,31,268,12,3,1,1,30,1152.24,0
7,0,38,1,4515,83,2,25,3,1,1,30,191.92,0
2,0,31,2,7080,101,28,35,4,1,1,45,249.525,0
0,0,34,0,453,57,4,0,3,1,2,30,117.502,1
3,0,43,0,6123,61,9,12,2,1,1,25,34.231,1
19,0,19,2,6507,146,83,41,2,2,1,25,672.885,0
7,0,38,0,2328,62,363,27,2,1,1,25,1741.05,0
0,0,34,0,923,11,23,17,4,1,2,45,80.85,1
1,0,16,1,1990,30,42,27,2,1,1,25,279.9,0
3,0,25,0,3385,71,9,0,2,1,1,25,86.359,1
0,0,8,0,3430,72,32,0,2,1,1,30,0.0,1
3,0,22,1,3347,100,1,14,2,1,2,25,146.567,1
0,0,32,0,863,73,31,0,3,1,1,30,141.219,1
3,0,22,1,1775,28,38,18,2,1,1,25,252.135,0
34,1,37,0,3543,53,14,0,2,1,1,25,56.667,1
8,0,10,1,1678,19,7,5,3,1,1,30,95.88,1
4,0,24,0,515,21,0,13,2,1,1,25,24.12,0
12,0,17,3,4955,56,237,18,3,1,1,30,1148.44,0
11,0,31,0,5818,92,18,23,2,1,1,25,346.95,1
7,0,5,0,1441,20,6,3,4,1,2,30,47.419,1
3,0,37,0,10865,144,0,32,3,1,1,30,440.36,0
0,0,14,0,470,67,9,13,4,1,2,30,170.808,1
0,0,31,0,2088,46,0,30,1,1,1,15,117.37,0
6,0,31,1,4736,82,74,13,5,1,2,30,194.332,1
4,0,29,2,6965,110,263,32,2,2,1,25,1501.875,0
29,0,16,0,1319,11,11,1,2,1,1,25,97.379,1
2,0,42,3,4494,23,6,0,3,1,2,45,58.576,1
5,0,39,0,1180,20,7,13,2,1,2,25,85.5,0
1,0,34,2,6123,64,6,18,5,1,2,25,145.269,1
23,0,3,0,666,40,7,12,4,1,2,30,86.924,1
3,0,29,2,600,66,12,23,3,1,2,30,82.33,1
6,0,33,0,1500,67,52,6,5,1,2,25,0.0,1
5,0,41,2,850,9,0,25,5,1,1,30,76.931,1
6,0,35,2,6900,102,12,21,5,1,1,55,123.03,0
0,0,35,0,570,8,0,9,2,1,2,25,26.01,0
5,1,42,0,4535,65,13,23,2,1,2,25,343.358,1
18,0,26,2,15590,224,0,73,2,1,1,25,711.63,0
16,1,38,0,2763,51,50,36,4,1,2,45,195.35,1
2,0,13,0,3305,29,2,17,3,1,2,55,124.474,1
7,1,31,0,2268,38,26,30,3,1,2,30,196.24,1
28,0,37,1,3354,71,64,12,2,1,2,25,203.452,1
10,0,28,2,2025,47,201,11,3,2,1,30,886.88,0
10,0,16,3,1792,31,15,10,3,1,1,30,132.92,1
0,0,12,0,6123,23,7,13,3,1,1,30,16.193,1
11,0,38,1,3775,82,32,28,3,1,1,30,282.28,0
4,0,16,1,2253,35,10,4,3,1,1,30,131.52,0
20,1,44,1,3036,100,3,22,3,1,1,25,211.445,1
0,0,13,1,1837,28,0,17,3,1,1,30,74.6,0
1,0,34,0,2475,47,168,21,2,1,1,25,869.49,0
0,0,45,0,282,57,0,13,2,2,2,30,96.339,1
1,0,19,0,979,27,0,6,2,1,1,30,0.0,1
9,0,43,2,4515,89,10,26,3,1,1,30,224.16,0
11,0,42,1,4278,68,11,39,1,1,1,15,299.53,0
3,0,39,1,2508,64,34,37,2,1,1,25,268.74,0
1,0,15,0,908,100,43,5,2,1,2,30,28.657,1
7,0,27,1,3530,67,15,25,3,1,1,30,203.88,0
9,1,12,0,815,30,38,0,2,1,1,25,0.0,1
0,0,45,0,4544,70,5,14,3,1,2,45,35.992,1
3,0,13,0,1180,61,3,14,2,1,2,45,237.681,1
3,1,14,0,2646,69,44,1,4,1,2,25,0.0,1
7,0,19,0,1885,26,7,12,2,1,1,25,117.495,0
10,0,25,0,1225,32,19,13,2,1,1,25,142.065,0
4,0,33,0,2685,35,2,14,2,1,2,25,131.4,1
0,0,10,0,348,85,10,16,2,1,2,30,28.588,1
2,0,13,3,2020,100,9,0,2,1,2,45,92.221,1
32,0,20,0,1063,100,7,3,2,1,1,25,20.515,1
11,1,39,0,2448,52,45,36,3,1,2,30,280.0,1
6,1,44,3,1041,17,24,0,3,1,1,25,237.155,1
1,0,39,0,2235,41,289,21,3,1,1,30,1247.04,0
8,0,45,0,1278,22,30,0,2,1,1,45,203.428,1
3,1,18,0,1380,69,0,0,4,1,2,30,197.872,1
5,0,32,0,305,6,7,2,3,1,2,30,40.44,1
12,0,41,2,4165,6,0,17,4,1,2,25,0.0,1
0,0,36,0,2790,21,476,6,3,1,1,30,2016.44,0
14,1,41,0,3250,51,24,22,3,1,2,30,228.04,1
1,0,33,1,2070,21,10,19,2,1,1,45,107.381,1
4,1,41,0,6123,21,9,0,2,1,2,25,91.41,1
10,0,37,1,6963,78,110,37,2,1,1,25,811.845,0
0,0,37,0,630,11,0,11,2,1,1,25,28.845,0
0,0,8,0,1485,20,36,11,3,1,2,30,93.944,1
0,0,29,0,6420,88,2,18,4,1,1,45,167.7,0
8,0,22,0,1045,24,8,8,2,1,1,25,84.105,0
34,0,19,0,3051,10,5,23,2,1,2,25,172.116,1
0,1,3,1,6123,9,0,1,3,1,2,25,124.326,1
0,0,34,0,0,0,0,0,5,1,1,55,0.0,0
4,0,30,0,1523,43,38,72,4,1,1,45,134.15,0
0,0,38,0,0,0,0,0,2,1,2,25,0.0,1
16,0,42,2,4735,80,17,21,3,1,1,30,260.6,0
11,1,36,0,2458,45,43,34,3,1,2,30,272.12,1
8,1,40,1,1395,51,13,1,3,1,2,30,0.0,1
9,0,39,0,3609,90,0,12,4,1,1,25,146.117,1
26,1,27,0,474,9,65,3,2,1,1,25,0.0,1
6,0,37,0,1858,25,7,4,3,1,1,30,103.32,0
9,1,3,0,2878,100,49,22,2,1,2,45,0.0,1
11,0,42,2,2758,67,14,37,2,1,1,25,190.125,0
23,0,32,0,840,41,0,13,2,1,2,25,39.645,1
15,0,29,2,2583,56,45,70,5,1,1,55,107.085,0
4,1,42,0,6123,6,28,48,3,1,2,30,59.51,1
11,0,42,1,3201,44,4,23,2,1,1,25,75.092,1
4,0,36,1,2955,27,0,13,3,1,1,30,119.28,0
0,0,42,1,2625,30,10,33,4,1,2,25,40.023,1
13,0,10,3,2419,100,25,22,3,1,1,30,0.0,1
0,0,45,0,3321,1,13,5,2,1,1,30,21.794,1
2,0,45,0,3172,2,52,5,3,1,1,25,110.968,1
16,1,41,0,2753,58,52,38,4,1,2,45,200.275,1
9,1,37,3,2025,48,7,26,4,1,2,30,0.0,1
11,0,38,0,2483,57,10,17,3,1,2,30,141.6,0
0,0,43,0,3589,74,14,3,3,1,1,25,341.046,1
9,1,13,0,2502,18,5,4,2,1,2,25,351.368,1
0,0,37,0,1263,20,0,8,4,1,1,45,32.075,0
4,0,33,0,5918,89,0,11,2,1,1,25,270.315,0
7,0,35,0,3185,58,176,21,2,1,1,25,937.935,0
16,0,35,1,262,53,44,36,3,1,2,45,216.707,1
3,0,35,0,2472,55,59,18,3,1,1,45,125.864,1
3,0,34,1,1896,5,0,13,3,1,1,45,409.617,1
2,0,27,1,1125,35,184,8,2,2,1,25,880.2,0
2,1,22,0,3429,57,1,13,2,1,2,25,82.032,1
10,0,37,1,6908,76,117,40,2,1,1,25,840.78,0
0,0,37,0,1543,27,4,9,3,1,1,30,78.8,0
10,0,22,2,2060,35,40,18,3,1,1,30,243.8,0
3,0,39,0,1620,48,46,24,3,1,2,30,250.72,0
5,0,24,1,3350,59,7,20,3,1,1,30,164.36,0
2,0,35,2,6795,90,200,39,3,1,1,30,1075.4,0
6,1,13,0,4459,26,47,0,2,1,2,45,289.673,1
5,0,42,1,2440,41,295,22,3,1,1,30,1279.24,0
7,0,37,1,11465,154,11,47,4,1,1,45,317.975,0
7,0,40,0,6123,0,0,7,3,1,1,45,167.91,1
5,0,45,0,1911,54,5,38,4,1,2,45,409.238,1
0,0,23,0,2920,55,1,21,3,1,1,30,123.0,0
8,0,42,2,4595,85,12,29,3,1,1,30,235.2,0
15,0,30,0,3110,0,10,26,3,1,1,25,35.644,1
26,0,26,0,1120,100,47,17,2,1,2,30,193.051,1
6,0,31,1,1568,45,38,69,5,1,1,55,81.195,0
4,1,29,0,1152,70,3,5,3,1,2,25,215.222,1
0,0,45,1,3985,58,0,13,3,1,1,45,0.0,1
4,0,42,0,2315,43,293,22,3,1,1,30,1266.32,0
2,0,33,0,2088,51,347,20,2,1,1,25,1657.755,0
4,0,38,0,2360,39,285,18,3,1,1,30,1235.96,0
19,1,41,4,2582,56,14,0,2,1,2,45,15.556,1
0,1,45,0,2651,8,5,2,3,1,1,30,0.0,1
20,0,36,0,650,47,17,16,3,1,2,30,95.88,1
6,1,27,1,1505,37,202,14,2,2,1,25,978.39,1
5,0,42,0,86,17,32,18,3,1,2,30,154.337,1
15,1,44,0,2623,62,25,23,3,1,2,30,207.4,0
3,0,36,2,3390,31,497,21,3,1,1,30,2124.84,0
31,0,11,0,6123,28,14,0,2,1,1,30,90.047,1
1,0,33,0,2393,52,0,32,1,1,1,15,134.475,0
5,0,36,0,3743,19,10,5,3,1,2,45,0.0,1
2,1,44,0,5235,31,0,0,2,1,1,30,0.0,1
25,0,38,0,4034,26,0,10,2,1,2,45,117.657,1
1,0,37,0,7263,124,382,43,2,1,1,25,2051.415,0
8,0,40,0,13478,165,7,31,3,1,1,30,573.72,0
5,0,39,0,1048,19,48,10,4,1,2,45,146.675,1
1,0,23,1,3520,65,22,36,3,1,1,30,231.4,0
19,0,25,1,15690,230,0,74,2,1,1,25,716.4,0
8,1,11,2,1793,25,7,9,3,1,1,30,100.72,1
4,0,12,0,4307,56,3,0,3,1,2,30,134.906,1
26,0,38,9,10740,99,8,44,5,2,1,55,174.585,0
0,0,45,0,1302,0,30,4,4,1,2,30,32.286,1
0,0,43,0,2009,99,1,7,3,1,2,30,1.86,1
10,1,39,1,1385,22,110,0,3,1,1,30,74.675,1
12,0,25,0,1415,33,28,16,2,1,1,25,191.16,0
1,0,6,1,1308,11,0,2,3,1,1,30,52.76,1
5,0,29,1,6830,93,7,18,5,1,1,55,114.345,0
11,0,37,2,8925,120,135,40,3,1,1,30,901.8,0
7,0,43,0,438,14,15,5,3,1,2,30,78.08,1
2,1,24,0,2259,29,101,0,3,1,2,30,239.824,1
0,1,39,1,5888,18,5,14,2,1,2,30,0.0,1
2,0,36,0,3718,82,2,28,2,1,1,25,180.0,0
20,1,45,0,4104,6,34,37,3,1,2,45,163.878,1
10,0,40,2,8810,121,145,42,3,1,1,30,937.24,0
0,0,37,0,0,0,0,0,2,1,2,25,0.0,1
12,0,33,1,9035,119,134,39,3,1,1,30,902.16,0
1,1,44,0,4778,3,6,11,3,1,2,45,274.139,1
9,0,37,1,11710,157,13,47,4,1,1,45,329.175,0
3,1,42,0,6123,10,29,22,2,1,2,25,263.889,1
0,0,45,0,1382,11,68,3,3,1,1,45,4.778,1
7,1,39,0,1402,100,29,17,2,1,1,25,0.0,1
13,0,17,3,2053,35,22,15,3,1,1,30,171.52,1
11,0,37,1,4495,69,7,14,3,1,1,30,210.56,0
0,0,9,1,4200,39,206,7,3,1,1,30,993.56,0
26,0,25,3,6958,157,107,50,2,2,1,25,801.675,0
7,0,39,0,900,14,7,6,2,1,2,25,72.63,0
9,0,41,2,6798,77,118,41,2,1,1,25,840.375,0
0,0,10,0,1354,50,0,0,2,1,2,25,0.0,1
9,0,39,0,4269,59,0,15,3,1,2,30,37.096,1
3,0,42,0,3248,100,26,29,4,1,1,25,0.0,1
2,1,40,1,4036,7,13,12,2,1,2,25,154.671,1
4,0,19,0,840,24,2,7,2,1,1,25,47.88,0
5,0,37,0,2375,48,157,25,2,1,1,25,815.535,0
15,0,44,1,4458,76,16,41,1,1,1,15,337.37,0
9,0,35,1,2748,64,373,37,2,1,1,25,1805.04,0
0,0,36,0,5790,75,161,26,3,1,1,30,878.6,0
2,0,6,1,6123,100,26,0,2,1,2,30,57.57,1
6,0,11,2,2852,39,23,18,3,1,1,30,207.64,0
0,0,13,0,2033,23,5,43,3,1,2,30,239.489,1
18,0,20,1,6573,149,96,47,2,2,1,25,734.49,0
8,1,38,0,2872,59,4,34,2,1,2,30,28.588,1
0,1,11,0,1449,7,204,10,3,1,2,25,59.78,1
5,0,39,0,4245,73,9,20,2,1,1,25,234.81,0
0,0,32,0,263,1,0,1,3,1,2,30,10.56,1
22,0,35,0,4169,9,3,1,2,1,1,25,0.0,1
4,0,39,0,4390,85,6,28,3,1,1,30,203.0,0
3,1,34,0,2280,30,0,16,2,1,2,25,103.95,1
20,0,44,4,9420,133,159,46,3,1,1,30,1018.12,0
5,0,24,0,1035,32,44,15,2,1,1,25,246.015,0
8,0,37,1,6718,75,108,37,2,1,1,25,791.685,0
0,0,36,0,3415,35,11,24,3,1,2,45,192.779,1
3,0,35,0,6413,69,101,35,2,1,1,25,746.19,0
14,1,41,0,3378,64,13,8,2,1,1,25,19.713,1
19,0,32,1,14755,217,37,26,3,1,1,30,746.88,0
21,0,23,2,6653,151,100,48,2,2,1,25,756.18,0
3,0,40,0,6123,15,67,3,2,1,2,25,77.136,1
2,0,37,0,190,1,9,3,2,1,2,25,49.095,1
0,0,26,0,635,9,12,1,4,1,2,45,46.1,0
0,1,18,0,1086,84,10,5,4,1,2,25,15.401,1
27,0,31,3,16320,241,7,80,2,1,1,25,776.745,0
0,0,28,0,0,0,0,0,3,1,1,30,0.0,0
1,0,39,1,576,40,23,24,3,1,2,30,987.255,1
7,0,31,0,8730,113,127,37,3,1,1,30,861.72,0
13,0,32,1,5863,94,18,20,2,1,1,25,349.065,1
0,1,45,0,754,54,0,3,2,1,2,30,159.617,1
4,1,10,0,4136,7,0,0,3,2,2,55,35.706,1
8,0,36,2,8925,121,169,45,3,1,1,30,1037.84,0
1,0,36,0,5613,89,0,10,2,1,1,25,256.59,0
20,0,38,1,1319,15,28,6,3,1,1,55,303.321,1
0,0,36,0,595,9,15,9,2,1,2,25,94.68,0
8,0,40,0,791,56,0,5,4,1,2,30,48.783,1
3,0,34,0,3015,25,473,4,3,1,1,30,2013.6,0
3,1,41,0,6123,74,6,21,3,1,2,30,208.618,1
1,0,32,0,4130,75,0,19,3,1,1,30,168.2,0
1,1,20,0,4045,69,31,7,4,1,2,25,126.15,1
34,1,41,0,817,50,10,2,3,1,2,45,0.0,1
34,0,44,0,2868,25,0,0,2,1,2,30,59.956,1
6,1,37,1,2831,71,48,33,2,1,2,30,201.407,1
9,0,32,0,850,75,36,1,3,1,2,25,0.0,1
0,0,30,0,885,41,5,24,4,1,2,30,113.006,1
17,0,44,2,2758,72,374,27,3,1,1,30,1609.2,0
0,0,34,0,0,0,0,0,5,1,1,55,0.0,0
0,0,36,0,0,0,0,0,3,1,1,30,0.0,1
10,0,45,0,3299,16,0,0,3,1,2,25,0.0,1
0,0,30,0,3458,72,0,22,2,1,1,25,158.85,0
11,0,16,0,602,58,0,10,3,1,2,30,228.967,1
0,0,17,1,3813,0,19,12,3,1,2,25,69.705,1
4,0,37,0,2798,63,3,31,1,1,1,15,173.855,0
11,0,41,2,7873,136,396,47,3,1,1,30,1904.36,0
17,1,45,0,638,49,51,6,3,1,2,45,211.421,1
5,0,35,0,1910,47,40,20,3,1,2,30,238.28,0
21,0,18,1,922,67,6,6,4,1,2,25,20.467,1
0,1,42,0,1323,32,24,6,3,1,1,45,53.8,1
0,0,32,1,3135,26,14,27,3,1,1,30,182.44,0
12,0,37,2,3855,39,15,16,3,1,1,30,215.76,0
11,0,37,1,15730,185,152,30,2,1,1,25,1400.175,0
0,0,45,0,3889,100,8,11,3,1,2,30,71.249,1
18,0,38,2,9305,121,119,41,3,1,1,30,853.04,0
8,0,40,0,1506,27,16,7,2,1,2,25,285.025,1
2,1,40,1,4152,100,58,22,4,1,1,45,0.0,1
0,1,3,0,713,24,1,3,3,1,2,25,344.634,1
23,0,13,1,1171,73,3,1,2,1,1,25,11.397,1
17,0,18,2,9353,183,112,46,5,1,1,55,311.04,0
0,1,45,0,0,49,42,0,2,1,2,45,0.0,1
7,0,9,0,3226,27,35,17,4,1,1,30,124.073,1
5,0,42,1,7508,133,392,44,3,1,1,30,1873.64,0
0,0,12,0,1435,16,13,8,2,1,1,25,123.795,0
0,0,17,2,3124,61,40,0,2,1,2,25,168.801,1
14,0,40,0,4177,7,0,13,2,1,2,45,0.0,1
11,0,42,2,3405,38,22,22,4,1,1,45,141.075,0
11,0,20,0,1084,61,17,10,3,1,1,45,120.461,1
21,0,19,2,6697,147,92,44,2,2,1,25,721.98,0
10,0,38,3,2573,41,28,23,4,1,1,45,135.35,0
0,1,43,3,3675,100,2,5,3,1,2,30,81.613,1
16,0,16,0,6278,135,53,38,1,2,1,15,644.215,0
6,0,30,3,7010,112,263,29,2,2,1,25,1503.99,0
12,0,42,2,3165,61,192,29,2,1,1,25,1009.17,0
2,1,39,0,2882,22,14,4,2,1,1,30,266.31,1
2,0,32,0,6123,16,6,13,2,1,2,30,113.131,1
9,0,20,4,2933,47,41,23,3,1,1,30,283.2,0
5,0,40,1,2800,23,469,9,3,1,1,30,1988.92,0
0,0,31,0,13468,157,0,41,3,1,1,30,545.0,0
20,1,39,0,3283,61,49,33,4,1,2,45,206.1,1
6,0,38,0,1585,25,8,11,2,1,2,25,108.45,0
13,0,45,3,7065,102,208,34,4,1,1,45,699.175,0
11,1,41,0,2268,50,42,32,4,1,2,45,162.95,1
0,1,45,0,3433,63,8,0,2,1,2,30,149.304,1
0,1,8,0,2202,26,7,42,2,1,1,25,0.0,1
24,0,36,4,15435,229,68,45,3,2,1,30,898.56,0
34,1,44,0,1257,44,0,9,3,1,2,25,32.027,1
10,0,43,1,4370,77,13,18,3,1,1,30,229.88,0
1,1,42,0,2204,3,3,5,2,1,1,25,0.0,1
13,0,24,1,1350,30,15,10,2,1,1,25,129.6,0
11,0,44,1,6178,105,22,18,3,1,1,30,339.32,0
29,1,9,0,1402,18,7,22,3,1,2,25,0.0,1
7,0,40,0,1015,20,20,10,3,1,2,30,121.4,0
7,0,42,0,6123,4,39,21,2,1,2,25,0.0,1
7,0,38,0,13773,169,0,44,3,1,1,30,557.68,0
4,0,30,0,6123,28,9,30,3,1,1,30,0.0,1
32,0,40,0,3534,100,43,26,3,1,2,30,0.0,1
4,0,42,1,1305,91,5,16,3,1,1,25,240.663,1
8,0,43,2,6760,96,201,32,3,1,1,30,1078.24,0
19,0,28,0,4890,18,7,3,3,1,2,30,0.0,1
9,1,41,0,2050,52,55,26,4,1,2,45,190.05,0
28,1,34,0,1145,47,7,15,2,1,2,25,85.14,1
6,0,45,0,703,13,24,10,3,1,2,30,124.64,0
5,0,27,0,841,100,11,24,2,1,2,45,83.669,1
5,0,37,1,11220,151,9,47,3,1,1,30,490.84,0
0,1,20,0,577,58,37,7,3,1,1,25,205.965,1
11,0,35,0,4675,71,4,18,2,1,1,25,231.57,0
3,0,36,0,14775,171,125,30,2,1,1,25,1235.07,0
2,1,45,0,4232,16,7,0,3,1,2,25,286.218,1
2,0,3,1,2443,14,12,24,3,1,2,30,167.363,1
12,0,17,0,1467,100,6,13,2,1,1,30,225.849,1
19,0,42,3,4140,91,44,32,3,1,1,30,345.24,0
11,1,5,0,6123,21,0,0,2,1,1,25,99.965,1
7,1,16,2,2192,40,5,1,3,1,2,30,0.0,1
10,0,35,1,9000,116,146,44,3,1,1,30,948.64,0
16,0,13,1,6438,137,77,38,2,2,1,25,642.375,0
10,0,24,0,3210,100,4,30,3,1,1,30,0.0,1
0,1,11,1,1773,21,32,0,3,1,2,25,107.963,1
3,0,34,0,5242,29,13,1,3,1,1,30,17.755,1
23,0,31,0,2026,26,42,10,3,1,1,25,0.0,1
5,0,17,0,6123,100,51,15,2,1,1,25,0.0,1
5,0,38,0,305,6,7,2,5,1,1,55,15.165,0
14,0,38,2,7428,86,116,37,2,1,1,25,860.13,0
0,1,31,0,2671,59,3,1,4,1,2,30,73.741,1
3,1,43,1,3793,74,7,13,2,1,1,30,17.462,1
0,0,33,2,6255,105,246,33,2,2,1,25,1393.2,0
11,0,14,0,5973,129,46,36,1,2,1,15,588.61,0
0,1,30,0,0,0,0,0,2,1,2,25,0.0,1
10,0,22,0,2556,22,11,9,2,1,2,25,0.0,1
0,0,31,0,6670,92,16,23,4,1,1,45,209.05,0
11,0,42,0,1333,22,22,6,3,1,2,30,142.2,0
22,0,42,2,4156,92,42,8,2,1,1,25,0.0,1
11,0,37,5,7385,128,310,39,3,2,1,30,1540.52,0
20,0,36,2,14835,219,47,30,3,1,1,30,790.16,0
10,0,29,2,3590,70,20,27,3,1,1,30,226.4,0
0,0,38,0,3468,29,4,38,3,1,2,30,215.877,1
4,1,42,0,1429,77,23,1,2,1,2,25,103.784,1
11,0,41,0,1533,24,9,3,4,1,2,30,0.0,1
4,0,34,0,1963,38,27,29,3,1,2,30,188.04,1
10,1,29,0,3038,6,9,12,2,1,1,25,640.629,1
8,0,40,1,2698,64,9,35,2,1,1,25,164.79,0
19,1,43,0,3555,57,31,24,3,1,2,30,268.48,1
0,0,7,0,0,0,0,0,2,1,1,25,0.0,1
0,0,40,0,2907,74,9,18,2,1,2,25,0.0,1
0,1,19,0,6123,54,16,45,3,1,2,45,42.896,1
9,0,43,2,7893,135,401,49,3,1,1,30,1925.12,0
0,0,3,0,3825,24,193,2,2,1,1,25,1041.705,0
23,1,44,0,2434,15,6,3,2,1,1,45,0.0,1
0,0,6,2,482,22,0,0,3,1,1,25,0.0,1
8,0,38,1,6163,98,9,12,3,1,1,30,286.44,0
5,0,35,0,1100,18,7,9,2,1,2,25,81.81,0
22,0,45,0,1272,20,24,12,3,1,2,30,11.25,1
8,0,25,0,1035,31,10,10,2,1,1,25,92.97,0
26,1,35,0,1070,52,14,16,3,1,2,30,100.88,1
1,0,35,0,1420,41,36,20,3,1,1,30,202.44,0
0,0,35,0,1378,41,0,31,1,1,1,15,78.045,0
12,0,43,2,11725,164,26,53,4,1,1,45,362.225,0
5,1,32,0,3488,9,0,0,4,1,1,30,0.0,1
0,0,18,0,1450,23,26,14,2,1,1,25,183.285,0
4,0,45,0,1116,0,13,10,5,1,2,30,49.97,1
8,0,38,0,6108,96,16,15,3,1,1,30,312.16,0
0,0,30,0,1795,23,263,10,3,1,1,30,1124.72,0
12,1,13,0,6123,26,4,5,2,2,2,25,29.128,1
18,1,31,0,650,41,9,15,2,1,2,25,71.595,1
0,0,35,0,6195,80,179,24,3,1,1,30,967.0,0
5,0,39,0,553,14,39,8,3,1,2,30,178.68,1
10,0,44,0,698,18,22,10,3,1,2,30,116.64,1
2,0,36,0,4210,77,0,23,3,1,1,30,171.48,0
0,0,42,0,4221,25,7,23,2,1,1,45,72.311,1
0,0,33,0,0,0,0,0,4,1,2,45,0.0,1
7,1,20,0,4112,25,0,24,3,1,1,30,215.723,1
2,0,34,0,2114,6,4,0,2,1,2,30,0.0,1
9,0,44,2,3355,37,498,14,3,1,1,30,2127.68,0
0,1,35,0,3779,66,0,31,5,1,2,45,732.971,1
12,0,38,2,8710,116,126,45,3,1,1,30,857.04,0
13,0,14,2,1314,27,3,1,4,1,2,25,61.863,1
2,0,35,0,282,61,55,33,2,1,2,30,243.715,1
3,1,44,1,4668,50,16,27,4,1,1,25,53.784,1
5,0,37,0,14885,172,129,15,2,1,1,25,1258.065,0
0,0,34,0,0,0,0,0,2,1,2,25,0.0,0
0,0,34,0,323,1,2,2,4,1,2,45,13.1,1
5,0,40,0,1295,26,39,17,3,1,2,30,208.84,0
19,0,35,0,730,43,19,19,2,1,2,25,120.285,1
7,0,28,1,1628,42,35,70,4,1,1,45,129.25,0
0,1,42,0,3548,30,20,1,3,1,1,25,29.777,1
9,0,39,1,3285,27,458,6,3,1,1,30,1964.48,0
10,0,38,0,4560,72,14,20,3,1,1,30,241.28,0
4,0,38,0,3770,61,0,2,2,1,1,25,172.395,0
5,1,40,0,4366,44,1,6,2,1,2,30,292.682,1
0,0,39,0,585,16,17,11,2,1,2,25,103.545,0
0,0,34,0,2028,49,0,29,1,1,1,15,114.235,0
0,0,15,0,1515,18,17,9,2,1,1,25,145.485,0
11,0,31,0,655,29,18,11,2,1,2,25,111.78,0
0,0,24,0,895,24,154,5,2,2,1,25,734.355,0
10,1,43,0,3889,100,15,0,2,1,2,30,106.947,1
4,0,26,0,4347,99,15,5,4,1,2,45,16.613,1
20,1,16,0,2012,20,10,5,3,1,1,25,132.733,1
9,1,42,0,2193,58,16,21,3,1,2,30,154.04,0
14,0,39,1,8820,117,130,30,3,1,1,30,877.48,0
8,0,36,2,116,27,55,16,3,1,2,30,8.062,1
8,0,33,0,15405,180,140,26,2,1,1,25,1331.325,0
0,0,31,0,1825,5,0,12,3,1,1,30,73.2,0
11,0,41,0,2381,73,0,29,2,1,1,30,45.321,1
8,0,33,0,3285,45,23,29,2,1,2,25,253.35,1
1,1,24,0,3491,17,13,36,2,1,2,25,164.498,1
8,0,20,3,2808,49,39,23,3,1,1,30,270.28,0
6,0,32,0,1425,5,6,30,3,1,1,45,224.645,1
0,0,3,0,2939,21,44,5,3,1,1,45,114.876,1
0,0,25,0,1010,30,186,9,2,2,1,25,883.8,0
17,0,39,4,7623,91,136,54,2,2,1,25,959.13,0
31,0,39,0,1201,14,72,26,4,1,2,25,274.846,1
2,0,9,1,4390,40,215,10,3,1,1,30,1037.2,0
10,0,21,0,3530,17,0,11,2,1,2,30,0.0,1
3,0,37,0,7508,127,384,43,2,1,1,25,2071.575,0
7,1,36,0,2023,41,32,31,3,1,1,30,210.56,1
9,0,15,3,3257,50,32,17,3,1,1,30,260.28,0
0,0,32,0,0,0,0,0,2,1,2,25,0.0,0
22,0,31,0,1250,51,30,30,2,1,2,25,193.545,1
5,0,39,0,305,6,7,2,2,1,2,25,45.495,1
11,0,39,2,3200,65,214,29,3,1,1,30,986.6,0
20,0,32,2,14880,215,39,26,3,1,1,30,759.8,0
30,0,39,3,15330,225,29,30,3,1,1,30,738.2,0
8,0,39,2,6805,92,193,28,3,1,1,30,1047.88,0
2,0,21,0,1568,33,22,67,4,1,1,45,95.025,0
4,0,29,0,2730,31,0,10,2,1,2,25,124.245,1
2,0,14,0,2403,51,35,5,3,1,1,30,21.239,1
16,0,38,1,3163,71,367,24,3,1,1,30,1597.36,0
3,1,13,2,1497,79,36,13,2,1,2,25,227.969,1
4,0,32,0,2365,100,1,30,3,1,2,25,17.971,1
1,0,27,0,6123,9,12,0,2,1,1,45,0.0,1
4,0,36,0,1933,48,1,15,3,1,2,30,83.24,0
2,0,34,0,11045,142,0,41,3,1,1,30,447.48,0
6,0,37,1,2518,56,7,30,2,1,1,25,147.33,0
10,0,20,0,4820,4,24,12,2,1,1,45,127.567,1
9,0,19,0,2473,42,6,0,2,1,1,25,293.793,1
23,0,29,0,1000,43,8,13,2,1,2,25,82.935,1
15,0,43,1,2713,70,374,30,3,1,1,30,1607.32,0
16,1,42,5,7530,132,293,41,3,2,1,30,1478.48,0
0,0,30,0,2395,45,158,17,2,1,1,25,820.8,0
10,0,14,2,1973,33,18,14,3,1,1,30,152.24,1
7,0,28,2,3645,73,47,29,4,1,1,45,210.45,0
1,1,9,1,1243,16,0,7,3,1,1,30,50.36,1
0,0,34,0,6660,99,18,25,4,1,1,45,213.975,0
3,0,32,0,6670,91,0,18,4,1,1,45,169.025,0
0,0,32,1,2712,48,0,33,5,1,2,30,206.211,1
4,1,13,0,1189,21,31,25,2,1,2,30,192.876,1
0,0,42,0,2912,56,21,0,2,1,2,30,73.014,1
3,0,36,1,2549,26,10,0,4,1,1,45,85.126,1
16,0,36,0,14235,209,26,15,3,1,1,30,681.76,0
18,1,27,0,695,37,1,11,2,1,2,25,37.44,1
9,1,36,0,2268,44,34,31,3,1,2,30,228.48,1
25,0,38,3,15140,225,54,32,3,1,1,30,830.6,0
5,0,37,1,7753,130,386,43,3,1,1,30,1859.32,0
4,0,37,2,6865,99,24,26,5,1,1,55,140.46,0
0,1,45,0,1868,17,59,28,3,2,2,25,0.0,1
2,0,37,2,30,69,8,20,2,1,2,45,0.0,1
0,1,45,0,1284,0,0,20,2,1,2,25,7.23,1
0,0,13,3,895,100,5,15,5,1,2,25,0.0,1
0,0,36,0,760,8,0,7,2,1,2,25,34.56,0
3,1,44,2,6123,80,0,4,3,1,1,25,375.546,1
2,1,13,0,2387,31,24,18,2,1,1,45,0.0,1
0,0,36,1,93,1,2,2,5,1,1,55,4.41,0
