2,0,18,0,1695,26,28,14,2,1,1,25,203.445,0
14,0,17,1,6202,140,76,39,2,2,1,25,627.39,0
3,0,37,0,0,25,9,29,3,1,1,25,142.988,1
1,0,40,0,213,4,10,6,3,1,2,30,48.68,1
0,0,3,0,398,22,11,42,3,1,2,25,115.506,1
12,0,41,3,4935,95,41,31,4,1,1,45,228.25,0
6,0,32,0,0,53,9,46,3,1,2,30,144.204,1
2,1,29,0,481,61,19,25,2,1,2,30,609.553,1
25,0,30,2,15960,232,0,76,2,1,1,25,728.64,0
3,0,13,0,8028,155,45,23,4,1,1,45,317.075,0
7,0,40,1,5623,91,7,17,3,1,1,30,256.56,0
14,1,40,0,2543,60,15,19,3,1,2,30,164.12,0
2,1,23,1,2402,7,5,23,3,1,2,45,280.005,1
17,1,35,2,5975,44,42,33,2,1,2,25,303.371,1
3,0,29,0,8550,105,122,35,3,1,1,30,834.2,0
1,0,42,0,912,0,6,5,3,1,2,45,22.265,1
13,0,44,1,4630,81,20,23,3,1,1,30,268.44,0
0,0,22,0,0,0,9,0,4,1,2,45,22.5,0
0,0,32,0,1616,8,29,48,3,1,2,25,258.237,1
5,1,9,1,2413,20,13,3,2,1,2,25,416.702,1
2,1,22,1,0,22,33,17,2,1,2,25,450.997,1
2,1,3,0,0,40,8,25,3,1,1,30,342.389,1
4,1,31,0,1538,50,18,35,3,1,2,30,192.414,1
11,1,36,0,2027,40,69,41,3,1,2,25,486.314,1
17,0,40,3,5275,87,33,34,3,1,1,30,346.48,0
12,1,32,0,0,36,28,22,2,1,2,25,270.939,1
19,0,29,0,1339,4,2,13,4,1,1,25,47.255,1
0,0,22,0,2805,49,0,17,3,1,1,30,114.16,0
13,0,43,2,3775,88,40,29,3,1,1,30,314.52,0
11,0,16,1,6203,141,110,44,2,2,1,25,780.48,0
12,0,32,1,4465,12,31,8,3,1,1,55,77.133,1
8,1,31,0,2910,39,0,12,3,1,2,30,117.96,1
3,0,28,0,5253,82,4,16,2,1,1,25,258.075,1
0,1,30,0,1422,42,24,10,5,1,1,30,238.479,1
10,0,34,0,3395,46,10,14,3,1,2,30,177.64,1
7,0,33,3,7385,107,35,37,5,1,1,55,164.88,0
17,0,9,0,0,1,38,0,2,1,2,25,45.658,1
5,0,42,0,888,17,24,10,4,1,2,45,82.625,1
5,0,36,0,4255,66,7,18,2,1,1,25,225.945,0
0,0,34,0,1875,37,147,6,2,1,1,25,747.54,0
7,0,38,0,13773,169,0,44,3,1,1,30,557.68,0
0,0,36,1,338,4,4,2,5,1,1,55,11.13,0
3,1,3,0,1417,39,17,8,4,1,2,30,159.416,1
17,1,9,0,0,2,35,10,4,1,1,30,67.13,1
7,0,28,1,1683,44,28,67,5,1,1,55,67.905,0
0,0,36,0,0,0,25,0,2,1,2,25,112.5,1
3,1,11,0,768,57,204,0,2,2,2,30,169.755,1
0,0,7,0,1182,13,0,5,2,1,1,25,53.775,1
4,0,14,0,193,18,38,6,2,1,1,45,77.784,1
1,1,38,0,152,8,15,6,3,1,2,30,456.005,1
0,0,24,0,663,23,2,51,4,1,1,45,22.15,0
23,0,35,0,2280,60,46,24,3,2,2,30,39.623,1
0,0,34,1,1963,29,14,19,3,1,1,30,135.68,0
0,0,38,0,0,0,4,0,2,1,2,25,18.0,1
13,0,22,0,1774,10,21,41,2,1,2,45,132.591,1
11,0,39,2,3200,65,214,29,3,1,1,30,986.6,0
8,1,35,1,5628,98,51,26,2,1,1,25,487.17,1
10,0,33,2,0,56,15,9,2,1,1,25,0.0,1
9,0,27,1,3720,68,24,28,3,1,1,30,247.52,0
1,0,35,0,1553,19,0,2,3,1,1,30,62.88,0
13,0,35,0,4503,66,0,36,1,1,1,15,251.295,0
5,1,35,0,305,6,7,2,3,1,2,30,40.44,1
25,0,31,0,524,100,14,48,2,1,2,25,204.208,1
3,0,20,0,740,18,1,6,2,1,1,25,38.61,0
7,0,17,3,2447,40,13,21,3,1,1,30,151.48,0
10,0,37,0,5693,100,30,27,2,1,1,25,395.685,1
19,0,45,2,16050,198,172,38,2,1,1,25,1505.16,0
34,1,28,0,0,48,0,21,3,1,2,30,115.098,1
17,1,15,0,152,40,50,5,2,1,2,25,187.859,1
14,0,29,1,760,28,15,9,3,1,1,30,91.52,0
0,0,36,0,2278,53,4,34,1,1,1,15,150.205,0
12,1,29,0,4061,29,11,6,2,1,2,25,149.89,1
23,0,36,8,10625,94,10,45,5,1,1,55,175.785,0
2,1,6,0,6123,36,8,8,2,1,1,25,63.276,1
2,0,26,0,1323,36,28,68,4,1,1,45,103.975,0
0,0,29,0,0,0,0,0,4,1,1,45,0.0,0
34,1,11,0,1280,19,28,6,3,1,2,45,94.901,1
0,0,42,0,0,0,8,0,2,1,2,25,36.0,1
2,0,24,1,1135,28,182,6,2,2,1,25,871.335,0
2,1,27,0,445,3,0,23,2,1,2,25,348.104,1
3,1,24,0,1959,0,67,48,3,1,1,30,455.164,1
0,0,35,0,0,0,0,0,5,1,1,55,0.0,0
6,0,29,0,1748,47,41,73,4,1,1,45,147.375,0
0,0,36,0,5790,75,161,26,3,1,1,30,878.6,0
4,0,32,0,1978,44,0,11,3,1,2,30,80.88,0
1,0,35,0,1420,41,36,20,3,1,1,30,202.44,0
2,1,42,1,0,9,31,40,2,1,2,25,33.07,1
11,0,11,4,5295,56,243,27,3,2,1,30,1186.04,0
26,1,42,0,0,42,21,41,2,1,2,45,135.18,1
20,0,29,2,15770,232,0,78,2,1,1,25,720.09,0
0,0,37,0,613,9,21,17,2,1,2,25,122.49,0
14,1,12,0,0,24,5,0,4,1,2,30,276.598,1
20,1,8,0,383,31,4,20,2,1,1,30,123.453,1
0,0,7,0,2404,90,14,14,2,1,2,25,111.13,1
5,0,21,0,315,17,0,1,2,1,2,25,14.94,0
0,0,31,0,5880,81,0,5,4,1,1,45,149.025,0
10,0,38,0,4198,66,1,35,1,1,1,15,240.02,0
6,0,36,1,14068,173,14,57,3,1,1,30,625.64,0
16,0,29,0,1005,31,17,9,3,1,2,30,109.44,0
26,0,42,9,10695,103,16,48,5,2,1,55,185.97,0
3,0,14,2,2548,39,24,17,3,1,1,30,199.48,0
3,0,36,1,6528,75,133,39,2,1,1,25,895.635,0
11,0,42,2,2758,67,14,37,2,1,1,25,190.125,0
13,1,13,0,317,68,23,46,3,2,2,45,54.924,1
0,0,39,0,1363,25,1,5,4,1,1,45,37.2,0
0,0,31,0,0,0,0,0,3,1,1,30,0.0,0
9,0,30,1,1422,50,54,39,2,1,1,25,469.612,1
0,0,24,0,895,24,154,5,2,2,1,25,734.355,0
2,0,37,0,1065,15,9,14,2,1,2,25,89.1,0
2,0,24,0,0,13,13,2,2,1,2,30,113.135,1
3,0,8,1,4795,45,216,8,3,1,1,30,1057.6,0
19,1,30,0,0,61,27,5,2,1,2,25,113.859,1
5,0,35,0,0,69,18,32,2,1,2,45,288.312,1
20,0,36,0,597,11,18,37,4,1,2,45,80.261,1
0,0,35,0,14580,166,122,13,2,1,1,25,1212.57,0
5,0,37,1,11220,151,9,47,3,1,1,30,490.84,0
5,0,28,0,1130,16,28,5,4,1,2,45,98.65,0
0,0,38,0,0,0,0,0,2,1,2,25,0.0,0
14,0,40,2,3890,87,30,27,3,1,1,30,279.08,0
17,0,34,0,0,10,0,23,2,1,2,30,96.197,1
23,0,8,0,2953,53,0,29,3,1,1,45,0.0,1
3,0,13,2,4470,42,225,14,3,1,1,30,1080.48,0
17,0,29,1,0,62,77,48,2,1,2,25,309.069,1
0,0,35,0,570,8,0,9,2,1,2,25,26.01,0
6,0,37,0,843,13,8,2,3,1,2,30,66.24,1
0,0,34,0,0,0,0,0,2,1,2,25,0.0,0
0,0,36,1,338,4,4,2,5,1,1,55,11.13,0
12,1,36,1,0,66,18,7,2,1,2,30,53.937,1
16,0,39,3,9230,126,142,42,3,1,1,30,942.24,0
9,1,29,0,699,0,42,38,2,1,1,55,362.613,1
17,0,40,2,2633,53,46,35,4,1,1,45,182.15,1
5,0,36,0,1000,12,7,8,2,1,2,25,77.04,0
8,1,30,0,5558,88,11,18,2,1,1,25,303.57,1
0,0,31,0,2660,14,0,9,3,1,1,30,106.96,0
9,0,40,0,2223,48,42,35,3,1,2,30,258.84,1
19,0,40,3,5103,82,29,52,1,1,1,15,444.675,0
15,0,42,2,14138,178,12,48,3,1,1,30,620.64,0
0,0,36,1,0,0,0,0,5,1,1,55,0.0,0
19,1,3,3,0,37,3,0,2,1,2,25,0.0,1
3,0,37,0,10865,144,0,32,3,1,1,30,440.36,0
11,0,38,3,4623,98,30,45,3,1,1,30,308.84,0
5,0,39,0,4245,73,9,20,2,1,1,25,234.81,0
4,0,25,0,0,0,22,47,2,1,1,25,375.133,1
12,0,43,1,4198,72,9,36,1,1,1,15,284.35,0
1,1,12,0,2593,24,6,24,2,2,2,45,53.322,1
12,1,34,0,3178,57,20,17,4,1,2,30,154.228,1
0,0,25,0,1378,39,55,70,4,1,1,45,172.925,0
3,0,9,1,1487,19,0,7,3,1,1,30,60.24,1
1,0,36,0,5613,89,0,10,2,1,1,25,256.59,0
7,1,33,0,2238,48,0,16,3,1,2,30,91.44,0
0,0,32,0,2710,19,466,2,3,1,1,30,1973.16,0
1,0,39,0,819,100,44,40,3,1,1,30,115.574,1
26,0,38,9,10740,99,8,44,5,1,1,55,174.585,0
0,0,36,0,0,0,0,0,5,1,1,55,0.0,0
10,1,31,0,0,4,26,2,3,1,2,30,115.907,1
12,0,26,0,0,39,22,6,2,1,2,30,0.0,1
9,0,16,0,0,58,28,18,4,1,2,30,228.701,1
1,0,34,0,630,12,3,4,2,1,2,25,42.39,0
16,1,34,0,3279,41,39,9,3,1,2,25,114.067,1
18,0,37,1,41,47,3,39,3,1,2,30,117.309,1
6,0,36,0,2780,53,175,23,2,1,1,25,914.985,0
16,0,14,0,190,17,84,48,3,1,1,25,433.49,1
14,0,43,3,7103,83,125,43,2,1,1,25,885.87,0
10,0,40,0,2150,58,56,27,3,1,2,30,312.32,0
6,0,29,1,0,14,12,21,3,1,1,30,0.0,1
0,1,34,0,0,18,35,22,2,1,1,30,112.366,1
10,0,3,1,430,55,33,11,3,1,1,30,176.035,1
21,0,32,2,5873,19,5,27,3,2,2,30,66.175,1
11,0,36,1,5628,97,17,21,2,1,1,25,334.125,1
0,0,8,0,67,45,81,48,4,1,2,45,185.645,1
12,0,28,1,2143,94,17,32,3,1,1,30,441.339,1
0,1,8,0,563,2,32,18,2,1,2,30,22.405,1
21,0,33,0,765,46,7,14,2,1,2,25,67.995,1
11,0,34,1,7023,75,107,38,2,1,1,25,800.91,0
3,0,35,0,1665,44,38,20,3,1,2,30,220.36,0
13,1,9,0,0,8,13,20,5,1,2,30,59.447,1
0,1,30,2,395,60,2,1,3,1,2,45,0.0,1
3,1,30,1,95,59,37,21,3,1,1,45,203.012,1
18,1,36,0,2539,17,18,48,3,1,1,25,81.794,1
0,0,20,0,1308,29,15,62,4,1,1,45,70.925,0
29,0,40,0,0,0,31,7,3,1,2,30,178.94,1
0,0,35,0,2080,10,451,6,3,1,1,30,1887.6,0
1,1,12,0,0,1,18,0,2,1,2,30,83.39,1
6,0,36,2,4810,87,16,38,3,1,1,30,259.88,0
2,0,32,0,13513,159,0,38,3,1,1,30,546.88,0
0,0,8,0,0,32,37,29,4,1,2,45,568.505,1
16,0,33,0,514,19,3,31,2,1,2,45,88.099,1
8,0,20,0,1225,26,11,12,2,1,1,25,105.795,0
8,0,43,2,1973,37,15,9,4,1,1,45,87.75,0
0,0,41,0,6123,15,35,9,2,1,2,30,24.69,1
23,0,33,0,728,23,27,6,3,1,2,25,99.776,1
1,0,32,0,887,9,73,48,2,1,2,30,16.282,1
0,1,28,0,0,0,0,0,4,1,1,45,0.0,1
1,0,40,0,1623,29,8,10,3,1,1,30,98.08,0
11,0,24,0,1630,37,20,11,2,1,1,25,165.015,0
19,0,28,0,1080,9,25,3,3,1,1,45,105.933,1
2,1,18,0,46,16,21,22,2,1,1,25,77.106,1
14,1,40,0,0,16,14,40,2,1,2,30,511.107,1
4,0,36,0,4400,78,4,26,3,1,1,30,195.12,0
28,0,38,9,10930,100,17,47,5,1,1,55,190.95,0
10,1,14,0,1198,71,9,6,3,1,2,25,25.523,1
20,0,32,3,912,62,66,20,2,1,1,25,396.997,1
16,0,39,4,12370,170,39,64,4,1,1,45,411.0,0
6,0,43,1,2360,45,293,19,4,1,1,45,792.625,0
11,0,39,0,1148,19,15,4,3,1,2,30,106.68,1
12,0,3,0,0,40,47,23,4,1,2,30,495.797,1
21,0,41,4,9480,130,156,47,3,1,1,30,1008.4,0
0,0,7,0,13,28,0,40,2,1,2,30,263.492,1
0,0,23,0,3165,58,3,21,3,1,1,30,140.92,0
9,0,38,0,13963,170,9,47,3,1,1,30,601.32,0
19,0,19,2,6453,144,90,44,2,2,1,25,701.865,0
0,0,36,0,1488,42,0,16,1,1,1,15,84.15,0
17,1,21,0,3090,0,31,11,2,1,1,25,53.053,1
8,0,34,0,2273,52,348,19,3,1,1,30,1485.0,0
0,1,22,0,0,0,8,42,2,1,2,30,151.091,1
8,0,36,0,6603,69,76,33,2,1,1,25,642.24,0
2,0,37,0,13583,169,25,46,3,1,1,30,650.08,0
0,0,18,0,1003,23,8,60,4,1,1,45,45.65,0
0,0,36,0,133,2,0,2,3,1,2,30,5.4,1
7,1,36,0,1549,26,46,34,3,1,2,45,362.523,1
0,0,41,0,405,14,14,7,3,1,2,30,72.76,0
3,0,35,0,4123,87,3,26,2,1,1,25,202.95,0
4,0,38,1,3095,27,483,8,3,1,1,30,2056.88,0
2,0,38,1,6095,81,168,28,3,1,1,30,919.04,0
0,0,38,0,1793,48,0,18,1,1,1,15,101.255,0
1,0,6,1,1308,11,0,2,3,1,1,30,52.76,1
1,0,37,1,1783,31,32,10,4,1,1,45,125.35,0
14,0,41,2,3408,75,17,35,2,1,1,25,233.235,0
5,0,38,0,438,8,7,4,3,1,2,30,45.84,1
3,0,34,0,1180,14,0,12,2,1,2,25,53.73,0
12,0,37,0,2643,61,368,27,3,1,1,30,1580.16,0
1,1,3,3,292,14,33,19,2,1,2,30,227.956,1
12,0,42,2,2725,48,297,22,4,1,1,45,811.825,0
14,0,29,0,0,11,11,19,2,1,2,30,56.852,1
10,0,39,2,3805,38,491,8,3,1,1,30,2117.72,0
15,0,41,2,3375,56,300,20,4,1,1,45,835.775,0
2,0,36,1,528,5,13,5,5,1,1,55,27.495,0
2,1,32,1,1198,62,12,36,4,1,2,25,92.116,1
0,1,43,0,2460,73,9,36,2,1,2,30,394.305,1
0,0,8,0,3680,29,190,10,3,1,1,30,908.36,0
14,1,30,0,0,0,16,3,2,1,2,30,170.383,1
6,0,38,1,2605,42,287,18,3,1,1,30,1253.88,0
0,0,31,0,338,5,0,1,4,1,1,45,8.575,0
11,0,8,1,234,11,31,5,2,1,2,25,407.575,1
22,0,42,0,633,46,25,26,4,2,2,30,175.378,1
1,0,31,0,4065,59,0,14,2,1,1,25,185.58,0
4,1,10,0,0,53,0,26,3,1,2,25,189.067,1
11,0,11,0,8853,169,63,36,4,1,1,45,383.05,0
4,0,33,0,2685,35,2,14,2,1,2,25,131.4,1
10,1,11,2,1982,26,16,12,3,1,1,30,144.32,1
2,0,35,0,11160,148,4,45,3,1,1,30,468.32,0
4,0,36,0,13713,166,0,42,3,1,1,30,555.16,0
10,0,34,0,5758,95,21,22,2,1,1,25,357.885,1
10,0,39,2,11580,159,9,46,4,1,1,45,315.975,0
18,0,24,1,15770,226,0,77,2,1,1,25,719.82,0
10,0,30,0,1053,67,26,28,2,1,1,25,16.61,1
31,1,32,4,16785,249,8,80,2,1,1,25,802.53,0
11,0,38,1,3085,59,182,25,2,1,1,25,960.48,0
10,0,36,2,11590,152,7,44,4,1,1,45,311.05,0
0,0,19,0,520,4,6,2,4,1,2,45,28.1,0
20,0,5,0,511,21,9,8,3,1,2,30,362.272,1
28,1,35,0,1260,53,23,19,3,1,2,30,144.52,1
10,0,3,1,0,7,29,18,3,1,2,25,110.619,1
10,0,36,0,0,33,31,17,3,1,2,25,111.005,1
0,1,33,0,0,53,24,11,2,1,2,25,133.62,1
33,0,35,5,16440,247,12,84,2,2,1,25,804.915,0
2,0,36,0,3718,82,2,28,2,1,1,25,180.0,0
5,0,37,1,11275,153,2,44,4,1,1,45,290.7,0
7,0,11,2,4695,46,222,12,3,1,1,30,1077.64,0
2,1,32,0,811,3,8,2,2,1,1,25,475.096,1
8,0,30,0,395,25,11,6,3,1,2,30,60.8,0
13,0,39,2,7023,81,115,39,2,1,1,25,837.18,0
2,0,13,1,4345,44,223,14,3,1,1,30,1067.56,0
4,0,26,0,1568,39,30,68,4,1,1,45,115.175,0
10,0,3,1,152,25,21,6,3,1,2,30,387.233,1
13,0,29,1,0,50,0,33,2,1,1,45,72.992,1
29,0,34,0,133,17,48,10,3,2,1,25,81.779,1
16,0,39,3,9175,124,149,45,3,1,1,30,967.96,0
0,1,3,1,0,41,36,9,2,1,2,25,582.309,1
25,0,19,4,7298,157,113,59,2,2,1,25,843.975,0
7,0,39,1,13888,175,32,48,3,1,1,30,690.52,0
0,1,35,2,0,33,18,9,3,1,1,25,433.824,1
0,0,31,0,0,19,34,7,3,1,2,45,1.807,1
1,0,39,0,305,9,0,10,3,1,2,30,12.56,0
34,0,31,1,2495,24,27,25,2,1,1,25,139.746,1
25,0,36,10,11035,103,22,57,5,2,1,55,200.07,0
5,0,40,0,2013,50,11,19,3,1,2,30,126.52,0
2,0,39,1,3258,22,81,43,3,1,2,25,319.366,1
0,1,34,2,0,1,2,35,4,1,2,30,439.819,1
5,0,23,0,920,26,12,11,2,1,1,25,96.57,0
8,0,35,0,4018,58,0,30,1,1,1,15,224.18,0
17,0,39,4,7623,91,136,54,2,2,1,25,959.13,0
0,0,37,0,0,0,0,0,2,1,2,25,0.0,1
9,0,42,1,4450,73,15,21,3,1,1,30,240.92,0
21,1,25,0,6123,25,46,40,2,1,2,25,4.471,1
32,0,38,5,16380,250,15,83,2,2,1,25,815.85,0
17,0,7,0,0,48,3,19,3,1,2,25,252.967,1
34,0,11,2,0,16,44,34,3,1,2,30,139.369,1
14,0,42,2,6283,104,19,16,3,1,1,30,331.48,0
0,0,39,1,6275,82,189,28,3,1,1,30,1010.28,0
0,0,33,0,1253,27,2,29,3,1,2,30,59.2,1
17,0,28,0,0,43,18,3,4,1,1,25,76.471,1
23,0,3,1,0,3,6,41,3,1,2,25,75.447,1
20,0,29,2,15770,232,0,78,2,1,1,25,720.09,0
2,0,28,0,0,69,10,17,2,1,2,30,132.329,1
1,0,29,0,0,31,30,38,5,1,2,25,267.6,1
22,0,35,8,10840,98,2,40,4,1,1,45,278.45,0
6,0,40,0,1028,16,15,4,3,1,2,30,101.76,0
21,0,37,9,10550,99,33,46,5,1,1,55,209.235,0
9,0,28,1,1873,45,37,70,5,1,1,55,84.27,0
3,0,37,0,933,35,34,18,3,1,2,30,293.522,1
3,0,34,0,6298,63,69,31,2,1,1,25,596.745,0
0,1,4,0,0,0,2,17,3,1,1,30,328.379,1
18,0,40,4,9535,133,183,49,3,1,1,30,1118.72,0
4,0,21,0,1875,34,39,19,2,1,1,25,261.405,0
7,0,13,0,8628,165,66,38,4,1,1,45,384.825,0
10,1,28,0,0,60,24,37,3,1,1,45,212.271,1
11,0,15,0,6088,135,78,40,1,2,1,15,771.265,0
7,0,3,0,405,48,36,9,5,1,1,25,472.749,1
2,0,40,2,0,0,78,48,2,1,2,25,97.379,1
5,0,30,1,1648,41,40,72,4,1,1,45,142.225,0
20,0,43,0,1161,36,78,48,4,1,1,30,60.446,1
0,0,6,2,0,55,40,23,3,1,2,30,378.831,1
0,0,34,0,1363,19,0,4,3,1,1,30,55.28,0
10,0,34,0,5703,93,28,25,2,1,1,25,386.82,1
18,0,21,2,9318,179,90,46,5,1,1,55,277.455,0
18,0,41,2,2818,69,371,28,3,1,1,30,1599.48,0
4,0,26,0,1568,39,30,68,4,1,1,45,115.175,0
18,1,32,0,5898,25,1,21,2,1,2,30,29.46,1
5,0,39,0,1180,20,7,13,2,1,2,25,85.5,0
2,0,36,0,457,15,14,9,2,1,1,30,0.0,1
0,0,37,1,2905,27,508,10,3,1,1,30,2149.28,0
9,0,32,0,292,19,3,46,2,1,2,30,346.714,1
2,0,37,1,431,8,33,5,3,1,2,25,129.529,1
9,0,12,0,5908,127,67,35,1,2,1,15,700.425,0
9,1,34,0,397,45,25,0,3,1,2,30,251.778,1
26,1,35,1,1015,50,21,19,3,1,1,30,126.6,1
0,0,17,0,660,16,0,5,2,1,1,25,30.42,0
2,0,11,0,649,11,22,48,2,1,2,45,288.067,1
5,0,38,2,643,10,11,4,5,1,1,55,26.295,0
3,1,8,0,4696,12,9,6,3,2,2,30,86.941,1
34,0,26,0,263,24,14,29,3,1,2,30,114.38,1
1,0,6,1,546,47,8,10,4,1,1,30,104.424,1
34,0,33,0,1265,47,26,0,2,1,1,30,115.963,1
22,0,43,0,1022,59,67,22,2,1,2,45,289.615,1
15,0,39,1,2758,66,366,26,3,1,1,30,1576.96,0
7,1,8,1,0,48,22,1,2,1,1,45,13.447,1
3,0,32,0,180,60,16,28,2,1,1,30,103.257,1
1,0,35,0,597,31,44,27,4,1,2,25,380.432,1
5,0,39,0,580,10,7,2,2,1,2,25,58.05,0
15,0,8,0,1247,100,12,17,2,1,2,25,239.394,1
0,0,19,0,2965,51,0,17,3,1,1,30,120.64,0
0,1,25,0,0,36,8,40,3,1,2,25,253.869,1
13,0,3,0,153,0,13,33,2,1,2,25,156.766,1
8,0,35,1,8810,115,137,41,3,1,1,30,905.0,0
9,0,22,0,700,19,2,6,2,1,2,25,41.355,0
6,0,37,1,1725,47,43,22,3,1,1,30,242.88,0
0,0,30,0,0,0,0,0,3,1,1,30,0.0,0
1,0,36,0,2245,34,287,19,3,1,1,30,1239.16,0
21,1,31,0,5972,52,36,39,2,1,2,45,151.447,1
10,0,42,2,1075,23,25,12,3,1,1,30,143.92,0
0,0,42,0,13,5,8,3,3,1,2,30,32.72,0
6,1,10,1,0,32,42,37,4,1,1,25,40.065,1
1,0,33,3,6775,116,296,35,2,2,1,25,1642.095,0
10,0,38,0,0,22,22,33,3,1,2,25,337.54,1
11,0,28,1,2063,46,46,73,5,1,1,55,100.635,0
8,0,37,1,4428,93,10,28,3,1,1,30,220.84,0
5,0,39,0,6205,82,172,13,3,1,1,30,939.48,0
15,0,17,1,8993,174,78,42,5,1,1,55,254.505,0
3,1,3,0,394,16,43,22,3,1,2,25,293.561,1
0,0,39,0,2268,60,6,36,1,1,1,15,161.04,0
6,0,33,2,6850,110,239,29,2,2,1,25,1388.7,0
11,0,44,2,2233,41,22,14,4,1,1,45,111.85,0
3,0,28,0,0,22,5,12,3,1,1,25,179.602,1
2,1,39,0,313,10,11,7,3,1,2,30,56.92,1
18,1,37,0,3895,57,37,33,3,1,2,30,306.08,1
2,0,3,0,1572,41,10,31,2,1,1,45,138.152,1
28,0,40,4,15200,228,59,34,3,1,1,30,853.12,0
21,0,46,3,4340,98,54,36,3,1,1,30,393.52,0
1,0,33,0,2393,52,0,32,1,1,1,15,134.475,0
14,1,12,0,545,15,19,24,5,1,2,25,571.42,1
23,0,42,0,0,43,18,12,3,1,1,25,317.408,1
4,0,11,0,8568,162,61,36,4,1,1,45,370.75,0
18,1,3,0,0,69,19,48,2,1,2,25,312.588,1
18,0,32,0,765,47,41,19,3,1,2,30,196.48,1
1,0,29,0,98,58,36,7,2,1,1,30,275.136,1
18,1,3,3,1285,62,34,37,2,1,1,25,987.255,1
0,1,7,0,0,0,55,10,3,1,2,25,361.244,1
7,0,39,2,4630,89,34,29,3,1,1,30,324.76,0
7,0,37,0,6323,100,8,10,2,1,1,25,325.035,0
3,0,38,0,3128,57,15,39,2,1,1,30,572.001,1
7,0,38,0,2048,53,0,14,3,1,2,30,84.04,0
11,1,39,0,1105,15,33,0,2,1,2,25,93.211,1
5,0,34,0,5838,93,0,8,2,1,1,25,266.895,0
1,0,33,1,6540,94,12,22,4,1,1,45,195.85,0
0,0,35,0,2715,24,4,17,3,1,1,30,125.56,0
24,1,25,0,50,2,9,9,3,1,2,45,31.829,1
15,0,23,1,15510,222,0,72,2,1,1,25,707.94,0
6,0,39,1,6033,101,39,16,3,1,1,30,401.36,0
7,0,31,1,7010,101,11,20,5,1,1,55,123.165,0
12,1,25,0,1373,24,19,28,2,1,1,25,89.735,1
0,0,31,0,0,0,0,0,3,1,2,30,0.0,1
1,1,36,2,2481,4,71,32,5,1,2,30,18.464,1
9,0,39,1,2010,21,25,12,3,1,2,30,38.086,1
27,0,41,0,655,11,11,16,2,1,1,55,522.577,1
9,0,25,2,2000,38,43,17,3,1,1,30,253.52,0
4,0,3,0,196,0,0,0,4,1,2,25,212.355,1
25,1,24,0,3287,37,42,25,5,1,2,25,40.41,1
0,0,39,0,2087,18,73,20,2,1,2,30,37.855,1
6,0,34,0,7813,127,383,44,2,1,1,25,2080.8,0
0,0,31,1,5950,99,239,31,2,2,1,25,1347.705,0
0,0,25,0,1903,20,165,8,2,2,1,25,829.035,0
0,0,42,0,30,49,15,23,4,1,2,30,491.251,1
13,0,25,0,0,51,0,3,3,1,2,30,345.919,1
6,0,44,4,597,23,36,29,3,1,2,25,0.0,1
0,0,37,0,2385,16,458,8,3,1,1,30,1928.04,0
15,0,25,2,0,64,1,6,3,1,2,30,98.649,1
0,0,22,0,2210,44,0,21,3,1,1,30,90.16,0
22,0,29,2,16015,235,0,78,2,1,1,25,731.25,0
7,0,37,1,11465,154,11,47,4,1,1,45,317.975,0
19,0,44,0,745,65,43,48,2,1,2,25,442.948,1
0,0,40,0,1448,0,78,24,3,1,2,25,354.88,1
17,0,29,0,2296,25,9,33,2,1,2,25,62.745,1
12,0,19,1,6168,137,88,44,1,2,1,15,830.775,0
6,1,3,0,0,0,4,35,2,1,2,30,128.777,1
19,1,26,0,418,63,12,9,2,1,1,25,223.33,1
13,0,32,1,5863,94,18,20,2,1,1,25,349.065,1
6,0,25,0,395,19,3,5,2,1,2,25,32.13,0
2,0,24,0,411,69,13,35,3,1,2,30,33.326,1
6,0,37,0,1853,50,338,9,2,1,1,25,1606.635,0
5,0,3,2,343,55,13,37,4,1,2,45,423.355,1
12,0,34,2,6113,102,40,37,2,1,1,25,459.675,0
7,0,35,2,7013,79,122,50,2,1,1,25,868.14,0
23,1,38,0,1200,61,86,33,3,1,2,25,297.184,1
0,1,5,0,1123,10,0,3,2,1,2,25,50.985,1
16,0,30,7,10175,83,0,36,4,1,1,45,256.45,0
9,1,33,0,5412,68,37,1,2,1,2,25,201.574,1
2,0,30,1,311,34,32,48,3,1,2,25,321.859,1
21,1,36,0,846,35,23,30,3,1,1,45,67.267,1
15,0,45,2,4675,83,20,20,3,1,1,30,270.32,0
5,0,35,0,305,6,7,2,4,1,2,45,25.275,1
2,0,9,1,4390,40,215,10,3,1,1,30,1037.2,0
11,0,3,0,0,2,48,13,4,1,1,25,136.249,1
16,0,24,0,0,15,74,4,4,2,2,25,844.787,1
4,1,35,0,0,19,11,1,3,1,2,30,303.684,1
0,0,35,0,3008,71,0,28,2,1,1,25,138.555,0
26,1,30,0,1260,47,15,18,2,1,2,25,126.315,1
12,0,33,1,9035,119,134,39,3,1,1,30,902.16,0
5,0,11,2,4505,45,213,9,3,1,1,30,1034.0,0
21,1,29,2,4034,14,50,48,2,1,2,55,83.242,1
4,0,24,0,0,24,14,14,3,1,1,45,502.706,1
0,1,40,0,0,43,20,39,3,1,2,30,426.016,1
6,1,30,1,1495,44,204,16,2,2,1,25,987.255,1
5,0,33,0,8750,112,132,39,3,1,1,30,882.48,0
10,0,40,2,4630,88,0,24,3,1,1,30,188.72,0
7,0,37,0,15295,181,141,27,2,1,1,25,1330.92,0
6,1,32,0,169,13,49,3,3,1,2,25,135.315,1
9,0,28,2,305,8,50,45,3,1,1,25,92.925,1
1,0,37,1,6310,85,177,23,3,1,1,30,963.8,0
11,0,37,5,7385,128,310,39,3,2,1,30,1540.52,0
0,0,36,0,685,14,25,13,2,1,2,25,143.955,0
8,0,34,0,8695,109,105,37,3,1,1,30,772.16,0
4,0,42,1,2473,60,12,37,2,1,1,25,167.985,0
8,1,37,1,0,37,3,19,3,1,2,30,92.043,1
19,0,9,2,0,42,16,44,4,1,2,30,454.517,1
1,1,38,1,905,32,84,8,3,1,2,30,233.873,1
9,0,18,0,8627,171,74,39,5,1,1,55,242.97,0
2,0,35,0,11160,148,4,45,3,1,1,30,468.32,0
17,1,34,0,0,42,101,2,4,1,1,30,0.0,1
8,0,25,0,585,20,12,8,2,1,2,25,81.225,0
14,0,12,0,6392,135,77,41,1,2,1,15,782.485,0
11,0,26,0,585,19,0,3,2,1,2,25,27.18,0
7,0,41,0,813,12,23,9,3,1,2,30,125.0,0
6,0,39,1,7568,130,389,45,3,1,1,30,1863.92,0
1,1,40,1,1139,39,0,38,2,1,2,25,172.749,1
13,1,35,0,5703,92,0,20,2,1,1,25,260.775,1
3,0,39,0,5793,97,11,15,2,1,1,25,314.55,0
3,0,33,0,3713,52,0,28,1,1,1,15,207.075,0
1,1,3,0,0,49,35,13,3,1,2,25,307.987,1
12,0,40,0,5824,7,33,14,3,1,2,25,251.301,1
4,0,31,0,15225,172,135,24,2,1,1,25,1300.365,0
4,0,32,1,2089,51,84,14,3,1,2,30,294.999,1
4,1,7,0,0,19,28,0,3,1,2,25,139.077,1
16,0,18,2,6508,147,117,46,2,2,1,25,825.975,0
0,1,36,0,0,0,0,0,2,1,2,25,0.0,1
32,0,39,10,11450,110,16,44,5,1,1,55,197.4,0
3,0,36,0,257,56,5,5,3,1,1,25,141.376,1
9,0,14,2,4875,54,233,17,3,1,1,30,1129.16,0
12,0,3,0,0,3,28,21,3,1,2,30,186.551,1
4,0,28,0,3405,69,19,28,3,1,1,30,214.96,0
10,0,22,2,2060,35,40,18,3,1,1,30,243.8,0
10,0,36,0,1598,9,4,46,4,1,2,30,37.655,1
12,0,27,0,2166,40,9,16,3,1,2,25,375.648,1
0,0,35,0,5813,59,80,20,2,1,1,25,624.24,0
0,1,16,0,4708,0,29,14,3,1,1,30,242.527,1
6,1,8,2,1613,17,7,4,3,1,1,30,93.2,1
10,0,16,3,1792,31,15,10,3,1,1,30,132.92,1
6,0,43,0,385,8,17,6,2,1,2,25,94.185,1
21,1,29,0,3342,25,36,25,3,1,1,25,182.91,1
5,0,35,3,6560,111,253,35,2,2,1,25,1438.695,0
34,0,5,0,0,59,11,1,2,1,2,25,218.74,1
3,0,40,1,3798,84,12,32,3,1,1,30,203.28,0
7,0,13,0,8627,165,66,38,4,1,1,45,384.8,0
0,0,8,1,2288,29,9,11,3,1,1,30,128.68,0
0,0,30,0,1828,42,0,25,1,1,1,15,102.85,0
1,1,27,0,0,8,29,31,4,1,1,30,416.453,1
0,1,31,0,0,36,15,11,2,1,2,30,51.891,1
10,0,12,0,0,70,28,16,3,1,2,25,987.255,1
1,0,41,0,955,16,10,15,2,1,2,25,88.695,0
2,0,38,0,946,15,3,35,3,1,2,45,146.246,1
11,0,34,3,1620,48,208,14,3,2,1,30,898.72,0
1,0,36,0,979,53,33,6,3,1,2,30,238.518,1
9,1,32,0,47,40,27,5,3,1,2,30,175.579,1
14,0,39,1,15790,188,157,32,2,1,1,25,1425.51,0
18,0,32,0,5784,43,11,6,2,1,2,25,288.051,1
0,0,34,0,1475,44,63,22,3,1,2,30,312.76,0
5,0,31,2,1395,38,203,15,2,2,1,25,977.985,0
4,0,37,0,2798,63,3,31,1,1,1,15,173.855,0
10,0,44,3,3480,35,500,14,4,1,1,45,1337.875,0
4,1,28,0,0,73,2,30,3,1,2,45,335.391,1
33,1,41,0,1520,63,38,25,3,1,2,30,215.32,1
2,1,10,0,580,100,62,35,3,1,1,30,70.906,1
0,0,28,0,3153,66,0,20,2,1,1,25,144.855,0
9,0,24,0,0,25,32,34,4,1,2,25,297.103,1
9,1,34,0,2875,35,0,12,2,1,2,25,130.95,1
3,0,28,0,440,100,12,5,3,1,2,25,145.937,1
5,0,19,0,965,22,4,7,2,1,1,25,62.415,0
16,0,31,2,1610,40,36,19,2,1,1,25,236.25,0
34,1,33,4,257,40,26,27,3,1,2,30,227.334,1
4,0,41,1,7588,129,394,47,3,1,1,30,1884.68,0
0,0,15,0,680,9,0,12,2,1,1,25,31.005,0
29,1,40,10,10800,102,13,46,5,2,1,55,183.03,0
20,1,28,1,5197,58,31,46,2,1,2,25,270.799,1
8,0,36,1,11870,159,12,45,3,1,1,30,529.16,0
3,0,33,0,1894,9,40,27,3,1,2,30,20.53,1
8,1,22,0,556,49,57,36,3,1,2,30,431.097,1
9,0,7,0,0,42,126,5,3,1,2,25,34.525,1
3,0,33,1,6785,97,14,22,5,1,1,55,124.23,0
17,0,32,0,245,36,0,17,2,1,2,25,12.645,1
11,0,27,3,4130,77,36,40,3,1,1,30,312.28,0
0,0,5,0,0,13,28,1,2,1,1,25,64.478,1
10,0,5,3,82,16,24,48,2,1,1,25,153.502,1
0,0,33,0,0,0,0,0,5,1,1,55,0.0,0
1,0,35,0,371,2,10,0,2,1,2,25,215.749,1
13,0,18,4,3158,51,38,21,3,2,1,30,280.36,0
9,0,40,1,11645,162,22,52,4,1,1,45,350.175,0
16,0,13,1,6438,137,77,38,2,2,1,25,642.375,0
1,0,3,0,5725,0,9,22,4,1,2,30,262.013,1
7,1,7,1,1713,23,7,5,3,1,1,30,97.44,1
14,0,17,4,3562,56,39,19,3,2,1,30,300.72,0
30,0,34,5,16495,250,39,86,2,2,1,25,929.025,0
4,0,33,0,0,34,36,43,3,1,2,30,424.403,1
0,0,8,0,777,8,0,7,3,1,1,30,31.4,1
14,0,40,2,8523,144,399,45,3,1,1,30,1942.68,0
8,0,38,0,0,34,37,19,4,2,2,25,105.396,1
0,0,35,0,0,0,62,15,3,1,2,45,170.533,1
11,1,39,0,2246,14,55,25,2,1,2,25,55.161,1
1,0,35,0,2213,50,0,28,1,1,1,15,124.465,0
0,0,40,0,7203,127,385,42,3,1,1,30,1833.2,0
12,0,29,0,405,21,7,2,3,1,2,30,45.04,0
16,0,35,2,5943,96,22,21,2,1,1,25,370.755,1
1,0,34,0,2475,47,168,21,2,1,1,25,869.49,0
20,0,30,3,15885,238,25,82,2,1,1,25,838.035,0
0,0,33,0,1360,38,31,18,3,1,2,30,179.92,0
2,0,38,0,710,14,13,8,3,1,2,30,80.96,0
7,0,38,1,4515,83,2,25,3,1,1,30,191.92,0
15,0,18,1,5987,136,67,44,2,2,1,25,577.035,0
0,0,4,0,245,12,13,14,3,1,2,30,172.897,1
12,0,37,1,2698,63,361,24,3,1,1,30,1554.44,0
7,1,21,0,1512,100,84,22,3,1,2,25,18.524,1
26,1,4,0,0,53,156,35,2,1,1,25,138.569,1
9,0,37,0,8515,111,123,28,3,1,1,30,837.04,0
18,0,39,3,9420,127,151,45,3,1,1,30,985.88,0
5,0,31,0,33,32,10,40,5,2,2,30,93.741,1
1,0,37,0,13063,158,0,44,3,1,1,30,528.84,0
0,0,34,0,2595,19,0,14,3,1,1,30,104.56,0
5,0,35,1,305,6,7,2,5,1,1,55,15.165,0
12,0,30,1,1225,38,27,14,2,1,1,25,178.335,0
0,1,40,0,583,11,17,8,4,1,2,45,57.35,1
34,0,28,1,2732,100,16,15,3,1,2,25,80.633,1
34,1,39,0,1110,44,31,35,3,1,1,30,221.325,1
15,0,44,3,7023,87,123,40,3,1,1,30,776.4,0
1,0,3,0,209,20,15,45,2,1,1,30,22.983,1
16,0,29,0,15170,222,0,63,2,1,1,25,692.64,0
8,0,37,0,1970,50,45,22,3,1,2,30,260.8,0
5,0,35,0,2390,31,0,1,3,1,2,30,96.84,1
1,0,14,0,1615,24,18,10,2,1,1,25,154.755,0
5,0,39,0,1180,20,7,13,2,1,2,25,85.5,0
9,0,40,1,5978,98,12,14,3,1,1,30,291.04,0
9,1,10,1,181,35,24,34,4,1,1,25,49.033,1
5,0,40,0,1665,50,46,21,4,1,2,45,157.875,0
34,1,29,0,0,0,18,18,2,1,1,30,292.613,1
24,1,3,4,448,1,13,9,3,1,2,25,0.0,1
0,1,35,0,94,4,25,20,3,1,2,30,44.673,1
4,0,34,0,1963,38,27,29,3,1,2,30,188.04,1
11,1,3,0,449,53,58,23,2,1,2,25,268.05,1
0,0,35,0,0,0,2,0,2,1,2,25,9.0,1
17,1,34,0,0,62,30,9,3,1,2,25,293.518,1
11,0,33,0,0,0,62,28,2,1,2,25,220.966,1
7,0,34,1,4560,79,7,21,3,1,1,30,213.56,0
5,0,13,0,8437,164,57,35,4,1,1,45,357.525,0
3,0,38,1,193,5,5,4,3,1,1,30,27.92,1
3,0,42,0,476,21,15,31,3,1,2,30,123.388,1
0,0,7,0,3485,24,187,21,3,1,1,30,888.36,0
2,0,9,1,4390,40,215,10,3,1,1,30,1037.2,0
8,0,37,0,1970,50,45,22,3,1,2,30,260.8,0
0,0,4,0,1003,5,0,4,2,1,1,25,45.36,1
9,0,30,1,3710,75,26,30,3,1,1,30,255.4,0
0,1,4,0,1045,100,21,3,3,1,2,30,124.973,1
8,1,31,0,2351,66,7,48,2,1,1,25,438.005,1
17,0,31,0,0,51,6,25,2,1,2,30,268.699,1
33,0,27,0,425,68,5,31,2,2,1,45,303.507,1
12,0,37,2,3855,39,15,16,3,1,1,30,215.76,0
9,0,34,0,2283,50,7,13,3,1,2,30,121.32,0
7,0,42,0,13728,173,8,48,3,1,1,30,588.04,0
29,0,14,1,1512,73,172,0,2,1,2,25,510.528,1
3,1,9,0,640,5,22,8,3,1,2,30,70.009,1
2,0,36,0,0,64,52,7,3,1,1,25,215.344,1
3,0,30,2,6123,4,6,4,4,1,2,30,60.324,1
17,0,36,3,6418,108,47,39,2,1,1,25,505.17,0
0,0,35,0,0,0,0,0,2,1,2,25,0.0,1
1,1,3,4,0,1,9,8,2,1,2,30,564.935,1
18,1,16,0,0,9,73,5,4,1,1,25,284.708,1
34,0,29,0,291,3,24,25,2,1,1,25,127.54,1
7,0,34,0,15305,174,139,25,2,1,1,25,1322.055,0
0,0,33,0,1360,38,31,18,3,1,2,30,179.92,0
0,1,29,2,287,15,12,41,3,1,1,45,151.122,1
0,1,30,0,828,0,26,0,2,1,2,25,153.197,1
7,0,30,0,5433,90,9,18,2,1,1,25,289.035,1
3,0,3,3,2345,48,1,24,4,1,1,30,302.009,1
12,0,39,0,0,0,13,24,3,1,2,30,109.968,1
8,0,39,1,7813,133,391,45,3,1,1,30,1881.84,0
5,0,25,0,1519,59,12,43,3,1,2,25,272.091,1
21,1,36,8,10435,93,1,42,5,2,1,55,159.42,0
14,1,3,0,1188,67,14,11,2,1,1,25,75.213,1
6,0,3,0,38,17,19,7,3,1,2,25,7.313,1
20,0,42,3,9600,135,162,50,3,1,1,30,1037.4,0
31,1,29,0,5023,34,3,2,2,1,1,45,58.751,1
4,0,27,1,1683,45,62,72,5,1,1,55,118.92,0
13,0,13,0,460,35,49,16,2,1,1,25,87.436,1
4,0,38,1,3095,27,483,8,3,1,1,30,2056.88,0
21,0,3,0,1462,21,39,0,2,1,2,30,38.816,1
4,0,44,3,6123,0,13,11,3,1,2,25,157.19,1
19,1,33,0,0,25,48,14,3,1,1,25,152.761,1
0,0,37,0,875,14,0,11,2,1,2,25,40.005,0
4,1,31,0,0,25,3,29,3,1,2,25,0.0,1
34,0,36,0,1350,17,67,43,4,1,1,30,784.322,1
11,0,40,1,2855,46,301,23,3,1,1,30,1320.04,0
20,0,37,0,0,40,69,18,3,2,2,30,112.405,1
2,0,22,0,1315,30,185,10,2,2,1,25,893.025,0
8,0,39,2,7045,107,29,28,5,1,1,55,150.78,0
13,0,36,4,7460,123,287,38,3,2,1,30,1451.32,0
2,0,34,0,58,0,33,21,2,1,2,45,583.136,1
9,0,37,0,15485,182,150,30,2,1,1,25,1380.015,0
21,0,19,2,6697,147,92,44,2,2,1,25,721.98,0
0,0,24,0,1392,65,41,41,4,1,2,30,83.196,1
0,1,32,2,0,20,0,37,2,2,1,30,366.569,1
15,0,34,0,1491,5,43,48,3,1,2,25,106.051,1
5,0,32,0,790,52,5,41,2,1,2,45,0.0,1
14,0,15,0,9122,172,82,43,4,1,1,45,437.35,0
0,0,30,0,0,0,0,0,2,1,2,25,0.0,0
9,0,41,0,15440,186,158,34,2,1,1,25,1414.17,0
20,0,32,0,438,28,68,7,4,1,1,25,112.036,1
6,0,32,1,2825,49,167,19,2,1,1,25,880.83,0
0,1,4,0,0,47,6,0,2,1,2,25,488.621,1
12,1,3,0,0,58,24,47,2,1,1,25,220.342,1
0,0,37,0,1543,27,4,9,3,1,1,30,78.8,0
5,0,10,0,3775,34,21,41,2,1,1,30,73.657,1
3,0,3,0,2121,10,1,11,4,1,2,30,57.964,1
15,1,13,0,2125,21,71,25,2,1,1,30,316.079,1
11,0,32,1,0,31,7,27,3,1,2,30,396.718,1
3,0,38,0,1672,71,13,14,3,1,1,30,57.872,1
0,0,28,0,600,6,24,5,4,1,2,45,75.15,0
13,0,30,0,4649,0,31,19,2,1,1,45,170.864,1
7,0,36,1,8405,110,119,43,3,1,1,30,816.6,0
18,0,34,0,1005,37,25,10,3,1,2,30,141.68,0
7,0,31,1,3485,71,23,29,3,1,1,30,234.24,0
19,0,34,0,0,100,150,5,2,1,1,30,107.172,1
0,0,34,0,5553,86,0,8,2,1,1,25,253.755,0
30,1,40,0,1260,59,31,20,3,1,2,30,176.76,1
23,0,33,0,308,43,11,7,2,2,1,30,122.914,1
6,0,36,2,6625,84,182,23,3,1,1,30,996.36,0
12,0,36,1,15610,180,146,27,2,1,1,25,1367.55,0
15,1,25,0,424,42,7,6,2,1,1,25,205.495,1
17,0,42,2,2603,63,20,21,4,1,1,45,116.65,0
18,0,46,2,4935,87,27,25,3,1,1,30,308.88,0
8,0,43,1,7768,137,399,49,3,1,1,30,1912.2,0
0,0,31,0,2055,27,270,15,3,1,1,30,1163.28,0
0,0,32,0,0,0,0,0,2,1,2,25,0.0,0
0,0,37,0,3593,84,6,31,2,1,1,25,192.465,0
3,1,31,0,2267,42,32,48,5,2,2,25,69.735,1
0,0,37,0,0,0,0,0,2,1,2,25,0.0,0
5,0,32,1,3065,26,7,12,3,1,1,30,151.64,0
11,1,27,0,38,15,0,2,4,1,1,45,108.639,1
5,0,20,1,1755,29,33,16,2,1,1,25,228.78,0
23,0,33,2,15140,219,46,31,3,1,1,30,798.36,0
11,0,37,0,4603,71,2,33,1,1,1,15,268.07,0
1,0,25,0,1255,33,188,9,2,2,1,25,903.96,0
2,0,4,0,0,8,4,22,4,1,1,25,472.042,1
3,0,29,1,3305,63,18,27,3,1,1,30,206.72,0
1,0,29,0,808,47,2,21,2,2,1,25,492.345,1
0,0,31,0,0,11,6,39,2,1,2,30,121.293,1
0,0,22,1,0,64,29,8,4,1,2,25,119.459,1
23,0,34,0,201,69,204,25,2,1,2,25,112.283,1
0,0,32,0,0,42,49,12,3,1,2,25,285.018,1
3,0,13,0,0,20,5,42,3,1,2,25,85.457,1
8,0,36,3,7205,109,53,28,5,1,1,55,189.21,0
3,0,36,0,7393,121,352,39,2,1,1,25,1922.13,0
24,0,33,8,10740,93,0,43,4,1,1,45,270.825,0
10,0,39,1,3370,77,14,30,3,1,1,30,193.88,0
18,0,38,2,6123,104,33,26,2,1,1,25,428.715,0
2,0,44,0,318,11,15,5,3,1,2,30,73.16,0
2,0,31,0,825,16,29,4,4,1,2,45,93.525,0
13,0,45,3,7065,102,208,34,4,1,1,45,699.175,0
0,0,3,0,619,65,3,14,2,1,2,25,96.925,1
0,1,27,1,608,22,15,19,4,1,2,25,307.191,1
2,1,31,0,0,0,36,39,3,1,2,55,213.37,1
13,0,44,3,4900,91,19,31,3,1,1,30,275.64,0
9,0,27,0,455,22,8,7,2,1,1,25,57.465,0
18,1,38,0,1263,100,25,27,5,1,1,30,249.79,1
17,0,46,2,14338,185,22,52,3,1,1,30,668.92,0
6,0,34,0,4435,81,0,21,3,1,1,30,180.64,0
10,0,37,0,2643,59,9,15,3,1,2,30,144.08,0
2,1,33,0,4803,81,0,22,2,1,1,25,219.78,1
7,1,35,0,2800,40,0,13,3,1,2,30,113.6,1
17,0,36,2,3087,17,9,48,3,1,1,25,54.035,1
9,0,9,0,887,17,204,18,2,1,2,25,120.255,1
25,0,37,2,15025,219,22,28,3,1,1,30,697.76,0
5,0,34,1,3075,57,189,36,2,1,1,25,991.44,0
2,1,3,0,3546,50,153,27,3,1,1,30,266.754,1
5,0,12,0,0,24,71,34,2,1,2,25,143.629,1
14,0,35,1,2678,64,356,22,3,1,1,30,1533.68,0
14,0,35,1,6223,103,27,22,2,1,1,25,406.17,0
0,0,28,0,2580,12,0,8,3,1,1,30,103.68,0
18,0,27,2,845,57,0,43,2,1,1,30,550.453,1
21,0,7,0,0,30,38,33,3,1,2,25,34.531,1
2,0,31,1,0,43,68,47,3,1,2,25,302.31,1
2,1,17,1,5926,43,19,15,3,1,2,30,128.495,1
3,0,32,0,1968,46,341,17,2,1,1,25,1625.13,0
0,0,30,0,3333,74,0,22,2,1,1,25,153.315,0
0,0,38,0,4691,34,63,7,2,1,1,25,492.071,1
4,0,12,0,0,100,20,45,2,1,2,25,158.947,1
7,0,14,0,8743,171,98,42,5,1,1,55,280.71,0
3,1,28,2,856,38,44,3,3,1,2,30,125.185,1
11,0,36,2,6843,73,104,34,2,1,1,25,779.22,0
0,1,32,0,0,7,48,0,2,1,2,30,112.737,1
14,1,37,0,3295,47,16,18,3,1,2,30,197.68,1
8,0,16,0,0,17,12,27,4,1,2,25,149.912,1
1,0,12,0,7917,154,41,38,4,1,1,45,304.275,0
1,1,6,0,3562,0,13,5,2,1,1,25,60.132,1
16,1,4,0,511,100,0,8,2,1,2,45,339.881,1
8,0,33,0,0,21,64,7,3,1,1,25,353.278,1
4,0,16,1,0,16,13,36,3,1,2,25,99.453,1
4,1,34,0,129,40,39,21,2,1,2,30,350.043,1
20,0,45,2,3018,76,381,32,3,1,1,30,1647.76,0
7,0,23,0,1165,29,14,11,2,1,1,25,116.73,0
1,0,23,0,0,21,6,14,2,1,2,30,72.383,1
14,1,40,1,391,22,31,44,4,1,2,45,384.379,1
30,0,44,4,15400,235,69,38,3,1,1,30,901.4,0
2,0,16,0,0,5,12,26,4,1,1,30,139.703,1
2,1,29,1,0,0,69,6,3,1,2,45,422.868,1
7,0,14,4,3148,49,45,32,3,1,1,30,307.88,0
9,1,3,0,3926,3,45,3,2,1,2,30,282.195,1
6,1,37,0,1338,18,17,4,4,1,2,45,76.4,1
3,0,6,1,0,64,27,19,3,1,2,30,352.658,1
4,0,35,0,11350,149,13,48,3,1,1,30,511.96,0
6,0,34,0,1790,42,34,17,3,1,2,30,209.28,0
10,0,38,1,8990,123,148,46,3,1,1,30,956.52,0
7,0,43,0,438,14,15,5,3,1,2,30,78.08,1
24,0,3,0,1975,24,5,43,3,1,2,25,115.442,1
10,1,29,0,1556,27,12,11,5,1,2,25,53.627,1
5,1,27,0,0,44,44,20,5,1,1,25,157.549,1
14,0,40,2,5898,100,36,28,2,1,1,25,431.91,1
2,1,29,0,1510,51,11,14,2,1,2,25,122.82,1
17,1,29,0,3594,49,37,9,4,2,2,45,240.69,1
14,0,45,2,14078,181,15,47,3,1,1,30,630.36,0
14,1,36,1,0,42,2,9,2,1,2,25,114.305,1
9,0,31,1,0,34,47,37,4,1,2,30,195.204,1
19,1,41,0,772,10,3,3,3,1,2,30,125.072,1
0,0,35,0,1391,0,10,25,3,1,1,30,494.889,1
18,0,43,2,4260,96,50,35,3,1,1,30,374.24,0
23,1,42,3,2103,63,67,14,3,1,2,30,169.026,1
5,0,30,2,6885,114,261,29,2,2,1,25,1489.455,0
0,0,6,0,122,7,164,9,2,1,1,25,41.796,1
0,0,3,0,596,74,6,5,2,1,2,25,59.719,1
5,0,41,0,623,11,14,6,3,1,2,30,81.36,0
1,0,35,2,851,7,0,6,2,2,1,25,21.731,1
0,0,38,0,990,20,32,15,2,1,2,25,189.45,0
0,0,33,0,1605,41,33,18,3,1,2,30,197.84,0
8,0,39,2,6805,92,193,28,3,1,1,30,1047.88,0
14,0,36,0,3180,41,7,14,3,1,2,30,156.84,1
10,0,8,0,524,0,32,13,2,1,1,30,252.267,1
6,0,39,1,4110,78,0,27,3,1,1,30,167.52,0
2,0,36,0,4210,77,0,23,3,1,1,30,171.48,0
4,0,36,0,4455,80,0,23,3,1,1,30,181.4,0
6,0,36,1,3145,28,7,16,3,1,1,30,154.92,0
5,0,27,0,2162,61,46,10,2,1,1,45,423.882,1
17,0,30,1,1710,46,37,20,2,1,1,25,245.52,0
6,1,31,0,409,42,0,10,4,1,1,25,11.022,1
1,1,37,0,837,41,41,6,5,1,1,30,280.446,1
17,1,33,0,841,62,15,5,4,1,1,25,286.965,1
8,0,34,0,2158,52,0,13,3,1,2,30,88.4,0
7,1,36,0,2023,41,32,31,3,1,1,30,210.56,1
14,0,40,0,2543,60,15,19,3,1,2,30,164.12,0
0,0,34,0,6660,99,18,25,4,1,1,45,213.975,0
0,0,19,0,1717,20,35,8,5,1,2,25,987.255,1
0,1,34,0,160,43,39,6,2,1,1,45,80.566,1
0,1,28,0,240,67,20,22,3,1,2,25,135.703,1
0,0,31,0,0,0,0,0,2,1,2,25,0.0,0
15,1,33,1,1487,12,39,39,3,1,2,25,68.794,1
2,1,26,0,0,15,27,24,3,1,1,45,361.497,1
0,1,29,0,1087,38,5,4,4,1,2,30,37.489,1
20,0,31,0,840,42,18,18,2,1,2,25,120.69,1
1,1,30,0,633,45,60,14,2,1,1,30,48.446,1
5,0,37,0,4008,66,26,37,1,1,1,15,367.07,0
2,1,34,0,1960,4,34,4,2,1,2,30,249.245,1
10,0,25,0,1225,32,19,13,2,1,1,25,142.065,0
17,0,8,0,3573,55,25,25,4,1,1,25,274.87,1
0,0,31,0,6480,91,7,20,4,1,1,45,181.775,0
33,0,6,0,377,53,30,25,3,1,2,30,155.845,1
27,1,38,0,410,16,8,9,2,1,2,45,34.637,1
1,0,29,0,1263,39,31,67,4,1,1,45,110.05,0
1,0,34,0,2475,47,168,21,2,1,1,25,869.49,0
1,0,34,1,6320,78,175,21,3,1,1,30,955.92,0
21,1,44,0,758,48,18,18,3,1,2,25,106.5,1
28,0,35,0,1260,53,23,19,3,1,2,30,144.52,1
9,0,27,0,0,16,71,48,2,1,2,30,157.213,1
5,0,38,0,13583,168,0,41,3,1,1,30,550.04,0
16,0,32,0,80,12,35,11,2,1,2,25,0.0,1
3,0,37,0,1115,19,14,6,2,1,2,25,114.03,0
20,1,25,4,13,51,10,19,2,1,2,25,215.999,1
10,0,30,0,2694,32,17,48,2,1,2,45,119.93,1
11,0,37,0,15675,183,159,33,2,1,1,25,1429.11,0
9,0,38,1,4760,86,7,25,3,1,1,30,221.84,0
16,0,44,2,4035,92,47,34,3,1,1,30,353.08,0
30,1,37,4,16335,248,15,86,2,1,1,25,813.735,0
10,0,39,1,4313,72,33,39,1,1,1,15,422.675,0
2,0,38,0,2555,49,178,25,2,1,1,25,918.18,0
25,1,33,0,1145,48,25,20,2,1,2,25,166.185,1
18,1,36,0,2207,16,38,25,2,1,1,30,250.664,1
3,0,30,0,2148,48,344,21,2,1,1,25,1646.82,0
7,0,35,0,2058,46,0,12,3,1,2,30,84.16,0
17,0,34,0,68,19,32,8,2,1,2,30,240.156,1
1,1,3,1,798,67,38,37,2,2,2,30,364.378,1
2,0,31,0,1585,42,28,16,3,1,2,30,177.08,0
10,0,3,3,2306,16,21,26,3,1,2,25,111.24,1
0,0,34,0,0,0,0,0,5,1,1,55,0.0,0
5,0,8,0,8627,159,58,37,4,1,1,45,364.65,0
4,0,37,0,0,10,18,39,2,1,2,25,581.202,1
0,0,26,0,580,7,19,3,4,1,1,45,62.175,0
4,1,3,0,472,2,21,36,3,1,1,25,137.288,1
0,0,35,0,0,0,0,0,3,1,2,30,0.0,1
15,0,5,0,1640,24,16,23,2,2,2,30,74.487,1
10,0,37,0,2160,51,54,25,3,1,2,30,304.44,0
17,0,39,2,3795,70,190,25,2,1,1,25,1028.925,0
16,0,33,0,960,35,25,13,3,1,2,30,139.8,0
4,1,22,0,484,4,67,10,3,1,1,25,328.645,1
0,0,35,0,6440,83,181,24,3,1,1,30,984.92,0
34,0,36,0,401,19,5,46,3,1,1,30,140.627,1
22,0,40,1,581,24,18,12,2,1,2,30,228.894,1
0,0,37,0,5208,84,0,12,2,1,1,25,238.14,0
4,1,34,0,2800,41,34,18,3,1,2,30,249.64,1
0,0,38,0,750,16,4,14,2,1,2,25,52.47,0
2,1,27,1,154,2,4,36,4,1,1,25,11.591,1
5,0,32,0,1493,8,85,22,4,1,2,25,453.319,1
5,0,33,0,4515,77,0,24,3,1,1,30,183.68,0
5,0,36,0,3893,60,0,33,1,1,1,15,217.415,0
10,0,39,1,5513,98,27,23,2,1,1,25,373.995,1
2,0,36,0,1260,39,20,22,3,1,2,30,131.96,0
1,0,40,0,0,14,0,9,3,1,2,30,162.4,1
19,0,37,2,14430,214,29,32,3,1,1,30,701.76,0
6,0,37,1,6473,72,106,37,2,1,1,25,771.525,0
0,0,14,0,1330,17,16,10,2,1,1,25,132.615,0
23,1,34,0,1070,53,48,21,3,1,2,30,236.92,1
8,0,18,0,0,10,84,48,2,1,2,45,372.593,1
13,0,17,1,0,21,50,13,4,1,2,30,99.505,1
5,0,35,1,3843,80,7,25,3,1,1,30,184.92,0
20,0,35,1,14720,213,15,26,2,1,1,25,739.485,0
2,1,23,0,0,0,12,5,3,1,2,45,0.0,1
5,0,45,0,578,15,22,10,3,1,2,30,111.72,0
4,0,25,0,674,28,27,48,2,1,1,30,88.584,1
25,0,32,4,16190,244,32,84,2,2,1,25,883.53,0
12,0,28,0,1405,40,30,18,2,1,1,25,200.025,0
3,0,28,1,910,31,175,13,2,2,1,25,829.845,0
0,1,3,0,1650,11,49,6,3,1,2,25,141.496,1
1,1,42,0,959,34,45,8,2,1,2,30,113.147,1
0,0,37,0,685,13,0,8,2,1,2,25,31.41,0
18,0,40,3,12480,171,26,49,4,1,1,45,381.275,0
12,0,44,2,4775,93,17,31,3,1,1,30,262.72,0
11,0,41,2,6338,107,46,18,3,1,1,30,441.8,0
10,0,44,2,2745,47,302,24,4,1,1,45,824.8,0
3,0,39,0,1848,33,11,11,3,1,1,30,119.24,0
20,0,17,3,6993,151,106,57,2,2,1,25,798.48,0
3,0,3,0,1827,16,192,48,2,1,1,30,0.0,1
0,0,19,0,0,0,0,0,2,1,2,25,0.0,0
5,0,40,1,6680,94,197,31,3,1,1,30,1058.96,0
7,1,35,0,2265,54,59,35,3,1,2,30,328.76,1
5,0,39,0,305,6,7,2,2,1,2,25,45.495,1
3,1,27,0,0,44,8,27,2,1,1,30,51.013,1
8,0,31,2,3610,69,25,29,3,1,1,30,247.16,0
2,1,42,0,2221,22,46,7,3,1,2,25,267.938,1
3,0,35,0,554,76,0,44,4,2,1,45,32.991,1
18,1,28,0,1714,0,28,37,3,2,2,55,114.362,1
5,0,42,1,2440,41,295,22,3,1,1,30,1279.24,0
0,0,31,0,543,31,49,11,2,1,2,25,416.146,1
16,0,15,2,9533,181,94,55,5,1,1,55,286.71,0
10,0,38,2,7270,111,32,29,5,1,1,55,158.715,0
2,1,41,0,615,92,16,34,4,1,1,25,87.808,1
0,0,33,0,0,0,0,0,2,1,2,25,0.0,0
7,0,31,0,8730,113,127,37,3,1,1,30,861.72,0
9,0,31,1,4691,16,7,16,2,1,2,30,175.039,1
0,0,10,0,1130,10,6,6,2,1,1,25,78.3,0
18,0,38,0,3173,60,62,48,4,1,2,45,235.825,1
22,1,36,0,255,45,45,34,4,1,2,25,15.734,1
14,0,36,3,7800,114,29,24,5,1,1,55,162.21,0
0,0,36,0,2790,21,476,6,3,1,1,30,2016.44,0
1,0,3,0,2929,53,54,48,3,1,2,45,188.459,1
0,0,36,0,760,8,0,7,2,1,2,25,34.56,0
22,1,3,0,526,8,39,24,2,1,1,25,83.193,1
3,0,24,0,164,55,12,9,2,1,2,25,88.72,1
2,0,26,0,1378,38,21,65,4,1,1,45,87.9,0
23,1,26,0,916,39,12,26,2,2,2,30,180.386,1
0,0,32,0,2240,11,74,44,3,1,1,25,78.31,1
8,1,20,0,35,28,9,3,2,1,2,25,149.953,1
13,0,43,2,6978,85,123,43,2,1,1,25,871.335,0
9,1,15,3,1873,27,17,13,3,1,1,30,144.0,1
3,0,30,0,1883,36,17,25,3,1,2,30,144.76,1
0,0,18,0,1095,16,7,6,2,1,1,25,81.495,0
2,0,31,0,0,9,53,34,4,1,1,30,77.606,1
4,0,25,0,0,45,0,41,4,1,1,30,118.183,1
23,0,37,1,818,44,37,48,3,1,2,25,170.025,1
14,0,30,1,353,21,15,14,4,2,1,30,52.881,1
7,0,33,0,1890,48,35,18,3,1,2,30,217.52,0
3,0,36,1,0,7,16,0,4,1,1,45,322.721,1
27,0,37,9,11145,104,9,42,5,2,1,55,182.235,0
0,0,35,0,2435,17,0,16,3,1,1,30,98.08,0
11,0,39,0,6108,95,7,10,2,1,1,25,310.635,0
7,0,21,2,2115,38,67,20,3,1,1,30,354.12,0
0,1,30,0,443,0,0,27,3,1,2,30,302.783,1
34,0,32,0,271,14,22,31,2,1,2,25,204.917,1
3,0,12,0,0,54,10,23,3,1,2,25,126.539,1
0,0,22,0,210,15,0,11,2,1,1,25,10.125,0
12,1,40,0,2353,59,6,16,3,1,2,30,120.48,0
0,0,30,0,6195,74,171,23,3,1,1,30,934.76,0
9,0,44,2,3355,37,498,14,3,1,1,30,2127.68,0
0,0,40,0,2135,35,288,20,3,1,1,30,1238.8,0
0,0,33,0,0,0,0,0,2,1,2,25,0.0,1
3,1,32,0,2153,10,33,44,4,1,1,25,345.921,1
0,0,38,0,0,0,3,0,3,1,2,30,12.0,1
2,1,33,0,2495,34,0,11,2,1,2,25,113.805,1
6,0,34,1,6538,67,97,32,2,1,1,25,733.725,0
0,0,35,0,0,0,0,0,2,1,2,25,0.0,1
1,1,5,0,793,12,24,21,2,1,1,25,242.409,1
4,0,30,1,3225,67,16,24,3,1,1,30,195.68,0
8,0,3,0,1457,41,40,25,5,1,2,30,228.682,1
7,0,40,1,2475,44,283,17,3,1,1,30,1232.76,0
6,0,38,0,15360,184,154,33,2,1,1,25,1392.48,0
0,0,29,0,0,0,0,0,2,1,2,25,0.0,1
3,0,30,0,0,21,64,27,3,1,2,30,160.143,1
8,0,42,1,13853,171,10,48,3,1,1,30,600.96,0
3,0,42,0,2348,62,10,37,1,1,1,15,187.55,0
23,0,29,1,686,11,6,9,2,1,2,25,343.094,1
25,1,36,0,1135,55,27,22,2,1,2,25,175.05,1
0,0,32,0,2780,19,0,12,3,1,1,30,111.96,0
1,0,7,0,440,0,67,16,3,1,1,30,283.612,1
9,0,28,0,526,12,5,5,4,1,2,45,85.818,1
10,1,28,0,207,72,28,45,3,1,2,30,382.521,1
0,1,3,2,0,5,20,9,2,1,1,25,84.4,1
4,0,38,0,11340,156,15,50,3,1,1,30,519.84,0
0,0,36,0,2190,11,455,5,3,1,1,30,1908.04,0
15,0,28,1,5697,10,0,0,3,1,2,30,0.0,1
3,1,39,0,185,40,34,22,3,2,1,25,16.17,1
0,0,31,0,3233,68,0,21,2,1,1,25,148.545,0
1,1,42,0,0,11,33,25,3,1,2,25,55.066,1
13,0,32,0,700,31,18,8,3,1,2,30,101.24,0
11,0,40,0,1015,17,15,2,3,1,2,30,101.28,1
0,0,35,0,6603,111,356,26,2,1,1,25,1904.13,0
27,0,43,4,15140,231,62,33,3,1,1,30,862.84,0
6,0,39,2,6615,91,184,25,3,1,1,30,1004.24,0
9,0,37,1,11710,157,13,47,4,1,1,45,329.175,0
6,0,32,0,1970,44,37,21,3,1,2,30,228.56,0
4,1,27,1,1315,36,193,11,2,2,1,25,929.295,1
5,0,23,1,1360,32,185,7,2,2,1,25,895.14,0
20,0,29,1,336,23,29,7,2,1,1,25,74.021,1
8,0,15,3,4775,48,232,16,3,1,1,30,1120.92,0
1,1,3,0,0,8,59,5,3,1,1,30,101.133,1
0,0,36,0,2088,52,0,31,1,1,1,15,117.7,0
3,1,10,0,1494,8,47,7,2,1,2,30,106.858,1
3,0,12,0,0,14,5,14,2,1,2,30,476.705,1
5,0,24,1,3350,59,7,20,3,1,1,30,164.36,0
2,0,33,1,0,11,31,7,4,1,1,30,0.0,1
5,0,39,0,305,6,7,2,2,1,2,25,45.495,1
2,0,38,0,710,14,13,8,3,1,2,30,80.96,0
3,0,41,3,957,61,32,21,3,1,2,30,67.941,1
17,1,37,0,3568,19,0,20,3,1,2,30,0.0,1
5,0,36,1,2545,18,7,6,3,1,1,30,130.52,0
0,0,30,0,0,0,0,0,2,1,2,25,0.0,1
9,1,34,0,2830,59,31,1,4,2,2,30,269.629,1
5,0,36,1,3963,85,7,28,3,1,1,30,189.92,0
9,1,8,1,1279,0,28,7,3,1,2,30,85.605,1
3,0,37,0,2278,52,0,29,1,1,1,15,128.15,0
15,0,3,0,0,70,0,23,4,1,2,25,159.602,1
3,0,38,2,453,9,2,1,5,1,1,55,9.93,0
8,1,3,1,841,35,68,15,2,1,2,25,938.63,1
31,1,37,0,243,64,16,34,3,1,2,25,788.667,1
20,0,36,2,14835,219,47,30,3,1,1,30,790.16,0
9,0,43,2,4515,89,10,26,3,1,1,30,224.16,0
4,0,13,2,1568,21,10,11,3,1,1,30,103.56,1
5,0,35,0,305,6,7,2,2,1,2,25,45.495,0
2,1,26,0,2117,38,22,48,3,1,2,30,292.55,1
2,0,33,0,3245,27,1,12,3,1,1,30,134.88,0
17,0,27,1,15710,229,0,76,2,1,1,25,717.255,0
1,0,36,0,1668,25,0,6,3,1,1,30,67.72,0
10,0,32,2,1953,47,47,74,5,1,1,55,100.5,0
7,0,35,1,7733,131,381,41,3,1,1,30,1838.56,0
5,0,11,1,4095,36,201,25,3,1,1,30,969.24,0
16,0,40,3,14678,185,28,61,3,1,1,30,706.52,0
11,0,11,0,6133,131,70,36,1,2,1,15,729.52,0
2,0,31,0,6333,67,91,31,2,1,1,25,697.5,0
9,0,37,0,2383,50,66,35,4,1,2,45,225.825,1
6,0,26,0,1758,40,39,71,4,1,1,45,142.45,0
1,0,33,1,0,0,11,7,4,1,2,25,155.379,1
1,0,38,0,723,10,8,2,2,1,2,25,68.985,0
5,0,37,0,1790,26,20,38,2,1,1,30,340.869,1
5,0,36,0,4310,68,0,15,2,1,1,25,197.01,0
3,1,6,0,0,72,4,5,3,1,1,25,211.244,1
0,0,23,0,3110,56,10,24,3,1,1,30,166.64,0
12,0,37,0,3105,46,7,15,3,1,2,30,154.04,1
10,0,16,3,3098,48,33,19,3,1,1,30,257.84,0
26,0,31,0,2274,61,58,26,2,1,1,45,13.751,1
4,1,44,2,0,0,46,7,3,1,2,25,305.88,1
3,0,36,0,477,16,36,33,2,1,2,25,174.471,1
0,0,34,0,1363,19,0,4,3,1,1,30,55.28,0
6,0,38,1,3285,28,492,11,3,1,1,30,2100.52,0
3,0,38,0,0,15,61,5,3,1,2,25,18.697,1
15,0,39,0,4388,66,7,33,1,1,1,15,283.47,0
3,0,36,1,2655,43,299,31,3,1,1,30,1303.92,0
9,1,34,0,2269,58,204,47,2,1,2,30,298.519,1
20,0,36,2,14835,219,47,30,3,1,1,30,790.16,0
24,0,17,0,2832,63,17,48,2,1,2,25,96.143,1
19,1,29,0,2035,66,39,10,2,1,2,25,0.0,1
0,0,33,0,1765,36,143,21,2,1,1,25,724.545,0
27,0,36,4,16075,244,8,81,2,1,1,25,770.355,0
0,0,33,0,0,0,0,0,4,1,1,45,0.0,0
24,0,28,0,0,48,0,42,3,1,2,30,492.094,1
18,0,45,3,7283,91,130,45,2,1,1,25,916.83,0
0,0,36,0,0,0,0,0,4,1,2,45,0.0,1
5,1,42,0,718,0,24,5,2,1,1,25,373.078,1
5,0,24,0,0,53,15,48,4,2,2,25,40.884,1
0,0,32,0,1303,16,0,2,3,1,1,30,52.76,0
9,1,35,0,2990,41,9,16,3,1,2,30,157.24,1
4,0,39,0,13648,171,4,47,3,1,1,30,568.76,0
16,0,39,1,0,40,85,3,3,1,1,25,121.651,1
29,0,31,5,16675,248,21,95,2,1,1,25,856.035,0
4,0,6,0,286,25,25,31,3,1,2,25,232.64,1
8,1,11,2,1792,25,7,9,3,1,1,30,100.68,1
1,0,29,0,2564,31,45,3,3,1,1,30,158.966,1
2,0,36,0,17,42,32,4,3,1,2,30,75.888,1
15,0,28,4,1330,25,8,1,4,1,1,30,141.949,1
16,1,39,0,0,68,32,46,3,1,1,30,113.677,1
20,0,41,0,3253,71,23,19,4,1,2,45,140.6,0
6,1,34,0,2153,39,36,32,3,1,2,30,231.68,1
12,0,38,2,4970,81,26,32,3,1,1,30,306.04,0
0,0,34,0,1173,18,0,1,3,1,1,30,47.64,0
3,0,7,0,0,30,8,37,2,1,1,25,377.983,1
13,0,30,0,1058,0,32,39,2,1,1,30,358.554,1
5,0,37,0,2765,44,286,16,3,1,1,30,1256.36,0
8,0,40,1,2698,64,9,35,2,1,1,25,164.79,0
11,1,17,0,60,10,7,15,3,2,2,25,349.684,1
5,0,37,0,2375,48,157,25,2,1,1,25,815.535,0
2,0,8,0,1279,56,35,44,2,1,1,25,154.368,1
18,0,40,2,4270,89,48,33,3,1,1,30,366.36,0
2,0,10,2,4505,46,247,14,3,1,1,30,1170.04,0
10,0,35,2,7280,104,30,27,5,1,1,55,155.76,0
4,0,37,0,2245,33,253,14,3,1,1,30,1103.12,0
9,0,10,0,6087,129,70,39,1,2,1,15,726.88,0
7,0,41,0,1113,21,27,11,4,1,2,45,95.85,1
3,0,37,1,6500,86,186,26,3,1,1,30,1007.44,0
4,0,29,0,2730,31,0,10,2,1,2,25,124.245,1
0,0,29,0,1280,36,21,14,3,1,2,30,136.64,0
7,0,35,1,3400,27,482,9,3,1,1,30,2065.08,0
12,1,10,0,1445,11,15,17,3,1,2,25,101.331,1
8,0,27,3,1915,46,214,26,2,2,1,25,1051.245,0
12,0,29,0,341,20,8,28,2,1,1,45,144.54,1
1,0,12,0,0,9,24,26,3,1,1,30,58.285,1
10,1,19,0,1088,16,34,43,3,1,2,30,103.97,1
5,0,36,1,6213,99,21,25,2,1,1,25,378.54,0
3,1,35,1,597,61,9,48,3,1,2,25,302.521,1
0,0,24,0,1263,33,23,66,4,1,1,45,89.9,0
3,0,18,0,4075,61,18,8,4,1,1,45,48.623,1
18,1,11,1,2500,14,204,13,4,1,2,25,38.939,1
0,0,35,0,0,0,0,0,2,1,2,25,0.0,1
15,0,37,2,9305,122,153,46,3,1,1,30,989.08,0
0,0,34,0,2730,18,471,4,3,1,1,30,1993.92,0
14,1,33,2,419,58,54,3,3,1,1,25,431.879,1
16,0,28,0,890,25,7,5,2,1,2,25,72.675,0
3,0,28,0,3446,42,30,7,3,1,1,45,132.807,1
12,0,38,2,8710,116,126,45,3,1,1,30,857.04,0
13,0,20,1,6087,141,86,41,2,2,1,25,667.26,0
27,0,31,3,16265,239,9,83,2,1,1,25,783.18,0
12,0,7,0,739,36,6,38,3,1,2,30,507.598,1
16,1,27,2,2083,24,33,31,4,1,2,30,132.552,1
8,0,36,1,3335,29,16,19,3,1,1,30,198.56,0
17,1,32,0,185,4,7,30,3,1,2,25,124.593,1
8,0,40,0,552,31,57,38,3,1,2,45,77.226,1
2,1,12,0,0,13,6,21,3,1,2,45,47.599,1
6,0,35,4,7080,122,303,37,3,2,1,30,1500.08,0
7,0,34,1,13818,165,7,40,3,1,1,30,587.32,0
3,1,41,0,405,90,30,26,2,1,2,30,265.375,1
34,1,32,0,195,16,27,45,3,1,1,25,276.214,1
11,0,39,3,1353,21,19,4,5,1,1,55,49.11,0
18,0,32,0,1185,39,28,14,3,1,2,30,160.96,0
9,0,41,0,1223,21,35,21,3,1,2,30,189.76,0
0,0,20,0,2740,47,0,16,3,1,1,30,111.48,0
2,1,3,1,0,3,79,20,2,1,1,25,118.163,1
11,0,36,2,0,47,1,27,5,1,1,30,116.724,1
0,0,33,0,795,12,0,7,2,1,2,25,36.315,0
10,0,38,0,1973,40,20,18,3,1,2,30,160.52,1
7,1,3,0,180,23,3,8,2,1,2,30,227.807,1
5,0,29,0,656,0,7,18,4,1,1,30,74.16,1
15,0,38,1,16195,193,158,30,2,1,1,25,1448.46,0
7,0,12,0,8513,159,34,34,4,1,1,45,301.8,0
0,0,26,0,3100,63,12,26,3,1,1,30,174.52,0
15,0,31,1,997,24,8,3,3,1,2,45,0.0,1
13,1,36,0,2868,54,55,46,3,1,2,30,336.88,1
8,1,4,0,129,31,37,26,3,1,1,25,987.255,1
6,0,30,0,8810,109,129,40,3,1,1,30,872.76,0
6,0,13,3,2673,37,20,14,3,1,1,30,188.4,0
10,0,15,0,2381,0,52,12,3,1,2,30,315.025,1
9,0,38,1,4213,89,18,33,3,1,1,30,244.08,0
18,0,39,0,2186,24,6,4,4,1,2,30,25.165,1
8,0,41,1,2780,59,183,24,2,1,1,25,951.255,0
1,0,38,0,527,11,26,22,3,1,2,25,254.231,1
5,1,26,0,892,4,20,19,2,1,1,25,323.882,1
0,0,34,0,323,1,2,2,4,1,2,45,13.1,1
0,1,37,0,0,2,64,7,4,1,2,30,332.036,1
0,0,26,0,6480,85,0,19,4,1,1,45,164.125,0
0,0,36,0,0,0,0,0,2,1,2,25,0.0,1
4,0,38,1,3095,27,483,8,3,1,1,30,2056.88,0
10,0,16,3,3042,46,40,22,3,1,1,30,283.52,0
17,0,30,0,3562,47,12,18,2,1,2,45,77.829,1
2,0,25,0,3225,61,8,23,3,1,1,30,163.44,0
10,1,44,0,1193,23,31,12,4,1,2,45,107.9,1
0,0,39,0,318,5,7,4,2,1,2,25,46.035,0
0,0,17,0,1505,26,53,16,2,1,1,25,307.395,0
0,0,30,0,23,38,204,6,3,1,1,45,193.419,1
26,1,37,3,15545,230,55,30,3,1,1,30,851.0,0
9,1,31,0,0,33,2,39,2,1,2,25,508.9,1
0,0,36,0,2055,33,278,16,3,1,1,30,1195.52,0
9,0,29,2,1620,42,200,13,3,2,1,30,866.48,0
1,0,32,0,5658,85,0,6,2,1,1,25,258.435,0
0,0,34,0,13408,160,0,40,3,1,1,30,542.72,0
17,0,11,0,1420,50,35,27,3,1,2,30,89.533,1
0,0,40,0,433,11,39,8,3,1,2,30,173.76,0
3,0,23,0,1235,34,183,7,2,2,1,25,880.605,0
19,0,36,8,10245,92,0,39,5,2,1,55,155.055,0
2,0,37,0,195,38,31,22,3,1,2,30,118.253,1
5,0,36,0,1668,34,13,16,3,1,2,30,120.08,1
11,0,40,0,0,19,10,38,2,1,1,25,151.851,1
8,0,36,0,1855,44,13,18,3,1,2,30,127.96,0
30,0,35,0,1536,53,20,44,2,1,2,55,18.067,1
2,0,34,0,390,29,0,17,2,1,1,30,159.28,1
0,0,36,0,0,0,0,0,2,1,2,25,0.0,0
1,0,33,0,0,15,30,11,2,1,1,25,222.825,1
10,0,44,3,6805,98,201,29,4,1,1,45,675.075,0
0,0,40,0,570,14,1,10,2,1,2,25,30.78,0
9,1,29,0,0,100,40,14,4,1,1,25,111.683,1
3,1,27,0,2159,42,6,0,3,1,1,25,157.675,1
0,1,32,1,0,23,71,47,3,1,1,25,572.373,1
11,0,32,1,9115,115,136,42,3,1,1,30,913.2,0
2,0,25,0,55,53,5,43,2,2,2,30,260.938,1
7,0,32,0,346,51,30,31,3,1,2,25,107.486,1
0,0,16,0,1390,20,21,12,2,1,1,25,157.95,0
0,0,36,0,628,7,9,4,4,1,2,45,38.375,1
0,0,29,0,326,15,39,37,2,1,1,25,178.542,1
2,1,26,0,1061,100,19,44,3,1,2,30,171.51,1
7,0,26,2,1440,34,189,8,3,2,1,30,814.96,0
9,0,16,3,4695,52,230,13,3,1,1,30,1109.88,0
12,0,40,2,4820,89,9,27,3,1,1,30,232.36,0
18,1,32,0,0,0,2,43,4,1,2,30,90.701,1
0,0,33,0,760,28,10,3,3,1,2,30,71.52,0
0,0,31,0,2420,10,0,8,3,1,1,30,97.2,0
0,0,23,0,0,0,10,0,4,1,2,45,25.0,0
0,0,38,0,7383,129,388,46,2,1,1,25,2084.04,0
14,0,31,0,645,57,64,2,3,1,1,25,255.926,1
3,0,33,0,0,9,0,25,2,1,2,25,66.586,1
11,0,14,0,5973,129,46,36,1,2,1,15,588.61,0
3,0,34,0,1064,19,4,23,2,1,1,45,169.821,1
4,0,41,1,3718,88,10,29,3,1,1,30,192.24,0
20,0,37,3,14950,225,79,34,3,1,1,30,923.0,0
21,0,37,1,287,60,7,29,2,1,2,30,418.714,1
6,0,37,1,3585,82,57,30,3,1,1,30,374.68,0
14,0,14,1,6213,133,74,37,2,2,1,25,618.57,0
10,1,39,0,571,57,32,46,5,2,2,25,97.743,1
0,0,39,0,650,10,3,13,2,1,2,25,43.2,0
2,0,3,0,1780,34,30,45,3,1,2,30,54.272,1
1,0,36,0,1005,18,27,21,2,1,2,25,167.535,0
3,1,3,2,0,14,38,2,2,1,2,30,53.014,1
25,0,3,0,1284,34,0,35,2,1,2,45,33.35,1
6,0,38,1,1973,31,7,8,4,1,1,45,67.6,0
10,0,39,0,1680,4,15,23,3,1,2,25,987.255,1
5,0,37,1,7753,130,386,43,3,1,1,30,1859.32,0
6,0,24,0,280,13,0,1,2,1,2,25,13.185,0
32,1,36,4,16560,252,18,87,2,2,1,25,837.54,0
5,0,44,0,0,29,20,35,2,1,2,30,52.479,1
12,0,34,0,0,55,21,28,4,1,2,25,211.948,1
19,0,22,2,9237,183,88,43,5,1,1,55,273.3,0
13,1,28,0,3727,9,16,4,2,1,2,30,235.237,1
0,0,32,0,2345,15,0,9,3,1,1,30,94.4,0
0,0,16,0,1390,20,21,12,2,1,1,25,157.95,0
3,0,37,1,6740,101,22,26,5,1,1,55,135.615,0
22,0,23,3,6778,149,102,48,2,2,1,25,770.715,0
1,0,9,1,1297,18,0,4,3,1,1,30,52.6,1
0,0,34,0,3413,76,0,26,2,1,1,25,157.005,0
8,0,39,1,7813,133,391,45,3,1,1,30,1881.84,0
5,0,34,1,1893,29,7,4,4,1,1,45,65.55,0
17,0,41,2,6933,112,22,14,3,1,1,30,369.8,0
4,0,36,0,1933,48,1,15,3,1,2,30,83.24,0
5,0,22,1,1613,35,22,64,4,1,1,45,96.2,0
2,0,36,0,13468,163,0,42,3,1,1,30,545.24,0
1,0,21,0,3145,59,0,19,3,1,1,30,128.16,0
7,0,39,0,1370,21,16,16,2,1,2,25,134.595,0
13,0,43,3,11850,162,28,53,4,1,1,45,370.3,0
0,0,24,0,710,5,23,4,4,1,2,45,75.375,0
18,1,33,1,987,25,10,0,3,1,2,25,457.561,1
17,0,21,1,9193,181,88,46,5,1,1,55,272.61,0
9,1,44,0,2624,59,39,3,4,1,2,55,132.818,1
5,1,35,0,655,24,33,3,3,2,2,30,68.443,1
0,0,32,0,6075,86,0,22,4,1,1,45,154.025,0
2,1,3,0,2877,11,13,28,5,1,2,45,268.128,1
32,1,40,4,15635,232,70,37,3,1,1,30,914.68,0
10,0,39,1,8003,134,400,48,3,1,1,30,1925.48,0
0,0,4,0,3905,26,197,3,3,1,1,30,945.24,0
0,0,15,2,960,48,32,42,2,1,2,45,183.176,1
7,0,3,0,0,5,0,37,3,1,2,45,162.478,1
1,0,12,0,2085,40,37,19,4,1,2,30,0.0,1
5,0,21,1,3270,57,7,19,3,1,1,30,161.08,0
3,0,29,0,1018,3,21,29,4,1,1,25,102.739,1
4,1,39,0,0,89,14,47,3,1,2,25,293.733,1
1,0,28,0,6785,91,6,21,4,1,1,45,186.9,0
22,0,23,2,9498,187,95,48,5,1,1,55,287.775,0
1,1,26,0,115,19,13,24,2,1,2,30,348.078,1
7,0,15,0,5488,125,57,25,1,2,1,15,622.215,0
0,0,40,0,2168,54,5,35,1,1,1,15,149.71,0
2,0,15,1,703,11,14,28,3,1,2,25,106.277,1
4,0,35,0,15180,176,143,28,2,1,1,25,1334.52,0
3,1,31,0,2737,35,6,17,2,1,1,25,108.033,1
9,0,38,1,3530,79,30,28,3,1,1,30,264.36,0
10,0,42,1,2181,50,12,33,4,1,2,25,336.43,1
11,0,42,1,3040,63,190,29,2,1,1,25,994.635,0
10,0,19,3,3033,53,42,24,3,1,1,30,291.44,0
24,0,36,4,15435,229,68,45,3,2,1,30,898.56,0
7,0,26,0,2248,69,0,0,3,1,2,45,309.376,1
3,0,36,0,4065,65,0,15,2,1,1,25,185.85,0
2,0,29,0,3180,65,16,27,3,1,1,30,193.8,0
7,0,40,0,0,7,16,48,3,1,2,25,95.336,1
0,0,34,0,513,2,11,5,4,1,2,45,40.375,1
5,0,36,2,2268,35,21,21,4,1,1,45,110.075,0
8,0,36,1,2585,43,282,16,3,1,1,30,1233.12,0
14,0,38,0,2573,50,41,33,4,1,2,45,168.075,1
9,0,29,2,1620,42,200,13,3,2,1,30,866.48,0
14,1,37,0,3295,47,16,18,3,1,2,30,197.68,1
5,0,35,0,3778,54,0,29,1,1,1,15,210.76,0
26,0,37,8,10625,93,7,40,4,1,1,45,285.45,0
0,0,31,0,6290,90,0,17,4,1,1,45,159.5,0
18,0,33,0,0,19,15,47,3,1,2,30,14.321,1
3,0,24,0,4470,58,69,24,2,1,2,25,297.074,1
4,0,36,0,1933,48,1,15,3,1,2,30,83.24,0
13,0,39,2,7023,81,115,39,2,1,1,25,837.18,0
10,0,39,2,11525,157,16,49,4,2,1,45,332.05,0
9,0,35,0,0,10,44,5,4,1,2,45,9.101,1
14,1,28,0,0,63,1,9,2,1,2,25,146.418,1
9,0,39,1,3285,27,458,6,3,1,1,30,1964.48,0
11,0,40,0,1890,31,15,13,2,1,2,25,153.945,0
12,1,3,0,720,53,0,17,2,1,2,45,113.782,1
14,0,30,0,717,21,11,9,2,1,1,25,101.58,1
0,0,3,0,3825,24,193,2,2,1,1,25,1041.705,0
0,0,22,0,830,22,175,4,2,2,1,25,825.84,0
14,0,5,0,0,68,30,6,3,1,1,30,135.703,1
16,1,16,0,5039,8,87,48,4,1,2,25,70.154,1
10,0,13,3,4755,49,227,14,3,1,1,30,1100.16,0
3,0,18,0,920,20,4,10,1,1,1,15,73.7,0
11,0,27,0,700,25,10,7,2,1,2,25,77.625,0
21,1,36,8,10435,93,1,42,5,1,1,55,159.42,0
4,1,33,0,0,57,40,16,4,1,2,25,123.345,1
6,0,36,1,3145,28,7,16,3,1,1,30,154.92,0
6,0,37,1,2895,59,207,27,2,1,1,25,1064.43,0
9,0,26,0,820,27,1,15,2,1,1,25,42.615,0
6,0,27,0,1000,28,22,15,2,1,1,25,145.26,0
30,1,13,0,1243,59,0,46,3,1,1,30,11.908,1
10,0,38,0,1498,100,87,10,2,1,2,25,71.862,1
10,0,28,0,282,10,0,10,2,1,1,30,264.854,1
4,1,31,0,836,27,68,0,3,1,1,30,375.397,1
24,0,38,9,10550,98,0,41,5,1,1,55,159.72,0
23,1,10,0,2968,10,204,48,2,1,1,30,40.162,1
0,0,34,0,6080,74,147,20,3,1,1,30,834.16,0
0,0,38,0,1443,21,3,8,3,1,1,30,70.56,0
1,0,37,0,9,5,64,9,2,1,1,30,268.836,1
13,0,39,0,4560,71,7,15,2,1,1,25,239.895,0
14,1,28,0,649,16,57,33,4,1,2,30,499.645,1
8,0,44,1,2653,68,17,39,2,1,1,25,198.945,0
21,0,30,0,343,22,80,38,5,2,1,25,0.0,1
11,0,36,4,7270,122,278,35,3,2,1,30,1407.68,0
4,0,33,0,2600,45,164,18,2,1,1,25,857.025,0
7,0,36,2,6670,112,257,20,3,2,1,30,1299.28,0
13,0,43,2,3085,65,190,26,3,1,1,30,886.0,0
0,0,32,0,2535,16,0,12,3,1,1,30,102.04,0
2,0,37,0,190,1,9,3,2,1,2,25,49.095,1
2,0,35,0,2213,100,72,29,4,1,2,25,525.984,1
0,1,31,0,0,61,0,39,4,1,2,25,22.312,1
0,0,37,0,0,0,0,0,2,1,2,25,0.0,0
5,0,34,0,755,10,7,4,3,1,2,30,58.6,0
10,0,40,2,4575,86,7,27,3,1,1,30,214.44,0
0,0,9,3,0,100,31,20,2,1,2,45,108.277,1
0,0,24,0,1073,32,14,63,4,1,1,45,62.625,0
8,0,9,0,826,64,58,23,2,1,1,30,150.84,1
0,0,36,0,2055,33,278,16,3,1,1,30,1195.52,0
13,0,38,3,9230,127,176,47,3,1,1,30,1078.28,0
16,1,42,0,3295,53,24,19,3,1,2,30,229.92,1
9,1,11,1,4208,64,12,39,3,1,2,30,358.077,1
0,0,34,0,3413,76,0,26,2,1,1,25,157.005,0
0,0,33,0,1550,39,40,21,3,1,2,30,223.56,0
4,0,3,0,1022,17,69,37,4,1,2,45,231.084,1
4,0,35,0,968,53,7,40,3,1,1,30,193.297,1
14,0,32,0,513,52,15,0,2,1,2,25,227.488,1
3,0,40,1,1384,16,24,23,2,1,1,30,75.879,1
3,0,10,2,2593,35,16,13,3,1,1,30,169.12,0
0,0,4,0,6123,15,12,7,3,1,1,30,115.385,1
8,1,27,0,82,11,21,1,3,1,2,30,247.751,1
0,0,36,0,1455,23,257,1,3,1,1,30,1087.12,0
17,0,33,0,2966,15,9,11,4,2,2,30,102.917,1
9,0,38,1,8218,138,392,43,3,1,1,30,1902.24,0
1,1,12,1,1834,22,12,29,4,1,1,25,96.952,1
2,1,14,0,0,5,77,45,2,1,1,55,231.133,1
3,1,25,0,2394,34,8,0,3,1,2,30,131.561,1
1,1,40,0,2798,37,8,6,4,1,1,30,7.548,1
0,0,35,0,380,7,0,6,2,1,2,25,17.415,0
5,0,35,0,1100,18,7,9,2,1,2,25,81.81,0
24,1,10,0,658,17,12,23,4,1,2,25,193.936,1
11,1,30,0,2099,14,11,26,3,1,1,45,303.825,1
0,0,32,0,650,27,6,18,3,1,2,30,51.08,0
31,1,36,0,0,54,37,44,3,1,1,30,255.607,1
4,1,31,0,60,38,16,35,3,1,2,45,513.662,1
6,0,41,0,2540,47,296,23,3,1,1,30,1287.48,0
10,0,40,2,4083,91,14,32,3,1,1,30,222.96,0
5,0,36,0,2263,60,384,26,3,1,1,30,1628.92,0
7,0,46,0,623,17,22,7,3,1,2,30,113.6,0
4,0,38,1,1728,28,5,8,4,1,1,45,56.4,0
0,0,36,0,5423,88,0,7,2,1,1,25,247.995,0
0,0,35,0,2070,42,150,23,2,1,1,25,770.04,0
19,0,42,3,6203,106,43,30,3,1,1,30,424.36,0
1,0,36,0,5613,89,0,10,2,1,1,25,256.59,0
5,0,40,0,415,10,7,2,3,1,2,30,45.0,0
16,0,34,7,10130,87,0,40,4,1,1,45,255.425,0
13,0,41,3,7350,113,36,30,5,1,1,55,165.945,0
9,0,32,0,0,100,24,25,3,1,2,25,105.274,1
3,0,36,0,14775,171,125,30,2,1,1,25,1235.07,0
7,1,35,0,6123,43,5,38,3,1,1,25,350.002,1
6,0,36,0,935,18,10,6,3,1,2,30,78.12,0
2,1,3,0,4785,23,27,48,4,1,2,25,56.948,1
16,1,31,0,460,40,0,12,2,1,2,25,22.5,1
8,0,39,0,2960,61,186,28,2,1,1,25,972.945,0
12,0,33,2,3790,77,30,31,4,1,1,45,171.675,0
4,0,44,0,1051,10,30,12,4,1,2,25,208.329,1
0,0,32,0,2535,16,0,12,3,1,1,30,102.04,0
23,1,37,0,910,51,24,21,2,1,2,25,151.245,1
11,1,28,0,1872,0,16,7,3,1,2,30,266.086,1
15,0,25,0,925,29,7,5,3,1,2,30,66.16,0
5,0,22,0,305,6,13,2,4,1,2,45,40.275,0
0,0,26,0,825,10,21,3,4,1,2,45,73.375,0
0,1,6,0,0,22,0,4,2,1,2,45,34.957,1
7,0,38,2,2993,68,23,48,2,1,1,25,241.245,0
7,0,33,0,1130,22,36,6,4,1,2,45,118.8,0
4,0,16,1,568,31,0,4,3,1,2,45,51.103,1
0,0,33,0,0,0,0,0,3,1,2,30,0.0,1
7,0,27,0,887,27,5,22,2,1,2,55,262.954,1
0,0,10,0,4265,42,219,13,3,1,1,30,1048.28,0
9,0,32,0,0,64,28,5,2,1,1,25,255.262,1
15,0,38,3,3685,69,203,40,2,1,1,25,1082.43,0
0,1,35,0,0,0,0,0,2,1,2,25,0.0,1
1,1,3,0,1255,0,19,34,2,1,1,30,32.494,1
4,1,31,0,0,36,14,48,3,1,1,25,144.568,1
3,0,27,1,0,50,0,14,5,1,2,45,106.456,1
5,1,3,0,0,7,9,16,3,1,2,55,77.968,1
5,0,37,0,7698,128,393,46,2,1,1,25,2120.67,0
19,0,42,0,0,45,39,3,3,1,2,30,54.035,1
17,0,3,0,0,16,30,30,2,1,1,25,16.216,1
7,1,3,0,478,7,21,17,3,1,2,25,118.171,1
13,0,28,2,4240,78,23,25,3,1,1,30,264.72,0
3,1,30,0,264,0,24,3,2,1,1,25,143.069,1
0,0,37,0,0,0,0,0,3,1,2,30,0.0,1
15,0,23,5,3157,57,46,22,4,1,1,45,195.35,0
28,0,40,4,15255,230,52,31,3,1,1,30,827.4,0
18,0,34,3,0,50,36,11,3,1,1,55,189.091,1
0,0,28,0,2215,37,153,15,2,1,1,25,789.84,0
2,0,3,0,0,18,4,20,4,1,2,25,317.918,1
15,1,30,0,58,26,35,4,2,1,2,30,147.997,1
3,0,39,0,1955,34,267,20,3,1,1,30,1147.56,0
21,0,41,0,0,41,12,37,3,1,2,25,100.399,1
7,0,33,1,11510,150,7,43,4,1,1,45,309.0,0
8,0,19,1,2405,37,36,14,2,1,1,25,271.89,0
2,0,42,0,172,52,34,18,3,1,2,30,70.143,1
8,0,3,0,0,0,27,20,2,1,2,30,275.112,1
0,0,25,0,6220,81,0,14,4,1,1,45,157.525,0
12,0,11,1,8978,167,65,36,4,1,1,45,391.125,0
17,0,32,3,1213,19,79,48,2,1,2,25,109.344,1
0,0,32,1,6595,97,39,24,5,1,1,55,158.88,0
16,1,14,2,372,62,26,24,2,1,2,30,36.06,1
13,0,40,3,3265,55,313,35,4,1,1,45,865.5,0
13,1,6,0,359,15,25,1,2,1,2,45,309.781,1
0,0,29,0,1405,34,23,14,3,1,2,30,149.56,0
0,0,35,0,10560,138,0,30,3,1,1,30,427.92,0
8,0,41,0,6098,103,18,17,3,1,1,30,320.04,0
3,0,31,0,2544,61,16,11,4,1,1,25,139.059,1
12,0,35,3,9410,125,158,56,3,1,1,30,1013.4,0
7,0,29,2,1375,39,198,13,3,2,1,30,848.56,0
17,0,18,2,9353,183,112,46,5,1,1,55,311.04,0
17,0,19,0,6098,137,71,29,2,2,1,25,600.075,0
0,0,39,0,0,0,3,0,2,1,2,25,13.5,1
3,0,38,0,248,7,0,1,3,1,2,30,10.2,1
2,0,15,0,223,59,10,19,2,1,2,25,27.703,1
3,0,28,0,940,15,19,2,4,1,2,45,71.375,0
3,0,36,0,0,45,8,48,4,1,2,45,0.0,1
34,0,23,0,619,53,153,13,2,1,2,25,133.956,1
1,1,38,1,312,29,5,43,3,1,2,30,93.371,1
5,0,25,0,1973,44,31,66,4,1,1,45,127.925,0
4,0,34,0,15065,170,111,24,2,1,1,25,1185.075,0
9,0,13,0,8873,168,68,38,4,1,1,45,396.025,0
4,0,37,0,600,10,21,15,2,1,2,25,121.95,1
17,0,20,0,231,39,17,8,3,1,1,45,0.0,1
4,0,36,0,3908,83,11,31,2,1,1,25,229.095,0
13,0,18,4,3157,51,38,21,3,1,1,30,280.32,0
3,1,37,0,0,8,39,2,2,1,2,25,128.702,1
7,0,38,0,628,9,16,7,3,1,2,30,89.48,1
0,0,34,0,345,5,1,4,2,1,2,25,20.25,0
3,1,35,0,1147,23,7,41,2,1,1,30,22.352,1
0,0,29,1,1090,32,196,13,2,2,1,25,932.49,0
1,0,26,1,0,35,9,28,3,1,1,30,59.407,1
10,1,3,0,713,57,76,9,2,1,2,25,129.99,1
0,0,39,0,323,7,10,3,4,1,2,45,33.25,1
23,0,31,3,15830,235,0,80,2,1,1,25,722.925,0
6,0,36,2,4318,92,23,43,3,1,1,30,268.4,0
5,0,7,1,2336,0,45,6,4,1,2,30,142.416,1
9,0,35,1,3595,74,21,23,3,1,1,30,230.76,0
0,0,30,0,3950,67,0,17,3,1,1,30,160.68,0
5,0,37,0,14885,172,129,15,2,1,1,25,1258.065,0
0,0,27,0,6400,89,0,16,4,1,1,45,162.225,0
5,0,37,1,6745,89,188,26,3,1,1,30,1025.36,0
8,0,37,1,6718,75,108,37,2,1,1,25,791.685,0
10,1,3,2,470,66,59,26,2,1,1,30,339.256,1
25,1,38,0,0,0,7,38,4,1,1,30,42.101,1
17,0,43,1,4683,80,19,42,1,1,1,15,366.465,0
0,0,26,0,465,11,5,7,2,1,1,30,54.599,1
11,0,40,0,3903,62,7,22,1,1,1,15,256.575,0
0,1,28,0,1703,28,12,23,3,1,2,30,117.24,1
0,0,39,0,3413,82,3,27,3,1,1,30,151.8,0
19,0,20,1,9418,185,91,47,5,1,1,55,280.545,0
20,0,31,0,309,75,4,25,3,1,1,25,0.0,1
1,0,3,0,790,16,15,36,3,1,2,25,119.388,1
10,0,14,2,1973,33,18,14,3,1,1,30,152.24,1
0,0,37,0,2203,58,27,35,2,1,1,25,223.245,0
34,0,38,0,11,40,4,28,2,1,1,30,113.023,1
3,0,23,0,1130,10,20,4,4,1,2,45,78.5,0
3,1,13,0,0,10,16,33,4,1,2,30,66.905,1
0,1,36,0,0,25,18,9,4,1,1,30,83.431,1
11,0,42,1,4278,68,11,39,1,1,1,15,299.53,0
11,0,35,0,4675,71,4,18,2,1,1,25,231.57,0
7,0,27,1,3530,67,15,25,3,1,1,30,203.88,0
28,0,33,4,16135,241,5,82,2,1,1,25,759.42,0
7,0,36,0,4138,63,0,33,1,1,1,15,231.055,0
0,0,32,0,2535,16,0,12,3,1,1,30,102.04,0
12,0,16,5,3453,55,52,34,3,1,1,30,348.32,0
6,0,37,1,2518,56,7,30,2,1,1,25,147.33,0
2,0,36,0,13468,163,0,42,3,1,1,30,545.24,0
10,0,28,0,0,23,17,33,2,1,1,30,356.579,1
9,0,43,3,6885,94,203,32,3,1,1,30,1091.16,0
25,0,34,8,10660,97,7,40,5,1,1,55,171.855,0
4,1,25,0,5795,100,4,19,2,1,1,45,170.973,1
3,1,25,0,549,44,73,18,2,1,2,30,135.398,1
0,0,23,0,553,22,0,66,4,1,1,45,14.375,0
3,0,42,0,790,16,23,12,3,1,2,30,124.24,0
0,1,12,1,0,0,0,21,3,1,2,45,80.214,1
4,1,29,0,0,10,5,31,3,1,2,25,172.492,1
1,0,17,0,0,38,74,48,3,1,2,30,128.345,1
7,0,29,0,475,21,13,9,2,1,2,25,80.82,0
9,0,41,2,6798,77,118,41,2,1,1,25,840.375,0
13,0,43,1,6403,109,25,19,3,1,1,30,360.48,0
5,0,22,0,805,20,0,7,1,1,1,15,45.375,0
2,0,34,0,0,100,40,4,3,1,1,30,431.951,1
15,1,39,0,0,15,39,26,3,1,1,30,360.594,1
13,0,27,0,1500,0,29,17,3,1,2,30,14.714,1
0,0,23,0,0,0,0,0,2,1,1,25,0.0,0
34,0,36,0,0,9,30,48,3,1,1,25,72.842,1
28,0,28,3,16380,238,0,81,2,1,1,25,747.81,0
2,0,19,1,1810,32,60,18,3,1,1,30,313.68,0
13,0,46,2,2958,74,24,41,2,1,1,25,244.44,0
7,0,19,0,1885,26,7,12,2,1,1,25,117.495,0
0,0,32,0,1975,31,268,12,3,1,1,30,1152.24,0
13,0,25,0,0,55,56,11,3,1,1,30,217.883,1
12,0,35,4,7690,113,42,39,5,1,1,55,180.045,0
0,0,21,0,1390,26,29,13,2,1,1,25,194.22,0
24,1,18,3,0,32,45,37,3,1,2,25,58.696,1
34,0,43,0,251,46,38,14,2,1,1,25,56.015,1
5,0,34,0,2033,48,320,18,2,1,1,25,1533.645,0
0,1,41,0,317,42,80,40,2,1,1,45,534.881,1
4,1,27,2,581,12,10,21,3,1,1,30,50.35,1
10,1,32,0,1936,22,47,19,2,1,2,25,41.115,1
9,0,24,0,520,17,0,2,2,1,2,25,24.165,0
16,0,3,0,1288,32,1,21,2,1,2,30,81.593,1
5,0,36,1,1913,28,7,6,4,1,1,45,66.025,0
9,0,38,0,2048,55,341,26,3,1,1,30,1448.12,0
4,0,36,0,354,32,41,34,3,1,1,55,103.827,1
8,1,36,0,2585,36,0,18,3,1,2,30,104.84,1
0,0,36,0,2088,52,0,31,1,1,1,15,117.7,0
2,0,36,0,13468,163,0,42,3,1,1,30,545.24,0
15,0,30,1,14575,209,32,24,2,1,1,25,809.28,0
28,1,39,0,1215,57,31,23,3,1,2,30,174.88,1
23,0,33,0,955,47,16,17,2,1,2,25,117.09,1
4,0,42,0,2252,34,14,8,2,1,2,45,150.077,1
0,0,35,0,1223,37,0,15,3,1,2,30,50.4,0
3,0,35,0,3950,59,0,11,2,1,1,25,180.405,0
3,0,41,0,433,10,5,3,3,1,2,30,37.72,0
7,0,36,1,2618,62,7,31,2,1,1,25,152.1,0
6,0,26,0,510,25,35,9,3,1,2,30,161.4,0
13,1,37,1,3237,22,0,28,3,2,2,30,918.487,1
9,0,38,1,15600,188,182,34,2,1,1,25,1529.46,0
12,0,13,0,722,79,49,43,2,1,1,25,113.146,1
4,0,38,0,2360,39,285,18,3,1,1,30,1235.96,0
3,0,31,0,15100,174,133,24,2,1,1,25,1285.83,0
0,0,27,0,940,16,53,7,4,1,2,45,156.4,0
2,0,35,0,14990,175,134,25,2,1,1,25,1285.425,0
1,0,37,0,3805,72,0,25,3,1,1,30,155.08,0
8,1,26,1,1298,7,11,48,3,1,2,30,0.0,1
18,0,38,2,6123,104,33,26,2,1,1,25,428.715,0
13,0,40,1,4313,71,0,34,1,1,1,15,241.12,0
1,1,27,0,0,23,45,22,4,1,2,30,137.429,1
20,1,10,0,1242,8,16,10,4,1,2,25,105.002,1
13,0,18,4,3157,51,38,21,3,1,1,30,280.32,0
20,1,3,1,427,57,23,16,5,1,1,30,119.283,1
10,0,33,1,2498,56,351,20,3,1,1,30,1506.16,0
22,0,39,0,1553,55,22,48,2,1,2,30,0.0,1
6,1,3,0,0,38,9,13,2,1,2,30,105.295,1
0,0,40,0,88,6,8,6,3,1,2,30,35.76,1
7,1,33,0,2088,36,23,26,3,1,2,30,176.96,1
8,0,43,2,6760,96,201,32,3,1,1,30,1078.24,0
0,0,34,0,10450,137,0,45,3,1,1,30,423.48,0
23,1,38,0,3182,19,20,40,3,1,1,25,0.0,1
0,0,35,0,3528,82,27,30,3,1,1,30,252.4,0
13,0,12,3,5405,57,230,12,3,1,1,30,1138.48,0
11,1,41,0,2268,50,42,32,4,1,2,45,162.95,1
3,1,7,0,725,47,46,37,2,1,2,25,102.595,1
15,1,36,0,3700,52,17,16,3,1,2,30,218.08,1
14,0,40,1,14268,176,16,49,3,1,1,30,641.76,0
0,1,3,0,0,8,65,13,3,1,1,25,112.632,1
2,0,31,2,7080,101,28,35,4,1,1,45,249.525,0
0,0,35,0,1378,41,0,31,1,1,1,15,78.045,0
23,0,39,8,10615,101,12,47,5,1,1,55,178.74,0
15,0,40,1,4865,78,21,22,3,1,1,30,281.72,0
21,1,26,0,4038,66,41,27,3,1,2,25,354.049,1
9,0,38,1,2895,58,173,22,2,1,1,25,911.385,0
3,0,36,0,3703,59,0,30,2,1,1,25,169.29,0
17,0,17,1,9237,177,80,42,5,1,1,55,261.21,0
5,0,32,0,3938,56,0,29,1,1,1,15,219.67,0
3,1,39,1,60,3,5,2,2,1,1,25,25.335,1
5,0,36,1,305,6,7,2,5,1,1,55,15.165,0
19,0,31,7,10435,87,0,41,4,1,1,45,263.05,0
0,0,35,0,2675,15,444,2,3,1,1,30,1883.6,0
20,1,40,1,563,10,7,40,2,1,1,25,63.733,1
0,1,25,0,0,52,5,0,3,1,2,25,129.657,1
0,0,16,0,1200,19,12,9,2,1,1,25,108.855,0
6,0,38,1,11060,149,0,49,4,1,1,45,280.225,0
25,0,39,4,15255,231,86,36,3,1,1,30,963.44,0
0,0,37,1,0,0,0,0,5,1,1,55,0.0,0
5,0,10,0,8448,157,55,33,4,1,1,45,352.625,0
10,0,41,0,4550,79,16,22,3,1,1,30,249.16,0
0,0,36,0,0,0,0,0,2,1,2,25,0.0,0
3,1,43,3,0,16,9,31,2,1,2,45,43.986,1
12,0,40,3,11885,166,50,53,4,1,1,45,426.275,0
2,1,29,0,0,0,0,24,2,1,2,25,319.613,1
18,0,41,2,14788,186,15,46,3,1,1,30,658.96,0
12,0,30,1,1635,21,38,23,3,1,2,30,129.821,1
5,0,37,0,835,12,9,5,3,1,2,30,69.88,0
7,0,31,0,1310,24,39,10,4,1,2,45,130.85,0
4,0,3,0,2802,13,29,40,2,1,1,30,97.334,1
0,0,23,0,2920,55,1,21,3,1,1,30,123.0,0
22,1,3,1,0,5,16,1,3,1,2,30,73.559,1
30,0,38,1,11340,109,29,59,5,1,1,55,215.235,0
4,0,38,0,2360,39,285,18,3,1,1,30,1235.96,0
2,0,35,0,0,6,44,25,2,1,1,55,94.787,1
18,0,39,3,9420,127,151,45,3,1,1,30,985.88,0
5,0,38,2,643,10,11,4,5,1,1,55,26.295,0
3,0,30,0,886,44,19,0,3,1,1,25,142.487,1
3,0,34,0,2665,48,177,24,2,1,1,25,918.585,0
10,0,37,0,4083,60,0,31,1,1,1,15,227.865,0
15,1,36,0,1118,21,3,23,2,1,2,25,341.747,1
7,1,26,0,627,2,16,11,4,1,2,30,224.375,1
10,0,41,0,2408,64,367,28,3,1,1,30,1566.88,0
35,0,46,5,15705,241,76,40,3,1,1,30,941.84,0
6,0,37,2,1048,15,12,2,5,1,1,55,33.945,0
17,0,3,0,0,14,0,20,2,1,2,45,116.849,1
11,0,36,1,13998,173,7,42,3,1,1,30,594.84,0
10,0,45,2,2698,70,17,36,2,1,1,25,201.06,0
0,0,37,0,0,0,0,0,2,1,1,25,0.0,1
12,0,44,2,4283,98,24,36,3,1,1,30,271.24,0
3,0,39,1,2508,64,34,37,2,1,1,25,268.74,0
2,0,3,0,0,1,31,9,2,1,2,30,192.643,1
10,0,42,0,1970,56,53,23,4,1,2,45,183.15,0
16,0,40,1,923,3,22,25,2,1,2,25,357.284,1
14,1,15,0,5454,24,1,26,2,1,1,30,37.57,1
20,1,44,0,0,0,26,3,3,1,1,30,95.4,1
17,0,34,1,6043,102,23,22,2,1,1,25,380.025,0
2,1,22,3,3380,60,8,35,3,1,2,30,0.311,1
15,1,18,0,718,45,31,35,4,1,1,30,122.514,1
3,0,34,2,6900,103,46,26,5,1,1,55,174.045,0
29,1,39,0,1340,55,33,23,3,1,2,30,187.8,1
0,0,29,0,2475,41,160,20,2,1,1,25,833.22,0
15,0,36,1,4000,86,29,26,3,1,1,30,279.44,0
0,1,7,0,1372,14,2,8,2,1,1,25,71.37,1
0,0,25,0,0,0,0,0,2,1,2,25,0.0,0
9,0,5,0,1087,67,12,25,3,1,2,25,412.37,1
10,0,33,6,9420,76,0,40,4,1,1,45,237.4,0
7,1,35,0,0,37,37,0,3,1,1,25,78.918,1
17,0,46,3,5080,99,24,33,4,1,1,45,189.475,0
13,0,15,0,6333,138,80,40,1,2,1,15,795.905,0
5,0,40,0,2098,54,7,20,2,1,1,25,128.34,0
13,0,30,0,0,31,25,0,4,1,2,25,395.169,1
0,0,6,0,3970,28,176,4,2,1,1,25,971.91,0
0,1,30,0,0,0,0,0,2,1,2,25,0.0,1
6,0,39,2,2088,37,39,12,4,1,1,45,150.625,0
15,0,33,0,0,50,2,24,3,1,2,30,68.41,1
10,0,3,0,3228,0,83,16,2,1,1,30,314.642,1
0,1,25,0,1010,30,186,9,2,2,1,25,883.8,1
7,1,29,0,204,21,0,14,3,1,1,30,136.727,1
18,1,25,0,775,53,2,24,2,1,2,30,141.971,1
12,1,11,4,2393,35,28,24,3,1,1,30,209.12,1
17,0,34,0,422,49,43,0,2,1,2,30,294.629,1
11,0,37,1,4495,69,7,14,3,1,1,30,210.56,0
9,0,40,2,3400,33,490,10,3,1,1,30,2097.32,0
13,0,3,0,258,57,0,18,3,1,2,25,135.036,1
9,0,36,0,1291,22,39,0,2,1,2,30,32.617,1
1,0,30,0,6413,63,93,34,2,1,1,25,709.92,0
8,1,27,2,0,3,9,34,2,1,2,30,112.496,1
1,1,39,0,864,70,25,27,3,1,2,25,185.261,1
34,1,13,0,1669,61,40,12,2,1,1,30,418.725,1
0,0,35,0,1065,34,17,5,3,1,2,30,111.96,0
1,1,27,0,3094,59,14,44,4,1,2,30,300.454,1
1,0,28,0,1190,38,197,14,2,2,1,25,941.76,0
0,0,29,2,543,43,13,28,4,1,2,25,125.07,1
14,0,39,1,8820,117,130,30,3,1,1,30,877.48,0
2,0,38,0,2115,36,283,18,3,1,1,30,1218.04,0
2,1,26,0,658,0,25,2,3,1,2,25,164.07,1
0,0,31,0,6480,91,7,20,4,1,1,45,181.775,0
16,0,41,0,757,43,37,0,2,1,2,25,350.452,1
1,0,38,0,2148,55,0,33,1,1,1,15,121.165,0
8,0,40,1,2698,64,9,35,2,1,1,25,164.79,0
32,1,35,0,1860,63,44,34,3,1,2,30,252.92,1
34,1,4,0,57,2,10,5,2,1,2,25,70.763,1
21,0,38,1,14540,215,33,17,3,1,1,30,722.2,0
16,1,28,0,111,16,24,46,2,1,2,30,287.924,1
10,0,5,1,2761,30,40,9,3,1,2,45,77.388,1
15,0,34,0,1502,16,17,32,2,1,2,25,202.059,1
14,0,34,0,6,66,53,26,3,1,2,30,115.815,1
21,1,39,2,522,2,22,20,3,2,2,45,0.0,1
6,0,30,1,7090,97,13,23,4,1,1,45,212.175,0
0,0,33,0,6135,77,174,22,3,1,1,30,944.48,0
7,0,44,0,305,12,15,3,3,1,2,30,72.68,1
3,1,11,0,0,3,0,3,3,1,1,30,289.743,1
0,0,25,0,3035,60,0,20,3,1,1,30,123.8,0
0,0,35,0,5595,70,158,9,3,1,1,30,858.6,0
1,0,35,0,2590,53,200,25,2,1,1,25,1018.935,0
18,0,3,0,502,14,204,31,4,1,1,45,279.19,1
2,0,36,0,323,3,9,5,3,1,2,30,49.04,1
12,0,39,1,15545,185,155,32,2,1,1,25,1405.35,0
9,0,45,0,1015,26,28,11,3,1,2,30,153.64,0
14,1,37,0,5320,34,12,27,4,1,2,30,175.617,1
7,0,37,1,2378,36,8,6,4,1,1,45,80.35,0
11,0,38,1,3775,82,32,28,3,1,1,30,282.28,0
9,0,15,3,3257,50,32,17,3,1,1,30,260.28,0
0,1,11,0,397,29,38,25,3,1,2,25,139.287,1
11,0,32,2,1800,50,211,18,3,2,1,30,918.0,0
9,0,33,0,3085,53,174,24,2,1,1,25,924.21,0
0,0,33,0,7143,118,372,39,2,1,1,25,2000.745,0
6,0,38,0,5918,95,7,12,3,1,1,30,268.52,0
24,0,21,3,6758,150,97,46,2,2,1,25,747.36,0
0,0,34,0,0,0,0,0,5,1,1,55,0.0,0
2,1,29,0,3629,69,10,26,4,1,1,30,364.813,1
4,1,31,0,0,62,20,3,3,1,2,30,109.999,1
21,0,28,2,2240,49,34,15,2,1,1,25,256.005,0
11,1,13,3,1853,28,12,11,3,1,1,30,123.24,1
5,0,14,0,5377,124,53,40,1,2,1,15,594.055,0
0,0,35,0,0,0,0,0,2,1,2,25,0.0,1
27,1,6,0,671,17,17,25,3,1,2,30,314.346,1
25,0,31,3,16075,238,0,80,2,1,1,25,734.085,0
13,0,36,1,5818,98,26,24,2,1,1,25,383.22,1
18,1,31,0,719,9,12,24,3,1,1,45,602.941,1
20,0,38,2,6313,105,42,29,2,1,1,25,477.81,0
11,0,40,1,6223,101,14,14,3,1,1,30,308.96,0
18,1,43,0,0,49,45,48,2,1,2,25,390.66,1
17,0,35,2,0,39,30,48,2,1,2,30,154.434,1
9,0,36,1,4493,70,15,48,1,1,1,15,333.465,0
0,0,13,0,0,14,20,1,2,1,1,25,115.352,1
5,0,32,1,71,7,34,15,2,1,2,30,78.456,1
9,0,36,1,1421,63,29,47,3,1,2,25,293.072,1
6,0,38,0,1310,24,34,23,3,1,2,30,189.36,0
0,0,3,0,1421,24,0,23,2,1,2,25,0.0,1
2,1,3,0,0,0,15,46,2,1,2,30,120.19,1
0,0,31,0,6480,91,7,20,4,1,1,45,181.775,0
13,0,5,0,0,12,24,6,2,1,2,25,146.624,1
23,0,26,2,16075,232,0,79,2,1,1,25,733.815,0
7,0,35,0,2393,57,354,22,2,1,1,25,1703.25,0
10,0,36,0,15890,187,151,28,2,1,1,25,1402.965,0
26,0,37,0,322,11,38,4,3,1,1,25,205.332,1
14,0,42,0,2772,42,9,5,3,1,1,30,138.131,1
5,1,32,0,5453,89,14,20,2,1,1,25,312.39,1
6,0,9,0,0,3,13,4,2,1,1,45,106.582,1
6,0,3,0,11,11,8,29,2,1,2,45,156.349,1
7,0,12,2,2773,43,21,15,3,1,1,30,196.64,0
4,0,34,0,1963,38,27,29,3,1,2,30,188.04,1
20,0,32,0,312,13,38,8,3,1,2,45,39.229,1
5,0,41,0,623,11,14,6,3,1,2,30,81.36,0
20,0,33,1,445,11,71,23,3,1,2,30,20.687,1
34,1,21,0,79,100,18,25,4,1,2,30,377.337,1
5,0,28,0,1130,16,28,5,4,1,2,45,98.65,0
11,1,43,0,2238,60,16,18,3,1,2,30,155.92,0
23,0,44,3,6383,114,48,32,3,1,1,30,451.88,0
2,0,36,0,3718,82,2,28,2,1,1,25,180.0,0
9,0,36,0,2375,55,46,20,3,1,2,30,281.2,0
0,0,8,1,0,24,41,19,2,1,1,30,134.669,1
16,0,30,0,1120,37,49,13,3,1,2,30,242.28,0
0,0,22,0,0,0,11,0,4,1,2,45,27.5,0
18,0,42,2,4563,75,13,39,1,1,1,15,326.59,0
4,0,28,2,1430,42,225,15,3,2,1,30,958.88,0
0,0,6,1,4210,32,204,5,3,1,1,30,985.68,0
0,0,19,3,0,13,11,10,2,1,2,30,128.219,1
13,0,14,0,9337,176,74,38,4,1,1,45,422.825,0
13,0,38,0,2838,64,29,32,3,1,2,30,232.08,0
34,1,35,1,0,36,0,21,2,1,2,45,58.523,1
8,0,42,0,0,67,32,22,3,1,2,30,0.0,1
1,0,32,0,6233,61,90,30,2,1,1,25,688.23,0
0,0,25,0,710,4,0,1,4,1,2,45,17.85,0
1,0,36,0,1668,25,0,6,3,1,1,30,67.72,0
10,1,26,0,0,6,57,7,4,1,1,25,281.369,1
13,0,40,1,5773,102,34,28,2,1,1,25,417.375,0
8,0,40,0,4220,79,7,12,3,1,1,30,199.96,0
10,0,37,0,2695,37,7,3,3,1,2,30,137.28,1
14,0,35,1,14125,208,22,30,2,1,1,25,743.985,0
0,0,8,1,4200,40,240,12,3,1,1,30,1129.6,0
4,0,36,1,2955,27,0,13,3,1,1,30,119.28,0
3,0,20,1,0,47,48,5,3,1,2,45,18.784,1
5,0,14,2,2737,40,33,20,3,1,1,30,243.08,0
5,0,38,0,305,6,7,2,2,1,2,25,45.495,1
4,0,31,0,355,74,43,30,2,1,2,25,256.214,1
10,0,28,2,2025,47,201,11,3,2,1,30,886.88,0
0,1,3,0,0,7,30,4,2,1,1,25,142.122,1
4,0,18,0,1257,17,10,12,4,1,2,30,158.86,1
8,0,3,0,511,0,3,14,2,1,2,30,370.941,1
8,0,34,0,495,19,36,38,3,1,2,30,149.547,1
19,1,3,0,479,28,0,41,2,1,1,30,285.396,1
5,1,38,0,933,13,16,6,4,1,2,45,63.65,1
17,0,43,0,384,10,34,44,2,1,1,25,214.237,1
6,1,32,2,1315,42,201,12,3,2,1,30,858.28,1
1,0,34,0,0,31,31,48,3,1,2,25,0.0,1
5,0,37,1,305,6,7,2,5,1,1,55,15.165,0
4,0,33,0,551,49,37,21,3,1,1,25,292.303,1
17,0,33,0,1814,52,15,20,2,1,1,30,72.519,1
14,1,3,0,150,26,0,19,2,1,1,30,243.978,1
28,1,3,0,0,51,28,48,2,1,2,25,295.458,1
0,0,35,0,6385,81,188,27,3,1,1,30,1010.64,0
21,1,11,0,2775,15,32,43,3,1,2,25,84.745,1
17,0,36,0,0,11,45,38,5,1,1,25,149.698,1
17,0,41,2,15850,191,162,34,2,1,1,25,1450.845,0
8,0,28,0,1657,20,25,15,2,1,2,45,105.481,1
2,0,34,0,1773,37,18,26,3,1,2,30,144.4,1
10,1,38,0,0,27,0,8,3,1,1,30,76.79,1
2,1,39,0,0,8,27,31,4,1,2,30,87.111,1
5,0,27,1,3285,64,13,25,3,1,1,30,185.96,0
6,1,11,2,1548,22,5,9,3,1,1,30,82.8,1
0,0,34,0,0,0,0,0,4,1,2,45,0.0,1
5,0,31,0,2193,50,344,18,2,1,1,25,1648.935,0
17,0,41,0,2325,55,27,48,2,1,2,30,94.93,1
9,0,38,0,1533,23,37,21,4,1,2,45,131.4,1
1,0,32,0,565,18,53,28,2,1,2,30,227.706,1
3,1,28,0,325,10,6,4,4,1,2,25,58.597,1
0,0,36,0,0,0,0,0,2,1,2,25,0.0,0
28,0,41,9,10920,107,19,49,5,2,1,55,193.905,0
5,0,35,0,6658,72,103,35,2,1,1,25,766.35,0
12,1,37,0,2570,60,66,37,4,1,2,45,230.75,1
16,0,34,0,0,16,32,44,3,1,2,45,201.554,1
18,0,31,0,650,41,9,15,2,1,2,25,71.595,1
1,1,5,1,40,34,0,34,2,1,1,45,256.664,1
4,0,37,0,5142,63,34,29,3,1,2,30,82.108,1
7,0,35,0,2745,38,7,16,3,1,1,30,139.32,1
0,0,7,0,1428,16,0,5,3,1,1,30,57.76,1
10,0,37,2,4640,81,7,22,3,1,1,30,216.84,0
17,1,3,0,1360,12,0,45,2,1,2,30,25.692,1
11,1,38,0,654,6,40,30,2,1,2,30,67.949,1
0,0,3,0,1458,31,29,19,3,1,2,30,15.559,1
11,0,13,1,9228,175,87,53,4,1,1,45,452.575,0
2,0,36,0,2180,43,154,8,2,1,1,25,793.035,0
24,1,33,0,6123,70,17,48,2,1,2,30,91.661,1
14,0,26,0,825,23,7,4,3,1,2,30,61.92,0
14,1,38,0,2573,50,41,33,4,1,2,45,168.075,1
0,0,37,0,642,0,58,0,2,1,2,25,7.435,1
5,1,37,0,2765,37,12,18,2,1,2,25,180.09,1
0,0,36,1,6480,97,15,21,5,1,1,55,121.155,0
11,0,38,0,2483,57,10,17,3,1,2,30,141.6,0
25,0,14,0,4511,29,50,45,2,1,1,25,355.53,1
0,0,31,0,2295,39,157,16,2,1,1,25,811.53,0
18,0,4,3,0,64,22,25,3,1,2,25,219.412,1
11,0,35,1,11690,158,8,45,4,1,1,45,316.2,0
2,0,30,0,15180,170,135,27,2,1,1,25,1298.25,0
24,1,37,0,1035,49,26,21,3,1,2,30,147.36,1
0,0,40,1,293,8,12,6,5,1,1,55,22.515,0
8,0,37,3,7145,124,282,38,2,2,1,25,1596.105,0
8,0,36,1,3320,31,480,6,3,1,1,30,2054.04,0
9,0,13,0,8817,166,75,41,4,1,1,45,412.075,0
15,0,18,4,3347,52,47,24,3,1,1,30,323.96,0
0,0,40,0,485,10,16,10,2,1,2,25,94.275,0
10,0,28,0,0,6,0,4,3,1,2,30,48.157,1
3,1,3,0,214,2,28,21,3,1,1,45,279.323,1
1,0,36,0,3035,24,478,6,3,1,1,30,2034.36,0
3,0,31,0,274,47,204,39,2,1,2,45,78.489,1
15,1,30,0,0,0,38,1,2,1,2,30,141.48,1
15,0,41,2,5818,104,34,25,3,1,1,30,372.88,0
4,1,38,0,1024,57,11,31,3,1,2,25,117.554,1
8,1,28,0,1824,4,10,17,3,1,2,45,10.32,1
7,0,38,1,4023,88,9,30,3,1,1,30,200.44,0
2,0,39,0,825,20,45,12,3,1,2,30,213.8,0
13,0,30,0,141,21,28,23,3,1,2,25,92.631,1
4,0,35,0,3019,69,35,37,2,1,1,25,82.462,1
0,1,29,0,2508,2,17,36,3,1,2,25,130.735,1
11,0,15,0,6087,135,78,40,1,2,1,15,771.21,0
11,1,35,1,951,17,77,40,3,1,2,45,359.249,1
3,0,30,2,0,46,15,18,2,1,2,30,92.381,1
34,0,32,0,712,49,8,5,4,1,2,25,204.922,1
4,0,36,0,2535,50,173,23,2,1,1,25,894.825,0
10,0,37,1,6908,76,117,40,2,1,1,25,840.78,0
10,0,42,2,6718,81,116,38,2,1,1,25,827.955,0
17,0,21,2,6473,143,95,46,2,2,1,25,725.22,0
4,0,36,0,2590,52,166,20,2,1,1,25,865.89,0
6,0,33,0,4370,65,0,16,2,1,1,25,199.575,0
6,0,40,0,3973,62,4,37,2,1,1,25,199.575,0
0,0,3,0,4085,28,200,7,2,1,1,25,1085.085,0
16,0,41,3,7083,84,120,41,2,1,1,25,862.515,0
0,0,36,0,1129,48,2,0,4,1,2,30,361.409,1
34,1,41,1,6123,0,42,48,3,1,2,30,45.02,1
13,0,22,4,3113,55,46,25,3,1,1,30,310.72,0
8,0,37,0,1863,39,16,33,3,1,2,30,140.08,1
6,1,34,0,2208,41,29,29,3,1,2,30,205.96,1
6,0,16,1,1920,30,25,12,2,1,1,25,200.25,0
10,0,25,0,995,29,24,20,2,1,2,25,154.08,0
9,0,33,2,1575,46,208,17,3,2,1,30,896.84,0
21,1,32,0,712,66,6,28,3,1,2,25,282.473,1
6,0,38,1,1973,31,7,8,4,1,1,45,67.6,0
11,0,42,2,3405,38,22,22,4,1,1,45,141.075,0
17,0,3,0,0,13,1,48,5,2,1,30,167.678,1
2,0,27,1,1125,35,184,8,2,2,1,25,880.2,0
8,0,37,1,4920,88,3,23,3,1,1,30,212.32,0
8,1,35,2,1168,34,7,31,2,1,2,45,19.604,1
28,1,34,0,1145,47,7,15,2,1,2,25,85.14,1
9,1,9,0,0,19,70,4,3,1,1,30,143.946,1
0,0,20,0,1183,31,13,62,4,1,1,45,62.85,0
5,0,38,1,2638,61,7,33,2,1,1,25,152.955,0
12,0,36,0,1120,14,30,26,4,1,2,45,495.347,1
1,1,30,0,0,12,11,13,3,1,2,30,80.896,1
2,0,38,1,2905,26,474,5,3,1,1,30,2013.24,0
29,1,30,0,0,8,37,3,2,1,2,30,88.182,1
1,1,29,1,0,4,3,5,4,1,2,25,137.479,1
5,0,32,1,3763,78,7,24,2,1,1,25,204.345,0
20,1,31,0,0,0,0,0,2,1,2,25,81.926,1
2,0,44,0,73,87,18,12,3,1,1,55,79.729,1
22,0,35,0,4673,36,68,29,3,1,1,25,363.826,1
7,0,27,1,3530,67,15,25,3,1,1,30,203.88,0
13,0,3,0,2232,53,15,47,2,1,2,30,404.87,1
12,0,39,1,6628,106,15,12,3,1,1,30,329.36,0
3,0,29,2,1904,22,66,11,2,1,2,45,413.05,1
13,0,45,2,8073,143,406,51,3,1,1,30,1952.64,0
25,0,42,3,15095,229,62,36,3,1,1,30,860.96,0
8,0,38,0,4370,71,5,17,3,1,1,30,197.64,0
0,0,30,0,0,0,0,0,3,1,2,30,0.0,1
18,1,40,1,1043,42,79,19,2,1,2,30,196.891,1
1,1,3,0,0,0,8,5,3,1,2,30,124.839,1
12,0,33,1,0,61,22,25,2,2,2,30,60.019,1
21,1,30,0,0,20,38,9,2,1,2,25,60.24,1
13,1,3,0,1170,9,0,1,4,1,2,30,55.922,1
0,0,21,0,1055,26,178,5,2,2,1,25,849.645,0
30,0,40,4,15445,231,61,34,3,1,1,30,871.04,0
4,0,33,0,1848,32,0,25,3,1,2,30,75.2,1
14,0,31,7,9950,79,0,35,4,1,1,45,250.725,0
28,0,38,0,0,46,54,45,3,1,2,25,449.416,1
9,0,38,0,0,64,75,10,2,1,2,45,110.404,1
10,0,37,0,3702,55,36,32,2,1,2,30,129.039,1
13,0,30,0,880,33,21,12,2,1,2,25,135.585,0
19,0,32,1,14755,217,37,26,3,1,1,30,746.88,0
5,0,38,2,643,10,11,4,5,1,1,55,26.295,0
16,0,26,0,650,35,1,14,2,1,2,25,35.325,1
0,0,24,0,807,10,13,0,3,1,2,30,98.348,1
13,1,44,0,658,18,6,29,2,1,2,25,79.966,1
19,0,9,0,0,59,12,6,3,1,1,30,352.899,1
11,0,29,0,1840,27,36,5,4,1,2,45,136.675,0
4,0,41,0,890,22,24,13,3,1,2,30,132.48,0
4,0,27,0,692,19,12,25,2,1,2,25,552.375,1
19,0,17,1,9427,178,89,45,5,1,1,55,277.575,0
21,0,28,0,0,13,2,27,2,1,2,25,384.183,1
3,0,37,0,3020,30,11,19,3,1,1,30,166.0,0
0,0,19,0,2840,53,0,17,3,1,1,30,115.72,0
34,0,32,0,0,0,14,0,3,1,2,30,296.697,1
10,0,44,2,7813,139,399,46,3,1,1,30,1914.08,0
3,1,28,0,503,18,46,2,2,1,2,25,70.306,1
9,0,29,2,1988,51,69,74,5,1,1,55,134.085,0
3,1,9,0,0,17,10,26,3,1,1,25,24.112,1
1,1,26,0,0,26,28,37,3,1,2,30,74.08,1
0,1,40,0,1177,41,37,21,4,1,1,45,0.0,1
3,1,13,1,3704,29,7,0,3,1,2,30,117.157,1
15,0,43,2,15870,190,167,36,2,1,1,25,1474.2,0
0,1,30,0,263,23,204,6,3,1,2,25,48.26,1
1,0,3,0,0,0,3,13,3,1,1,25,0.0,1
4,1,16,0,448,75,0,2,3,1,2,25,184.977,1
8,1,34,0,2563,48,48,44,3,1,2,30,296.44,1
16,0,35,0,0,58,16,0,2,1,2,30,74.169,1
2,0,33,0,6420,84,176,22,3,1,1,30,964.16,0
2,0,29,0,1963,32,19,28,3,1,2,30,155.8,1
4,0,31,1,1270,40,201,15,2,2,1,25,963.45,0
0,0,41,0,0,0,8,0,2,1,2,25,36.0,1
3,0,33,0,933,7,8,5,4,1,2,45,43.5,1
13,1,9,3,3260,61,39,48,3,1,2,30,88.073,1
2,1,33,0,589,44,29,10,5,1,2,25,18.751,1
6,0,38,3,6920,120,279,37,2,2,1,25,1572.3,0
34,0,17,0,545,53,13,28,2,1,2,45,129.031,1
6,0,34,1,3943,86,7,26,3,1,1,30,189.16,0
10,0,35,0,0,12,48,3,2,1,1,45,39.695,1
4,0,36,0,733,12,21,17,3,1,2,30,113.8,1
15,0,29,2,2583,56,45,70,5,1,1,55,107.085,0
4,1,26,0,0,35,32,24,2,1,2,30,336.854,1
0,0,30,0,0,0,0,0,4,1,1,45,0.0,0
4,0,29,0,6123,100,55,2,3,1,2,25,82.634,1
21,0,34,0,0,53,78,10,4,1,2,25,533.554,1
22,0,34,3,15770,238,1,79,2,1,1,25,724.86,0
8,0,37,0,1970,50,45,22,3,1,2,30,260.8,0
9,0,32,1,1828,49,45,74,5,1,1,55,95.655,0
3,0,40,0,555,24,15,9,2,1,2,30,68.371,1
0,0,35,0,3355,54,0,15,2,1,1,25,153.405,0
0,0,35,0,7203,121,377,41,2,1,1,25,2026.08,0
18,0,39,8,10130,93,2,41,5,1,1,55,156.345,0
9,0,41,0,13953,177,11,49,3,1,1,30,609.2,0
11,0,23,0,6123,63,74,13,3,1,2,25,0.0,1
6,0,36,0,3470,76,25,26,2,1,1,25,272.07,0
0,0,24,0,2515,50,0,23,3,1,1,30,102.6,0
21,0,40,2,3468,77,374,26,3,1,1,30,1637.8,0
9,0,38,2,7210,97,194,26,3,1,1,30,1068.28,0
0,0,31,0,740,20,48,11,2,1,2,45,98.104,1
1,0,30,1,1010,36,194,10,2,2,1,25,920.07,0
9,0,36,0,2268,44,34,31,3,1,2,30,228.48,1
3,0,32,0,1853,46,0,11,3,1,2,30,75.96,0
17,0,38,0,0,56,14,48,3,1,1,45,402.909,1
29,0,34,0,2994,5,24,7,4,1,2,25,44.538,1
5,0,43,0,1135,24,15,17,2,1,2,25,119.655,0
16,0,28,0,470,33,0,10,2,1,2,25,22.635,1
1,0,39,0,3063,63,9,30,3,1,2,30,277.593,1
11,0,31,0,5818,92,18,23,2,1,1,25,346.95,1
20,0,41,2,6303,112,44,31,2,1,1,25,486.675,0
5,0,33,1,6545,82,178,22,3,1,1,30,977.08,0
18,1,31,0,2223,50,27,0,2,1,2,25,145.361,1
1,0,30,0,2520,43,160,17,2,1,1,25,835.335,0
7,1,39,0,1525,10,15,36,3,1,2,30,9.736,1
14,0,23,1,1450,36,16,11,2,1,1,25,138.87,0
11,1,31,0,1595,44,23,38,2,1,2,45,152.288,1
7,1,42,2,342,100,45,33,2,1,2,30,208.475,1
0,0,32,0,2008,50,0,27,1,1,1,15,113.19,0
0,0,40,0,0,0,1,0,2,1,2,25,4.5,1
0,0,38,0,128,5,32,6,3,1,2,30,133.32,0
6,0,41,1,3275,35,494,13,3,1,1,30,2108.4,0
8,0,10,2,5100,51,223,10,3,1,1,30,1098.04,0
0,0,34,0,3413,76,0,26,2,1,1,25,157.005,0
12,0,39,0,25,47,33,26,4,1,2,30,120.936,1
0,0,15,1,1059,12,44,36,3,1,1,25,34.609,1
9,1,26,1,705,58,2,10,4,1,2,45,218.709,1
14,0,38,0,3410,53,48,22,3,1,2,30,330.52,1
1,0,32,0,159,66,16,35,2,1,1,30,285.608,1
21,0,36,0,493,5,11,36,4,1,2,45,0.0,1
5,0,25,0,305,6,17,2,4,1,2,45,50.275,0
5,1,37,0,305,6,7,2,3,1,2,30,40.44,1
0,1,3,0,252,36,0,11,3,1,2,30,430.591,1
1,0,3,1,292,64,11,34,3,1,2,25,0.0,1
13,0,38,2,12175,165,19,47,4,1,1,45,356.0,0
1,0,33,1,6595,96,5,19,5,1,1,55,107.865,0
13,0,38,0,0,17,16,5,2,2,2,30,20.867,1
2,1,25,2,1281,25,11,44,4,1,2,25,116.14,1
0,1,11,0,0,16,16,21,2,1,1,30,236.786,1
6,0,23,0,4866,47,8,11,3,1,2,25,15.371,1
27,1,35,0,0,39,15,4,3,1,1,25,442.055,1
12,0,40,0,2633,68,370,29,3,1,1,30,1588.04,0
34,0,5,0,0,62,18,17,3,1,2,45,252.938,1
12,0,29,3,695,40,28,44,2,1,2,45,272.866,1
5,1,11,1,1193,15,7,2,3,1,1,30,76.32,1
15,0,14,1,9058,169,69,37,5,1,1,55,241.905,0
1,0,32,0,13388,161,0,38,3,1,1,30,541.96,0
23,0,41,9,10435,99,9,43,5,2,1,55,171.51,0
0,0,36,0,2790,21,476,6,3,1,1,30,2016.44,0
0,0,19,0,750,20,171,3,2,2,1,25,804.15,0
14,0,3,0,702,24,0,2,2,1,1,25,48.166,1
4,0,35,0,8210,105,116,26,3,1,1,30,796.6,0
3,0,32,0,4110,61,0,11,2,1,1,25,187.695,0
3,0,3,0,6123,21,17,33,3,1,2,25,108.418,1
2,0,8,0,4275,34,183,6,3,1,1,30,904.36,0
33,0,31,0,1290,60,13,3,3,1,2,25,313.753,1
24,0,35,9,10560,91,7,39,5,1,1,55,170.265,0
5,0,39,0,563,8,9,4,3,1,2,30,58.84,0
8,0,38,0,15080,177,132,32,2,1,1,25,1280.565,0
2,0,42,0,498,13,18,9,2,1,2,25,103.995,0
4,0,11,0,159,4,1,41,2,1,2,25,148.99,1
0,0,37,0,6908,117,363,28,2,1,1,25,1949.625,0
14,1,17,1,6148,138,83,42,1,2,1,15,802.23,0
3,1,3,2,519,38,34,43,2,1,2,30,291.739,1
0,0,31,1,176,59,9,29,2,1,1,55,987.255,1
18,1,26,2,294,61,3,0,3,1,1,25,302.366,1
0,0,31,0,1825,5,0,12,3,1,1,30,73.2,0
15,1,28,0,1957,45,41,15,3,1,2,25,87.529,1
2,1,3,0,0,50,0,3,5,1,1,25,239.953,1
8,0,25,0,1035,31,10,10,2,1,1,25,92.97,0
1,0,35,0,5498,83,0,6,2,1,1,25,251.145,0
20,0,34,9,10730,97,15,55,4,1,1,45,308.175,0
6,1,27,1,1505,37,202,14,2,2,1,25,978.39,1
10,0,40,0,1943,50,7,4,3,1,2,30,107.72,0
8,0,31,0,477,59,35,48,2,1,2,55,124.207,1
2,0,40,1,1033,22,2,35,2,1,2,25,15.762,1
0,0,38,0,2996,12,38,29,2,1,2,30,17.393,1
34,0,39,0,2933,55,4,18,3,1,2,55,97.36,1
0,0,30,0,1180,30,20,13,3,1,2,30,128.4,0
12,0,42,3,3460,36,495,12,4,1,1,45,1324.9,0
8,0,15,2,2738,39,0,15,3,1,1,30,111.08,0
1,1,43,0,398,7,17,8,3,1,2,30,84.2,1
14,0,34,7,9940,86,0,37,4,1,1,45,250.65,0
10,0,28,0,295,20,0,9,3,1,2,30,12.6,0
8,0,34,3,7155,117,280,36,2,2,1,25,1587.24,0
20,1,39,1,1065,16,26,6,3,1,2,25,91.208,1
13,0,37,2,9115,121,144,43,3,1,1,30,945.44,0
8,0,43,2,683,14,19,8,3,1,1,30,103.88,0
11,0,41,0,2418,62,19,22,3,1,2,30,175.2,0
14,1,36,0,208,14,6,40,4,1,2,25,278.095,1
2,1,33,0,2733,50,9,37,3,1,1,30,423.891,1
12,0,39,2,593,14,12,33,3,1,1,25,48.917,1
10,0,37,0,2453,60,359,24,3,1,1,30,1536.52,0
18,0,29,0,1195,32,26,12,3,1,2,30,153.08,0
1,0,25,0,1230,15,22,1,4,1,2,45,86.125,0
16,0,29,0,714,13,7,46,3,1,1,25,500.326,1
3,0,38,0,3915,73,0,10,3,1,1,30,159.52,0
14,1,10,0,667,16,38,48,4,1,2,30,178.164,1
6,0,34,1,5963,91,7,8,3,1,1,30,270.16,0
2,0,18,0,1695,26,28,14,2,1,1,25,203.445,0
0,0,29,0,6943,111,362,35,2,1,1,25,1946.43,0
7,0,31,0,50,2,0,1,2,1,2,25,2.34,1
24,1,32,3,15670,233,0,82,2,1,1,25,715.635,0
5,0,20,1,1400,22,14,2,2,1,1,25,126.99,0
2,1,36,0,4939,6,13,25,2,1,2,25,161.919,1
17,0,45,3,12030,170,33,55,4,1,1,45,387.5,0
8,0,37,0,4255,65,0,13,2,1,1,25,194.4,0
8,0,13,0,6028,132,73,38,1,2,1,15,740.3,0
0,0,36,0,2088,52,0,31,1,1,1,15,117.7,0
29,0,29,3,16300,242,7,78,2,1,1,25,775.89,0
2,0,6,0,3972,61,15,48,4,1,2,25,61.389,1
0,0,5,0,4025,31,203,6,3,1,1,30,974.24,0
7,0,43,3,643,16,19,5,5,1,1,55,38.385,0
0,0,28,0,6300,83,0,15,4,1,1,45,159.575,0
10,1,5,0,1255,9,13,48,2,1,2,30,548.612,1
1,0,31,3,623,14,51,12,5,2,1,45,354.489,1
7,0,26,0,1611,41,11,47,3,2,1,25,148.072,1
2,0,28,0,3082,68,8,29,2,1,1,45,122.29,1
14,0,36,1,4423,70,7,33,2,1,1,25,233.685,0
5,0,42,1,7508,133,392,44,3,1,1,30,1873.64,0
0,0,32,0,875,8,0,10,2,1,2,25,39.735,0
0,0,35,0,0,0,0,0,2,1,2,25,0.0,1
0,0,4,0,0,38,24,44,3,1,2,25,105.957,1
29,0,38,5,15740,235,75,47,3,1,1,30,939.0,0
30,1,35,0,1450,54,32,22,3,1,2,30,188.16,1
5,1,33,2,711,22,12,39,2,1,2,45,137.714,1
2,0,37,1,3833,88,34,32,3,1,1,30,292.84,0
28,0,30,4,16200,236,7,77,2,2,1,25,771.12,0
2,1,31,0,477,0,6,32,3,1,2,25,101.876,1
17,0,32,2,1530,44,34,16,2,1,1,25,223.83,0
17,0,16,0,9123,171,48,38,4,1,1,45,352.35,0
8,0,35,1,8810,115,137,41,3,1,1,30,905.0,0
13,0,38,1,3275,60,191,28,2,1,1,25,1009.575,0
5,0,15,0,2000,26,27,15,2,1,1,25,212.67,0
20,0,29,2,15770,232,0,78,2,1,1,25,720.09,0
7,0,42,1,4470,87,10,29,3,1,1,30,222.28,0
1,0,3,0,2306,19,15,0,2,1,2,30,111.02,1
5,0,38,1,4325,82,0,22,3,1,1,30,176.28,0
15,0,13,0,6313,139,75,38,1,2,1,15,767.36,0
11,0,39,2,0,24,76,2,3,1,2,30,122.694,1
18,0,38,2,6123,104,33,26,2,1,1,25,428.715,0
8,1,4,0,814,39,5,36,2,2,2,25,987.255,1
6,0,32,0,6718,69,100,36,2,1,1,25,755.415,0
14,0,29,0,815,30,8,6,3,1,2,30,65.8,0
7,0,41,0,0,53,75,20,4,2,2,45,83.537,1
0,1,31,0,148,21,32,8,2,1,2,25,622.925,1
0,0,36,0,312,93,29,6,2,1,2,55,130.826,1
0,0,35,0,0,0,0,0,2,1,2,25,0.0,1
13,1,33,0,3215,45,7,14,3,1,2,30,158.4,1
16,1,3,0,256,8,23,29,3,1,2,25,150.565,1
0,0,37,0,5900,76,165,11,3,1,1,30,899.04,0
2,0,34,0,3833,57,0,31,2,1,1,25,175.05,0
13,0,37,1,4323,64,7,32,1,1,1,15,279.785,0
4,0,38,0,3770,61,0,2,2,1,1,25,172.395,0
17,1,28,4,675,54,10,20,4,2,2,30,136.875,1
0,1,38,0,0,46,7,26,3,1,1,25,153.781,1
1,0,11,2,2368,31,13,12,3,1,1,30,147.96,0
0,0,36,0,133,2,0,2,3,1,2,30,5.4,1
0,0,35,0,1199,35,8,48,2,1,2,30,83.271,1
1,0,14,2,2357,38,15,14,3,1,1,30,155.8,0
2,1,32,0,623,22,5,32,2,1,1,55,29.457,1
9,0,35,0,6223,95,6,13,2,1,1,25,311.31,0
13,1,34,0,2493,48,31,29,3,1,2,30,225.64,1
16,0,38,2,1732,0,14,14,3,1,2,25,299.753,1
0,0,32,0,6060,100,243,16,2,2,1,25,1370.7,0
1,0,41,0,80,2,10,4,2,1,2,25,48.69,1
2,0,40,0,126,15,14,48,4,2,1,45,224.601,1
14,0,36,2,9520,126,145,41,3,1,1,30,965.84,0
7,0,23,0,1873,39,29,69,4,1,1,45,120.3,0
19,0,33,0,355,37,0,2,2,1,2,25,17.64,1
0,1,33,2,1050,44,12,29,2,2,2,25,28.012,1
0,0,31,0,1300,35,26,16,3,1,2,30,157.4,0
12,0,34,0,15790,182,149,31,2,1,1,25,1389.24,0
21,0,32,0,0,39,23,3,3,1,1,25,141.054,1
0,0,32,0,1245,32,0,14,3,1,2,30,51.08,0
15,0,12,0,9237,171,72,41,4,1,1,45,415.2,0
2,1,27,1,1070,33,191,11,2,2,1,25,909.135,0
0,1,34,0,0,50,32,6,2,1,2,25,80.44,1
1,0,30,0,1665,38,30,19,3,1,2,30,188.12,0
5,0,42,2,598,14,19,8,5,1,1,55,37.68,0
18,0,29,2,1590,41,31,17,2,1,1,25,212.895,0
18,0,39,3,6238,110,65,30,3,1,1,30,513.92,0
2,0,36,3,6740,112,274,35,2,2,1,25,1541.34,0
4,0,14,2,4390,46,223,11,3,1,1,30,1069.44,0
3,1,36,0,1750,10,18,44,2,1,2,30,97.3,1
5,0,39,0,7213,123,370,30,3,1,1,30,1773.44,0
0,0,30,0,2760,20,0,10,3,1,1,30,111.2,0
2,1,41,2,1867,58,52,48,2,1,2,30,13.991,1
2,0,28,0,2685,29,0,13,2,1,2,25,122.13,1
3,1,22,0,400,39,0,0,2,2,2,30,102.942,1
2,0,41,2,338,10,12,3,5,1,1,55,23.22,0
0,0,3,0,0,1,15,22,2,1,1,25,140.174,1
1,0,36,0,1280,19,1,9,2,1,2,25,62.955,0
0,0,36,0,3528,81,0,25,2,1,1,25,162.405,0
2,0,19,0,471,39,35,38,2,1,1,25,212.182,1
2,1,33,0,864,51,71,0,3,1,2,30,242.105,1
1,0,31,0,215,10,0,44,4,1,1,30,64.017,1
9,0,32,2,3530,73,23,26,4,1,1,45,147.575,0
0,0,37,0,743,13,41,8,4,1,2,45,121.4,1
5,0,41,0,623,11,14,6,3,1,2,30,81.36,0
18,1,38,1,2305,40,27,31,3,1,1,25,40.225,1
8,0,39,1,3325,36,18,21,3,1,1,30,206.44,0
15,0,39,0,2948,65,16,17,3,1,2,30,184.52,0
5,0,39,0,553,14,39,8,3,1,2,30,178.68,1
19,0,38,3,9825,132,152,43,3,1,1,30,1006.28,0
10,0,36,0,2816,37,62,48,3,2,2,30,66.735,1
14,1,39,0,2688,56,73,37,4,1,2,45,251.1,1
7,0,38,2,833,11,20,7,5,1,1,55,42.66,0
15,0,40,1,4503,72,8,37,1,1,1,15,295.625,0
15,1,7,3,0,10,10,0,2,1,2,30,27.015,1
3,0,28,0,963,81,7,6,2,1,1,25,123.372,1
0,0,33,0,0,0,0,0,3,1,2,30,0.0,1
4,0,31,0,2068,52,342,18,2,1,1,25,1634.4,0
4,0,34,3,6775,115,262,30,2,2,1,25,1489.05,0
0,1,3,0,1105,25,58,23,2,1,2,30,103.74,1
4,0,18,0,0,0,13,22,3,1,1,30,19.071,1
7,0,28,2,3645,73,47,29,4,1,1,45,210.45,0
10,0,37,1,13898,167,7,41,3,1,1,30,590.6,0
10,0,29,2,3590,70,20,27,3,1,1,30,226.4,0
20,0,5,0,0,16,26,21,2,1,2,25,199.073,1
22,0,15,2,1401,7,18,32,5,1,2,30,70.738,1
32,0,33,4,16570,245,16,85,2,2,1,25,828.675,0
18,1,11,0,0,64,17,15,2,1,2,30,78.184,1
34,0,5,1,3311,57,74,7,4,1,2,25,287.493,1
26,1,5,0,1120,38,31,0,3,1,2,45,337.858,1
17,0,17,0,0,57,30,17,3,1,2,25,13.306,1
4,0,34,3,6720,113,269,33,2,2,1,25,1517.985,0
9,0,43,1,13773,175,8,45,3,1,1,30,589.92,0
8,1,8,0,666,10,59,0,2,1,2,25,86.829,1
1,0,7,0,0,60,25,40,3,1,1,30,329.726,1
1,0,32,1,0,2,0,15,3,1,1,30,73.462,1
8,0,39,2,6805,92,193,28,3,1,1,30,1047.88,0
31,1,9,0,490,39,44,41,2,1,2,30,27.882,1
9,0,7,0,1600,39,71,24,2,1,2,30,137.199,1
0,0,3,1,4818,100,17,18,3,1,2,45,258.773,1
5,0,17,2,2728,47,35,22,3,1,1,30,251.0,0
16,0,46,2,6483,111,29,20,3,1,1,30,379.76,0
15,0,33,0,546,60,28,15,3,1,2,25,44.451,1
18,0,34,7,10320,88,3,43,4,1,1,45,267.7,0
34,0,13,0,0,0,10,30,2,1,2,25,364.398,1
12,0,29,0,1053,0,56,12,3,1,2,30,307.653,1
10,0,21,1,1270,28,11,9,2,1,1,25,107.91,0
11,0,38,0,0,22,81,48,3,1,1,25,124.173,1
0,0,26,1,6400,100,249,25,2,2,1,25,1413.0,0
3,1,44,0,2495,4,37,23,3,1,2,45,45.244,1
0,0,34,0,3223,75,0,23,2,1,1,25,148.41,0
6,0,35,0,2665,47,143,19,2,1,1,25,765.54,0
3,0,3,4,0,6,15,48,5,1,1,30,197.604,1
12,0,38,1,4443,69,7,35,1,1,1,15,286.66,0
23,1,11,0,1173,42,58,0,3,1,2,45,46.473,1
19,0,29,0,0,19,24,38,2,1,2,25,144.188,1
3,0,37,0,74,2,79,15,4,1,2,25,527.727,1
13,0,40,1,4675,77,12,19,3,1,1,30,238.08,0
20,0,31,0,895,44,11,15,2,1,2,25,91.755,1
0,0,11,0,1390,14,13,11,2,1,1,25,121.68,0
2,0,18,0,1695,26,28,14,2,1,1,25,203.445,0
4,0,27,0,754,2,33,15,2,1,2,25,468.711,1
0,0,40,0,0,0,0,0,3,1,2,30,0.0,0
0,0,33,0,11100,145,0,43,3,1,1,30,449.8,0
1,0,23,1,3520,65,22,36,3,1,1,30,231.4,0
0,0,29,0,1888,44,337,16,2,1,1,25,1603.44,0
0,0,7,0,3895,33,199,5,3,1,1,30,953.12,0
0,0,34,0,2650,21,0,11,3,1,1,30,106.84,0
4,0,22,0,215,11,0,3,2,1,2,25,10.17,0
24,0,29,4,16370,242,14,93,2,1,1,25,810.54,0
0,0,8,3,502,19,18,30,4,1,1,25,147.627,1
0,0,37,0,0,0,0,0,2,1,2,25,0.0,1
13,0,40,0,608,24,37,45,2,1,2,30,52.306,1
9,1,36,4,7025,119,276,35,3,2,1,30,1389.76,0
1,0,26,0,6123,100,12,9,4,1,1,45,575.244,1
22,0,38,4,6723,114,54,41,3,1,1,30,489.48,0
16,0,31,1,0,2,13,0,3,1,2,25,82.146,1
2,0,44,0,0,4,30,8,3,1,2,30,0.0,1
6,0,32,1,8630,107,126,36,3,1,1,30,853.48,0
11,1,36,0,2513,47,36,31,3,1,2,30,246.4,1
34,1,3,2,0,46,24,21,3,1,1,30,987.255,1
0,0,30,0,1283,17,0,5,3,1,1,30,52.0,0
2,0,33,0,1753,40,0,10,3,1,2,30,71.72,0
12,0,44,1,14033,179,15,50,3,1,1,30,628.48,0
2,0,39,0,808,15,20,9,4,1,2,45,70.575,1
16,0,39,1,15980,189,166,35,2,1,1,25,1474.605,0
8,0,38,1,0,0,0,44,2,1,2,30,66.683,1
9,0,30,3,1735,48,232,17,3,2,1,30,999.32,0
5,0,9,1,1677,20,9,10,3,1,1,30,103.88,1
21,0,37,0,212,69,10,18,3,1,1,25,213.022,1
13,1,40,2,722,48,49,29,4,1,2,25,10.577,1
8,0,31,1,8855,111,129,37,3,1,1,30,874.64,0
0,0,10,0,0,8,13,45,5,1,2,45,122.524,1
13,0,40,4,4000,43,511,25,4,1,1,45,1378.575,0
3,1,5,2,0,4,21,48,4,1,2,45,309.416,1
3,0,30,0,2440,69,6,48,2,1,1,30,283.493,1
3,0,39,0,2475,53,176,22,2,1,1,25,905.76,0
9,0,31,3,7270,116,270,34,2,2,1,25,1547.37,0
0,0,26,0,0,0,0,0,2,1,2,25,0.0,0
2,0,35,1,7803,131,398,56,2,1,1,25,2148.03,0
6,1,37,0,2143,46,38,34,3,1,2,30,239.56,1
34,1,32,0,613,46,20,44,3,1,2,25,104.922,1
14,0,46,3,3660,43,505,16,4,1,1,45,1355.075,0
0,0,34,0,0,0,0,0,3,1,2,30,0.0,1
7,0,39,0,4073,68,5,38,1,1,1,15,255.255,0
15,1,30,1,392,48,36,19,4,2,2,25,245.319,1
5,0,34,1,11285,146,0,42,4,1,1,45,285.775,0
9,0,37,0,4775,76,23,15,2,1,1,25,321.795,0
7,0,38,0,2328,62,363,27,2,1,1,25,1741.05,0
14,0,35,1,4080,82,31,29,3,1,1,30,290.48,0
3,0,32,0,1339,29,12,32,4,1,2,25,355.754,1
8,0,25,1,1540,40,190,9,3,2,1,30,823.2,0
25,1,38,0,955,53,24,18,3,1,2,30,136.32,1
34,1,33,0,703,24,0,34,2,1,2,25,85.549,1
13,0,15,0,1039,89,38,9,3,1,2,30,233.637,1
14,1,31,1,43,4,14,9,2,1,1,30,145.272,1
0,0,36,0,2790,21,476,6,3,1,1,30,2016.44,0
20,0,40,4,4680,98,60,45,3,1,1,30,431.12,0
10,0,36,0,2338,54,327,20,2,1,1,25,1579.14,0
7,0,20,1,2000,32,35,16,3,1,1,30,221.28,0
18,1,3,0,2028,65,0,20,4,1,2,30,6.902,1
9,0,43,0,0,4,43,42,2,1,2,25,382.146,1
0,0,37,0,875,14,0,11,2,1,2,25,40.005,1
8,0,26,2,2168,49,51,83,4,1,1,45,182.925,0
7,0,24,1,1620,36,192,12,2,2,1,25,938.52,0
1,0,34,1,4013,86,16,41,2,1,1,25,256.455,0
10,0,3,0,1721,54,22,30,2,1,2,25,434.264,1
3,0,36,0,623,5,6,5,2,1,2,25,55.26,0
5,0,31,0,1710,40,30,16,3,1,2,30,190.0,0
5,0,38,0,6593,77,112,40,2,1,1,25,804.15,0
3,0,33,1,6785,97,14,22,5,1,1,55,124.23,0
7,0,26,0,3415,61,7,21,3,1,1,30,167.04,0
13,0,38,1,4020,85,34,28,3,1,1,30,300.2,0
22,0,24,0,6123,33,38,32,2,1,1,45,209.71,1
3,1,30,0,1094,67,31,0,2,1,2,30,30.967,1
0,1,37,0,503,9,13,7,4,1,2,45,45.3,1
31,0,15,1,1558,100,53,14,4,1,1,25,250.177,1
3,0,36,0,6385,80,154,22,3,1,1,30,874.6,0
7,0,26,0,1100,34,23,16,2,1,1,25,154.53,0
4,0,35,0,11405,151,6,45,3,1,1,30,486.24,0
1,1,3,0,0,51,10,2,3,1,2,45,248.4,1
4,0,36,0,1228,17,30,19,4,1,2,45,106.125,1
27,1,34,3,16255,246,11,85,2,1,1,25,792.045,0
2,0,37,0,595,8,0,4,2,1,2,25,27.135,0
5,0,32,0,1085,20,36,9,4,1,2,45,117.625,0
6,0,38,1,1973,31,7,8,4,1,1,45,67.6,0
0,0,19,0,1263,27,15,65,4,1,1,45,69.75,0
0,0,31,0,6240,76,171,20,3,1,1,30,936.64,0
11,0,27,0,700,74,42,9,2,1,2,25,182.381,1
5,0,43,1,2393,64,10,34,2,1,1,25,155.565,0
10,1,40,1,0,37,7,17,2,1,1,55,283.542,1
13,0,41,0,1725,31,28,10,3,1,2,30,182.24,0
15,0,3,0,0,15,4,6,4,1,2,25,27.751,1
6,0,39,0,13368,164,0,46,3,1,1,30,541.28,0
6,0,27,0,1535,21,29,3,4,1,2,45,111.4,0
2,0,36,0,657,49,38,26,2,1,2,30,213.514,1
5,0,39,0,5513,90,0,14,3,1,1,30,224.12,0
12,1,3,0,0,0,12,44,3,1,2,45,163.935,1
3,0,27,0,2109,63,14,24,4,1,2,30,58.496,1
0,0,34,0,1550,56,27,48,3,1,1,30,300.299,1
12,0,6,0,0,10,46,6,4,1,2,30,61.598,1
5,0,35,0,2148,54,352,22,2,1,1,25,1683.09,0
2,0,30,0,0,39,30,19,4,1,1,25,159.405,1
2,0,44,1,228,0,0,48,3,1,2,30,124.411,1
1,0,31,0,284,52,32,3,3,1,2,25,34.325,1
0,1,27,0,1230,15,7,44,2,2,1,25,134.482,1
9,0,30,1,419,23,57,41,3,1,2,45,16.034,1
0,0,36,0,6798,116,359,43,2,1,1,25,1926.63,0
12,1,42,0,487,18,17,24,3,1,2,45,102.284,1
6,0,6,0,2244,45,10,42,3,1,1,25,6.1,1
5,0,35,0,1015,14,12,9,2,1,2,25,100.305,0
21,1,35,0,353,2,27,34,3,1,1,25,421.908,1
16,1,43,0,2723,68,26,24,3,1,2,30,215.64,0
5,0,38,0,2583,59,11,36,1,1,1,15,205.81,0
16,0,44,2,4583,74,18,41,1,1,1,15,355.135,0
23,0,24,3,6697,153,100,45,2,2,1,25,758.25,0
14,0,15,0,1177,54,41,31,3,1,1,30,43.505,1
14,0,40,0,2543,60,15,19,3,1,2,30,164.12,0
6,0,36,0,3470,76,25,26,2,1,1,25,272.07,0
0,0,39,0,128,4,0,1,2,1,2,25,5.94,0
8,0,37,0,2263,59,350,21,3,1,1,30,1492.88,0
7,1,31,1,258,22,32,2,2,1,2,45,409.205,1
0,0,26,0,152,21,11,28,3,1,2,25,375.85,1
16,0,44,2,15790,194,165,33,3,1,1,30,1299.36,0
19,1,18,0,0,23,46,14,2,1,1,30,10.058,1
2,0,7,1,2931,41,204,38,3,1,1,30,185.51,1
3,0,43,0,195,30,65,0,2,1,2,55,54.474,1
3,0,35,0,6413,69,101,35,2,1,1,25,746.19,0
14,0,37,2,3900,80,28,25,3,1,1,30,271.2,0
19,0,37,2,6528,109,34,24,2,1,1,25,451.665,0
0,0,28,0,0,0,0,0,2,1,2,25,0.0,1
3,1,35,0,4291,22,14,35,2,1,1,55,129.922,1
6,0,9,3,4990,50,236,25,3,1,1,30,1145.6,0
7,0,32,0,2810,33,0,11,3,1,2,30,113.72,1
10,0,41,1,15565,184,160,34,2,1,1,25,1428.705,0
12,0,26,1,3444,56,11,14,3,1,2,30,56.007,1
12,0,37,1,5413,93,8,26,2,1,1,25,283.77,1
10,0,40,3,7090,109,29,25,5,1,1,55,151.485,0
10,1,35,0,1312,6,24,4,3,1,2,30,67.746,1
19,0,42,3,4140,91,44,32,3,1,1,30,345.24,0
8,1,40,2,993,16,21,8,4,1,1,45,77.725,1
4,0,42,0,2315,43,293,22,3,1,1,30,1266.32,0
19,1,36,0,0,36,0,32,3,1,2,30,412.112,1
13,0,13,0,0,38,4,44,2,1,2,30,354.091,1
0,0,38,0,0,0,0,0,2,1,2,25,0.0,1
11,1,36,0,38,13,43,5,2,1,2,25,0.0,1
11,1,16,0,610,59,29,48,2,1,2,30,42.815,1
14,0,24,0,1005,25,9,8,2,1,2,25,86.85,0
0,1,34,0,1363,28,6,14,3,1,2,30,79.64,1
8,0,39,0,2583,58,7,31,1,1,1,15,183.755,0
0,0,26,0,825,10,21,3,4,1,2,45,73.375,0
0,0,32,0,2725,17,2,15,3,1,1,30,117.68,0
12,1,27,0,0,57,15,0,2,1,2,45,101.559,1
5,0,19,3,2547,45,32,18,3,1,1,30,231.68,0
4,0,35,0,1818,42,0,11,3,1,2,30,74.4,0
18,0,8,0,0,34,38,29,2,2,1,25,230.946,1
3,0,36,0,1780,50,70,24,4,1,2,45,220.75,0
8,0,34,3,7210,119,273,33,2,2,1,25,1558.305,0
6,0,25,2,3825,71,29,38,3,1,1,30,271.84,0
0,0,35,0,438,7,34,6,4,1,2,45,96.125,1
20,0,32,2,14880,215,39,26,3,1,1,30,759.8,0
34,0,29,0,1082,25,31,4,2,1,2,25,98.611,1
2,1,5,0,575,3,30,20,4,1,2,55,101.49,1
8,0,39,0,830,64,34,40,3,1,2,45,987.255,1
8,0,39,1,4485,77,37,21,3,1,1,30,330.48,0
15,0,39,2,7213,82,124,42,2,1,1,25,886.275,0
0,0,35,0,7448,124,379,41,2,1,1,25,2046.24,0
8,0,25,0,980,29,17,13,2,1,1,25,121.905,0
2,0,7,0,8368,155,51,32,4,1,1,45,340.575,0
34,0,40,0,0,0,153,11,4,1,2,30,151.603,1
2,1,3,0,4999,3,7,7,2,1,2,25,0.0,1
4,1,40,1,1041,22,17,12,3,1,2,45,28.667,1
0,0,34,0,1995,30,273,14,3,1,1,30,1173.0,0
10,0,35,1,9055,118,139,41,3,1,1,30,922.92,0
20,0,40,2,16500,199,165,32,2,1,1,25,1493.955,0
5,0,8,0,0,3,10,8,2,1,2,30,45.316,1
17,0,3,2,1072,22,14,28,2,1,2,25,50.542,1
8,0,40,2,498,11,12,6,3,1,1,30,68.36,1
8,0,41,2,365,9,12,4,3,1,1,30,62.96,1
2,0,39,0,1988,53,0,35,2,1,1,25,91.845,0
3,0,17,1,342,30,17,4,4,1,2,45,4.249,1
3,1,23,0,807,24,30,27,2,1,2,30,319.219,1
13,1,33,0,0,42,46,28,2,1,1,30,301.855,1
3,1,33,0,5802,67,19,31,3,1,1,25,0.622,1
4,0,33,0,1973,25,0,7,3,1,1,30,79.92,0
7,0,38,2,11580,160,43,51,4,1,1,45,401.0,0
0,0,33,0,6185,87,0,7,4,1,1,45,156.8,0
12,1,39,0,975,32,31,36,3,1,2,25,153.699,1
4,0,29,2,512,24,15,27,3,1,1,30,9.28,1
5,0,14,2,2793,42,26,17,3,1,1,30,217.4,0
22,1,3,0,2854,23,70,21,3,1,1,55,147.792,1
13,0,28,3,2473,55,58,85,5,1,1,55,124.92,0
0,0,34,0,1438,43,327,22,2,1,1,25,1538.145,0
13,1,29,0,2378,58,9,0,3,1,2,45,556.944,1
2,1,30,0,2505,27,0,9,2,1,2,25,113.94,1
15,1,37,0,2978,55,42,31,3,1,2,30,289.32,1
0,0,3,1,3493,10,0,23,3,1,2,55,0.0,1
26,0,38,9,10740,99,8,44,5,1,1,55,174.585,0
3,0,10,0,155,53,33,46,3,1,1,25,15.53,1
17,0,35,2,9340,125,141,41,3,1,1,30,942.6,0
2,1,29,1,1311,55,4,25,2,1,1,25,40.055,1
5,0,30,0,308,3,0,2,3,1,2,30,243.295,1
35,0,39,5,16640,254,22,88,2,2,1,25,859.23,0
16,0,40,2,4080,88,39,30,3,1,1,30,322.72,0
10,0,38,3,2573,41,28,23,4,1,1,45,135.35,0
10,0,16,0,5682,130,60,42,1,2,1,15,649.66,0
2,1,33,0,1960,48,52,33,3,1,2,30,288.32,1
5,0,37,1,6690,87,195,29,3,1,1,30,1051.08,0
7,0,36,0,11350,148,0,43,3,1,1,30,459.92,0
3,1,29,0,2605,33,0,10,2,1,2,25,118.71,1
2,1,29,0,0,21,37,1,3,1,2,55,142.762,1
10,0,23,0,620,23,0,3,2,1,2,25,28.935,0
1,1,3,0,194,14,0,6,2,1,2,25,36.885,1
6,0,30,0,0,65,66,0,3,1,2,45,12.11,1
0,0,32,0,0,11,24,8,3,1,2,25,156.206,1
8,1,11,2,1792,25,7,9,3,1,1,30,100.68,1
36,0,34,5,17090,255,15,82,2,2,1,25,848.025,0
9,0,11,2,4885,47,231,15,3,1,1,30,1121.28,0
3,0,39,1,11240,150,14,49,3,1,1,30,511.6,0
7,0,35,0,3185,58,176,21,2,1,1,25,937.935,0
14,1,9,0,809,57,32,14,2,1,2,25,148.625,1
12,0,15,0,8932,171,73,40,4,1,1,45,410.075,0
7,0,38,1,6313,70,90,39,2,1,1,25,692.235,0
18,1,27,0,695,37,1,11,2,1,2,25,37.44,1
0,1,12,0,186,45,43,26,2,1,2,25,241.499,1
0,0,35,0,1478,25,25,8,4,1,1,45,100.075,0
5,0,35,0,1855,45,47,23,3,1,2,30,264.0,0
8,1,15,2,1748,29,15,13,3,1,1,30,131.08,1
20,0,36,0,650,47,17,16,3,1,2,30,95.88,1
16,0,34,7,10130,87,0,40,4,1,1,45,255.425,0
4,0,43,1,783,38,8,48,3,1,1,25,334.353,1
14,0,45,3,4820,95,17,28,4,1,1,45,165.375,0
30,0,39,3,15330,225,29,30,3,1,1,30,738.2,0
6,0,34,3,6965,116,271,33,2,2,1,25,1538.145,0
4,0,33,0,400,8,40,46,2,1,2,45,124.229,1
12,0,27,0,360,16,33,27,3,1,2,25,104.974,1
3,0,38,2,6615,92,218,30,3,1,1,30,1140.28,0
8,0,41,2,11545,156,21,51,4,1,1,45,345.025,0
2,0,6,0,651,61,0,32,2,1,2,30,269.337,1
0,1,3,0,1228,9,0,1,2,1,1,25,55.665,1
5,0,38,0,13528,166,0,44,3,1,1,30,547.76,0
0,0,38,0,1360,44,39,19,3,1,2,30,212.16,0
1,0,41,0,2055,39,286,17,3,1,1,30,1227.76,0
5,0,27,1,3340,66,6,22,3,1,1,30,160.24,0
12,0,40,1,14078,175,7,46,3,1,1,30,598.12,0
12,0,30,2,1933,48,42,72,5,1,1,55,92.715,0
14,0,35,3,1880,52,215,19,3,2,1,30,937.28,0
2,1,28,0,1444,59,14,0,2,1,2,25,0.0,1
0,0,26,0,968,29,9,53,4,1,1,45,47.425,0
1,0,10,1,3985,35,197,12,3,1,1,30,948.8,0
0,0,12,1,2488,36,19,15,3,1,1,30,176.96,0
1,0,42,2,223,50,1,3,3,1,1,25,117.023,1
4,1,33,0,2685,35,2,14,2,1,2,25,131.4,1
0,0,30,0,570,2,0,8,2,1,2,25,25.74,0
0,0,16,0,376,45,66,31,3,1,2,25,56.426,1
2,0,31,2,734,11,201,0,2,1,2,45,102.281,1
6,0,39,1,7623,132,382,42,3,1,1,30,1838.2,0
2,0,40,0,3673,86,10,32,2,1,1,25,214.155,0
9,0,37,0,2123,48,0,13,3,1,2,30,86.84,0
10,0,40,0,178,47,38,34,3,1,1,25,168.953,1
0,0,33,0,5433,81,0,5,2,1,1,25,248.13,0
9,0,28,0,1730,26,49,20,4,1,2,45,166.4,0
2,0,6,0,366,62,27,6,2,1,2,25,119.646,1
33,0,40,0,0,19,12,19,3,1,2,45,187.737,1
0,0,32,0,0,0,0,0,4,1,2,45,0.0,1
31,1,39,4,15850,236,62,32,3,1,1,30,891.44,0
13,1,36,1,5818,98,26,24,2,1,1,25,383.22,1
11,0,20,3,2600,42,56,31,3,1,1,30,329.68,0
0,0,33,0,0,0,0,0,2,1,2,25,0.0,1
17,0,27,0,570,39,0,11,2,1,2,25,27.405,1
0,1,25,0,0,0,35,0,3,1,1,30,132.472,1
15,1,3,0,4178,0,14,24,3,2,1,30,520.774,1
0,1,37,0,0,33,4,33,2,2,1,45,987.255,1
16,0,36,3,9240,119,140,40,3,1,1,30,934.36,0
17,0,36,6,9835,83,0,27,4,1,1,45,247.95,0
15,1,12,2,541,23,0,48,2,1,2,30,34.123,1
4,1,34,0,1963,38,27,29,3,1,2,30,188.04,1
0,0,25,0,2980,58,6,23,3,1,1,30,145.52,0
0,0,36,0,1478,24,0,3,3,1,1,30,60.08,0
0,0,31,0,6725,94,9,20,4,1,1,45,192.975,0
0,0,29,0,720,52,30,30,4,1,2,25,248.588,1
5,0,38,1,1373,21,7,2,4,1,1,45,52.35,0
0,0,34,0,428,6,14,15,3,1,2,30,73.36,1
3,1,25,0,853,3,0,13,2,1,1,30,39.843,1
0,1,39,0,683,71,76,37,3,1,2,25,132.784,1
5,0,35,0,1910,47,40,20,3,1,2,30,238.28,0
0,0,38,0,6375,88,190,29,3,1,1,30,1018.52,0
11,0,39,0,2158,56,345,11,3,1,1,30,1468.56,0
13,1,25,0,390,31,0,9,2,1,2,25,18.945,1
3,0,31,0,6458,65,93,31,2,1,1,25,712.035,0
3,0,27,0,1606,93,0,2,4,1,1,30,108.994,1
15,0,39,0,1767,24,39,29,3,1,2,25,0.0,1
5,0,32,4,7260,120,285,46,2,2,1,25,1614.6,0
12,0,17,3,4955,56,237,18,3,1,1,30,1148.44,0
2,1,21,0,1546,65,25,19,2,1,2,30,57.026,1
0,0,32,0,1588,23,0,2,3,1,1,30,64.44,0
34,0,40,0,0,14,15,22,4,1,2,30,83.908,1
17,0,40,0,6123,71,62,3,2,1,2,30,255.125,1
6,0,34,0,0,23,30,36,3,1,1,25,0.0,1
10,1,37,0,2781,50,0,41,3,1,1,30,220.907,1
11,0,6,1,743,4,26,13,2,1,2,25,0.0,1
1,1,37,0,0,36,28,4,2,1,2,25,395.146,1
0,0,26,0,828,26,12,48,2,1,2,25,138.128,1
5,0,34,1,2405,35,277,14,3,1,1,30,1205.6,0
4,0,35,0,173,17,0,30,3,1,2,25,248.641,1
5,0,37,1,3500,32,484,6,3,1,1,30,2077.28,0
0,0,28,2,1848,24,13,0,3,1,2,25,150.49,1
0,1,10,0,1363,21,4,10,2,1,1,25,80.28,1
11,0,3,3,10,35,1,10,2,2,2,30,32.75,1
1,0,44,0,843,4,42,3,3,2,2,45,163.088,1
26,1,3,0,2531,6,25,6,3,1,1,30,141.762,1
0,0,33,0,2085,25,0,9,2,1,2,25,94.95,1
3,0,24,0,3630,66,9,21,3,1,1,30,183.84,0
10,0,43,1,4370,77,13,18,3,1,1,30,229.88,0
6,0,40,1,2453,61,7,35,2,1,1,25,144.63,0
8,0,33,0,4198,60,0,34,1,1,1,15,234.19,0
19,1,44,0,2833,60,56,39,4,1,2,45,212.325,1
18,0,30,0,0,66,23,48,4,1,2,30,156.951,1
1,0,28,2,6705,106,256,27,2,2,1,25,1458.495,0
0,0,32,0,0,0,0,0,2,1,2,25,0.0,0
3,0,13,1,1443,23,8,11,3,1,1,30,90.64,1
12,0,35,0,2393,42,30,28,4,1,2,45,135.875,1
3,0,36,0,391,43,28,44,3,1,2,30,147.074,1
26,0,30,3,16480,243,1,78,2,1,1,25,757.035,0
5,0,41,0,2573,66,13,38,1,1,1,15,216.645,0
0,1,11,1,1263,15,3,9,3,1,1,30,63.12,1
9,0,44,2,2778,66,19,39,2,1,1,25,213.48,0
5,0,37,0,305,6,7,2,3,1,2,30,40.44,0
29,1,3,0,362,8,152,3,2,1,1,30,300.382,1
0,0,36,1,93,1,2,2,5,1,1,55,4.41,0
9,0,41,1,4203,96,20,35,3,1,1,30,251.96,0
0,0,37,0,0,0,0,0,2,1,2,25,0.0,1
8,0,40,2,7928,139,423,49,3,1,1,30,2014.68,0
11,0,38,3,5115,93,23,40,3,1,1,30,300.32,0
12,0,33,0,4898,0,0,0,2,1,2,30,255.275,1
15,0,27,1,1530,38,26,15,2,1,1,25,187.56,0
4,0,26,1,1241,66,2,0,2,1,2,25,316.939,1
2,0,3,0,1322,37,15,2,3,1,2,30,0.0,1
2,0,24,0,3110,55,0,19,3,1,1,30,126.6,0
11,1,40,0,108,35,23,34,2,1,2,30,467.517,1
17,1,32,0,987,44,6,32,2,1,2,30,112.799,1
0,1,9,0,0,32,30,7,4,1,2,30,324.334,1
28,1,35,0,1260,53,23,19,3,1,2,30,144.52,1
3,1,32,1,1764,31,25,0,3,1,2,30,140.665,1
10,0,47,0,883,21,29,12,3,1,2,30,152.16,0
1,0,29,0,69,4,21,48,2,1,1,30,234.245,1
5,0,12,1,1668,27,11,12,3,1,1,30,111.8,1
10,1,35,0,2673,49,35,29,3,1,2,30,248.88,1
10,1,35,0,0,24,6,0,3,1,2,30,28.079,1
19,0,44,0,0,0,9,48,2,1,1,45,37.363,1
9,0,43,0,1483,48,24,18,4,1,1,25,278.37,1
3,0,33,0,0,39,32,48,2,1,1,30,51.188,1
4,0,36,0,13658,164,2,45,3,1,1,30,560.88,0
8,0,11,0,299,12,43,31,4,1,2,45,241.421,1
16,1,3,1,2286,16,30,48,4,1,2,30,8.821,1
2,1,38,0,737,58,7,21,3,1,2,30,46.965,1
7,0,37,2,8108,137,405,58,3,1,1,30,1949.8,0
1,0,32,0,171,49,7,39,3,1,2,25,194.43,1
23,1,9,0,110,10,15,48,3,1,2,30,0.0,1
1,1,31,0,2625,32,0,12,2,1,2,25,119.565,1
5,1,35,0,308,44,3,21,2,1,1,25,95.378,1
8,0,37,0,14178,174,1,42,3,1,1,30,578.08,0
12,1,35,4,7675,127,279,33,3,2,1,30,1428.08,0
11,0,29,2,1810,43,209,16,3,2,1,30,910.12,0
14,0,39,1,5080,82,30,17,3,1,1,30,326.48,0
2,0,36,0,818,8,18,7,4,1,2,45,65.65,1
8,1,31,3,154,33,74,23,2,1,2,25,106.594,1
2,0,3,0,3544,4,29,17,2,1,1,45,435.28,1
10,0,37,0,0,100,4,23,2,1,1,25,325.942,1
3,0,27,0,1353,18,61,32,4,1,2,30,190.037,1
21,1,36,0,0,0,0,37,3,1,2,25,83.443,1
7,0,36,0,2078,43,25,28,3,1,2,30,184.84,1
0,0,35,0,12758,152,0,42,3,1,1,30,516.4,0
0,1,8,1,1298,19,25,9,3,1,1,30,152.68,1
10,0,42,0,2318,56,18,21,3,1,2,30,166.96,0
5,0,33,1,7553,123,376,39,2,1,1,25,2037.42,0
3,0,36,0,4065,65,0,15,2,1,1,25,185.85,0
12,1,38,1,2328,47,39,33,3,1,1,30,251.0,1
2,0,35,0,13353,157,0,38,3,1,1,30,540.4,0
0,0,39,0,0,0,1,0,3,1,2,30,4.0,1
0,0,36,0,3610,67,0,8,3,1,1,30,147.08,0
7,1,27,2,1680,32,0,30,2,1,2,25,142.632,1
6,0,35,2,6845,100,19,24,5,1,1,55,132.675,0
17,0,36,0,4117,10,16,0,2,1,2,30,528.81,1
15,1,8,0,0,35,15,8,2,1,2,45,428.856,1
1,0,5,3,760,17,5,24,2,1,2,55,32.981,1
29,0,36,3,15365,229,51,30,3,1,1,30,827.76,0
17,0,44,2,2758,72,374,27,3,1,1,30,1609.2,0
0,1,3,0,0,0,0,21,4,1,2,25,364.758,1
0,0,38,0,115,6,32,4,2,1,2,25,149.445,1
0,1,32,0,0,0,0,0,2,1,2,25,0.0,1
8,1,9,0,894,53,5,0,4,1,2,25,68.503,1
1,1,44,0,81,11,62,46,3,1,1,30,103.704,1
0,0,39,0,318,5,7,4,2,1,2,25,46.035,0
21,0,25,0,452,67,23,3,3,1,2,30,135.699,1
0,0,29,2,6480,102,253,26,2,2,1,25,1434.69,0
21,0,31,0,2184,48,13,10,2,1,2,45,426.466,1
1,0,9,1,2547,33,16,16,3,1,1,30,167.2,0
5,0,11,2,4450,43,220,12,3,1,1,30,1059.72,0
12,0,40,3,3298,74,30,50,2,1,1,25,286.74,0
3,0,35,0,5071,12,41,47,2,1,2,45,291.264,1
6,0,7,1,4615,44,212,8,3,1,1,30,1034.36,0
8,0,38,0,4370,71,5,17,3,1,1,30,197.64,0
1,1,26,0,738,31,22,8,2,1,2,25,0.976,1
0,0,30,0,1673,38,0,9,3,1,2,30,68.44,0
0,0,37,0,2170,39,310,20,3,1,1,30,1328.36,0
31,1,31,0,0,15,11,7,3,1,1,30,931.122,1
2,1,30,0,871,10,43,6,2,1,2,25,137.051,1
6,0,35,2,11760,158,25,60,3,1,1,30,576.72,0
2,0,34,0,11045,142,0,41,3,1,1,30,447.48,0
0,0,34,0,0,0,2,0,3,1,2,30,8.0,1
8,0,30,0,704,69,62,2,2,1,2,25,295.109,1
0,0,35,0,546,1,18,43,3,1,2,25,136.616,1
0,0,30,0,3633,50,0,27,1,1,1,15,202.565,0
18,0,32,0,2094,52,0,6,3,1,2,30,0.0,1
11,0,40,1,6223,101,14,14,3,1,1,30,308.96,0
0,1,35,0,5378,2,45,0,2,1,1,30,380.303,1
5,0,32,1,305,6,7,2,3,1,1,30,40.44,0
0,0,13,1,0,25,30,3,3,1,1,30,66.389,1
0,1,30,0,0,18,0,36,2,1,1,25,250.282,1
19,0,32,0,1157,21,49,35,2,1,2,25,254.814,1
10,0,26,1,1340,38,51,17,2,1,1,25,291.51,0
3,0,24,0,912,30,84,26,3,1,2,30,140.677,1
0,0,21,0,0,0,3,0,4,1,2,45,7.5,0
2,0,7,0,3844,8,84,44,2,1,1,30,290.697,1
14,0,38,2,7428,86,116,37,2,1,1,25,860.13,0
0,0,35,0,7203,121,377,41,2,1,1,25,2026.08,0
2,1,34,1,1010,19,37,39,3,1,2,25,71.854,1
0,0,32,0,0,16,12,3,3,1,1,30,90.403,1
33,0,24,0,1102,21,2,0,3,1,1,45,14.008,1
14,0,20,1,8932,177,81,41,5,1,1,55,258.135,0
4,0,37,0,3488,55,0,35,1,1,1,15,194.865,0
1,0,31,1,6545,104,232,27,2,2,1,25,1343.205,0
16,0,16,0,6278,135,53,38,1,2,1,15,644.215,0
7,0,40,0,1015,20,20,10,3,1,2,30,121.4,0
10,0,32,1,1072,47,69,44,2,1,2,30,390.444,1
1,0,39,0,42,40,41,25,3,1,2,30,153.062,1
0,0,35,0,2760,65,0,26,2,1,1,25,127.125,0
10,0,34,0,5108,5,14,2,3,1,2,25,21.044,1
0,1,36,0,697,17,33,45,2,1,1,25,611.137,1
0,0,30,0,0,0,0,0,2,1,2,25,0.0,1
3,0,39,1,935,17,5,13,2,1,1,25,65.34,0
24,1,42,0,2084,16,25,31,3,1,2,30,108.617,1
16,0,35,0,6123,68,24,9,4,1,1,30,109.546,1
0,0,34,0,4150,74,0,21,3,1,1,30,168.96,0
1,0,33,0,3885,57,0,10,2,1,1,25,177.39,0
3,0,37,1,6500,86,186,26,3,1,1,30,1007.44,0
0,1,35,0,978,77,72,5,3,1,2,45,137.799,1
4,0,35,0,2078,44,59,33,3,1,2,30,320.88,1
27,0,38,3,15385,228,56,32,3,1,1,30,848.52,0
9,0,38,1,14018,172,7,44,3,1,1,30,595.6,0
12,1,32,0,5738,96,16,20,2,1,1,25,334.53,1
23,1,27,0,1234,100,5,24,3,1,1,25,86.904,1
2,0,4,0,329,72,7,18,2,2,1,25,0.0,1
0,0,30,0,0,0,15,0,2,1,2,25,358.901,1
6,0,30,0,794,25,33,38,2,1,2,25,26.76,1
20,1,38,0,503,42,55,6,4,1,2,30,122.682,1
5,0,31,0,910,6,25,45,3,1,2,25,93.978,1
1,0,19,0,0,59,1,8,2,1,2,25,126.049,1
6,1,31,0,5333,84,8,17,2,1,1,25,279.765,1
4,0,41,1,4210,83,3,24,3,1,1,30,183.72,0
1,1,32,0,1237,5,63,14,4,1,2,25,162.716,1
0,0,39,1,33,4,5,1,5,1,1,55,8.055,0
4,0,37,0,2048,54,33,19,3,1,2,30,216.08,0
0,0,29,0,520,10,22,2,4,1,2,45,68.25,0
21,1,40,0,0,33,19,8,2,1,1,45,310.944,1
10,0,34,0,1390,26,43,11,4,1,2,45,142.9,0
0,0,34,0,5703,58,76,35,2,1,1,25,601.245,0
1,1,29,0,0,41,3,5,3,1,1,25,119.091,1
8,0,16,3,2853,45,31,19,3,2,1,30,239.92,0
9,1,10,2,883,0,17,22,3,1,2,25,138.753,1
7,0,20,1,2000,32,35,16,3,1,1,30,221.28,0
2,0,34,1,3085,52,10,23,3,1,2,25,480.096,1
12,0,40,2,4820,89,9,27,3,1,1,30,232.36,0
11,0,45,3,3400,39,498,11,4,1,1,45,1330.975,0
0,0,34,0,1289,22,34,23,4,1,1,30,412.582,1
0,0,34,0,0,0,6,0,5,1,1,55,9.0,0
12,0,37,3,7318,85,129,52,2,1,1,25,913.635,0
2,0,33,0,467,46,38,19,3,2,1,30,219.77,1
5,1,38,0,305,6,7,2,3,1,2,30,40.44,1
1,1,32,0,500,32,33,14,4,1,1,25,139.416,1
12,0,25,1,1470,35,21,13,2,1,1,25,162.225,0
7,0,33,3,7370,121,272,31,2,2,1,25,1561.095,0
2,0,22,0,0,21,82,29,3,1,2,25,576.998,1
5,0,33,1,7030,100,16,22,5,1,1,55,130.95,0
7,1,41,0,618,16,18,9,3,1,2,30,97.36,1
0,0,16,0,0,0,0,0,2,1,1,25,0.0,0
3,1,3,0,4609,49,18,7,2,1,1,55,49.903,1
9,0,31,0,425,0,15,36,2,1,1,25,106.246,1
6,0,38,0,3598,56,0,20,1,1,1,15,200.97,0
6,0,35,0,0,47,56,26,2,1,2,45,502.496,1
11,0,15,4,2978,43,27,16,3,1,1,30,228.84,0
14,0,29,6,10130,81,0,39,4,1,1,45,255.275,0
5,0,30,1,2885,18,7,10,3,1,1,30,144.12,0
2,0,36,0,4210,77,0,23,3,1,1,30,171.48,0
3,0,32,0,6670,91,0,18,4,1,1,45,169.025,0
3,0,22,1,1775,28,38,18,2,1,1,25,252.135,0
4,0,36,0,1933,48,1,15,3,1,2,30,83.24,0
2,0,23,0,1388,31,19,63,4,1,1,45,82.975,0
6,1,34,0,5249,14,28,37,3,1,2,30,196.033,1
7,0,38,0,13773,169,0,44,3,1,1,30,557.68,0
8,1,19,2,0,0,32,18,3,1,2,25,30.986,1
2,0,40,0,180,8,11,5,2,1,2,25,57.96,1
9,1,35,0,303,60,37,35,2,1,2,25,124.582,1
17,1,26,1,0,19,75,30,3,1,1,30,269.964,1
1,1,3,0,4598,36,13,13,2,1,1,25,125.174,1
12,1,32,0,3295,41,8,17,3,1,2,30,165.44,1
6,1,38,0,2685,41,10,15,3,1,2,30,149.04,1
0,0,9,0,3790,30,194,23,3,1,1,30,928.8,0
1,0,33,0,823,0,74,42,3,1,2,30,196.536,1
0,0,30,0,5353,79,0,4,2,1,1,25,244.44,0
7,0,38,0,1123,14,25,9,4,1,2,45,90.925,1
9,0,39,2,8890,117,147,45,3,1,1,30,948.28,0
0,0,34,0,568,4,4,2,4,1,2,45,24.3,1
8,1,34,0,5513,92,19,22,2,1,1,25,337.725,1
1,1,3,0,0,55,19,3,3,1,1,30,130.426,1
0,0,37,0,0,0,0,0,2,1,2,25,0.0,1
12,1,28,0,2750,56,32,48,5,1,2,30,524.142,1
14,0,40,2,3835,85,37,30,3,2,1,30,304.8,0
2,0,32,0,1123,20,5,29,4,1,2,45,540.994,1
5,0,35,1,4335,75,0,20,3,1,1,30,176.4,0
0,1,27,2,0,29,14,48,4,1,2,30,515.325,1
1,0,26,2,0,57,7,6,4,1,2,30,80.585,1
8,0,26,1,3935,72,16,23,3,1,1,30,224.28,0
0,0,24,0,0,0,0,0,4,1,2,45,0.0,0
4,0,8,1,1892,24,1,5,3,1,1,30,80.64,1
13,0,29,4,2220,52,221,28,3,2,1,30,974.88,0
0,0,36,0,0,0,0,0,3,1,2,30,0.0,1
0,0,34,0,6493,110,352,41,2,1,1,25,1881.135,0
3,0,35,1,0,62,27,6,2,1,2,25,97.173,1
11,0,39,2,6833,80,106,36,2,1,1,25,788.085,0
0,0,18,0,0,0,0,0,4,1,2,45,0.0,0
11,0,42,1,3730,86,40,32,3,1,1,30,312.64,0
7,0,41,0,1130,26,52,14,3,1,2,30,254.24,0
5,0,20,1,1810,31,26,13,3,1,1,30,177.64,0
17,1,3,0,391,2,5,38,2,1,2,30,126.327,1
11,0,38,1,3085,59,182,25,2,1,1,25,960.48,0
15,1,4,0,882,11,41,30,3,1,2,30,462.82,1
4,0,35,0,5738,87,0,7,3,1,1,30,233.0,0
4,0,32,1,7190,102,15,20,4,1,1,45,219.8,0
5,0,35,0,2148,54,352,22,2,1,1,25,1683.09,0
6,0,34,0,5323,91,10,19,2,1,1,25,288.63,1
8,0,17,0,8708,167,76,42,4,1,1,45,411.875,0
19,1,32,1,1074,0,1,16,3,1,1,30,433.37,1
0,0,4,0,548,0,28,13,3,1,2,25,566.994,1
11,0,41,2,7873,136,396,47,3,1,1,30,1904.36,0
13,1,34,1,4873,100,0,30,2,1,2,25,112.346,1
23,0,38,3,14895,222,52,32,3,1,1,30,812.68,0
1,0,31,0,0,64,15,28,2,1,2,30,34.866,1
0,0,30,0,7203,115,369,40,2,1,1,25,1989.81,0
9,1,33,1,3307,58,6,21,2,1,2,30,199.992,1
0,0,35,0,0,0,0,0,2,1,2,25,0.0,0
0,0,30,0,1795,23,263,10,3,1,1,30,1124.72,0
11,0,29,0,446,0,0,26,3,2,2,25,0.0,1
8,0,37,1,6718,75,108,37,2,1,1,25,791.685,0
12,0,31,3,1680,45,205,15,3,2,1,30,889.0,0
10,0,37,1,6963,78,110,37,2,1,1,25,811.845,0
11,1,38,0,2428,55,17,20,3,1,2,30,167.32,0
16,1,23,3,2213,67,33,5,2,1,2,30,118.437,1
31,1,26,0,5291,13,28,25,2,1,1,45,101.426,1
9,1,14,0,1550,0,15,32,2,1,2,55,428.278,1
2,0,13,0,0,61,19,40,3,1,2,30,122.475,1
15,0,35,7,9725,82,0,42,4,1,1,45,245.175,0
2,0,3,0,860,19,3,28,3,1,2,45,59.872,1
16,0,42,2,4735,80,17,21,3,1,1,30,260.6,0
0,0,9,0,0,0,11,3,4,1,1,25,78.453,1
4,0,3,2,502,10,21,17,3,1,2,25,0.17,1
0,0,29,0,0,0,0,0,2,1,2,25,0.0,0
6,0,33,0,2930,38,4,14,2,1,2,25,151.56,1
0,0,31,0,0,0,0,0,5,1,1,55,0.0,0
0,0,33,0,1170,37,22,15,3,1,2,30,136.28,0
8,0,36,1,3025,56,177,23,2,1,1,25,935.145,0
8,0,41,2,2813,70,41,39,2,1,1,25,314.235,0
2,0,36,0,1743,47,0,12,3,1,2,30,71.6,0
5,0,28,0,1273,35,16,55,4,1,1,45,72.7,0
15,0,10,0,114,2,12,0,3,1,2,30,122.922,1
13,0,37,2,16085,192,171,45,2,1,1,25,1501.965,0
6,0,33,3,42,100,24,9,3,1,2,45,217.196,1
4,0,30,0,1523,43,38,72,4,1,1,45,134.15,0
1,1,13,0,2349,19,20,1,3,1,1,30,113.498,1
0,1,40,1,0,31,47,8,2,1,1,25,92.063,1
1,0,31,1,667,39,0,38,3,1,2,30,389.084,1
2,0,35,0,630,0,29,48,2,1,2,30,45.041,1
11,0,39,0,1643,24,24,6,4,1,2,45,101.675,1
15,0,15,2,6688,145,99,55,1,2,1,15,920.315,0
12,0,40,1,14078,175,7,46,3,1,1,30,598.12,0
4,0,36,0,15295,182,175,32,2,1,1,25,1483.965,0
0,0,36,0,650,11,8,6,2,1,2,25,65.745,0
1,0,32,2,6660,110,264,31,2,2,1,25,1492.65,0
12,0,13,2,0,13,26,31,4,1,2,30,124.636,1
8,0,41,1,3470,82,33,27,3,1,1,30,274.08,0
15,1,42,0,2653,52,51,37,4,1,2,45,195.125,1
13,0,5,0,444,60,33,28,3,1,2,55,59.653,1
11,0,28,6,9870,77,0,34,4,2,1,45,248.675,0
4,0,37,2,6865,99,24,26,5,1,1,55,140.46,0
0,0,29,0,3413,70,0,25,2,1,1,25,156.735,0
6,0,37,0,44,5,78,32,4,1,1,30,129.572,1
31,1,35,0,2875,48,31,42,2,1,1,45,0.0,1
3,0,40,0,13548,165,3,46,3,1,1,30,560.52,0
12,0,38,0,2383,49,32,30,4,1,2,45,140.8,1
17,1,33,0,1082,66,35,5,3,1,2,25,486.563,1
0,0,29,0,1363,13,0,3,3,1,1,30,55.04,0
2,0,35,1,2915,19,472,3,3,1,1,30,2005.36,0
11,0,37,1,15730,185,152,30,2,1,1,25,1400.175,0
5,0,43,0,260,10,15,6,2,1,2,25,79.65,1
2,0,43,0,0,51,29,7,4,1,1,30,150.187,1
0,0,35,0,7013,120,368,38,2,1,1,25,1976.985,0
1,1,42,0,1812,17,4,25,3,1,2,30,250.307,1
0,1,9,0,888,9,0,3,3,1,1,30,35.88,1
3,1,9,1,1487,19,0,7,3,1,1,30,60.24,1
21,1,35,0,3878,15,33,48,3,1,2,30,123.683,1
0,0,35,1,148,4,29,4,5,1,1,55,45.78,0
21,0,23,2,6653,151,100,48,2,2,1,25,756.18,0
7,0,10,1,975,39,1,21,2,1,2,55,62.009,1
0,0,3,0,0,14,18,28,3,1,2,25,305.25,1
0,0,34,0,455,2,0,5,2,1,2,25,20.565,0
0,0,38,0,470,9,0,13,2,1,2,25,21.555,0
16,1,40,0,3475,55,27,23,3,1,2,30,249.2,1
10,0,40,1,6898,83,119,42,2,1,1,25,849.645,0
6,0,38,0,2550,40,294,21,3,1,1,30,1279.6,0
0,0,40,0,193,7,11,7,2,1,2,25,58.5,0
0,0,35,0,1973,46,0,27,1,1,1,15,111.045,0
4,1,30,0,0,54,14,23,2,1,2,30,89.873,1
0,0,29,0,14920,166,128,22,2,1,1,25,1254.87,0
7,1,35,0,3138,5,9,48,3,1,2,25,472.236,1
16,1,7,0,0,18,32,17,2,1,2,25,221.529,1
0,0,36,0,133,2,0,2,3,1,2,30,5.4,1
2,0,4,0,1161,69,7,44,4,1,1,25,191.401,1
0,0,37,0,213,6,8,5,5,1,1,55,15.285,0
28,0,35,3,15445,225,53,33,3,1,1,30,838.8,0
2,0,39,1,518,12,15,7,5,1,1,55,30.45,0
12,0,30,0,906,45,63,14,2,1,1,25,95.078,1
0,0,36,0,215,7,0,3,2,1,2,25,9.99,0
29,1,42,0,2079,11,35,2,4,1,1,30,33.353,1
4,0,42,1,3050,31,491,12,3,1,1,30,2087.24,0
33,1,33,0,0,56,28,42,2,1,2,30,147.057,1
2,0,34,0,0,15,40,8,2,1,1,25,93.523,1
3,0,32,0,1678,41,26,36,2,1,2,30,196.957,1
2,0,8,1,1107,10,10,18,2,1,2,30,319.351,1
8,0,39,4,6965,122,279,34,3,2,1,30,1399.48,0
11,1,37,1,1475,10,47,6,5,1,2,25,580.738,1
12,0,35,1,6943,79,105,35,2,1,1,25,788.49,0
0,0,40,1,6195,86,187,25,3,1,1,30,999.24,0
17,0,5,4,1337,49,16,47,2,1,1,45,172.217,1
14,0,43,1,14258,183,18,51,3,1,1,30,649.64,0
30,0,40,4,15445,231,61,34,3,2,1,30,871.04,0
15,0,37,2,9360,124,146,43,3,1,1,30,963.36,0
15,0,39,1,2758,66,366,26,3,1,1,30,1576.96,0
14,0,44,3,11770,166,26,50,4,1,1,45,363.4,0
7,0,39,2,4138,94,41,34,3,1,1,30,333.28,0
13,0,32,0,0,47,34,33,4,1,1,25,83.199,1
17,0,18,6,3758,61,59,36,3,2,1,30,388.76,0
0,0,36,0,13278,162,0,39,3,1,1,30,537.6,0
12,0,41,2,14193,181,39,50,3,1,1,30,730.96,0
0,0,31,0,1668,19,0,5,3,1,1,30,67.48,0
1,0,8,0,2,6,12,46,3,1,2,30,63.539,1
20,0,34,2,4722,10,3,22,3,1,1,25,75.623,1
7,0,40,2,3225,30,17,20,3,1,1,30,198.2,0
1,1,3,0,2523,25,32,21,3,1,2,25,129.32,1
2,1,32,0,196,37,49,22,3,1,2,30,306.43,1
0,0,35,0,7393,122,386,44,2,1,1,25,2075.175,0
17,0,34,1,14775,216,42,28,2,1,1,25,863.595,0
12,0,26,2,2260,42,50,22,3,1,1,30,292.08,0
21,0,40,3,6183,107,38,28,3,1,1,30,403.6,0
13,0,17,0,8638,167,59,27,5,1,1,55,220.575,0
0,0,33,0,0,0,0,0,2,1,2,25,0.0,1
11,0,40,0,15665,190,161,35,2,1,1,25,1437.975,0
18,0,22,2,6392,147,93,43,2,2,1,25,712.755,0
30,0,33,4,16380,244,7,82,2,2,1,25,779.58,0
2,0,35,0,2180,31,274,13,3,1,1,30,1184.44,0
9,0,36,0,15370,176,118,26,2,1,1,25,1230.57,0
5,0,26,1,1720,41,194,9,2,2,1,25,952.245,0
0,0,35,0,0,0,0,0,2,1,2,25,0.0,0
14,0,38,0,15675,182,125,28,2,1,1,25,1276.065,0
13,1,11,0,468,7,37,39,2,1,1,45,4.506,1
3,0,31,0,1233,28,44,0,4,1,2,45,224.899,1
11,0,40,1,4485,76,3,16,3,1,1,30,194.44,0
6,0,36,0,2780,53,175,23,2,1,1,25,914.985,0
11,1,23,0,0,18,31,40,3,1,2,45,70.706,1
0,0,36,0,3473,79,0,28,2,1,1,25,159.84,0
6,0,3,0,3906,100,73,29,2,1,2,25,447.407,1
14,0,40,2,15905,194,189,36,3,1,1,30,1399.96,0
18,0,15,0,546,53,48,40,3,2,2,30,129.12,1
3,0,36,0,1858,26,9,9,3,1,1,30,111.36,0
3,0,39,1,0,4,35,15,3,1,2,45,139.66,1
24,0,3,1,13,51,41,30,2,1,1,30,116.978,1
5,0,38,0,1638,44,0,2,3,1,2,30,67.28,0
0,0,37,2,3082,11,14,27,4,1,1,30,554.674,1
5,0,23,0,920,26,12,11,2,1,1,25,96.57,0
34,1,4,0,571,22,12,5,2,1,2,25,353.966,1
3,0,3,2,0,16,1,1,3,1,1,30,76.743,1
15,1,30,0,1738,6,53,13,4,1,2,45,113.621,1
9,0,28,1,1873,45,37,70,5,1,1,55,84.27,0
7,0,38,0,3175,72,11,13,3,1,1,30,173.88,0
21,1,14,0,2361,17,18,7,3,1,1,25,488.202,1
9,0,28,1,1873,45,37,70,5,1,1,55,84.27,0
3,1,33,0,1178,16,16,4,4,1,1,25,119.519,1
0,0,28,0,2455,14,0,8,3,1,1,30,98.76,0
3,0,36,0,1874,62,23,48,2,1,1,30,16.186,1
2,0,33,0,0,51,47,5,2,1,2,25,102.418,1
12,0,33,0,2573,44,33,32,3,1,2,30,236.68,1
13,0,27,1,1340,37,17,12,2,1,1,25,138.465,0
3,1,3,0,3758,36,39,7,2,1,1,30,214.009,1
21,0,18,1,6583,141,60,40,1,2,1,15,699.82,0
4,0,38,0,5728,94,0,9,3,1,1,30,232.88,0
2,1,40,0,690,30,10,11,2,1,2,30,86.048,1
10,0,39,1,3070,50,293,18,3,1,1,30,1296.8,0
8,0,36,0,3660,77,34,29,2,1,1,25,321.165,0
9,0,44,1,2620,49,300,24,3,1,1,30,1306.76,0
16,1,42,2,0,49,46,9,3,1,1,30,119.891,1
0,1,34,0,490,33,6,18,2,1,2,25,123.12,1
4,0,36,0,3615,59,29,10,3,1,2,25,47.641,1
21,0,35,0,1265,41,32,15,3,1,2,30,180.24,0
1,0,35,1,743,9,5,1,5,1,1,55,18.78,0
19,1,9,0,450,22,82,20,3,1,2,25,130.681,1
15,1,3,0,1794,24,9,28,2,1,1,30,1.246,1
6,0,36,0,3470,76,25,26,2,1,1,25,272.07,0
1,0,16,0,0,21,14,25,3,1,2,30,301.266,1
3,0,36,0,5803,90,9,13,2,1,1,25,305.685,0
0,1,35,0,0,0,0,44,2,1,2,25,216.796,1
5,0,42,2,6500,92,194,27,3,1,1,30,1039.68,0
8,0,42,2,4103,90,19,34,3,1,1,30,243.72,0
11,0,45,2,2665,51,300,21,4,1,1,45,817.9,0
0,0,3,0,4005,32,198,4,3,1,1,30,953.48,0
0,0,3,0,1103,11,0,1,2,1,1,25,50.13,1
17,1,3,0,2993,35,41,7,4,1,2,25,540.033,1
7,0,3,2,4120,33,13,0,3,1,2,45,125.152,1
14,0,39,0,0,54,36,4,3,1,2,25,292.762,1
11,0,3,0,0,63,0,31,2,1,2,30,340.124,1
12,0,17,0,5793,131,64,27,1,2,1,15,677.82,0
7,0,10,1,4580,40,190,8,3,1,1,30,944.8,0
2,0,30,0,386,58,30,40,4,1,1,30,115.33,1
22,0,38,7,10140,89,7,29,5,1,1,55,163.935,0
2,0,33,0,7428,125,374,39,2,1,1,25,2022.885,0
5,0,34,1,305,6,7,2,5,1,1,55,15.165,0
3,0,29,0,69,100,17,33,2,2,1,25,200.238,1
9,1,7,1,1685,13,70,39,2,1,2,45,116.882,1
0,0,36,0,2615,18,3,16,3,1,1,30,117.32,0
5,0,34,2,3440,32,21,29,3,1,1,30,222.88,0
6,0,35,0,3355,70,0,22,2,1,1,25,154.125,0
21,0,38,2,0,100,34,35,3,1,2,25,405.755,1
5,0,38,1,3833,87,0,27,3,1,1,30,156.8,0
12,0,16,1,9048,177,105,44,5,1,1,55,295.875,0
13,0,32,0,0,7,14,5,4,1,2,25,95.242,1
25,0,38,3,15140,225,54,32,3,1,1,30,830.6,0
7,0,35,1,6725,90,183,24,3,1,1,30,1004.6,0
1,1,27,0,1842,7,12,33,2,1,2,45,348.913,1
2,1,15,0,6123,100,40,7,3,1,2,45,70.681,1
0,0,35,0,530,6,2,3,3,1,2,30,29.44,0
1,0,35,0,1475,43,29,17,3,1,2,30,176.72,0
17,0,40,0,0,42,8,1,3,1,2,30,143.607,1
14,0,8,0,1001,57,51,0,3,1,2,25,148.781,1
23,0,35,3,14960,217,43,27,3,1,1,30,779.08,0
11,0,36,4,7270,122,278,35,3,2,1,30,1407.68,0
0,0,34,0,955,33,13,20,3,1,2,30,91.52,0
9,0,40,1,2665,45,292,20,3,1,1,30,1276.4,0
15,0,40,3,6823,111,35,29,3,1,1,30,417.36,0
0,0,37,0,0,0,0,0,2,1,2,25,0.0,0
4,0,38,0,2360,39,285,18,3,1,1,30,1235.96,0
4,1,33,0,0,22,17,5,2,1,1,30,476.745,1
7,0,35,0,2338,55,361,25,2,1,1,25,1732.185,0
12,0,42,0,0,4,11,19,3,1,1,30,86.482,1
9,0,11,0,828,1,18,14,3,1,2,55,78.24,1
18,0,36,0,956,18,75,27,3,1,2,25,468.536,1
7,0,27,0,556,29,37,21,2,1,1,30,273.193,1
3,0,41,1,6455,90,194,30,3,1,1,30,1037.8,0
9,0,37,0,15485,182,150,30,2,1,1,25,1380.015,0
0,0,32,0,3353,73,0,24,2,1,1,25,154.17,0
0,0,23,0,2920,55,1,21,3,1,1,30,123.0,0
4,0,25,0,3415,62,17,26,3,1,1,30,207.08,0
3,1,16,0,450,42,42,25,3,1,2,25,63.442,1
10,0,38,1,2568,66,391,28,3,1,1,30,1669.36,0
9,0,30,0,71,13,15,4,3,1,2,25,148.209,1
10,0,3,0,138,18,17,3,2,1,2,30,65.31,1
7,0,42,1,3978,92,17,34,3,1,1,30,230.8,0
15,0,3,0,316,13,40,4,3,1,1,25,118.575,1
4,0,37,0,2980,21,451,4,3,1,1,30,1924.04,0
1,0,3,2,159,52,5,43,3,1,1,25,8.762,1
2,0,5,0,1408,17,0,3,3,1,1,30,57.0,1
3,1,12,0,0,54,3,15,2,1,2,30,41.355,1
12,0,42,2,3855,84,42,32,3,1,1,30,325.56,0
19,1,13,0,1679,0,23,42,3,1,2,25,108.732,1
2,0,5,1,49,86,41,12,3,1,1,30,123.46,1
7,0,37,1,2485,37,281,15,3,1,1,30,1224.88,0
10,0,33,3,1700,44,210,17,3,2,1,30,909.76,0
34,0,13,0,3875,16,33,8,4,1,2,30,105.835,1
13,1,38,0,0,27,16,21,3,1,2,25,172.263,1
0,0,26,0,635,9,12,1,4,1,2,45,46.1,0
2,0,35,0,2073,30,1,4,3,1,1,30,88.12,0
13,0,21,2,2710,43,43,16,3,1,1,30,282.12,0
2,1,10,1,1082,14,0,9,3,1,1,30,43.84,1
8,1,8,0,0,1,78,15,3,1,1,45,238.443,1
22,1,39,5,10020,137,172,60,3,1,1,30,1094.28,0
16,0,39,1,4908,77,9,35,1,1,1,15,323.675,0
12,1,14,1,899,24,37,3,2,1,2,25,182.413,1
0,0,33,0,1488,17,0,1,3,1,1,30,60.2,0
25,0,37,0,0,83,44,26,3,1,1,25,85.965,1
3,1,33,0,840,0,12,48,3,1,2,25,145.067,1
0,0,34,0,2285,46,159,18,2,1,1,25,820.395,0
13,0,37,2,5933,104,58,28,3,1,1,30,473.48,0
3,0,35,0,0,49,22,34,5,1,2,25,143.568,1
0,0,7,0,4330,37,210,8,3,1,1,30,1014.68,0
13,0,19,1,9013,173,83,44,5,1,1,55,262.29,0
6,0,34,1,6805,86,185,27,3,1,1,30,1015.64,0
5,1,33,0,0,53,5,0,3,1,2,45,192.05,1
18,0,34,7,10375,90,0,40,4,1,1,45,261.625,0
4,1,27,0,954,16,0,13,3,1,2,30,87.35,1
24,0,40,4,10130,138,159,45,3,1,1,30,1046.72,0
17,0,22,1,1271,26,35,48,4,1,2,45,0.0,1
10,0,35,1,4820,83,1,26,3,1,1,30,200.12,0
18,0,30,0,535,35,0,11,2,1,2,25,25.65,1
20,0,29,0,1605,41,38,24,3,1,2,30,217.84,0
20,0,46,2,4763,82,23,43,1,1,1,15,392.975,0
25,1,28,0,333,64,36,27,2,1,1,25,69.66,1
23,0,18,2,9947,188,88,42,5,1,1,55,284.025,0
0,0,39,0,318,5,7,4,2,1,2,25,46.035,0
28,0,30,0,2672,100,27,41,3,2,2,30,247.11,1
0,1,7,0,0,4,30,42,3,1,1,25,329.259,1
19,0,27,3,2130,48,47,30,2,1,1,25,309.51,0
20,0,35,0,0,5,1,10,3,1,2,25,70.652,1
10,0,29,2,0,30,9,10,2,1,2,25,289.505,1
27,1,31,0,1180,51,13,15,3,1,2,30,101.24,1
12,0,41,0,367,64,18,3,3,1,1,25,494.327,1
9,0,35,1,2748,64,373,37,2,1,1,25,1805.04,0
14,0,44,1,0,54,20,31,3,1,2,45,0.0,1
6,0,11,2,2852,39,23,18,3,1,1,30,207.64,0
12,0,44,2,6303,103,24,18,3,1,1,30,352.24,0
11,0,9,0,0,30,4,47,3,1,2,25,92.443,1
3,1,4,0,0,60,72,35,3,1,2,45,75.409,1
1,0,33,1,4464,67,70,6,5,1,2,30,95.069,1
12,0,40,2,4820,89,9,27,3,1,1,30,232.36,0
2,1,39,0,793,24,0,19,2,1,1,25,33.889,1
15,0,31,1,1485,42,34,19,2,1,1,25,221.715,0
0,0,37,0,0,0,0,0,2,1,2,25,0.0,0
34,0,33,1,0,59,8,26,3,1,2,30,987.255,1
10,0,3,0,1456,9,41,6,3,1,2,30,214.361,1
14,1,39,0,2428,54,7,15,3,1,2,30,127.28,0
1,0,37,0,1272,48,38,26,2,1,2,30,137.261,1
2,0,7,0,0,8,47,3,2,1,2,25,46.736,1
12,0,37,0,0,0,47,4,2,2,2,30,329.766,1
2,0,4,2,215,0,10,4,3,1,2,25,334.631,1
3,0,14,2,2547,39,24,17,3,1,1,30,199.44,0
24,0,27,2,15995,236,0,76,2,1,1,25,730.395,0
2,1,42,0,951,73,194,0,2,1,2,25,382.759,1
22,0,14,0,353,17,72,8,4,2,2,25,304.777,1
34,1,9,0,43,16,10,10,3,1,2,30,82.786,1
4,0,31,0,3470,70,17,25,2,1,1,25,235.8,0
26,0,39,10,10855,105,40,48,5,2,1,55,224.4,0
5,0,40,0,7688,135,395,48,2,1,1,25,2129.535,0
11,0,18,4,2913,48,36,21,3,1,1,30,262.44,0
18,0,26,0,2026,1,18,36,3,1,2,25,34.508,1
0,0,32,0,10980,140,0,40,3,1,1,30,444.8,0
2,0,34,1,6365,106,250,18,2,2,1,25,1416.195,0
2,0,21,0,1568,33,22,67,4,1,1,45,95.025,0
0,0,20,0,1010,24,178,8,2,2,1,25,847.53,0
12,0,35,2,758,53,9,26,4,1,2,25,63.76,1
3,0,28,0,3735,8,35,6,4,1,2,30,333.551,1
0,1,34,0,0,0,0,0,3,1,2,30,0.0,1
16,0,32,1,483,91,32,26,3,1,2,30,38.694,1
4,1,29,0,2499,19,0,29,2,1,2,25,266.789,1
14,0,44,1,765,13,35,7,2,2,2,30,39.722,1
21,1,36,0,585,22,58,0,3,1,1,45,233.645,1
9,0,16,0,3533,66,12,24,2,1,2,25,132.946,1
33,0,41,2,99,18,16,14,4,1,2,30,7.054,1
12,0,14,3,3078,49,28,17,3,1,1,30,237.08,0
9,0,23,1,2180,40,46,21,3,1,1,30,272.8,0
0,0,15,0,1275,14,0,8,2,1,1,25,58.005,0
6,0,3,0,326,14,0,11,2,1,1,25,28.007,1
19,0,40,3,7733,92,123,39,2,1,1,25,905.625,0
5,0,37,0,818,7,7,2,4,1,2,45,38.125,1
2,0,38,0,2170,38,276,15,3,1,1,30,1192.32,0
16,0,3,0,0,0,82,7,4,1,2,25,68.897,1
23,1,36,0,369,13,41,5,2,1,2,30,94.798,1
3,0,38,0,13173,159,0,29,3,1,1,30,533.28,0
0,0,25,0,1010,30,186,9,2,2,1,25,883.8,0
15,1,41,3,0,0,13,27,3,1,1,25,142.695,1
5,0,40,0,2065,35,271,5,3,1,1,30,1168.0,0
10,1,39,0,4265,20,13,0,3,1,2,25,379.124,1
11,0,37,3,12065,164,32,62,4,1,1,45,385.725,0
14,1,42,0,2528,54,49,37,4,1,2,45,187.05,1
36,0,41,5,16155,242,69,34,3,2,1,30,931.88,0
0,1,25,0,0,18,17,0,3,1,2,30,0.0,1
6,0,42,3,723,12,21,8,5,1,1,55,42.525,0
0,0,39,0,585,16,17,11,2,1,2,25,103.545,0
10,0,10,0,8932,165,65,39,4,1,1,45,389.925,0
4,0,9,1,4580,41,224,13,3,1,1,30,1080.84,0
10,1,27,0,2740,49,0,13,5,1,1,25,697.384,1
3,0,36,0,1043,57,21,7,4,1,2,25,235.291,1
9,1,36,0,3105,47,41,20,3,1,2,30,290.08,1
0,0,32,0,6015,72,168,19,3,1,1,30,915.48,0
1,1,32,2,26,17,9,26,4,1,2,30,342.283,1
28,0,34,0,0,3,69,37,3,1,2,25,261.873,1
3,0,36,0,187,58,64,8,2,1,2,45,330.74,1
7,0,23,0,1110,27,21,14,2,1,1,25,145.665,0
5,0,34,1,2438,54,7,29,1,1,1,15,175.56,0
4,0,35,0,15180,176,143,28,2,1,1,25,1334.52,0
0,0,35,0,6195,80,179,24,3,1,1,30,967.0,0
0,0,30,0,156,0,22,3,3,1,1,25,48.668,1
14,0,4,0,0,6,53,12,2,1,2,45,152.895,1
5,0,35,0,6490,93,7,9,5,1,1,55,109.245,0
28,1,31,2,1790,13,37,30,3,1,2,25,142.992,1
0,1,40,0,543,68,21,5,3,1,1,45,102.716,1
3,0,14,2,2547,39,24,17,3,1,1,30,199.44,0
0,0,28,0,2920,61,9,22,3,1,1,30,155.24,0
26,0,34,0,2108,16,56,9,2,2,1,30,320.069,1
30,1,37,1,3193,41,4,44,3,1,1,45,4.371,1
6,0,35,0,15425,179,145,28,2,1,1,25,1354.68,0
0,0,33,0,6353,66,96,33,2,1,1,25,720.855,0
13,0,40,1,4675,77,12,19,3,1,1,30,238.08,0
1,0,34,0,2840,22,0,14,3,1,1,30,114.48,0
22,0,30,0,704,16,9,19,2,1,1,45,437.288,1
6,1,11,2,1602,24,0,6,3,1,1,30,65.04,1
6,1,26,0,2391,100,18,26,2,1,1,30,162.692,1
0,0,24,0,520,4,14,1,4,1,2,45,48.1,0
11,0,35,0,0,55,13,19,2,1,1,30,36.209,1
7,0,41,1,11420,158,19,51,4,1,1,45,336.95,0
31,0,37,5,16460,246,17,86,2,1,1,25,828.27,0
15,0,24,0,58,51,7,21,4,1,2,30,62.118,1
13,0,32,0,0,0,15,2,2,1,1,25,131.526,1
0,0,21,0,1083,25,12,61,4,1,1,45,57.7,0
19,0,10,0,2690,6,8,10,2,1,2,45,417.513,1
19,1,29,1,0,2,35,2,3,1,2,30,214.791,1
6,0,39,0,2228,56,362,26,2,1,1,25,1731.78,0
3,1,34,2,632,6,14,1,3,1,1,25,63.584,1
1,0,39,0,268,67,36,43,4,1,2,55,13.207,1
9,0,14,1,5339,60,63,4,3,1,2,30,498.825,1
4,0,18,0,1885,27,37,17,2,1,1,25,252.54,0
10,0,25,0,1225,32,19,13,2,1,1,25,142.065,0
17,0,16,1,6797,146,86,40,1,2,1,15,854.865,0
10,1,3,0,663,13,28,28,3,1,2,25,131.23,1
3,0,37,0,1033,59,0,26,3,1,2,30,347.552,1
7,1,30,0,2990,35,1,15,2,1,2,25,140.625,1
3,0,4,0,0,15,2,36,2,1,1,55,0.0,1
12,0,39,1,15600,187,148,29,2,1,1,25,1376.415,0
16,1,40,0,260,100,33,8,2,1,2,25,142.703,1
22,0,6,0,773,62,9,38,2,1,1,25,0.0,1
0,0,37,0,1440,40,41,22,3,1,2,30,223.2,0
6,0,6,0,6123,5,37,0,3,1,2,30,422.469,1
6,0,9,0,5828,125,63,34,1,2,1,15,673.915,0
0,1,31,0,0,0,0,0,2,1,2,25,0.0,1
0,1,32,0,0,0,0,0,3,1,2,30,0.0,1
0,0,21,0,930,28,176,5,2,2,1,25,835.11,0
9,0,3,0,0,0,52,43,3,1,2,25,360.727,1
20,0,39,0,2385,65,38,18,4,1,1,30,176.771,1
7,0,38,1,4515,83,2,25,3,1,1,30,191.92,0
17,0,25,0,1277,59,2,4,2,1,2,30,131.985,1
2,0,36,0,6008,64,83,37,2,1,1,25,646.74,0
6,0,14,0,8222,160,48,40,4,1,1,45,329.55,0
15,0,40,1,4503,72,8,37,1,1,1,15,295.625,0
12,0,39,2,2683,42,15,8,4,1,1,45,105.625,0
2,0,35,0,3603,76,0,24,2,1,1,25,165.555,0
1,0,36,0,1668,25,0,6,3,1,1,30,67.72,0
9,1,39,0,905,16,28,17,2,1,2,25,167.445,1
0,0,41,0,93,1,10,6,2,1,2,25,49.23,0
11,1,38,0,3170,49,20,21,3,1,2,30,208.76,1
4,0,18,3,2628,41,34,21,3,1,1,30,242.76,0
4,0,18,0,1940,34,11,44,2,1,1,25,28.075,1
15,0,29,0,686,5,40,18,2,1,2,45,351.543,1
22,0,41,3,4790,99,47,30,3,1,1,30,383.56,0
0,1,22,0,3400,16,41,6,2,1,2,30,0.0,1
0,0,37,0,0,0,9,0,2,1,2,25,40.5,0
12,0,14,0,8818,165,41,36,4,1,1,45,327.075,0
2,1,33,2,0,21,39,36,2,1,2,30,335.094,1
2,0,24,0,876,65,42,5,4,1,2,30,277.805,1
0,0,24,0,3035,61,33,25,3,1,1,30,255.84,0
15,0,39,1,5998,106,37,29,2,1,1,25,441.18,0
0,0,30,0,780,14,29,7,4,1,2,45,92.35,0
11,0,40,2,3590,34,499,13,3,1,1,30,2140.96,0
0,0,33,0,1248,13,0,3,3,1,1,30,50.44,0
5,0,28,0,1130,16,28,5,4,1,2,45,98.65,0
0,0,33,0,710,8,5,7,2,1,2,25,54.81,0
9,0,36,1,7123,80,109,35,2,1,1,25,814.635,0
8,0,20,3,2808,49,39,23,3,1,1,30,270.28,0
5,0,18,4,0,19,204,47,4,1,1,45,205.232,1
13,0,3,0,330,13,14,0,2,1,2,25,58.345,1
0,0,21,0,825,4,13,2,4,1,2,45,53.225,0
29,1,25,0,672,49,4,9,2,1,1,30,420.024,1
2,0,41,0,628,13,17,5,4,1,2,45,58.525,1
18,0,31,1,14835,213,39,29,2,1,1,25,852.66,0
0,0,30,0,2530,11,461,7,3,1,1,30,1945.64,0
5,0,37,0,3065,71,7,28,3,1,1,30,153.44,0
0,1,24,0,765,7,16,1,4,1,2,45,59.3,1
3,0,30,0,455,40,16,6,2,1,1,25,359.351,1
0,0,38,0,0,0,0,0,2,1,2,25,0.0,0
3,0,36,0,467,0,30,43,3,1,2,30,0.0,1
25,0,27,0,172,3,12,25,3,1,2,45,115.649,1
10,0,36,2,3380,63,196,38,2,1,1,25,1036.935,0
5,0,27,0,1015,10,7,2,4,1,2,45,43.125,0
1,1,3,0,0,1,12,12,2,1,1,30,142.107,1
12,1,37,0,829,26,20,8,2,1,1,30,95.367,1
17,0,44,3,4160,90,49,34,3,1,1,30,366.0,0
4,1,27,0,1982,20,59,33,3,1,2,30,240.406,1
3,0,35,0,6413,69,101,35,2,1,1,25,746.19,0
0,0,33,0,0,0,0,0,4,1,1,45,0.0,0
7,0,38,0,2485,49,161,10,2,1,1,25,838.53,0
6,0,35,0,4190,63,0,12,3,1,1,30,170.12,0
2,0,35,0,11160,148,4,45,3,1,1,30,468.32,0
13,0,40,3,7138,87,147,43,3,1,1,30,877.0,0
0,0,13,0,1695,20,20,13,2,1,1,25,167.175,0
3,0,38,1,688,10,14,6,4,1,1,45,52.45,1
5,0,40,0,825,19,11,7,3,1,2,30,77.76,0
2,0,13,0,406,91,13,8,2,1,2,25,0.357,1
0,1,34,0,0,0,0,0,3,1,2,30,0.0,1
5,0,35,0,305,6,7,2,2,1,2,25,45.495,1
8,0,38,2,6833,81,140,41,2,1,1,25,941.13,0
9,1,39,0,2945,45,17,20,3,1,2,30,187.6,1
18,0,37,7,10310,95,5,45,4,2,1,45,272.625,0
5,0,33,0,3871,17,14,6,3,1,1,25,79.119,1
15,0,38,0,3813,19,14,8,3,1,2,25,76.925,1
6,0,16,3,2662,44,22,16,3,1,1,30,196.24,0
4,0,42,0,522,53,31,23,2,1,1,25,51.275,1
3,0,39,0,3074,11,54,11,3,1,2,25,31.411,1
14,0,37,0,0,0,11,23,5,1,2,30,95.041,1
9,1,30,0,0,20,41,12,3,1,2,30,209.149,1
7,0,29,1,0,54,33,4,3,1,2,30,267.197,1
1,0,12,0,890,16,35,16,4,1,1,25,371.7,1
2,0,37,1,4325,83,27,27,3,1,1,30,284.32,0
6,0,32,0,1210,18,38,9,4,1,2,45,125.7,0
0,0,32,0,0,0,0,0,2,1,2,25,0.0,1
19,0,30,1,0,67,21,34,2,2,2,30,45.835,1
5,0,39,0,305,6,7,2,2,1,2,25,45.495,1
27,0,42,10,10820,101,18,48,5,1,1,55,190.815,0
26,1,41,0,0,67,14,30,3,1,2,30,245.329,1
2,1,7,2,1783,23,14,20,3,1,1,30,128.24,1
12,0,37,1,3050,44,14,18,3,1,1,30,179.76,1
28,0,33,4,16190,243,0,79,2,2,1,25,739.485,0
7,0,27,1,3530,67,15,25,3,1,1,30,203.88,0
16,0,16,1,1182,52,18,36,3,1,2,30,0.0,1
4,1,38,0,618,13,30,10,2,1,1,25,104.084,1
0,0,31,0,6670,92,16,23,4,1,1,45,209.05,0
8,0,40,3,3671,16,72,21,4,1,1,45,47.628,1
9,0,26,4,182,23,24,9,2,1,2,30,490.26,1
1,0,27,0,2517,9,4,33,2,1,2,25,142.217,1
9,0,40,0,1205,21,29,13,3,1,2,30,165.04,0
28,0,37,4,15265,223,50,29,3,2,1,30,819.52,0
23,0,35,3,218,52,33,5,3,1,1,45,147.047,1
8,0,35,2,7090,103,21,24,5,1,1,55,139.395,0
0,0,31,0,4210,71,0,22,3,1,1,30,171.24,0
23,0,8,0,545,5,0,0,3,1,2,45,0.0,1
10,0,35,0,14078,169,0,45,3,1,1,30,569.88,0
0,1,36,0,628,7,9,4,4,1,2,45,38.375,1
0,0,6,0,0,0,0,0,2,1,2,25,275.538,1
27,0,20,3,7407,158,100,44,2,2,1,25,790.425,0
1,1,31,0,0,41,23,9,3,1,2,25,37.622,1
24,1,33,0,0,0,22,20,2,1,1,25,139.823,1
3,0,24,1,1863,43,44,81,4,1,1,45,157.65,0
1,0,34,0,3054,63,17,44,3,1,2,30,134.025,1
3,0,41,0,7463,131,392,47,2,1,1,25,2105.73,0
16,0,34,7,10130,87,0,40,4,1,1,45,255.425,0
1,1,29,4,458,18,42,14,3,1,2,45,15.285,1
12,0,40,5,7350,124,288,39,3,2,1,30,1450.96,0
2,0,9,1,4390,40,215,10,3,1,1,30,1037.2,0
13,0,36,1,9000,115,112,39,3,1,1,30,812.6,0
0,0,27,0,3000,57,11,25,3,1,1,30,166.28,0
3,1,34,0,960,52,0,16,2,1,1,25,235.472,1
0,0,36,1,6310,86,211,28,3,1,1,30,1099.84,0
6,1,36,0,2123,49,10,18,3,1,2,30,126.88,0
30,0,33,4,16380,244,7,82,2,2,1,25,779.58,0
11,0,40,1,4430,74,10,19,3,1,1,30,220.16,0
8,0,41,1,6673,79,116,41,2,1,1,25,825.84,0
2,1,34,0,1011,21,8,29,3,1,2,25,154.016,1
3,0,39,0,1620,48,46,24,3,1,2,30,250.72,0
15,1,27,0,0,32,1,48,2,2,1,45,109.35,1
11,0,36,0,2858,65,360,22,2,1,1,25,1751.535,0
0,0,24,0,1263,33,23,66,4,1,1,45,89.9,0
13,0,39,1,2513,63,364,26,3,1,1,30,1559.04,0
0,0,24,0,0,0,0,0,2,1,2,25,0.0,0
12,0,3,0,4979,25,36,25,4,1,1,30,65.13,1
5,0,32,0,2700,51,165,19,2,1,1,25,866.295,0
0,0,30,0,11160,142,0,44,3,1,1,30,452.08,0
16,1,37,0,3485,48,25,21,3,1,2,30,241.32,1
15,1,40,1,139,0,8,33,2,1,2,30,79.407,1
3,0,38,0,0,19,11,37,3,1,2,45,87.106,1
34,0,30,0,1033,26,0,0,3,1,1,55,74.642,1
0,0,33,0,0,0,0,0,3,1,2,30,0.0,1
19,1,30,0,2407,8,0,32,4,1,2,25,109.419,1
8,0,30,2,1190,19,33,7,4,1,1,45,112.725,0
1,0,25,0,1200,31,195,12,2,2,1,25,932.895,0
7,0,41,0,3893,66,2,34,1,1,1,15,228.745,0
11,0,40,0,1615,30,41,25,3,1,2,30,229.8,0
4,0,29,2,6965,110,263,32,2,2,1,25,1501.875,0
7,1,13,1,0,35,11,23,2,1,2,30,270.763,1
9,1,3,0,201,0,11,28,2,1,1,30,241.936,1
21,0,20,3,6813,153,124,48,2,2,1,25,871.47,0
3,0,40,1,4290,79,5,27,3,1,1,30,194.76,0
0,0,32,0,841,18,9,40,2,1,1,25,118.084,1
5,0,36,0,3893,60,0,33,1,1,1,15,217.415,0
6,0,33,0,11385,152,1,43,3,1,1,30,465.48,0
10,0,37,0,2453,60,359,24,3,1,1,30,1536.52,0
2,1,36,0,2007,32,42,27,3,1,1,25,224.295,1
32,1,39,0,0,4,55,8,2,1,1,30,390.668,1
23,0,19,2,6887,148,101,47,2,2,1,25,771.075,0
0,0,9,1,4145,37,213,10,3,1,1,30,1019.28,0
5,0,32,1,305,6,7,2,5,1,1,55,15.165,1
7,1,9,3,2088,29,21,22,3,1,1,30,168.68,1
18,1,3,0,1699,0,0,3,2,2,2,45,443.438,1
11,0,38,1,3085,59,182,25,2,1,1,25,960.48,0
19,0,46,0,2803,70,30,25,4,1,2,45,146.825,0
5,0,17,1,1820,24,24,11,3,1,1,30,169.76,0
4,0,39,0,4390,85,6,28,3,1,1,30,203.0,0
34,0,43,0,2483,50,25,0,2,1,2,25,99.871,1
0,0,35,0,6195,80,179,24,3,1,1,30,967.0,0
5,0,32,0,305,6,7,2,4,1,2,45,25.275,1
7,0,39,0,1667,57,11,36,2,1,2,45,82.797,1
26,1,23,0,0,65,16,15,3,1,2,30,126.647,1
11,0,39,2,6778,78,113,39,2,1,1,25,817.02,0
14,0,34,2,2133,55,52,76,5,1,1,55,110.82,0
13,0,24,1,1350,30,15,10,2,1,1,25,129.6,0
0,1,26,0,0,2,24,0,2,1,2,45,117.336,1
21,1,33,0,710,44,14,17,2,1,1,25,96.93,1
3,0,33,0,438,2,0,3,3,1,2,30,17.6,1
14,0,14,0,593,56,52,31,4,1,1,25,142.59,1
9,1,30,0,12,0,33,48,2,1,1,30,131.787,1
1,0,37,1,6255,83,184,26,3,1,1,30,989.52,0
0,0,33,0,0,24,26,6,3,1,1,25,241.235,1
14,0,31,0,3491,10,26,43,2,1,2,25,192.0,1
6,0,40,0,15180,182,151,29,2,1,1,25,1370.79,0
4,0,28,2,11,62,17,6,2,1,1,25,234.13,1
4,0,40,0,4145,67,8,19,2,1,1,25,225.54,0
22,1,40,0,3662,12,33,41,3,1,1,25,329.11,1
7,0,11,2,4695,46,222,12,3,1,1,30,1077.64,0
7,0,38,1,4023,88,9,30,3,1,1,30,200.44,0
11,0,27,0,700,25,10,7,2,1,2,25,77.625,0
0,1,35,0,295,4,14,13,2,1,2,25,76.455,1
21,0,11,0,31,19,7,20,3,1,2,30,89.572,1
19,0,19,5,3867,62,46,21,3,1,1,30,341.16,0
13,0,41,1,3265,67,193,30,2,1,1,25,1018.44,0
0,0,33,0,0,0,0,0,2,1,2,25,0.0,0
20,0,38,0,0,45,5,48,3,1,1,30,304.606,1
0,0,32,2,6470,109,255,28,2,2,1,25,1443.555,0
0,0,35,0,1345,22,253,16,3,1,1,30,1066.68,0
0,0,24,0,520,4,14,1,4,1,2,45,48.1,0
19,0,39,0,0,53,31,5,3,1,2,45,59.265,1
14,0,29,0,7,76,10,5,2,1,2,30,291.376,1
9,0,20,1,2190,33,44,19,3,1,1,30,264.92,0
21,1,8,1,197,22,73,24,3,1,1,30,136.569,1
18,1,30,0,6123,2,8,18,2,1,1,25,119.039,1
19,0,41,2,5385,88,37,19,3,1,1,30,366.92,0
9,1,26,0,980,56,37,4,3,1,1,30,296.169,1
13,0,41,2,9070,125,152,47,3,1,1,30,975.8,0
4,1,36,2,0,64,9,3,3,1,2,25,35.388,1
0,0,27,0,715,26,172,1,2,2,1,25,807.345,0
0,0,35,0,0,0,25,0,3,1,2,30,100.0,1
4,0,41,0,1074,65,81,11,4,1,2,25,54.451,1
17,1,37,0,0,15,4,48,4,1,2,30,219.743,1
2,0,15,2,2142,34,6,19,3,1,1,30,111.04,0
0,0,37,2,453,10,36,6,5,1,1,55,60.945,0
14,0,18,0,9113,179,84,45,4,1,1,45,442.3,0
2,0,35,0,0,48,0,22,2,1,2,25,224.507,1
7,0,34,0,4290,69,0,13,2,1,1,25,196.155,0
11,1,44,1,1566,8,50,46,4,2,1,25,221.989,1
7,0,12,3,4810,52,254,16,3,1,1,30,1210.48,0
4,1,6,2,0,41,204,36,2,1,1,25,211.763,1
12,0,34,5,9530,77,0,25,4,1,1,45,240.175,0
8,0,38,0,7698,127,359,41,2,1,1,25,1967.625,0
0,0,34,0,0,0,0,0,2,1,2,25,0.0,1
25,0,39,0,307,4,33,48,3,1,1,25,212.422,1
17,0,37,4,9715,131,165,58,3,2,1,30,1053.84,0
1,0,15,2,611,61,7,23,2,1,1,45,207.91,1
13,1,36,0,436,38,30,20,3,1,2,30,51.789,1
9,0,41,1,4695,91,13,30,3,1,1,30,243.44,0
22,0,29,0,875,45,6,13,2,1,2,25,68.4,1
3,0,13,1,2433,33,0,13,3,1,1,30,98.64,0
14,0,46,2,2925,55,307,26,4,1,1,45,842.0,0
2,0,40,0,1055,22,11,16,2,1,2,25,97.965,0
0,0,26,0,605,25,168,11,2,2,1,25,784.35,0
3,0,38,0,2393,58,2,33,1,1,1,15,145.805,0
0,0,30,0,3458,72,0,22,2,1,1,25,158.85,0
1,0,30,1,6605,89,3,17,5,1,1,55,104.91,0
4,0,26,0,1200,30,161,7,2,2,1,25,779.85,0
13,0,19,5,3273,57,70,25,4,1,1,45,258.25,0
0,0,43,0,273,9,15,8,2,1,2,25,80.19,0
2,1,23,0,0,0,6,12,4,1,1,30,99.586,1
6,0,38,0,4125,68,3,17,2,1,1,25,202.185,0
1,0,36,0,4603,28,8,23,4,1,2,30,0.0,1
19,0,16,2,6518,139,81,39,2,2,1,25,664.065,0
0,1,31,0,522,25,14,3,3,1,2,30,102.839,1
13,0,15,0,6277,136,87,43,1,2,1,15,831.215,0
18,1,3,0,1202,0,38,44,3,1,2,25,110.939,1
18,0,24,5,3418,61,53,27,4,2,1,45,219.475,0
11,0,32,1,4034,6,5,0,4,1,2,30,156.365,1
0,0,20,0,0,0,6,0,4,1,2,45,15.0,0
13,1,35,0,3590,51,30,31,3,1,2,30,265.64,1
23,0,31,3,15885,237,0,77,2,1,1,25,725.49,0
2,0,37,1,2586,26,0,43,2,1,2,45,44.709,1
2,0,25,0,3225,61,8,23,3,1,1,30,163.44,0
0,0,34,0,695,6,0,6,2,1,2,25,31.545,0
0,0,32,0,0,52,11,26,3,1,2,30,82.505,1
0,0,34,2,633,8,18,15,5,1,1,55,36.615,0
12,0,26,0,1105,30,11,5,2,1,2,25,100.575,0
3,0,3,0,0,37,16,22,2,2,2,25,154.605,1
2,0,38,0,710,14,13,8,3,1,2,30,80.96,0
2,1,39,1,0,67,8,45,4,1,2,30,253.43,1
28,1,36,0,1375,59,55,23,3,1,2,30,277.36,1
0,0,33,0,0,0,0,0,2,1,2,25,0.0,0
34,0,28,1,404,47,46,4,2,1,1,30,37.693,1
18,1,4,0,403,34,13,47,3,1,2,45,53.188,1
18,0,31,0,650,41,9,15,2,1,2,25,71.595,1
3,0,41,1,378,8,12,6,3,1,1,30,63.44,0
4,0,26,0,1425,20,42,18,4,1,2,45,141.125,0
2,1,40,0,2447,20,2,2,4,2,2,25,0.0,1
15,0,44,1,4458,76,16,41,1,1,1,15,337.37,0
10,0,35,0,3258,48,4,48,2,1,1,25,146.636,1
13,0,3,0,6123,57,74,34,2,1,1,30,84.943,1
1,0,37,0,5728,95,32,14,3,1,1,30,360.92,0
9,1,14,3,888,66,40,38,3,1,2,25,127.636,1
21,1,29,1,906,66,11,0,3,1,2,30,125.511,1
2,0,35,2,6795,90,200,39,3,1,1,30,1075.4,0
11,0,42,0,1333,22,22,6,3,1,2,30,142.2,0
6,0,39,0,1963,44,35,30,3,1,2,30,220.28,1
2,1,33,0,324,58,55,47,2,1,1,25,164.663,1
34,0,9,0,505,38,25,8,2,1,2,30,122.862,1
0,0,14,0,1948,29,3,2,3,1,1,30,91.08,0
4,0,32,2,556,43,72,29,4,1,2,55,151.609,1
3,0,39,1,2840,28,8,15,3,1,1,30,146.72,0
0,0,35,0,4903,78,0,10,2,1,1,25,224.145,0
6,0,25,0,625,22,0,2,2,1,1,25,29.115,0
10,0,31,0,6044,74,29,25,2,1,2,30,503.311,1
0,0,31,0,490,6,0,5,2,1,2,25,22.32,0
10,1,40,0,2348,46,44,35,3,1,2,30,271.76,1
4,0,41,0,59,16,33,3,2,1,1,30,119.639,1
21,1,37,0,2407,2,75,2,2,1,1,30,283.359,1
0,1,6,0,1068,7,0,1,2,1,1,25,48.375,1
14,0,37,1,685,0,7,24,3,1,2,45,54.347,1
1,0,34,0,2840,22,0,14,3,1,1,30,114.48,0
0,0,38,0,465,11,11,8,2,1,1,25,70.92,0
1,0,34,0,2475,47,168,21,2,1,1,25,869.49,0
2,0,35,2,528,33,6,48,3,2,2,45,462.366,1
16,0,35,3,0,14,28,3,2,1,2,25,494.22,1
12,0,31,0,780,27,20,11,3,1,2,30,112.28,0
4,0,23,1,1695,32,36,15,3,1,1,30,213.08,0
14,0,37,2,3053,70,380,39,3,1,1,30,1644.92,0
0,0,34,0,2240,12,0,4,3,1,1,30,90.08,0
1,1,11,0,0,95,35,45,3,1,1,30,244.252,1
1,1,3,0,1637,39,17,10,2,2,2,25,426.762,1
3,0,38,0,3123,11,70,32,3,1,2,30,214.986,1
9,0,33,1,15530,178,142,26,2,1,1,25,1345.86,0
0,0,26,0,0,0,0,0,4,1,2,45,0.0,0
3,0,38,0,2393,58,2,33,1,1,1,15,145.805,0
8,0,39,0,3650,84,36,31,2,1,1,25,330.03,0
22,1,40,0,0,37,19,3,2,1,1,30,114.341,1
8,0,41,2,0,13,9,41,2,1,2,30,140.542,1
12,0,40,1,2298,57,13,19,3,1,1,30,146.2,0
6,0,25,0,395,19,3,5,2,1,2,25,32.13,0
3,0,44,0,0,0,30,28,3,1,2,45,323.414,1
2,1,29,0,368,50,7,28,2,1,2,30,61.33,1
10,0,36,2,4070,86,46,41,3,1,1,30,350.24,0
2,0,41,0,133,8,8,3,3,1,2,30,37.64,1
3,0,15,3,2663,45,56,21,3,1,1,30,332.32,0
0,0,42,0,5439,62,61,6,2,1,1,30,0.0,1
13,1,39,0,0,16,52,18,2,1,1,30,60.946,1
1,1,40,0,708,9,19,8,4,1,2,45,65.425,1
0,0,36,0,405,8,6,6,2,1,2,25,45.585,0
10,0,32,3,7190,120,268,31,3,2,1,30,1364.4,0
0,0,10,0,4245,50,6,21,4,1,2,25,110.68,1
8,1,28,0,1856,3,19,1,3,1,2,30,119.053,1
20,0,33,2,1790,48,41,21,2,1,1,25,267.21,0
8,0,38,2,2960,49,306,33,3,1,1,30,1344.36,0
7,0,24,1,1955,36,43,20,3,1,1,30,251.64,0
3,0,31,0,3893,54,0,32,1,1,1,15,217.085,0
25,0,38,3,15140,225,54,32,3,1,1,30,830.6,0
0,0,33,0,1360,38,31,18,3,1,2,30,179.92,0
4,0,27,0,2688,45,30,48,2,1,2,25,547.213,1
3,0,39,2,763,0,15,10,2,1,1,25,82.341,1
10,0,29,0,3457,100,47,26,3,1,2,45,100.191,1
2,0,34,0,895,65,4,27,3,1,2,30,12.611,1
0,0,39,0,447,14,40,21,3,1,2,30,134.276,1
3,1,11,2,534,20,5,24,3,1,1,25,263.121,1
14,0,39,1,15790,188,157,32,2,1,1,25,1425.51,0
0,1,38,0,403,3,12,6,4,1,2,45,40.15,1
0,0,29,0,161,25,33,35,2,1,2,25,164.812,1
0,0,16,0,1635,23,23,12,2,1,1,25,178.11,0
34,1,5,0,145,16,38,30,2,1,1,30,116.478,1
3,0,22,0,1488,37,20,64,4,1,1,45,88.125,0
11,0,41,1,2533,62,369,28,3,1,1,30,1579.8,0
6,1,32,0,208,19,14,3,4,2,2,30,93.726,1
6,1,12,0,1820,7,15,3,2,1,2,25,450.421,1
23,0,27,2,0,61,17,9,2,1,2,30,102.394,1
7,1,7,0,0,61,27,43,3,1,1,25,340.546,1
3,1,29,1,398,19,41,17,2,1,2,25,158.77,1
2,1,34,0,0,14,13,3,3,1,2,25,134.642,1
23,0,25,0,1176,35,34,4,3,1,2,30,39.94,1
5,0,38,1,3778,85,7,30,3,1,1,30,182.52,0
0,0,34,0,7088,115,345,37,2,1,1,25,1876.635,0
2,0,21,0,0,5,24,9,3,1,2,25,329.693,1
1,0,39,0,2235,41,289,21,3,1,1,30,1247.04,0
15,0,31,1,2606,50,204,17,5,1,2,30,87.426,1
5,0,39,0,305,6,7,2,2,1,2,25,45.495,1
10,0,40,1,13888,174,0,43,3,1,1,30,562.48,0
0,0,24,0,520,4,14,1,4,1,2,45,48.1,0
3,0,34,0,3015,25,473,4,3,1,1,30,2013.6,0
14,0,40,3,7515,103,201,28,3,1,1,30,1108.72,0
2,0,17,0,1580,20,0,10,2,1,1,25,72.0,0
4,0,3,0,84,50,24,43,2,1,2,30,535.982,1
11,0,10,1,756,65,39,5,3,1,2,30,127.228,1
2,0,39,0,1844,34,8,35,3,1,1,30,20.999,1
21,0,3,1,2050,65,22,10,3,1,2,30,103.139,1
16,0,13,1,9158,175,70,38,5,1,1,55,244.995,0
2,1,39,0,0,0,39,30,2,2,2,25,65.612,1
13,0,37,2,9115,121,144,43,3,1,1,30,945.44,0
31,0,44,10,11000,109,23,50,5,1,1,55,201.135,0
11,1,26,1,2376,0,14,10,3,1,2,30,143.623,1
4,0,38,0,0,24,20,7,2,1,2,30,195.984,1
14,0,9,0,0,62,24,22,3,1,2,45,14.288,1
4,0,16,1,2253,35,10,4,3,1,1,30,131.52,0
3,0,37,1,6500,86,186,26,3,1,1,30,1007.44,0
5,0,36,0,305,6,7,2,3,1,2,30,40.44,1
0,0,12,1,1182,19,1,6,3,1,1,30,52.04,1
13,1,44,0,1946,15,69,34,2,1,2,25,129.957,1
1,0,24,0,1508,36,25,66,4,1,1,45,101.1,0
3,0,23,0,730,25,3,8,2,1,1,25,47.475,0
4,0,40,0,0,4,13,27,3,1,2,30,325.848,1
26,1,35,0,1070,52,14,16,3,1,2,30,100.88,1
3,1,34,0,1482,51,33,48,3,1,1,30,108.855,1
18,0,43,3,9375,131,159,49,3,1,1,30,1016.24,0
2,0,15,0,432,18,24,6,4,1,1,30,468.937,1
5,0,34,0,305,6,7,2,3,1,2,30,40.44,1
7,0,37,0,3908,82,7,26,2,1,1,25,211.05,0
3,0,10,3,1372,35,11,4,3,1,2,30,88.437,1
3,0,34,0,2280,37,275,14,3,1,1,30,1192.68,0
4,0,27,1,1315,36,193,11,2,2,1,25,929.295,0
17,1,3,0,0,48,5,46,5,1,1,25,87.103,1
4,0,25,1,1869,18,0,35,2,1,2,25,89.542,1
33,1,28,0,2502,43,26,36,4,1,2,25,236.708,1
19,0,30,2,15365,227,0,80,2,1,1,25,701.64,0
15,0,25,3,2064,5,0,0,3,1,2,30,154.744,1
3,0,41,0,5613,95,8,11,3,1,1,30,260.32,0
11,0,43,1,2845,53,303,25,3,1,1,30,1327.92,0
7,0,24,0,0,0,0,15,2,1,2,25,94.831,1
10,0,29,0,0,0,52,17,2,1,2,45,145.222,1
16,0,29,0,1005,31,17,9,3,1,2,30,109.44,0
18,1,24,0,0,54,0,7,2,2,2,30,57.286,1
0,0,17,0,985,15,3,14,2,1,1,25,58.5,0
1,0,3,0,2856,14,7,46,2,1,2,25,246.085,1
0,0,12,1,390,7,12,3,4,2,1,30,237.332,1
20,0,3,0,0,53,16,4,2,1,2,45,0.0,1
9,0,39,3,7170,105,31,28,5,1,1,55,155.625,0
0,0,42,2,87,70,27,1,2,1,2,25,102.035,1
7,0,37,0,4400,77,0,21,3,1,1,30,179.08,0
27,1,41,0,4984,2,28,39,2,1,1,30,65.296,1
12,0,39,0,13963,169,7,42,3,1,1,30,593.28,0
14,0,30,0,151,62,53,48,3,1,2,30,612.329,1
8,0,40,1,2698,64,9,35,2,1,1,25,164.79,0
4,0,43,0,710,20,21,9,3,1,2,30,113.2,0
1,0,32,0,3638,80,0,24,2,1,1,25,167.31,0
6,0,34,3,6965,116,271,33,2,2,1,25,1538.145,0
5,1,42,1,0,95,24,16,2,1,2,25,131.524,1
0,1,34,0,1261,18,37,48,2,1,1,30,506.757,1
17,0,39,1,2948,67,375,29,3,1,1,30,1620.6,0
13,0,44,3,627,73,30,10,2,1,2,30,24.04,1
11,0,41,3,6865,95,198,30,3,1,1,30,1070.4,0
0,0,20,0,3225,55,0,22,3,1,1,30,131.2,0
3,0,37,3,6660,116,272,32,2,2,1,25,1528.92,0
2,1,36,0,0,68,45,7,2,1,2,30,291.206,1
1,1,33,1,753,3,21,3,3,1,2,30,0.0,1
8,0,44,0,1095,22,30,14,3,1,2,30,164.68,0
2,1,3,0,0,12,0,31,3,1,2,25,0.0,1
31,0,3,0,30,0,78,41,3,1,2,30,383.989,1
2,0,27,1,2031,67,0,39,3,2,2,25,18.612,1
13,0,40,1,4258,69,6,37,1,1,1,15,270.985,0
7,0,40,0,2148,60,360,23,3,1,1,30,1528.32,0
14,0,39,2,11960,161,27,52,4,1,1,45,370.525,0
4,0,31,0,3145,22,0,15,3,1,1,30,126.68,0
1,0,3,0,2363,6,12,37,2,1,1,30,67.356,1
4,0,7,0,0,50,16,48,2,1,2,45,97.265,1
19,0,33,0,0,19,11,48,2,1,1,25,244.177,1
10,1,26,0,203,15,9,16,2,1,2,30,268.25,1
0,0,7,0,992,12,0,2,2,1,1,25,45.18,1
34,0,3,1,2228,9,15,0,3,1,2,45,63.66,1
10,0,40,1,2888,65,18,38,2,1,1,25,213.885,0
2,0,26,1,3340,67,40,27,3,1,1,30,296.28,0
4,0,29,0,1297,100,45,9,4,1,2,30,62.947,1
12,0,38,1,11655,154,7,45,3,1,1,30,500.36,0
0,0,36,0,628,7,9,4,4,1,2,45,38.375,1
23,0,31,1,536,50,38,1,3,1,1,30,67.225,1
1,0,36,0,3875,64,0,12,2,1,1,25,177.255,0
12,0,46,0,1275,30,35,16,3,1,2,30,192.2,0
7,0,35,0,218,2,57,48,2,1,1,25,325.676,1
15,1,30,1,385,60,72,45,4,1,2,25,45.02,1
4,0,36,0,3280,75,16,23,2,1,1,25,222.975,0
0,0,31,0,7248,117,369,37,2,1,1,25,1991.925,0
6,1,36,0,2865,43,13,19,2,1,2,25,189.36,1
6,0,38,0,4180,70,0,14,3,1,1,30,170.0,0
0,0,31,0,0,0,0,0,2,1,2,25,0.0,1
17,0,25,0,0,5,64,10,2,1,2,25,516.665,1
34,1,34,0,2658,7,81,31,3,1,2,25,348.971,1
5,0,40,0,420,12,39,6,3,1,2,30,173.28,1
11,0,27,0,700,25,10,7,2,1,2,25,77.625,0
11,0,5,0,0,0,43,23,3,1,1,25,125.767,1
17,0,27,1,1720,39,35,18,2,1,1,25,236.655,0
0,0,32,0,1975,24,0,14,2,1,2,25,89.955,1
13,1,35,0,0,15,50,16,3,1,2,45,369.868,1
24,0,35,0,660,43,7,4,3,1,2,30,56.12,1
0,0,4,0,4390,34,207,9,3,1,1,30,1004.96,0
0,0,36,0,1898,51,0,28,1,1,1,15,107.195,0
22,0,41,3,14835,225,55,31,3,1,1,30,822.4,0
7,0,13,0,232,52,27,3,3,1,1,30,0.0,1
1,1,14,0,3211,0,33,1,5,1,2,25,131.067,1
2,1,35,0,738,0,26,25,2,1,2,25,441.947,1
7,0,37,2,3220,25,479,5,3,1,1,30,2045.8,0
10,1,40,0,0,27,45,3,2,1,2,25,295.145,1
12,0,40,0,0,5,71,6,3,1,1,30,70.687,1
4,0,32,2,242,13,11,28,3,1,2,25,112.485,1
0,0,38,1,0,0,7,0,5,1,1,55,10.5,0
34,1,33,0,0,51,40,31,3,2,1,45,329.548,1
0,0,35,0,760,9,2,12,2,1,2,25,43.605,0
0,0,31,0,6115,78,169,20,3,1,1,30,923.72,0
34,0,31,2,0,18,13,45,3,1,1,25,565.271,1
11,0,16,0,8527,166,55,42,5,1,1,55,212.895,0
1,0,32,2,6660,110,264,31,2,2,1,25,1492.65,0
2,0,26,0,0,9,3,45,4,1,2,25,245.06,1
18,1,3,0,0,0,18,13,3,1,2,30,36.174,1
12,1,3,0,0,20,4,16,2,1,2,25,118.027,1
8,0,38,0,4370,71,5,17,3,1,1,30,197.64,0
15,0,25,0,2891,53,0,0,2,1,2,25,0.0,1
1,0,27,0,405,37,7,19,3,1,1,25,275.182,1
10,0,37,0,2453,60,359,24,3,1,1,30,1536.52,0
34,0,37,0,19,37,69,28,4,1,2,55,68.13,1
10,0,36,3,3745,38,28,31,3,1,1,30,263.32,0
2,0,3,0,1955,36,59,30,2,1,2,25,326.034,1
30,1,23,0,2096,11,17,13,2,1,2,25,40.34,1
8,1,39,0,0,53,76,3,2,1,1,30,184.969,1
12,0,25,0,1415,33,28,16,2,1,1,25,191.16,0
3,0,36,0,5858,92,2,10,2,1,1,25,276.75,0
1,0,7,0,621,4,29,14,4,1,2,25,422.765,1
0,0,36,0,4020,76,0,20,3,1,1,30,163.84,0
3,0,3,3,725,27,43,11,3,1,2,25,153.348,1
0,0,20,0,1470,22,31,16,2,1,1,25,206.64,0
0,1,16,0,2251,58,15,31,3,1,1,45,128.715,1
12,0,31,0,0,26,157,31,3,1,2,30,112.483,1
4,0,10,0,1865,56,35,37,2,1,2,30,176.173,1
18,0,45,3,4080,94,47,31,3,1,1,30,354.96,0
12,0,15,0,8932,171,73,40,4,1,1,45,410.075,0
10,0,12,0,8753,163,62,35,4,1,1,45,377.9,0
6,0,35,0,3030,22,7,12,3,1,1,30,150.08,0
9,0,41,2,2780,51,324,24,4,1,1,45,880.775,0
0,0,28,1,6580,108,254,27,2,2,1,25,1443.96,0
2,0,38,1,2850,24,481,8,3,1,1,30,2038.96,0
8,1,4,0,0,0,49,10,3,1,2,30,167.285,1
0,0,28,0,1343,35,33,70,4,1,1,45,116.95,0
6,0,38,0,710,11,8,2,2,1,2,25,68.445,1
15,0,43,1,2713,70,374,30,3,1,1,30,1607.32,0
2,0,29,0,6705,95,4,18,4,1,1,45,180.0,0
6,0,25,0,395,19,3,5,2,1,2,25,32.13,0
11,0,37,0,3660,76,0,24,2,1,1,25,168.12,0
13,1,36,1,5818,98,26,24,2,1,1,25,383.22,1
33,0,36,0,0,52,24,4,2,1,1,25,98.623,1
3,1,43,2,0,19,7,37,5,1,2,30,222.896,1
18,0,36,2,14645,218,38,27,3,1,1,30,746.52,0
2,1,36,0,645,24,22,21,3,1,1,45,357.416,1
2,0,36,1,2688,62,16,46,1,1,1,15,239.25,0
30,1,3,1,0,22,81,2,3,1,2,25,426.088,1
10,0,32,0,26,26,38,29,3,1,2,30,220.031,1
0,0,34,0,3603,77,4,29,2,1,1,25,183.6,0
8,0,8,0,941,58,18,5,2,1,1,25,125.773,1
34,1,3,3,0,100,11,14,2,1,2,25,37.998,1
3,0,12,1,0,71,14,21,3,1,1,30,234.327,1
3,1,36,0,0,17,12,35,2,1,2,30,191.767,1
11,0,36,1,0,74,30,16,3,1,2,30,217.027,1
11,0,26,0,566,26,1,1,2,1,2,30,108.923,1
11,1,33,1,2279,41,64,48,2,1,1,25,357.826,1
0,0,15,0,1515,18,17,9,2,1,1,25,145.485,0
10,0,44,3,903,20,26,10,5,1,1,55,52.845,0
11,1,35,0,3180,42,18,19,3,1,2,30,200.88,1
14,1,41,0,2658,66,47,23,4,1,2,45,185.6,0
30,0,41,5,15560,237,93,38,3,1,1,30,1003.88,0
15,0,42,2,7203,89,126,44,2,1,1,25,895.14,0
16,0,44,0,666,0,23,32,3,1,2,30,95.087,1
1,0,34,0,7328,119,373,38,2,1,1,25,2013.615,0
0,0,36,0,1423,22,0,6,3,1,1,30,57.8,0
13,0,38,0,1358,37,3,48,2,1,1,45,126.289,1
2,1,4,0,0,49,5,18,2,1,2,25,216.961,1
15,0,9,0,328,8,32,5,3,1,2,25,60.527,1
0,0,37,0,520,14,38,10,3,1,2,30,173.36,0
12,1,14,0,355,55,0,13,3,1,2,30,149.296,1
3,1,32,0,1336,63,146,46,2,1,2,25,215.709,1
9,0,39,0,250,4,36,34,4,1,1,25,37.033,1
16,0,38,2,5933,103,24,23,2,1,1,25,379.62,0
0,1,40,0,2513,19,14,48,3,1,2,25,33.914,1
7,0,44,0,1180,26,15,14,3,1,2,30,108.24,0
6,0,32,2,6910,95,10,19,5,1,1,55,120.075,0
0,0,33,0,2703,65,0,26,2,1,1,25,124.56,0
3,0,36,0,4065,65,0,15,2,1,1,25,185.85,0
0,0,34,0,0,0,0,0,5,1,1,55,0.0,0
24,1,38,9,10495,96,6,44,5,2,1,55,167.865,0
2,0,15,0,711,0,19,48,3,1,2,25,24.123,1
9,1,26,0,0,0,0,0,3,1,2,25,0.0,1
19,0,39,3,3358,76,387,41,3,1,1,30,1685.36,0
7,0,26,0,0,9,9,0,3,1,2,25,264.162,1
5,0,13,1,149,28,41,2,4,1,1,25,13.331,1
9,0,43,2,7893,135,401,49,3,1,1,30,1925.12,0
0,0,35,0,399,2,37,1,2,2,2,45,75.06,1
16,0,34,2,9420,121,143,44,3,1,1,30,953.64,0
3,0,25,2,1610,40,207,24,2,2,1,25,1005.75,0
11,0,31,0,655,29,18,11,2,1,2,25,111.78,0
0,0,34,0,323,1,2,2,4,1,2,45,13.1,1
23,0,3,0,0,38,60,0,2,1,1,25,339.663,1
1,1,3,0,0,68,32,4,4,1,2,25,67.703,1
0,1,3,0,518,14,1,34,4,1,2,30,426.971,1
4,0,40,1,11160,154,12,46,4,1,1,45,312.85,0
4,1,32,0,2570,29,0,10,2,1,2,25,116.955,1
6,0,36,0,2780,53,175,23,2,1,1,25,914.985,0
1,0,32,1,499,20,75,6,2,1,2,25,355.861,1
22,0,27,0,571,0,14,19,3,1,1,25,97.049,1
10,1,15,0,6123,21,36,0,4,1,2,25,322.599,1
3,1,5,2,954,41,13,17,2,1,2,25,346.108,1
5,0,38,0,1845,52,49,25,3,1,2,30,271.88,0
34,1,39,0,0,53,11,19,3,1,2,25,383.713,1
1,0,35,1,2955,28,32,18,3,1,1,30,247.32,0
17,1,26,0,30,39,11,30,3,1,1,25,144.398,1
8,0,35,2,7090,103,21,24,5,1,1,55,139.395,0
6,0,42,0,518,10,17,8,3,1,2,30,89.12,1
20,0,39,3,9610,128,160,48,3,1,1,30,1029.52,0
10,1,32,1,0,31,17,32,3,1,1,30,64.666,1
3,0,37,0,7508,127,384,43,2,1,1,25,2071.575,0
4,0,19,0,840,24,2,7,2,1,1,25,47.88,0
9,1,40,1,423,16,10,43,3,1,2,30,264.892,1
13,0,39,2,4733,99,17,30,3,1,1,30,261.28,0
10,0,29,0,1180,36,27,17,2,1,1,25,176.22,0
1,1,14,1,2359,18,32,22,4,1,2,25,127.259,1
6,0,23,1,3450,65,7,21,3,1,1,30,168.6,0
17,0,18,2,1533,67,36,18,3,1,2,30,409.721,1
8,0,22,0,1045,24,8,8,2,1,1,25,84.105,0
2,0,31,0,1783,30,16,24,3,1,2,30,136.52,1
10,0,40,2,8810,121,145,42,3,1,1,30,937.24,0
12,0,36,1,4595,75,7,15,3,1,1,30,214.8,0
0,0,32,0,7023,113,366,36,2,1,1,25,1968.12,0
3,1,34,0,2280,30,0,16,2,1,2,25,103.95,1
10,0,38,2,6518,105,28,27,3,1,1,30,376.92,0
3,0,28,1,747,27,32,48,2,1,2,25,116.999,1
9,0,34,0,4118,64,0,31,1,1,1,15,230.01,0
0,0,33,0,2130,11,0,14,3,1,1,30,85.64,0
1,1,3,0,0,50,31,32,2,1,2,30,351.285,1
7,0,36,1,4665,75,19,30,2,1,1,25,298.8,0
10,0,15,0,8688,168,71,40,4,1,1,45,398.9,0
6,0,42,0,5873,99,15,16,3,1,1,30,298.88,0
12,1,3,0,631,25,58,47,3,1,2,45,259.255,1
0,0,13,1,1837,28,0,17,3,1,1,30,74.6,0
13,0,45,2,6223,107,22,15,3,1,1,30,341.2,0
5,1,9,1,1733,22,7,7,3,1,1,30,98.2,1
10,0,27,1,2278,50,38,68,4,1,1,45,153.2,0
0,0,30,0,13208,153,0,36,3,1,1,30,534.44,0
9,0,38,1,2840,56,180,25,2,1,1,25,940.32,0
4,0,39,0,3898,90,13,33,2,1,1,25,237.96,0
11,0,33,2,1873,51,45,71,5,1,1,55,96.36,0
0,0,3,0,1694,48,41,0,2,1,2,25,505.003,1
5,0,38,0,305,6,7,2,3,1,2,30,40.44,0
14,0,38,0,854,42,3,48,3,1,2,45,69.878,1
8,1,43,0,2355,51,7,16,4,1,2,30,150.808,1
2,0,36,1,11275,154,36,49,4,1,1,45,375.725,0
5,0,27,0,2930,57,7,10,3,1,1,30,147.48,0
25,0,31,3,16075,238,0,80,2,2,1,25,734.085,0
0,1,12,0,0,9,10,4,3,1,1,25,131.995,1
13,1,31,0,1206,44,4,34,2,1,1,30,310.45,1
3,1,33,0,0,5,32,48,3,1,2,25,40.737,1
21,0,36,8,10435,93,1,42,5,1,1,55,159.42,0
0,0,32,0,2415,44,163,19,2,1,1,25,844.155,0
0,0,14,2,287,0,63,48,2,1,2,25,364.91,1
15,0,30,6,10050,85,0,36,4,1,1,45,253.375,0
0,1,34,0,323,1,2,2,4,1,2,45,13.1,1
24,1,35,0,1471,64,9,31,3,1,2,30,320.782,1
9,1,36,0,2268,44,34,31,3,1,2,30,228.48,1
3,1,33,0,79,22,6,6,3,1,2,25,65.646,1
18,1,37,0,0,0,0,20,2,1,2,25,327.564,1
12,1,35,1,6,65,57,31,2,2,2,30,96.082,1
0,0,38,0,110,4,0,1,2,1,2,25,5.13,0
12,0,27,0,0,67,0,0,2,1,2,30,161.884,1
18,1,25,0,508,48,46,19,5,1,1,30,1.713,1
0,0,38,0,520,13,4,5,3,1,2,30,37.32,0
2,0,38,0,7103,122,366,45,3,1,1,30,1753.0,0
34,1,3,0,0,24,82,43,4,1,2,30,125.465,1
0,0,31,0,7123,119,367,37,2,1,1,25,1977.39,0
3,0,33,2,476,19,4,7,2,1,2,25,10.352,1
20,1,12,0,5716,50,11,0,2,1,1,30,268.331,1
11,0,40,1,6223,101,14,14,3,1,1,30,308.96,0
17,0,28,0,2346,61,23,36,2,1,2,30,312.237,1
6,0,40,1,3100,32,15,20,3,1,1,30,185.28,0
21,0,26,0,0,9,59,0,2,1,2,30,86.819,1
0,0,24,0,0,0,5,0,4,1,2,45,12.5,0
2,1,30,2,584,14,29,46,2,1,2,25,122.659,1
2,0,35,0,29,32,64,48,3,1,2,25,60.329,1
5,0,37,0,305,6,7,2,2,1,2,25,45.495,1
12,0,39,3,8413,143,412,60,3,1,1,30,1990.24,0
0,0,32,0,325,6,0,2,2,1,2,25,14.895,0
10,0,39,0,3070,43,19,20,3,1,2,30,200.52,1
4,0,33,0,5918,89,0,11,2,1,1,25,270.315,0
7,0,42,0,1360,28,18,18,2,1,2,25,143.46,0
2,0,7,0,1403,59,34,45,3,1,2,30,228.811,1
13,0,32,0,1118,21,13,44,2,1,2,45,92.728,1
2,1,34,0,3348,19,25,38,3,1,2,30,21.336,1
16,0,35,8,10245,93,26,44,5,2,1,55,194.07,0
0,0,37,0,0,0,0,0,2,1,2,25,0.0,1
20,0,19,2,9298,180,85,44,5,1,1,55,269.67,0
0,0,37,0,6,63,42,20,2,1,2,30,263.632,1
4,0,6,0,1974,29,11,8,2,1,2,30,27.765,1
11,0,3,0,1184,1,27,44,3,1,1,25,218.299,1
0,1,3,1,0,22,24,37,3,2,1,30,363.533,1
16,1,42,5,7530,132,293,41,3,2,1,30,1478.48,0
4,0,36,1,6905,91,187,24,3,1,1,30,1027.84,0
5,0,38,0,438,8,7,4,3,1,2,30,45.84,1
24,0,17,0,517,6,38,11,3,1,2,30,299.955,1
24,1,34,2,4267,50,34,18,4,1,2,30,42.908,1
2,1,10,0,454,100,59,0,3,1,2,25,155.413,1
7,1,3,1,0,21,8,22,2,1,2,25,233.546,1
34,1,27,3,0,10,71,38,3,1,1,30,168.341,1
5,0,40,1,770,17,18,10,3,1,1,30,103.48,0
0,0,29,0,6153,59,86,29,2,1,1,25,666.54,0
34,1,40,6,16045,241,82,49,3,2,1,30,979.44,0
11,0,35,0,795,0,0,17,4,2,2,25,32.761,1
8,0,43,1,5918,101,15,13,3,1,1,30,300.76,0
8,1,36,0,90,28,204,27,4,2,2,45,101.475,1
10,0,32,0,146,26,34,16,3,1,2,30,304.363,1
2,0,38,1,2920,24,10,18,3,1,1,30,157.76,0
2,1,34,0,69,45,104,28,3,1,2,25,0.0,1
31,1,4,0,118,37,26,15,3,1,2,25,103.186,1
22,1,23,0,903,8,50,0,2,1,1,30,485.215,1
0,0,31,0,5613,83,0,9,2,1,1,25,256.32,0
11,1,31,0,584,56,11,11,2,1,1,25,266.265,1
4,0,36,3,938,14,25,17,5,1,1,55,51.78,0
19,0,35,1,0,48,16,39,4,1,2,55,282.91,1
4,0,22,0,4832,9,166,15,2,1,2,30,79.711,1
5,0,33,0,305,6,7,2,2,1,2,25,45.495,1
1,0,37,0,7263,124,382,43,2,1,1,25,2051.415,0
19,0,31,2,1065,34,22,11,3,1,1,30,131.96,0
15,0,10,0,1104,5,43,30,3,1,2,30,70.492,1
6,1,3,0,200,0,41,0,4,1,1,30,388.029,1
6,0,40,0,2735,57,183,27,2,1,1,25,949.14,0
0,0,37,0,3448,55,43,48,2,1,2,25,186.961,1
6,1,38,0,0,0,10,45,3,1,2,30,463.924,1
21,1,36,0,0,46,15,25,3,1,2,45,333.998,1
5,0,22,0,3530,61,7,24,3,1,1,30,171.64,0
3,0,30,0,271,20,15,0,2,1,1,25,262.066,1
0,1,30,0,0,0,0,0,4,1,2,45,0.0,1
15,0,27,0,1300,35,31,22,3,1,2,30,177.4,0
7,0,11,2,4695,46,222,12,3,1,1,30,1077.64,0
4,0,37,0,1475,24,21,26,2,1,2,25,161.955,0
0,1,36,2,49,46,47,5,3,1,2,25,141.431,1
14,1,32,2,0,10,44,43,5,1,1,25,534.355,1
11,0,38,1,3775,82,32,28,3,1,1,30,282.28,0
0,1,34,2,108,12,52,10,4,1,2,25,218.974,1
0,0,38,0,0,0,32,0,2,1,1,30,76.71,1
1,0,44,1,618,30,0,18,2,1,2,25,64.924,1
0,0,24,2,762,16,53,24,2,2,2,25,0.0,1
10,1,3,0,388,10,204,24,4,1,2,45,134.365,1
9,0,38,0,2238,54,8,17,3,1,2,30,123.68,0
5,0,18,1,1940,29,30,14,2,1,1,25,223.605,0
6,0,40,1,2508,63,0,32,2,1,1,25,115.695,0
24,1,19,0,3822,16,10,12,3,1,1,25,399.886,1
11,0,23,0,745,21,7,3,2,1,2,25,65.97,0
0,0,36,0,405,8,6,6,2,1,2,25,45.585,0
10,0,25,0,297,4,0,32,3,1,2,25,109.684,1
11,0,3,0,39,64,50,0,3,1,2,30,401.681,1
6,0,6,1,1792,19,0,8,3,1,1,30,72.44,1
1,0,35,0,538,7,1,1,3,1,2,30,25.8,1
3,0,32,2,6905,113,266,31,2,2,1,25,1512.81,0
11,0,40,0,267,54,26,21,4,1,1,25,313.742,1
1,0,40,2,418,6,14,6,5,1,1,55,27.36,0
1,1,32,0,0,20,29,22,2,1,2,30,95.468,1
21,0,29,0,706,20,14,5,3,1,2,30,133.972,1
6,0,36,1,3145,28,7,16,3,1,1,30,154.92,0
8,0,38,1,2163,32,16,11,4,1,1,45,94.875,0
0,1,10,0,3330,58,35,46,4,1,2,45,707.999,1
22,0,38,0,187,60,4,4,4,1,1,30,0.0,1
1,1,35,0,0,1,8,14,3,1,2,45,87.668,1
2,0,31,0,0,37,11,24,3,1,2,30,225.159,1
2,1,32,0,1188,10,61,6,2,1,1,30,300.921,1
12,0,3,4,2098,16,6,3,2,1,1,30,93.382,1
13,0,6,0,1208,45,64,4,2,1,2,45,101.69,1
14,0,38,0,2680,61,53,22,4,1,2,45,201.025,0
5,0,35,1,1793,23,7,3,4,1,1,45,62.9,0
7,0,39,0,3965,66,0,19,3,1,1,30,161.24,0
8,0,37,0,2208,57,357,24,2,1,1,25,1708.425,0
2,1,42,0,231,29,1,45,3,1,2,25,107.928,1
9,0,39,0,1780,30,28,28,2,1,2,25,207.45,0
19,1,8,0,0,8,39,1,3,1,2,30,69.501,1
23,1,7,0,180,18,1,26,3,1,2,25,112.374,1
19,1,24,0,937,70,4,48,2,1,2,25,348.507,1
13,0,39,4,7450,130,289,40,3,2,1,30,1459.2,0
8,0,38,1,6163,98,9,12,3,1,1,30,286.44,0
18,0,17,1,6582,142,94,45,2,2,1,25,725.58,0
2,0,3,0,0,100,10,0,2,1,2,30,72.27,1
14,0,42,2,11950,168,29,54,4,1,1,45,375.45,0
6,0,33,0,2875,36,11,17,2,1,2,25,180.495,1
18,0,41,3,5530,100,17,27,4,1,1,45,183.25,0
6,0,35,0,15370,177,152,31,2,1,1,25,1383.615,0
7,0,38,1,4023,88,9,30,3,1,1,30,200.44,0
0,0,20,0,0,0,4,0,4,1,2,45,10.0,0
7,0,16,2,44,44,11,40,3,1,2,30,199.171,1
16,1,25,0,0,3,6,5,3,1,2,30,369.011,1
8,1,21,0,0,14,73,18,3,2,2,30,148.942,1
8,0,35,1,15780,186,164,43,2,1,1,25,1456.47,0
13,0,35,0,1745,4,31,25,3,1,2,30,267.76,1
20,1,34,0,830,49,20,20,2,1,2,25,129.555,1
16,0,45,0,2543,66,23,20,4,1,2,45,122.725,0
4,0,39,2,3210,33,515,12,4,1,1,45,1368.575,0
4,0,32,0,3813,58,0,29,1,1,1,15,212.905,0
0,0,23,0,1148,27,0,62,4,1,1,45,29.375,0
4,0,25,0,1453,33,0,64,4,1,1,45,37.15,0
15,0,38,0,2643,60,334,22,2,1,1,25,1624.635,0
10,0,36,0,25,17,48,41,3,1,2,30,0.0,1
19,0,43,4,9500,129,161,49,3,1,1,30,1029.16,0
32,1,27,0,0,63,1,19,5,1,1,25,146.778,1
7,1,38,0,0,36,62,30,2,1,1,25,237.618,1
3,0,27,0,355,19,18,26,2,1,2,30,6.421,1
0,0,34,0,0,0,0,0,2,1,2,25,0.0,0
0,0,37,0,8,4,4,5,3,1,2,30,16.48,1
0,0,36,0,7318,127,409,45,3,1,1,30,1933.8,0
0,0,31,0,0,0,0,0,2,1,2,25,0.0,1
0,0,7,0,0,0,0,0,2,1,1,25,0.0,1
15,0,36,1,6063,101,28,24,2,1,1,25,403.38,0
0,0,27,0,266,0,12,39,3,1,2,30,39.412,1
10,0,39,0,15190,178,136,17,2,1,1,25,1303.56,0
0,0,34,0,0,3,5,27,4,1,1,25,352.546,1
15,0,17,1,9047,176,71,39,5,1,1,55,244.845,0
14,1,18,1,3153,45,56,0,3,1,1,25,25.288,1
7,0,38,0,1993,51,6,17,3,1,1,30,105.76,0
15,0,40,2,2873,72,398,30,3,1,1,30,1709.8,0
4,0,33,0,0,0,43,27,2,1,2,30,136.934,1
2,1,20,1,876,24,15,29,4,1,2,25,0.0,1
20,0,28,1,15655,226,0,74,2,1,1,25,714.645,0
11,0,13,3,3157,45,30,20,3,1,1,30,248.08,0
5,0,36,0,873,10,11,4,4,1,2,45,49.575,1
16,0,21,1,6348,145,93,46,2,2,1,25,710.685,0
19,0,14,1,6697,141,84,43,1,2,1,15,838.09,0
1,0,28,0,1422,58,50,29,2,1,1,25,122.843,1
1,0,39,0,2970,29,487,11,3,1,1,30,2067.96,0
12,0,37,0,2363,52,7,14,3,1,2,30,124.6,0
9,1,36,0,5218,88,5,9,2,1,1,25,261.27,1
4,1,25,0,913,29,0,48,3,1,2,25,259.064,1
4,0,13,0,5359,100,9,48,2,1,2,30,318.803,1
4,0,34,0,1037,57,13,30,3,1,1,30,44.189,1
0,1,33,0,9,0,31,4,3,1,2,30,226.471,1
3,0,41,1,1668,31,8,7,4,1,1,45,62.475,0
0,0,35,0,10970,147,0,42,3,1,1,30,444.68,0
7,0,41,2,823,18,22,9,5,1,1,55,45.615,0
15,0,27,1,1530,38,26,15,2,1,1,25,187.56,0
11,1,39,0,2448,52,45,36,3,1,2,30,280.0,1
4,0,38,1,1783,30,0,5,4,1,1,45,45.325,0
1,0,27,0,1443,41,34,71,4,1,1,45,122.1,0
23,0,45,4,9680,137,166,51,3,1,1,30,1056.68,0
2,0,38,0,289,50,14,17,2,1,2,45,125.876,1
7,1,38,4,7045,118,281,37,2,2,1,25,1586.835,0
0,0,26,0,6123,47,43,19,2,1,1,25,178.004,1
4,1,9,0,2653,48,9,13,3,1,2,25,66.0,1
1,0,36,0,2300,36,280,16,3,1,1,30,1213.44,0
13,0,38,0,0,18,73,29,2,1,1,30,517.798,1
18,1,10,0,282,100,44,10,4,1,1,30,123.388,1
13,0,38,1,6908,75,83,35,2,1,1,25,687.735,0
3,1,34,0,636,38,42,2,3,1,2,45,119.886,1
8,0,37,1,6718,75,108,37,2,1,1,25,791.685,0
0,0,35,0,6005,79,170,21,3,1,1,30,923.36,0
3,1,19,0,0,59,30,22,3,1,1,30,0.0,1
11,0,43,2,3580,41,501,15,3,1,1,30,2148.84,0
12,0,40,1,14078,175,7,46,3,1,1,30,598.12,0
13,1,3,0,1640,16,71,38,2,1,2,25,147.553,1
0,0,30,1,6600,107,259,29,2,2,1,25,1467.315,0
1,1,24,1,265,33,15,26,3,1,2,30,275.56,1
4,0,31,0,0,68,15,40,2,1,1,30,105.909,1
0,0,18,0,2920,49,0,20,3,1,1,30,118.76,0
9,0,43,0,1195,28,31,15,3,1,2,30,172.92,0
22,1,36,0,623,50,10,5,3,1,2,30,354.171,1
17,0,36,0,2164,14,30,11,2,1,2,25,119.473,1
6,1,42,0,195,31,41,48,3,2,2,25,146.527,1
1,0,35,0,6223,68,92,32,2,1,1,25,697.095,0
15,0,29,0,590,38,4,13,2,1,2,25,46.26,1
1,0,40,0,1923,19,7,22,3,1,2,30,59.332,1
0,0,34,0,0,0,0,0,2,1,2,25,0.0,1
33,0,43,0,4172,22,44,10,2,1,1,30,50.657,1
1,0,44,2,784,58,23,28,3,1,2,25,261.876,1
0,0,38,0,1760,29,264,3,3,1,1,30,1127.56,0
7,0,25,1,1693,37,26,65,5,1,1,55,64.95,0
4,0,39,0,918,15,28,19,3,1,2,30,149.32,0
4,0,3,0,1394,73,3,0,3,1,1,45,313.196,1
10,0,33,0,2337,42,76,29,3,1,2,45,419.792,1
8,0,39,2,6805,92,193,28,3,1,1,30,1047.88,0
21,0,19,2,6698,147,92,44,2,2,1,25,722.025,0
2,0,33,0,0,100,15,5,3,1,1,45,473.756,1
8,0,36,0,2533,58,22,30,3,1,2,30,191.64,0
0,0,28,1,711,63,30,35,4,2,1,45,221.64,1
4,0,19,0,2503,51,50,8,3,1,1,30,38.369,1
8,1,35,0,85,5,45,48,4,1,1,25,49.88,1
3,1,36,0,1362,10,36,23,4,2,2,25,226.702,1
34,0,33,6,16980,254,28,97,2,2,1,25,901.53,0
12,0,34,0,4978,4,10,35,4,1,2,30,267.865,1
9,0,18,2,2558,41,17,6,3,1,1,30,171.96,0
10,0,11,2,1748,27,31,17,3,1,2,25,49.543,1
3,1,38,0,46,100,46,12,3,1,2,30,73.74,1
11,0,36,4,7270,122,278,35,3,2,1,30,1407.68,0
11,0,8,2,59,54,0,15,3,1,2,25,78.088,1
0,0,31,0,2088,46,0,30,1,1,1,15,117.37,0
1,0,32,0,1485,36,27,15,3,1,2,30,168.84,0
33,0,42,5,15505,234,66,36,3,2,1,30,893.56,0
2,0,33,1,0,30,49,25,3,1,2,45,104.862,1
1,1,41,0,3263,57,39,12,2,1,1,25,258.642,1
11,0,37,0,2970,53,150,21,2,1,1,25,811.035,0
11,0,34,0,564,20,9,22,2,1,1,30,190.14,1
13,0,41,5,7270,128,286,36,3,2,1,30,1439.92,0
27,0,31,3,16320,241,7,80,2,1,1,25,776.745,0
9,0,38,4,1243,20,32,19,5,1,1,55,66.945,0
12,0,41,0,4378,74,12,40,1,1,1,15,310.86,0
4,0,38,0,0,19,9,22,2,1,1,30,114.237,1
18,0,38,2,9305,121,119,41,3,1,1,30,853.04,0
0,0,35,0,958,14,0,6,3,1,1,30,38.88,0
4,0,39,1,6493,71,111,39,2,1,1,25,794.88,0
0,1,12,0,0,31,70,29,3,1,2,30,355.652,1
1,0,19,0,1290,21,10,16,2,1,1,25,103.995,0
5,0,29,0,1245,22,60,9,4,1,2,45,181.675,0
13,1,7,0,152,22,41,32,3,1,2,25,532.455,1
16,0,31,0,4331,12,48,20,2,1,2,30,312.523,1
10,0,36,0,760,0,11,1,2,1,1,45,349.949,1
11,0,29,1,1305,34,29,17,2,1,1,25,190.755,0
5,0,8,2,4515,38,211,7,3,1,1,30,1026.12,0
6,0,30,3,7010,112,263,29,2,2,1,25,1503.99,0
16,0,40,2,4080,88,39,30,3,1,1,30,322.72,0
4,0,31,3,6785,108,260,28,2,2,1,25,1480.185,0
9,0,34,2,7495,108,22,22,5,1,1,55,147.045,0
6,0,35,2,6900,102,12,21,5,1,1,55,123.03,0
24,0,36,0,0,22,25,19,2,1,2,45,51.844,1
0,0,34,0,318,4,0,3,2,1,2,25,14.49,0
13,0,22,0,1530,32,18,14,2,1,1,25,151.29,0
14,0,41,3,9195,123,154,47,3,1,1,30,988.72,0
23,0,38,3,14950,224,45,29,3,1,1,30,786.96,0
6,0,32,0,3515,72,17,22,2,1,1,25,237.915,0
7,0,37,1,11465,154,11,47,4,1,1,45,317.975,0
1,0,29,2,0,49,28,11,3,1,1,55,121.968,1
9,1,3,0,428,36,10,14,2,1,1,25,196.856,1
1,0,16,1,1990,30,42,27,2,1,1,25,279.9,0
4,0,36,0,7913,132,385,41,2,1,1,25,2094.525,0
8,0,35,2,7090,103,21,24,5,1,1,55,139.395,0
2,1,34,0,481,11,8,46,3,1,2,30,61.48,1
3,1,37,0,861,56,22,44,4,1,1,30,129.393,1
9,0,43,2,4023,94,17,31,3,1,1,30,232.68,0
0,0,36,0,0,0,0,0,2,1,2,25,0.0,0
22,1,31,0,4727,39,19,2,3,1,2,25,86.543,1
0,0,12,1,4085,40,216,9,3,1,1,30,1029.0,0
14,0,38,0,5523,94,12,11,2,1,1,25,306.765,1
0,0,18,0,1450,23,26,14,2,1,1,25,183.285,0
14,0,43,1,15745,192,165,36,2,1,1,25,1459.665,0
2,0,34,0,8100,104,112,41,3,1,1,30,776.16,0
4,0,34,0,4913,82,0,7,2,1,1,25,224.775,1
0,0,30,0,2395,45,158,17,2,1,1,25,820.8,0
8,0,38,0,2085,56,77,26,4,1,2,45,246.025,0
0,1,7,0,1183,13,0,5,2,1,2,25,53.82,1
9,0,38,2,3205,31,12,18,3,1,1,30,177.44,0
4,0,23,0,686,8,23,16,2,1,1,25,134.834,1
5,0,42,2,3175,29,493,12,3,1,1,30,2100.16,0
6,0,38,0,1585,25,8,11,2,1,2,25,108.45,0
11,0,31,1,2053,53,48,75,5,1,1,55,103.59,0
10,0,38,0,4198,66,1,35,1,1,1,15,240.02,0
0,0,37,0,258,2,2,2,2,1,2,25,20.7,0
8,0,24,1,1793,43,27,66,4,1,1,45,113.4,0
1,0,33,0,2725,16,0,10,3,1,1,30,109.64,0
4,1,31,4,0,74,0,20,3,1,1,30,115.236,1
11,0,38,1,3775,82,32,28,3,1,1,30,282.28,0
0,0,30,0,6365,85,0,16,4,1,1,45,161.25,0
2,0,32,0,3985,63,0,11,2,1,1,25,182.16,0
0,0,3,0,0,0,0,0,2,1,1,25,0.0,1
2,0,32,0,4255,73,0,19,3,1,1,30,173.12,0
3,0,37,0,2655,55,179,26,2,1,1,25,927.45,0
0,1,27,0,2425,25,0,8,2,1,2,25,110.25,1
20,0,25,2,15815,228,0,74,2,1,1,25,721.935,0
13,0,33,1,0,100,9,24,4,1,2,25,33.072,1
0,0,37,0,875,14,0,11,2,1,2,25,40.005,0
0,0,35,0,0,0,0,0,2,1,2,25,0.0,0
2,1,13,0,0,3,65,8,3,1,2,25,104.309,1
12,0,39,0,2593,38,65,31,3,1,2,30,512.538,1
11,0,37,3,7150,106,26,26,5,1,1,55,147.84,0
0,0,26,0,825,10,21,3,4,1,2,45,73.375,1
2,0,43,0,665,30,45,34,2,1,2,45,180.651,1
0,0,36,1,0,13,23,6,2,1,1,25,43.806,1
11,0,5,1,0,22,12,32,2,1,2,45,98.152,1
17,0,29,0,3684,70,7,9,2,1,2,25,317.743,1
1,0,32,0,1903,35,22,27,3,1,2,30,165.52,1
0,0,36,0,0,0,1,0,2,1,2,25,4.5,1
0,0,23,0,2920,55,1,21,3,1,1,30,123.0,0
17,0,17,1,9238,177,80,42,5,1,1,55,261.225,0
1,1,36,0,524,7,37,26,2,1,2,25,519.076,1
5,0,39,0,1180,20,7,13,2,1,2,25,85.5,0
11,0,35,0,3235,44,11,16,3,1,2,30,175.16,1
1,1,30,0,0,15,25,48,2,1,2,45,114.894,1
0,0,36,0,2600,20,467,3,3,1,1,30,1972.8,0
27,1,3,0,802,71,24,48,2,1,2,30,8.828,1
19,0,6,1,2184,10,33,8,3,1,1,30,40.334,1
11,0,27,1,930,28,7,2,2,1,1,25,74.61,0
7,1,34,0,3447,25,32,29,2,1,1,25,101.77,1
30,0,40,4,15445,231,61,34,3,2,1,30,871.04,0
8,0,39,0,11170,150,7,34,4,1,1,45,300.5,0
1,0,3,2,0,35,51,10,3,1,1,30,121.89,1
20,0,15,1,6618,145,82,40,2,2,1,25,673.335,0
23,1,3,0,331,51,18,37,2,1,2,25,537.261,1
0,0,36,0,1865,32,269,13,3,1,1,30,1151.88,0
30,0,38,0,1440,61,34,24,3,1,2,30,196.04,1
3,0,16,0,4212,27,12,0,3,1,1,30,61.802,1
0,0,36,0,0,0,0,0,3,1,2,30,0.0,1
3,1,3,1,21,13,13,13,3,1,2,30,162.389,1
0,0,6,0,3375,23,183,8,3,1,1,30,867.92,0
6,0,35,0,2698,58,1,34,1,1,1,15,157.08,0
0,0,34,0,0,0,0,0,4,1,1,45,0.0,0
10,0,38,0,1082,0,14,12,3,1,2,30,563.37,1
0,0,32,0,2835,17,468,2,3,1,1,30,1986.08,0
13,0,27,1,1285,35,24,15,2,1,1,25,167.4,0
7,0,20,1,2000,32,35,16,3,1,1,30,221.28,0
0,0,30,1,29,49,10,5,2,1,2,25,128.751,1
5,1,6,0,5233,59,12,39,3,1,1,25,0.0,1
22,1,40,9,10515,95,11,46,5,1,1,55,175.65,0
0,0,16,0,1580,21,30,15,2,1,1,25,207.045,0
9,0,39,0,6423,71,94,24,2,1,1,25,715.23,0
10,1,3,1,0,6,17,16,2,1,2,25,118.267,1
2,0,12,0,1165,5,204,3,2,1,1,30,145.085,1
17,0,40,1,4693,73,17,40,1,1,1,15,355.63,0
3,0,16,0,4561,0,37,29,3,1,2,25,95.049,1
23,0,28,0,759,59,18,41,4,1,2,30,291.942,1
4,0,38,3,828,22,82,48,2,1,2,30,37.566,1
0,0,3,0,1659,23,14,25,2,1,1,25,234.356,1
16,0,33,1,6123,98,25,25,2,1,1,25,392.445,1
0,0,11,1,4165,36,218,12,3,1,1,30,1040.04,0
16,0,20,5,3218,54,43,23,3,2,1,30,302.88,0
14,0,25,2,1825,42,40,28,2,1,1,25,264.015,0
4,1,38,0,0,67,12,29,3,1,2,45,109.522,1
7,0,40,2,3210,32,481,7,3,1,1,30,2053.68,0
12,0,34,0,2226,12,11,7,3,1,2,30,0.0,1
9,0,38,1,3585,81,23,25,3,1,1,30,238.64,0
4,0,36,1,2900,25,5,16,3,1,1,30,137.0,0
13,0,39,1,14483,180,8,44,3,1,1,30,618.52,0
5,0,35,0,13593,161,0,39,3,1,1,30,550.16,0
5,0,38,0,305,6,7,2,4,1,2,45,25.275,1
1,0,36,0,2980,22,485,9,3,1,1,30,2060.08,0
6,0,37,0,1858,25,7,4,3,1,1,30,103.32,0
3,1,3,0,3078,52,11,31,2,1,2,25,296.282,1
19,1,32,0,624,13,8,40,3,1,2,30,403.429,1
24,0,39,3,14735,220,36,34,3,1,1,30,742.2,0
17,0,37,5,7980,133,286,35,3,2,1,30,1468.52,0
0,0,37,0,1263,20,0,8,4,1,1,45,32.075,0
10,0,34,1,3005,57,172,21,2,1,1,25,911.79,0
26,0,40,2,14845,221,40,19,3,1,1,30,762.64,0
12,1,11,0,884,5,35,15,2,1,2,30,245.836,1
11,0,39,0,2941,9,76,16,3,1,1,30,121.683,1
9,0,35,0,2990,41,9,16,3,1,2,30,157.24,1
8,0,38,0,4008,65,0,32,1,1,1,15,224.015,0
18,0,30,0,158,5,204,10,3,1,1,25,152.28,1
12,1,38,0,2768,64,9,6,3,1,2,25,103.242,1
5,0,40,1,2800,23,469,9,3,1,1,30,1988.92,0
4,0,36,0,1743,49,334,24,2,1,1,25,1583.64,0
22,0,18,2,7102,152,93,42,2,2,1,25,744.93,0
7,0,26,2,0,57,39,7,2,1,2,25,310.824,1
9,0,37,1,6043,93,7,9,3,1,1,30,273.44,0
18,0,30,0,3867,0,37,37,2,1,2,30,987.255,1
5,0,36,1,6965,105,25,27,5,1,1,55,143.55,0
8,0,24,2,2080,34,45,20,3,1,1,30,264.56,0
2,0,25,0,898,59,33,22,2,1,2,45,219.145,1
0,0,39,0,7283,123,387,45,2,1,1,25,2074.77,0
34,0,40,0,2797,18,67,28,3,1,2,25,141.921,1
7,0,37,1,11465,154,11,47,4,1,1,45,317.975,0
9,0,35,1,2905,51,171,20,2,1,1,25,902.52,0
4,0,38,0,133,66,18,4,4,1,1,25,188.071,1
31,0,29,1,1576,30,23,30,2,1,2,30,261.067,1
4,0,3,0,124,11,43,0,3,1,2,45,234.923,1
6,0,28,0,402,30,28,1,5,1,2,45,71.17,1
0,0,28,0,0,0,0,0,3,1,2,30,0.0,1
7,0,7,0,660,13,56,0,3,1,2,30,264.569,1
3,0,20,0,241,9,25,26,3,1,1,30,0.0,1
1,1,11,0,0,20,58,48,2,1,1,30,151.468,1
5,0,38,0,438,8,7,4,3,1,2,30,45.84,1
15,1,30,1,405,45,10,24,3,1,1,30,33.561,1
1,0,30,0,905,12,31,7,4,1,2,45,100.425,0
5,0,33,0,4023,82,1,29,2,1,1,25,189.225,0
3,0,39,0,990,19,0,10,2,1,2,25,45.405,0
4,0,33,0,0,50,0,10,3,2,1,25,87.163,1
30,1,40,0,374,28,12,31,2,1,2,30,233.273,1
4,0,25,0,205,18,0,2,2,1,2,25,10.035,0
5,0,39,3,758,16,43,8,5,1,1,55,76.11,0
23,0,32,0,840,41,0,13,2,1,2,25,39.645,1
0,0,27,0,2535,10,0,11,3,1,1,30,101.8,0
0,0,25,0,820,29,177,6,2,2,1,25,834.705,0
19,0,19,2,6507,146,83,41,2,2,1,25,672.885,0
9,0,40,1,6033,100,5,11,3,1,1,30,265.32,0
13,1,6,3,1084,24,25,45,4,1,2,30,137.819,1
1,0,33,0,2360,41,136,17,2,1,1,25,720.045,0
7,0,13,0,4530,34,1,5,3,2,1,25,66.117,1
16,1,27,4,857,64,25,8,3,1,1,25,26.516,1
22,1,30,0,1715,42,25,9,3,1,2,30,170.28,1
14,0,43,2,5000,97,20,32,3,1,1,30,283.88,0
2,0,30,0,0,22,10,5,2,1,2,25,155.265,1
4,0,37,0,6118,65,87,22,2,1,1,25,669.735,0
0,0,32,0,450,4,0,2,2,1,2,25,20.43,0
0,0,33,0,1875,25,267,11,3,1,1,30,1144.0,0
5,0,37,0,1370,40,24,7,3,1,2,30,152.4,0
2,0,33,0,33,18,62,41,3,1,1,30,67.852,1
4,0,26,0,1568,39,30,68,4,1,1,45,115.175,0
12,0,35,0,2543,54,7,18,3,1,2,30,131.88,0
0,0,37,0,1683,47,0,33,1,1,1,15,95.15,0
6,0,21,0,440,15,0,1,2,1,2,25,20.475,0
18,0,39,3,9420,127,151,45,3,1,1,30,985.88,0
1,1,3,0,33,51,12,19,3,1,2,25,422.4,1
14,0,40,2,5010,90,18,30,3,1,1,30,276.0,0
8,0,33,1,6763,71,100,33,2,1,1,25,757.53,0
9,1,38,0,2238,54,8,17,3,1,2,30,123.68,0
22,1,30,0,1448,20,32,0,3,1,2,30,138.538,1
5,0,38,0,1065,14,7,9,2,1,2,25,80.055,0
10,1,30,0,490,3,13,48,3,1,2,25,35.415,1
5,0,34,0,305,6,7,2,4,1,2,45,25.275,1
4,0,38,0,2051,14,53,43,3,2,1,25,116.73,1
0,0,35,0,3183,49,0,33,1,1,1,15,177.76,0
23,0,36,8,10680,96,7,42,5,1,1,55,172.14,0
9,0,38,0,1038,18,28,19,3,1,2,30,154.24,1
16,0,41,3,4195,94,71,34,3,1,1,30,455.56,0
8,0,15,0,8333,161,52,25,4,1,1,45,342.35,0
0,0,37,0,275,4,0,1,2,1,2,25,12.555,0
34,1,25,0,3,6,28,10,2,1,2,30,323.858,1
11,0,18,4,2967,50,29,18,3,1,1,30,236.68,0
14,0,38,5,7330,125,283,37,3,2,1,30,1430.2,0
3,1,30,0,3807,16,11,0,3,1,1,45,9.846,1
1,1,4,0,1130,56,14,23,3,1,2,25,41.849,1
2,0,35,0,0,0,25,48,3,1,1,25,526.723,1
0,0,32,0,2133,48,0,27,1,1,1,15,119.955,0
5,0,6,1,4695,40,214,11,3,1,1,30,1045.4,0
6,0,40,3,2769,13,44,24,2,1,2,25,71.197,1
21,0,32,8,10480,89,7,38,5,1,1,55,169.035,0
21,1,35,0,2993,51,66,6,2,1,2,30,317.201,1
0,0,34,0,1363,19,0,4,3,1,1,30,55.28,0
11,0,36,1,0,36,10,42,3,1,2,45,122.142,1
6,0,38,0,5918,95,7,12,3,1,1,30,268.52,0
15,0,36,6,7870,132,299,50,3,2,1,30,1516.08,0
5,0,14,1,1740,22,20,10,2,1,1,25,169.29,0
7,0,9,0,8673,161,58,34,4,1,1,45,365.85,0
1,0,41,2,0,0,0,48,2,2,2,45,51.791,1
14,0,39,1,15790,188,157,32,2,1,1,25,1425.51,0
34,1,27,0,1470,9,14,10,2,2,2,30,0.0,1
5,0,32,0,3390,74,15,22,2,1,1,25,223.38,0
12,0,17,0,0,3,3,1,3,1,2,30,289.541,1
1,0,4,0,1487,13,0,6,2,1,1,25,67.5,1
3,1,33,0,0,24,2,37,2,1,2,25,123.968,1
30,1,9,0,1298,44,85,4,2,1,1,45,34.807,1
14,0,37,0,2458,44,9,29,3,1,2,30,136.08,1
6,0,37,1,6528,74,99,34,2,1,1,25,742.59,0
26,1,32,0,1080,45,12,14,3,1,2,30,93.0,1
3,1,9,0,0,16,72,10,3,1,1,30,35.696,1
19,1,33,0,945,59,204,28,4,1,1,30,279.318,1
1,0,7,2,4685,44,229,23,3,1,1,30,1105.16,0
18,0,16,1,9642,182,81,40,5,1,1,55,268.86,0
0,0,6,0,1582,61,73,23,2,1,1,25,92.509,1
10,0,34,5,7565,126,292,48,2,2,1,25,1660.095,0
14,1,38,0,2573,50,41,33,4,1,2,45,168.075,1
7,0,39,0,495,7,16,5,2,1,2,25,94.59,1
0,0,31,0,405,2,0,5,2,1,2,25,18.315,0
0,0,35,0,0,0,0,0,4,1,1,45,0.0,0
17,1,39,2,3355,50,21,20,3,1,1,30,220.2,1
12,0,25,0,0,23,11,5,3,1,2,30,152.66,1
9,0,30,0,3730,65,29,31,3,1,2,25,57.386,1
0,0,37,0,2535,22,1,13,3,1,1,30,106.28,0
1,0,37,1,0,51,64,45,3,1,2,25,143.144,1
3,0,27,0,0,5,3,33,2,1,2,25,94.585,1
17,0,38,2,3422,53,14,8,3,1,2,25,522.461,1
0,0,23,0,0,0,0,0,4,1,2,45,0.0,0
3,1,31,2,5029,21,29,45,4,1,1,30,237.632,1
0,0,33,0,3298,70,0,22,2,1,1,25,151.56,0
7,1,33,0,0,17,25,1,2,2,1,25,125.703,1
1,1,23,0,0,51,36,35,2,1,2,25,425.841,1
3,0,37,1,0,12,64,7,2,2,2,25,96.955,1
7,1,38,2,302,8,16,12,3,1,2,25,38.032,1
16,0,42,1,15970,196,168,37,2,1,1,25,1483.47,0
9,0,44,0,0,20,29,37,2,2,1,30,140.046,1
7,0,28,0,1320,17,37,8,4,1,2,45,125.925,0
7,0,40,1,2860,55,185,27,2,1,1,25,963.675,0
1,0,32,0,4130,75,0,19,3,1,1,30,168.2,0
7,0,37,0,15240,179,148,30,2,1,1,25,1359.855,0
27,1,38,3,0,29,19,32,3,1,2,30,55.053,1
0,0,7,0,4085,34,208,8,3,1,1,30,996.76,0
0,0,26,1,1125,36,218,13,2,2,1,25,1033.245,0
5,0,33,1,6975,98,23,25,5,1,1,55,140.595,0
5,0,42,0,738,17,46,10,3,1,2,30,214.2,0
13,1,36,0,1260,7,11,21,3,1,1,30,187.086,1
9,0,40,0,4075,67,7,4,3,1,1,30,193.68,0
4,0,41,0,13468,169,1,43,3,1,1,30,549.48,0
21,0,40,3,14915,221,57,34,3,1,1,30,833.44,0
6,0,37,0,5803,89,0,8,2,1,1,25,265.14,0
23,0,36,0,1403,66,19,9,2,1,2,25,257.427,1
0,0,26,0,4088,0,34,40,4,1,2,30,136.962,1
4,0,32,0,223,15,1,0,3,1,2,25,97.074,1
3,1,43,0,153,68,46,47,4,1,2,30,86.882,1
34,1,30,0,0,26,0,28,3,1,1,30,173.164,1
0,1,25,0,2688,53,37,48,2,1,2,45,334.755,1
9,1,6,0,0,64,87,21,2,1,1,25,60.442,1
13,0,37,2,9115,121,144,43,3,1,1,30,945.44,0
12,0,12,0,891,24,50,20,2,1,2,55,182.905,1
20,0,43,3,6123,110,41,27,3,1,1,30,413.32,0
3,0,24,0,171,75,14,3,3,1,2,25,136.895,1
11,0,34,1,3820,78,24,24,3,1,1,30,251.92,0
34,1,33,0,0,43,35,7,2,1,2,45,81.723,1
1,1,38,1,183,63,39,9,2,1,2,30,300.754,1
25,0,27,3,16120,234,7,76,2,1,1,25,767.43,0
0,0,36,0,1333,38,0,4,3,1,2,30,54.84,0
18,0,29,2,15580,231,0,75,2,1,1,25,711.495,0
8,0,36,0,2970,54,184,26,2,1,1,25,964.08,0
5,0,26,0,1070,13,23,3,4,1,2,45,84.575,0
9,0,37,1,11655,155,20,50,4,1,1,45,345.25,0
15,1,31,0,5487,0,63,10,3,1,1,30,415.343,1
10,0,42,1,7993,141,402,50,3,1,1,30,1933.36,0
1,0,41,1,2790,27,484,7,3,1,1,30,2048.68,0
2,1,37,0,1792,53,26,18,4,1,2,30,506.637,1
17,0,17,1,9237,177,80,42,5,1,1,55,261.21,0
0,0,3,0,1227,95,65,40,3,1,2,25,258.148,1
1,0,36,0,5613,89,0,10,2,1,1,25,256.59,0
0,0,25,0,635,10,46,5,4,1,2,45,131.125,0
0,1,33,0,0,0,0,0,2,1,2,25,0.0,1
3,0,36,0,105,35,0,4,3,1,2,25,93.193,1
8,0,36,2,8925,121,169,45,3,1,1,30,1037.84,0
20,0,36,2,14835,219,47,30,3,1,1,30,790.16,0
15,1,7,1,0,0,12,3,4,1,2,25,127.863,1
3,1,38,0,30,62,1,29,2,1,2,45,95.34,1
9,0,35,0,2990,41,9,16,3,1,2,30,157.24,1
0,0,12,0,1310,18,11,8,2,1,1,25,109.26,0
3,0,35,0,1665,44,38,20,3,1,2,30,220.36,0
16,0,36,0,14235,209,26,15,3,1,1,30,681.76,0
4,0,36,0,0,100,39,48,3,1,1,30,40.465,1
12,0,27,1,0,2,7,27,3,1,2,45,150.8,1
13,0,34,0,2758,60,358,25,2,1,1,25,1737.81,0
0,0,36,0,1540,46,42,23,3,1,2,30,231.44,0
0,0,34,0,923,11,23,17,4,1,2,45,80.85,1
0,0,34,0,0,0,0,0,3,1,1,30,0.0,0
12,1,14,0,2267,8,42,48,2,1,2,25,162.423,1
10,1,27,0,0,53,49,27,2,1,1,25,179.371,1
12,1,38,1,0,68,34,32,3,1,2,30,56.847,1
2,1,4,0,0,18,43,24,3,1,1,30,564.556,1
9,0,20,4,2933,47,41,23,3,1,1,30,283.2,0
12,0,39,0,3589,16,30,23,2,1,2,45,384.572,1
8,0,10,1,1678,19,7,5,3,1,1,30,95.88,1
25,0,38,3,15140,225,54,32,3,1,1,30,830.6,0
5,0,33,0,920,10,7,7,2,1,2,25,73.35,0
0,0,36,0,438,6,0,1,4,1,2,45,11.1,1
4,0,32,1,1847,45,5,8,2,1,1,25,76.29,1
0,0,36,0,3118,72,0,13,2,1,1,25,143.55,0
0,0,3,0,3513,20,20,17,2,1,2,30,118.415,1
0,0,28,0,1360,32,23,17,3,1,2,30,147.68,0
3,1,27,0,0,5,2,46,3,1,1,30,52.797,1
12,0,42,1,2453,66,367,25,3,1,1,30,1568.76,0
0,0,27,2,0,4,17,48,4,1,2,25,80.647,1
14,1,13,0,0,100,0,2,3,1,1,55,43.58,1
12,0,39,2,11770,160,18,49,4,1,1,45,343.25,0
6,1,33,2,3030,8,3,3,4,1,2,25,74.327,1
16,0,35,0,0,10,49,3,4,1,2,45,40.889,1
2,1,32,2,614,50,9,11,2,1,2,25,224.488,1
1,0,34,0,29,60,204,26,2,1,2,25,487.86,1
6,1,34,0,5793,42,26,33,3,1,2,45,315.333,1
7,0,29,2,1430,41,191,10,3,2,1,30,822.84,0
15,0,40,1,4503,72,8,37,1,1,1,15,295.625,0
15,1,36,0,0,51,0,0,2,1,2,30,428.686,1
0,0,35,0,1170,18,14,24,2,1,2,25,116.46,0
16,1,38,0,2763,51,50,36,4,1,2,45,195.35,1
4,0,44,0,163,11,204,20,3,1,1,30,60.197,1
21,1,28,0,955,41,8,16,2,1,2,25,80.82,1
12,1,37,0,0,0,22,18,3,1,1,30,339.165,1
0,0,37,0,1650,28,260,18,3,1,1,30,1107.12,0
7,0,43,0,933,19,24,7,4,1,2,45,83.8,1
15,0,35,2,0,0,17,7,2,1,2,25,85.23,1
0,0,36,1,338,4,4,2,5,1,1,55,11.13,0
11,0,39,2,3890,88,64,32,3,1,1,30,415.12,0
6,0,12,0,0,47,44,48,2,1,1,25,446.889,1
0,0,34,0,0,0,0,0,5,1,1,55,0.0,0
0,0,37,0,630,11,0,11,2,1,1,25,28.845,0
19,1,40,0,878,50,65,11,4,2,1,30,0.0,1
0,0,40,4,0,57,14,31,2,1,2,45,281.609,1
5,0,38,2,6785,103,22,23,5,1,1,55,136.32,0
7,0,42,1,5998,97,17,16,3,1,1,30,311.8,0
9,1,39,0,2353,60,40,21,3,1,2,30,256.52,0
10,0,43,1,0,9,40,44,3,1,2,30,328.052,1
15,0,41,3,11830,163,23,51,4,1,1,45,357.325,0
2,0,44,0,6123,41,28,10,3,1,1,25,123.304,1
25,1,11,0,1082,2,17,23,3,2,1,45,83.33,1
14,1,44,0,2306,0,36,23,4,1,2,30,197.649,1
10,1,35,0,0,41,35,35,4,1,1,30,246.525,1
16,0,40,0,2733,61,24,22,3,1,2,30,207.76,0
9,1,38,0,2238,54,8,17,3,1,2,30,123.68,0
4,0,33,0,2685,35,2,14,2,1,2,25,131.4,1
11,1,27,0,11,46,4,7,3,1,2,30,126.34,1
22,1,34,0,0,41,12,8,2,1,2,25,448.677,1
4,1,5,3,1336,52,10,23,4,1,1,30,68.338,1
0,1,30,0,0,0,0,0,5,1,1,55,0.0,1
0,1,28,0,0,12,14,2,2,1,1,25,243.673,1
0,0,27,0,700,12,25,6,4,1,2,45,80.3,0
9,1,36,0,0,2,24,5,2,1,2,30,187.74,1
3,0,38,0,99,64,1,14,2,2,1,30,108.519,1
5,1,5,0,1533,15,7,3,3,1,1,30,89.92,1
1,1,40,0,2330,0,36,12,2,1,2,45,100.234,1
0,0,7,0,4085,34,208,8,3,1,1,30,996.76,0
8,0,32,0,2188,42,24,27,3,1,2,30,185.2,1
4,1,29,1,388,0,78,20,3,1,1,30,0.0,1
21,0,25,0,1237,14,22,8,3,1,1,30,106.332,1
16,0,43,2,2838,68,376,30,3,1,1,30,1620.24,0
2,0,33,0,2088,51,347,20,2,1,1,25,1657.755,0
2,0,4,1,0,17,14,9,2,1,1,30,244.137,1
0,0,40,1,2870,23,486,10,3,1,1,30,2059.72,0
14,0,38,2,4798,76,22,50,1,1,1,15,389.07,0
3,1,26,0,549,5,11,6,3,1,2,25,4.171,1
19,0,3,0,2515,36,204,37,4,1,1,25,329.681,1
2,0,31,0,1933,42,0,14,3,1,2,30,79.0,0
0,0,26,0,2275,6,0,6,3,1,1,30,91.24,0
22,0,34,0,550,42,0,19,3,1,2,30,23.68,1
8,0,40,3,703,13,16,6,5,1,1,55,34.74,0
15,0,36,1,6008,99,35,27,2,1,1,25,432.315,1
4,0,36,1,236,2,9,44,2,1,2,55,167.292,1
5,0,8,0,0,18,13,17,2,1,2,25,44.233,1
10,1,14,0,180,43,35,48,3,1,1,25,465.111,1
13,0,17,3,3043,45,7,17,3,1,1,30,151.52,0
2,0,37,0,722,37,11,43,2,1,2,30,106.534,1
11,0,39,2,2030,53,50,24,4,1,1,45,177.075,0
0,0,37,0,248,8,32,6,3,1,2,30,138.24,1
15,0,30,3,2330,53,208,13,3,2,1,30,927.32,0
21,1,25,0,3297,59,12,43,2,1,2,30,271.026,1
3,1,14,0,0,13,41,48,2,1,1,25,546.291,1
6,0,37,0,1780,49,36,19,3,1,2,30,217.16,0
1,1,37,0,0,25,16,5,3,1,2,25,77.879,1
4,0,42,2,592,18,65,18,4,1,1,25,0.0,1
3,0,8,0,5162,100,1,30,3,1,2,30,39.769,1
11,1,37,0,0,0,16,48,3,1,2,30,291.233,1
5,0,36,0,305,6,7,2,2,1,2,25,45.495,1
34,0,33,2,823,66,5,48,2,1,2,30,213.295,1
6,0,26,1,1813,42,32,68,4,1,1,45,126.375,0
1,0,10,0,1268,68,31,23,3,1,2,30,229.195,1
1,0,42,0,1322,10,14,8,4,1,2,25,193.562,1
20,0,37,8,10030,88,0,44,5,1,1,55,151.77,0
0,0,31,0,3718,76,0,27,2,1,1,25,170.73,0
0,0,34,0,5485,69,154,24,3,1,1,30,838.16,0
19,1,3,1,682,57,2,16,3,1,1,25,53.497,1
16,0,34,0,0,52,13,43,2,1,2,45,263.693,1
9,1,33,0,0,52,204,10,2,1,2,30,119.088,1
8,0,32,0,2453,54,351,23,2,1,1,25,1692.315,0
12,0,32,1,0,5,77,41,3,1,2,25,379.328,1
2,0,26,0,1015,11,30,6,4,1,2,45,100.65,0
18,0,33,2,14655,211,36,25,3,1,1,30,738.64,0
5,0,38,0,955,17,15,8,3,1,2,30,98.88,0
0,0,29,0,10900,138,0,39,3,1,1,30,441.52,0
12,0,39,4,7405,102,214,43,3,1,1,30,1156.28,0
2,0,36,0,2870,66,4,11,2,1,1,25,150.12,0
2,0,3,0,833,59,25,16,3,2,2,30,158.313,1
26,0,42,4,15220,227,64,36,3,2,1,30,873.88,0
16,0,17,1,6392,141,85,42,2,2,1,25,676.485,0
8,1,41,0,6123,35,45,39,4,1,2,25,160.014,1
22,1,40,3,524,29,204,8,2,1,2,25,87.606,1
19,0,36,8,10190,90,0,42,4,1,1,45,257.0,0
4,0,41,2,6580,88,196,30,3,1,1,30,1050.72,0
2,1,28,0,3913,22,37,0,2,1,1,30,116.169,1
3,0,40,0,0,56,26,22,2,1,2,30,41.092,1
17,0,39,2,4485,93,40,28,3,1,1,30,343.12,0
13,1,38,0,6123,100,30,36,3,1,2,30,102.999,1
20,0,11,0,0,25,25,40,4,1,1,25,158.66,1
2,0,22,0,1650,30,36,18,2,1,1,25,237.6,0
0,0,22,0,1203,30,18,64,4,1,1,45,75.825,0
3,0,38,0,2393,58,2,33,1,1,1,15,145.805,0
14,0,4,1,244,57,3,48,3,1,2,30,4.654,1
1,0,26,0,0,17,73,40,2,1,1,30,0.0,1
6,0,29,0,5513,86,11,21,2,1,1,25,301.455,1
11,1,36,0,2458,45,43,34,3,1,2,30,272.12,1
22,0,24,1,266,53,0,5,3,1,1,30,131.887,1
17,0,33,0,1085,33,27,13,3,1,2,30,152.72,0
1,0,36,0,3293,50,0,18,1,1,1,15,183.865,0
17,0,38,0,0,69,31,4,4,1,2,25,72.992,1
0,0,29,0,2840,16,0,13,3,1,1,30,114.24,0
10,1,29,0,0,0,14,23,4,1,2,30,314.797,1
32,0,41,0,181,50,15,42,2,1,1,45,384.247,1
1,0,34,2,0,0,8,3,2,1,1,45,152.578,1
0,0,34,0,2028,49,0,29,1,1,1,15,114.235,0
26,0,33,2,15780,234,7,67,2,1,1,25,752.13,0
8,1,12,3,1908,31,39,13,3,1,1,30,233.56,1
0,0,32,0,1935,6,0,2,3,1,1,30,77.64,0
0,0,41,0,830,18,8,15,2,1,2,25,74.16,0
8,1,11,2,1793,25,7,9,3,1,1,30,100.72,1
5,1,30,0,36,0,10,24,2,1,2,25,164.417,1
12,0,39,2,11770,160,18,49,4,1,1,45,343.25,0
0,1,43,0,179,22,16,28,2,1,2,30,242.244,1
20,0,41,0,715,40,33,24,4,1,2,25,188.206,1
10,0,3,0,0,57,54,20,3,1,1,30,140.333,1
1,0,38,0,2203,57,0,30,1,1,1,15,124.3,0
11,1,33,1,5638,90,15,19,2,1,1,25,325.26,1
17,0,42,1,2938,74,377,31,3,1,1,30,1628.48,0
1,0,37,0,7318,126,375,40,2,1,1,25,2022.48,0
16,1,43,0,2573,56,49,34,4,1,2,45,188.225,1
0,0,30,0,531,24,68,19,2,1,2,30,82.297,1
6,1,32,2,0,20,7,7,2,2,1,25,544.287,1
8,0,35,1,8810,115,137,41,3,1,1,30,905.0,0
34,0,26,0,0,37,44,42,3,1,2,30,126.525,1
7,0,28,0,920,32,20,12,2,1,1,25,132.84,0
23,1,33,0,955,47,16,17,2,1,2,25,117.09,1
8,0,33,0,15405,180,140,26,2,1,1,25,1331.325,0
2,0,40,1,2858,41,14,3,4,1,1,25,44.548,1
14,0,44,2,4755,79,22,23,3,1,1,30,281.36,0
1,1,28,0,92,38,35,10,3,1,2,30,354.364,1
7,0,33,0,307,25,3,8,3,1,2,25,251.882,1
3,1,39,0,461,34,39,17,2,2,1,25,61.316,1
9,0,31,0,3035,37,7,12,3,1,2,30,150.88,1
6,0,36,1,7633,125,380,40,3,1,1,30,1830.32,0
7,0,32,0,15485,176,142,29,2,1,1,25,1343.745,0
5,0,34,1,3140,23,475,4,3,1,1,30,2026.52,0
15,0,26,0,1415,32,7,11,2,1,1,25,96.615,0
2,0,40,1,1748,27,10,10,4,1,1,45,69.375,0
2,0,42,0,0,17,70,19,2,1,1,25,356.313,1
10,0,31,1,2421,44,25,8,2,1,2,45,243.003,1
3,0,38,0,1931,41,39,48,3,1,2,30,100.106,1
1,0,3,0,6123,100,2,6,4,1,1,45,296.441,1
25,0,35,3,16030,242,8,84,2,1,1,25,768.24,0
1,0,37,0,3313,77,0,30,3,1,1,30,135.6,0
14,1,44,0,2498,64,23,23,3,1,2,30,194.48,0
0,0,24,0,1120,14,35,16,4,1,2,45,115.85,0
4,0,24,0,515,21,0,13,2,1,1,25,24.12,0
1,1,3,0,577,48,13,34,4,1,2,30,221.578,1
11,0,42,1,15485,188,158,31,2,1,1,25,1416.285,0
11,1,44,0,2562,53,66,39,2,1,2,30,164.296,1
11,0,34,2,8935,113,133,38,3,1,1,30,893.92,0
20,0,36,0,1032,5,41,35,3,1,1,30,436.906,1
19,1,40,0,353,11,37,45,3,1,1,45,455.48,1
3,0,35,2,6840,118,275,36,2,2,1,25,1550.61,0
0,0,32,0,263,1,0,1,3,1,2,30,10.56,1
8,1,43,4,356,40,43,44,2,1,1,25,337.79,1
9,0,16,0,8808,173,77,43,4,1,1,45,417.025,0
3,0,35,0,1558,33,9,31,3,1,2,30,99.64,1
32,0,45,5,15445,237,69,35,3,2,1,30,903.28,0
16,0,33,6,10015,81,0,36,4,1,1,45,252.4,0
3,0,37,0,7508,127,384,43,2,1,1,25,2071.575,0
0,0,7,1,698,11,44,11,3,1,1,25,89.972,1
8,0,38,0,3953,63,0,35,1,1,1,15,220.88,0
11,1,39,1,930,46,7,42,3,1,2,30,349.963,1
10,0,42,0,4153,70,9,39,1,1,1,15,281.765,0
0,0,32,0,2100,29,270,12,3,1,1,30,1165.16,0
0,0,7,1,2116,51,13,12,3,1,1,25,47.921,1
9,0,35,0,2153,38,2,27,3,1,2,30,95.64,1
9,0,33,0,3775,76,24,27,2,1,1,25,281.295,0
1,0,34,0,2809,13,23,46,4,1,2,25,0.0,1
13,0,44,2,14158,177,17,50,3,1,1,30,641.4,0
22,0,39,2,15015,227,58,35,3,1,1,30,841.68,0
2,1,4,1,0,13,22,7,3,1,1,25,88.449,1
6,0,9,0,8548,163,56,34,4,1,1,45,357.775,0
5,0,32,0,305,6,7,2,3,1,2,30,40.44,1
22,0,28,0,4312,23,37,0,2,1,1,25,161.237,1
20,0,3,0,0,42,22,14,3,1,2,30,136.521,1
5,0,24,0,1035,32,44,15,2,1,1,25,246.015,0
0,0,16,0,1390,20,21,12,2,1,1,25,157.95,0
3,0,39,0,0,65,13,48,3,1,2,25,105.648,1
0,0,7,0,4275,35,217,11,3,1,1,30,1040.4,0
25,1,7,0,0,22,16,2,3,1,2,25,0.0,1
7,0,33,0,6638,73,98,33,2,1,1,25,742.995,0
3,1,26,0,181,30,14,0,2,1,2,25,503.273,1
8,0,42,0,4325,75,13,21,3,1,1,30,228.0,0
1,0,13,0,702,39,204,48,2,1,2,25,246.747,1
22,0,33,0,0,11,12,35,3,1,2,30,248.567,1
12,0,12,0,1486,6,21,11,3,1,1,25,204.537,1
7,0,13,0,0,13,17,30,3,1,2,45,114.239,1
0,1,26,0,909,59,30,28,3,1,2,25,281.86,1
3,0,33,1,0,10,13,11,3,1,2,30,100.669,1
20,0,44,4,9420,133,159,46,3,1,1,30,1018.12,0
8,0,25,0,640,22,5,5,2,1,2,25,52.29,0
0,0,36,0,383,4,7,4,4,1,1,45,27.175,1
24,0,32,0,688,65,5,28,3,1,2,25,325.886,1
0,0,12,0,1435,16,13,8,2,1,1,25,123.795,0
3,0,32,0,419,32,30,5,5,1,1,30,79.306,1
3,1,26,0,0,41,0,0,2,1,2,30,108.433,1
4,0,34,0,2070,49,39,18,3,1,2,30,240.76,0
10,0,38,1,4615,74,7,17,3,1,1,30,215.56,0
4,0,35,1,1808,17,38,8,3,1,2,45,213.41,1
31,0,44,5,15525,233,71,38,3,1,1,30,914.32,0
6,1,34,0,0,48,2,20,3,1,2,30,26.363,1
21,0,3,1,2914,44,7,18,2,1,2,30,57.059,1
0,0,36,0,5013,79,0,13,2,1,1,25,229.14,0
24,0,39,3,6833,115,41,26,3,1,1,30,441.92,0
5,0,25,1,3470,64,10,23,3,1,1,30,181.36,0
11,1,44,0,2261,18,9,0,2,1,2,25,38.756,1
8,0,34,1,6975,97,7,20,4,1,1,45,194.3,0
13,1,33,0,6123,88,29,0,2,1,2,30,194.881,1
2,1,8,0,218,44,15,48,2,2,2,30,349.37,1
0,1,26,2,0,11,0,19,4,1,2,30,121.639,1
30,0,3,0,2405,12,9,2,3,1,1,45,142.404,1
7,0,39,0,900,14,7,6,2,1,2,25,72.63,0
0,0,3,0,0,59,10,7,3,1,1,30,448.064,1
1,0,15,0,0,34,56,10,4,1,2,30,71.161,1
6,0,31,1,1568,45,38,69,5,1,1,55,81.195,0
13,0,41,1,3955,90,43,33,3,1,1,30,333.8,0
0,1,35,2,4572,16,38,29,2,1,2,25,462.934,1
13,0,28,0,978,41,38,44,3,1,1,45,158.19,1
26,0,25,3,6958,157,107,50,2,2,1,25,801.675,0
0,1,31,1,911,34,48,18,3,1,2,25,211.445,1
21,0,19,2,6697,147,92,44,2,2,1,25,721.98,0
5,0,41,0,305,6,7,2,3,1,2,30,40.44,0
19,1,34,0,314,60,72,4,2,1,2,45,236.395,1
13,0,38,1,3965,83,41,31,3,1,1,30,325.92,0
10,0,43,1,2878,72,20,40,2,1,1,25,222.75,0
10,0,36,1,6143,99,7,10,3,1,1,30,277.68,0
0,1,15,0,0,22,27,3,4,1,1,45,95.002,1
0,1,36,0,50,0,6,22,2,1,2,30,546.815,1
9,0,33,0,2373,58,349,20,2,1,1,25,1679.895,0
5,0,29,1,1020,32,179,2,3,2,1,30,758.08,0
4,0,20,0,395,13,0,4,2,1,2,25,18.36,0
34,1,36,0,1970,64,31,19,3,2,2,30,205.36,1
12,0,37,1,3490,64,183,23,2,1,1,25,983.43,0
16,0,44,2,3345,69,197,31,2,1,1,25,1040.13,0
11,0,40,0,2990,47,17,17,3,1,2,30,189.48,1
4,0,36,1,2064,65,76,34,4,1,2,30,221.63,1
4,1,29,0,940,47,3,4,2,1,2,30,987.255,1
1,0,35,0,1548,44,331,7,2,1,1,25,1561.14,0
17,1,41,0,0,11,4,32,2,1,1,30,552.295,1
2,0,42,0,875,20,8,12,2,1,2,25,76.275,0
3,0,14,0,0,7,13,2,3,1,2,30,86.659,1
18,0,39,3,16390,198,178,47,2,1,1,25,1547.46,0
12,0,43,2,11725,164,26,53,4,1,1,45,362.225,0
1,0,40,0,885,36,15,23,3,1,1,30,409.74,1
13,0,39,2,7023,81,115,39,2,1,1,25,837.18,0
3,0,9,0,1384,69,38,6,4,1,1,30,541.123,1
25,1,31,3,16075,238,0,80,2,1,1,25,734.085,0
16,1,3,0,0,68,10,3,3,1,2,25,147.481,1
34,0,3,3,304,64,36,12,2,1,1,25,42.861,1
18,1,44,0,1705,66,49,41,3,1,2,30,429.369,1
6,0,42,1,1928,35,15,12,4,1,1,45,86.575,0
17,1,35,2,0,43,0,34,2,1,2,25,97.99,1
11,0,36,1,4740,87,7,23,3,1,1,30,221.08,0
18,0,37,1,6008,98,7,22,2,1,1,25,306.27,1
7,0,42,2,2053,33,17,12,4,1,1,45,94.65,0
6,1,32,2,0,7,16,3,2,1,2,30,0.0,1
3,0,34,0,3410,73,20,24,2,1,1,25,246.735,0
11,0,36,0,2579,38,204,5,3,1,1,25,117.742,1
7,0,35,0,2665,39,284,19,3,1,1,30,1244.16,0
0,0,25,0,0,0,0,0,4,1,2,45,0.0,0
21,0,38,0,0,25,3,0,3,1,2,25,270.271,1
22,1,28,0,3381,55,80,0,2,1,2,30,11.704,1
2,1,3,0,0,35,39,33,3,1,1,55,357.234,1
14,0,40,2,3145,62,187,27,2,1,1,25,985.815,0
29,0,34,3,436,100,28,0,3,1,2,45,92.703,1
34,1,36,0,0,52,0,32,2,1,1,30,0.0,1
1,0,24,0,1453,34,32,69,4,1,1,45,117.175,0
10,0,42,2,6985,100,204,33,3,1,1,30,1099.4,0
20,0,3,3,846,51,42,47,2,1,1,25,63.232,1
24,1,25,1,0,23,19,30,4,1,2,25,119.402,1
5,1,37,0,2766,11,8,3,5,1,2,25,864.294,1
19,1,23,0,0,6,7,11,2,1,2,30,280.635,1
2,0,27,0,0,51,17,33,2,1,1,30,182.033,1
15,0,41,2,4618,78,40,41,1,1,1,15,478.28,0
16,0,26,1,1935,43,27,13,2,1,1,25,210.51,0
2,0,8,0,537,45,18,27,2,1,2,25,0.0,1
3,0,36,1,752,37,15,26,4,1,2,30,269.396,1
10,0,38,0,4198,66,1,35,1,1,1,15,240.02,0
5,0,35,0,6603,70,110,38,2,1,1,25,795.285,0
1,0,35,0,1033,12,10,2,4,1,2,45,51.125,1
0,0,26,0,2419,50,16,23,3,1,1,25,395.113,1
6,0,35,1,8620,114,128,38,3,1,1,30,861.36,0
21,0,41,2,5213,83,16,37,1,1,1,15,379.28,0
7,1,39,0,0,38,25,12,2,1,1,25,141.004,1
9,0,39,0,2550,39,260,16,3,1,1,30,1143.56,0
7,0,13,0,8627,165,66,38,4,1,1,45,384.8,0
5,0,37,0,1120,17,7,11,2,1,2,25,82.665,0
0,1,21,0,351,25,5,48,3,1,2,25,12.977,1
0,0,32,1,0,0,11,30,2,1,2,25,101.279,1
5,1,35,3,5281,13,24,29,4,2,2,45,0.0,1
0,1,34,0,0,0,0,0,3,1,2,30,0.0,1
34,0,34,0,2752,24,36,32,2,1,1,30,418.893,1
9,0,29,2,1620,42,200,13,3,2,1,30,866.48,0
13,0,17,3,2053,35,22,15,3,1,1,30,171.52,1
0,1,34,0,0,0,0,0,4,1,2,45,0.0,1
2,0,26,0,1332,100,33,6,3,1,2,30,123.513,1
15,0,40,0,270,0,13,9,3,1,2,45,117.066,1
14,0,22,5,3238,53,48,25,3,2,1,30,323.64,0
22,0,32,2,15950,240,4,83,2,1,1,25,746.55,0
3,1,39,0,6123,13,3,26,4,1,2,25,278.679,1
13,0,33,3,0,60,57,24,2,2,2,25,344.356,1
6,0,27,1,1560,39,195,11,2,2,1,25,949.455,0
5,0,24,0,305,6,18,2,4,1,2,45,52.775,0
6,1,8,0,217,48,18,4,2,1,2,30,195.739,1
2,0,33,0,2360,33,277,17,3,1,1,30,1203.72,0
0,0,39,0,0,0,0,0,2,1,2,25,0.0,1
1,0,33,0,15120,173,138,26,2,1,1,25,1309.185,0
0,0,24,0,300,19,161,9,2,2,1,25,738.855,0
11,1,40,4,7225,126,286,39,3,2,1,30,1438.04,0
9,0,44,0,3800,25,32,28,3,1,2,45,68.311,1
0,0,29,0,6420,88,2,18,4,1,1,45,167.7,0
18,0,39,0,1717,15,9,47,3,1,1,25,24.565,1
3,0,34,0,3030,23,9,17,3,1,1,30,158.12,0
0,0,17,0,2660,45,0,15,3,1,1,30,108.2,0
0,0,3,0,526,0,72,4,2,1,1,25,289.238,1
18,1,31,0,650,41,9,15,2,1,2,25,71.595,1
15,0,39,1,2758,66,366,26,3,1,1,30,1576.96,0
5,0,39,0,1048,19,48,10,4,1,2,45,146.675,1
23,0,29,0,1000,43,8,13,2,1,2,25,82.935,1
0,0,24,0,1263,33,23,66,4,1,1,45,89.9,0
34,0,31,0,300,61,15,15,3,1,2,30,127.23,1
21,1,30,0,775,39,5,12,2,1,2,25,59.13,1
19,1,4,0,0,16,77,41,3,1,1,30,313.705,1
1,1,20,0,64,0,45,18,2,1,1,30,0.0,1
18,0,42,2,6078,108,41,30,2,1,1,25,462.87,0
2,0,38,0,0,57,9,41,2,1,2,30,104.461,1
9,0,39,0,3793,61,0,37,1,1,1,15,211.97,0
3,1,22,1,0,52,9,9,3,1,1,25,172.837,1
4,1,3,0,1166,46,0,13,3,1,2,25,3.657,1
2,1,38,1,0,55,44,40,4,1,1,30,287.811,1
0,0,36,0,1068,15,0,3,3,1,1,30,43.32,0
0,0,37,0,0,0,0,0,2,1,2,25,0.0,0
0,0,7,0,1182,13,0,5,2,1,1,25,53.775,1
15,0,28,2,1645,44,58,19,2,1,1,25,337.005,0
19,0,35,0,730,43,19,19,2,1,2,25,120.285,1
7,0,28,1,1628,42,35,70,4,1,1,45,129.25,0
3,0,3,2,5197,14,13,47,3,1,2,30,73.508,1
9,0,27,0,1758,39,7,66,4,1,1,45,62.425,0
9,0,38,1,4705,84,11,28,3,1,1,30,235.56,0
2,0,38,0,5318,85,0,15,2,1,1,25,243.135,0
7,1,25,0,2963,23,4,10,2,1,2,45,144.566,1
4,0,33,0,3290,68,14,21,2,1,1,25,214.11,0
2,0,21,0,860,23,7,9,2,1,1,25,71.235,0
15,0,38,3,4375,92,53,43,3,1,1,30,390.68,0
0,0,28,0,0,0,0,0,3,1,1,30,0.0,0
22,0,36,2,15025,220,56,33,3,1,1,30,833.8,0
0,0,42,0,106,0,33,0,2,1,2,30,87.722,1
34,1,41,1,0,40,9,46,2,1,2,45,28.717,1
19,0,33,0,55,0,32,21,4,1,1,25,9.16,1
0,0,30,0,3805,55,0,9,2,1,1,25,173.7,0
5,0,38,0,305,6,7,2,5,1,1,55,15.165,0
3,0,22,3,1806,64,204,27,3,1,1,25,292.191,1
20,0,32,7,10355,91,0,38,4,1,1,45,261.15,0
0,0,36,0,2055,33,278,16,3,1,1,30,1195.52,0
0,1,7,0,844,6,38,22,3,1,1,30,0.0,1
8,0,33,0,3285,45,23,29,2,1,2,25,253.35,1
11,0,23,1,0,19,81,25,2,1,2,30,65.626,1
0,0,27,0,1100,28,16,12,3,1,2,30,109.12,0
3,0,12,2,493,13,28,22,4,1,2,30,196.665,1
12,1,36,0,1366,20,19,42,3,1,1,45,574.223,1
8,0,39,1,7813,133,391,45,3,1,1,30,1881.84,0
21,0,17,3,9838,187,101,57,5,1,1,55,301.875,0
0,1,30,0,977,59,36,37,4,2,2,25,46.772,1
16,0,17,1,6393,141,85,42,2,2,1,25,676.53,0
4,0,31,0,0,3,15,40,3,1,2,25,40.228,1
8,0,16,3,2852,45,31,19,3,1,1,30,239.88,0
0,0,36,0,0,0,0,0,3,1,1,30,0.0,1
0,0,30,0,5770,80,0,20,4,1,1,45,146.25,0
0,0,27,1,6660,104,256,30,2,2,1,25,1456.38,0
22,0,31,0,1250,51,30,30,2,1,2,25,193.545,1
14,1,37,0,3295,47,16,18,3,1,2,30,197.68,1
12,0,39,1,4705,83,7,23,3,1,1,30,219.52,0
0,0,27,0,6525,87,0,16,4,1,1,45,165.3,0
9,0,28,1,1505,36,168,9,2,2,1,25,825.345,0
9,0,40,2,3400,33,490,10,3,1,1,30,2097.32,0
15,0,42,3,9115,127,152,44,3,1,1,30,977.68,0
5,0,42,0,393,12,15,8,3,1,2,30,76.2,1
34,1,29,2,0,50,62,44,2,1,2,25,287.415,1
8,0,39,0,1420,25,21,8,3,1,2,30,141.8,0
0,0,31,0,1053,14,5,6,4,1,2,25,101.947,1
1,1,12,0,438,0,16,38,2,1,2,30,101.232,1
3,0,28,0,0,34,36,31,3,1,1,45,62.004,1
11,0,15,0,6087,135,78,40,1,2,1,15,771.21,0
7,0,36,0,4083,61,3,36,1,1,1,15,244.42,0
5,0,33,1,2965,20,7,11,3,1,1,30,147.4,0
23,1,17,1,0,58,19,19,2,1,1,25,235.895,1
0,0,31,1,58,16,10,46,2,1,2,25,141.94,1
9,1,32,0,2313,40,26,27,3,1,2,30,198.12,1
11,0,44,1,6178,105,22,18,3,1,1,30,339.32,0
8,0,34,1,4415,67,7,13,3,1,1,30,207.28,0
21,1,40,8,10390,97,9,46,5,2,1,55,170.805,0
12,1,34,0,3115,39,7,13,3,1,2,30,154.16,1
8,0,38,1,6690,86,161,24,3,1,1,30,915.04,0
1,1,9,1,1243,16,0,7,3,1,1,30,50.36,1
0,0,33,0,2610,13,465,1,3,1,1,30,1964.92,0
3,0,34,0,1550,38,6,16,3,1,2,30,87.52,0
20,1,40,0,2955,65,27,17,2,1,2,25,75.663,1
11,0,30,0,3714,4,40,42,5,1,2,45,13.454,1
1,0,44,0,0,41,1,0,2,1,2,45,40.106,1
12,1,30,1,1096,10,39,48,4,1,1,45,240.092,1
3,0,37,0,4180,71,30,19,3,1,1,30,290.04,0
14,1,41,0,3250,51,24,22,3,1,2,30,228.04,1
23,1,33,0,955,47,16,17,2,1,2,25,117.09,1
4,0,27,1,1315,36,193,11,2,2,1,25,929.295,0
5,0,9,1,4635,43,217,10,3,1,1,30,1055.12,0
26,0,35,4,16155,240,10,84,2,1,1,25,782.775,0
23,0,30,0,0,0,22,27,2,1,2,25,43.008,1
2,1,9,0,316,11,9,46,3,1,2,30,206.094,1
2,1,41,0,3153,55,204,20,4,1,1,30,336.456,1
12,0,29,0,1288,7,28,1,3,1,2,30,108.301,1
21,0,35,7,10320,87,0,38,4,2,1,45,260.175,0
7,1,17,0,138,2,2,17,3,1,1,30,30.792,1
34,0,12,0,0,15,77,32,3,1,1,25,167.412,1
1,0,34,0,1873,45,0,13,3,1,2,30,76.72,0
