17,0,17,1,9237,177,80,42,5,1,1,55,261.21,0
0,0,37,0,0,0,0,0,2,1,2,25,0.0,1
0,0,3,0,1182,7,0,4,2,1,1,25,53.505,1
0,0,25,0,1010,30,186,9,2,2,1,25,883.8,0
0,0,36,0,12868,153,0,27,3,1,1,30,520.84,0
18,1,31,0,650,41,9,15,2,1,2,25,71.595,1
4,0,34,0,1981,45,0,0,2,1,2,25,141.459,1
0,0,36,0,3528,81,0,25,2,1,1,25,162.405,0
12,0,35,0,2393,42,30,28,4,1,2,45,135.875,1
11,0,40,1,4430,74,10,19,3,1,1,30,220.16,0
23,0,19,2,6887,148,101,47,2,2,1,25,771.075,0
13,0,45,1,667,100,0,15,2,1,1,25,184.724,1
2,0,41,2,338,10,12,3,5,1,1,55,23.22,0
14,0,36,0,381,55,10,4,3,1,2,25,121.162,1
0,1,45,0,296,24,1,21,2,1,2,30,50.529,1
1,0,37,0,3313,77,0,30,3,1,1,30,135.6,0
15,1,28,1,1352,64,3,3,3,1,2,30,41.794,1
30,0,39,3,15330,225,29,30,3,1,1,30,738.2,0
0,0,22,0,0,0,11,0,4,1,2,45,27.5,0
9,0,40,0,2223,48,42,35,3,1,2,30,258.84,1
6,0,41,3,1372,100,1,1,2,1,2,30,224.954,1
10,0,44,2,7813,139,399,46,3,1,1,30,1914.08,0
3,1,33,1,1425,35,5,14,3,1,1,25,286.079,1
16,0,29,0,15170,222,0,63,2,1,1,25,692.64,0
12,0,39,1,6628,106,15,12,3,1,1,30,329.36,0
15,0,43,1,4855,85,23,24,3,1,1,30,289.6,0
10,0,42,1,7993,141,402,50,3,1,1,30,1933.36,0
14,0,39,2,11960,161,27,52,4,1,1,45,370.525,0
0,1,37,0,850,100,26,0,3,1,2,25,0.0,1
0,0,12,0,796,72,9,0,3,1,1,30,119.055,1
4,0,36,0,13713,166,0,42,3,1,1,30,555.16,0
1,0,40,0,832,0,30,4,3,1,2,30,52.285,1
0,1,3,3,0,4,55,0,4,1,2,25,247.342,1
6,0,40,0,15180,182,151,29,2,1,1,25,1370.79,0
15,0,39,1,2758,66,366,26,3,1,1,30,1576.96,0
0,0,12,1,4085,40,216,9,3,1,1,30,1029.0,0
4,0,32,1,7190,102,15,20,4,1,1,45,219.8,0
8,0,15,2,2738,39,0,15,3,1,1,30,111.08,0
6,0,38,0,710,11,8,2,2,1,2,25,68.445,1
6,0,39,0,2228,56,362,26,2,1,1,25,1731.78,0
11,1,37,0,1363,53,10,0,4,1,1,30,137.855,1
0,0,33,0,0,0,0,0,2,1,2,25,0.0,0
30,1,43,0,1975,46,0,0,3,1,2,45,91.297,1
0,0,40,1,6195,86,187,25,3,1,1,30,999.24,0
9,0,45,0,5616,53,0,4,2,1,1,30,77.302,1
0,0,28,0,2920,61,9,22,3,1,1,30,155.24,0
5,1,44,0,0,40,0,0,3,1,2,25,124.482,1
12,0,40,2,4820,89,9,27,3,1,1,30,232.36,0
7,0,19,0,0,72,7,0,3,1,1,30,565.767,1
0,0,12,1,2488,36,19,15,3,1,1,30,176.96,0
15,0,38,3,3685,69,203,40,2,1,1,25,1082.43,0
18,0,39,3,6238,110,65,30,3,1,1,30,513.92,0
23,0,31,3,15830,235,0,80,2,1,1,25,722.925,0
7,0,38,1,4515,83,2,25,3,1,1,30,191.92,0
2,0,36,0,3718,82,2,28,2,1,1,25,180.0,0
16,0,39,1,3965,82,7,26,3,1,1,30,189.88,0
11,0,13,1,9228,175,87,53,4,1,1,45,452.575,0
5,0,40,0,420,12,39,6,3,1,2,30,173.28,1
24,1,42,0,0,52,0,0,4,1,2,30,0.0,1
9,0,38,0,13963,170,9,47,3,1,1,30,601.32,0
13,0,18,4,3158,51,38,21,3,2,1,30,280.36,0
2,0,33,0,0,8,36,5,3,1,2,25,205.249,1
19,0,33,8,10255,85,0,37,5,1,1,55,155.1,0
0,0,36,0,2088,52,0,31,1,1,1,15,117.7,0
13,1,37,0,355,56,4,30,3,1,1,25,4.65,1
3,0,38,0,248,7,0,1,3,1,2,30,10.2,1
9,0,39,0,0,55,9,3,2,1,2,30,141.469,1
11,0,40,0,1615,30,41,25,3,1,2,30,229.8,0
0,0,43,3,698,66,0,0,5,1,2,25,0.0,1
14,0,36,3,7800,114,29,24,5,1,1,55,162.21,0
12,0,37,1,4180,87,33,26,3,1,1,30,302.68,0
0,0,37,0,0,0,0,0,3,1,2,30,0.0,1
15,1,29,0,0,11,0,0,2,1,2,30,76.217,1
3,1,35,3,5199,100,0,0,2,1,1,25,131.973,1
0,0,9,0,920,17,0,2,3,1,1,30,354.778,1
19,1,29,4,923,98,20,1,2,1,2,45,247.843,1
0,0,32,0,1854,86,0,1,2,1,2,30,67.327,1
0,1,32,0,2007,25,0,3,3,1,2,25,218.461,1
0,0,26,0,1523,42,39,0,3,1,1,30,0.0,1
0,0,33,0,13288,155,0,37,3,1,1,30,537.72,0
26,0,38,9,10740,99,8,44,5,1,1,55,174.585,0
34,0,39,0,0,36,2,2,3,1,2,45,287.786,1
21,1,36,8,10435,93,1,42,5,1,1,55,159.42,0
0,0,33,0,760,28,10,3,3,1,2,30,71.52,0
10,0,3,0,0,87,29,0,3,1,2,30,420.425,1
5,0,27,1,3285,64,13,25,3,1,1,30,185.96,0
4,0,13,2,1568,21,10,11,3,1,1,30,103.56,1
10,0,10,0,0,44,4,11,2,1,1,30,30.536,1
0,0,9,1,4200,39,206,7,3,1,1,30,993.56,0
0,0,42,0,0,46,0,4,2,1,2,25,0.0,1
9,1,39,0,2353,60,40,21,3,1,2,30,256.52,0
0,0,28,0,1303,15,0,16,4,1,2,25,2.303,1
0,0,3,0,0,49,0,0,3,1,1,45,211.732,1
22,1,3,0,0,37,0,0,2,1,2,25,60.943,1
14,0,43,1,15745,192,165,36,2,1,1,25,1459.665,0
11,0,43,0,30,27,0,0,3,1,2,30,37.514,1
7,0,39,0,3965,66,0,19,3,1,1,30,161.24,0
0,1,26,0,0,34,57,18,2,1,2,30,0.0,1
2,0,36,0,6008,64,83,37,2,1,1,25,646.74,0
8,1,45,1,4688,28,6,0,3,1,1,30,266.688,1
0,0,37,2,516,72,0,2,2,1,2,30,152.168,1
5,1,38,0,139,40,23,0,3,1,2,25,55.309,1
0,1,22,0,924,17,14,29,4,1,2,30,106.797,1
8,0,37,1,4428,93,10,28,3,1,1,30,220.84,0
13,0,37,2,16085,192,171,45,2,1,1,25,1501.965,0
34,1,36,0,1970,64,31,19,3,2,2,30,205.36,1
11,0,42,1,15485,188,158,31,2,1,1,25,1416.285,0
18,0,30,0,505,18,2,0,2,2,2,30,251.466,1
0,0,34,0,1173,18,0,1,3,1,1,30,47.64,0
1,1,25,0,814,56,0,0,4,1,1,30,193.437,1
0,0,37,0,0,0,0,0,2,1,2,25,0.0,0
18,0,37,7,10310,95,5,45,4,2,1,45,272.625,0
0,0,36,0,0,0,1,0,2,1,2,25,4.5,1
0,0,32,0,325,6,0,2,2,1,2,25,14.895,0
5,0,36,1,6965,105,25,27,5,1,1,55,143.55,0
0,0,38,0,0,72,0,24,3,1,1,25,39.651,1
3,0,37,0,1330,20,3,0,2,1,1,55,250.127,1
0,0,38,0,470,9,0,13,2,1,2,25,21.555,0
0,0,33,0,1253,27,2,29,3,1,2,30,59.2,1
1,1,26,2,0,0,0,0,2,2,2,25,0.0,1
5,0,38,0,933,13,16,6,4,1,2,45,63.65,1
32,0,39,10,11450,110,16,44,5,1,1,55,197.4,0
5,0,38,1,3833,87,0,27,3,1,1,30,156.8,0
7,1,33,0,2088,36,23,26,3,1,2,30,176.96,1
15,0,18,1,5987,136,67,44,2,2,1,25,577.035,0
3,0,13,2,4470,42,225,14,3,1,1,30,1080.48,0
0,0,7,0,1428,16,0,5,3,1,1,30,57.76,1
8,0,37,3,7145,124,282,38,2,2,1,25,1596.105,0
12,1,3,0,505,4,19,0,3,1,2,30,53.801,1
20,0,36,2,14835,219,47,30,3,1,1,30,790.16,0
0,1,29,0,823,66,8,9,3,1,2,25,238.854,1
6,1,37,0,2143,46,38,34,3,1,2,30,239.56,1
9,0,38,1,14018,172,7,44,3,1,1,30,595.6,0
1,0,10,0,264,26,24,4,3,1,2,25,331.422,1
5,1,35,0,305,6,7,2,3,1,2,30,40.44,1
11,0,38,3,5115,93,23,40,3,1,1,30,300.32,0
5,0,8,0,8627,159,58,37,4,1,1,45,364.65,0
4,0,24,0,515,21,0,13,2,1,1,25,24.12,0
0,1,24,0,1153,76,12,0,3,1,2,30,52.933,1
3,0,40,1,3798,84,12,32,3,1,1,30,203.28,0
0,0,35,0,0,0,0,0,2,1,2,25,0.0,1
1,0,45,0,0,71,0,32,4,1,1,30,409.359,1
0,1,41,0,2000,100,0,0,4,1,2,45,0.0,1
6,0,39,0,13368,164,0,46,3,1,1,30,541.28,0
29,1,40,10,10800,102,13,46,5,2,1,55,183.03,0
10,0,40,1,13888,174,0,43,3,1,1,30,562.48,0
12,0,19,0,8888,175,81,44,4,1,1,45,429.075,0
5,0,38,0,2583,59,11,36,1,1,1,15,205.81,0
0,1,11,0,0,65,0,0,2,1,2,45,118.181,1
12,1,29,0,2503,70,8,3,2,1,2,45,0.0,1
4,0,16,1,2253,35,10,4,3,1,1,30,131.52,0
0,0,40,0,88,6,8,6,3,1,2,30,35.76,1
4,0,23,1,1695,32,36,15,3,1,1,30,213.08,0
11,1,33,1,5638,90,15,19,2,1,1,25,325.26,1
11,0,26,0,585,19,0,3,2,1,2,25,27.18,0
4,0,36,0,7913,132,385,41,2,1,1,25,2094.525,0
1,0,33,0,2360,41,136,17,2,1,1,25,720.045,0
0,0,36,0,2790,21,476,6,3,1,1,30,2016.44,0
3,1,8,0,1373,13,0,3,2,1,1,25,62.37,1
2,0,35,1,2915,19,472,3,3,1,1,30,2005.36,0
14,0,43,1,14258,183,18,51,3,1,1,30,649.64,0
16,0,40,2,4080,88,39,30,3,1,1,30,322.72,0
6,0,25,2,3825,71,29,38,3,1,1,30,271.84,0
0,0,21,0,930,28,176,5,2,2,1,25,835.11,0
15,1,18,1,1999,52,0,8,3,1,2,45,0.0,1
0,0,36,0,2615,18,3,16,3,1,1,30,117.32,0
1,0,30,0,2520,43,160,17,2,1,1,25,835.335,0
11,0,28,1,2063,46,46,73,5,1,1,55,100.635,0
0,0,30,0,0,0,0,0,3,1,1,30,0.0,0
4,0,28,0,3405,69,19,28,3,1,1,30,214.96,0
24,0,34,2,15060,223,44,28,3,1,1,30,787.32,0
13,1,43,0,826,5,0,0,2,1,2,30,49.414,1
0,0,36,0,2055,33,278,16,3,1,1,30,1195.52,0
10,1,30,0,725,33,0,0,3,1,2,30,0.0,1
10,1,27,3,0,31,9,2,5,1,1,45,17.869,1
4,0,37,0,3488,55,0,35,1,1,1,15,194.865,0
5,0,33,0,0,17,0,20,4,1,1,30,0.0,1
0,1,35,0,1239,77,0,0,2,1,2,45,176.048,1
6,0,42,0,518,10,17,8,3,1,2,30,89.12,1
5,0,40,0,305,6,7,2,2,1,2,25,45.495,0
0,0,25,0,1807,46,4,20,3,1,2,30,149.247,1
4,1,38,0,347,35,56,32,3,1,2,25,175.189,1
5,0,17,1,1820,24,24,11,3,1,1,30,169.76,0
3,0,35,1,0,100,5,0,3,1,2,25,206.198,1
0,0,33,0,710,8,5,7,2,1,2,25,54.81,0
0,0,3,2,339,1,6,12,4,1,2,45,207.845,1
0,1,40,0,0,0,2,5,3,1,1,30,0.602,1
4,0,27,1,1315,36,193,11,2,2,1,25,929.295,0
12,0,37,2,3855,39,15,16,3,1,1,30,215.76,0
0,0,30,0,0,0,0,0,2,1,2,25,0.0,0
6,0,39,2,6615,91,184,25,3,1,1,30,1004.24,0
5,0,39,0,305,6,7,2,2,1,2,25,45.495,1
9,1,36,0,3105,47,41,20,3,1,2,30,290.08,1
3,1,35,0,2587,0,0,8,3,1,2,30,87.697,1
9,0,22,0,700,19,2,6,2,1,2,25,41.355,0
0,0,33,0,3298,70,0,22,2,1,1,25,151.56,0
4,1,32,1,1259,55,0,2,3,1,2,25,28.017,1
11,0,37,0,4603,71,2,33,1,1,1,15,268.07,0
8,0,34,0,5513,92,19,22,2,1,1,25,337.725,1
0,0,34,0,0,0,0,0,4,1,1,45,0.0,0
2,1,18,0,1080,46,0,11,3,1,1,45,142.391,1
3,1,34,0,2280,30,0,16,2,1,2,25,103.95,1
0,0,24,0,581,59,0,0,3,1,2,45,127.876,1
34,0,27,0,2842,58,0,0,2,1,2,25,0.0,1
2,0,21,0,1568,33,22,67,4,1,1,45,95.025,0
3,0,15,3,2663,45,56,21,3,1,1,30,332.32,0
4,1,27,0,3655,54,7,16,4,1,2,30,0.0,1
26,1,32,0,1080,45,12,14,3,1,2,30,93.0,1
6,0,38,0,5918,95,7,12,3,1,1,30,268.52,0
3,0,37,0,2655,55,179,26,2,1,1,25,927.45,0
0,0,26,0,2275,6,0,6,3,1,1,30,91.24,0
0,1,33,2,0,21,0,0,4,1,2,45,0.0,1
0,0,36,0,1423,22,0,6,3,1,1,30,57.8,0
22,0,36,2,15025,220,56,33,3,1,1,30,833.8,0
7,1,43,0,0,25,31,9,3,1,2,30,0.0,1
2,0,38,1,0,14,0,1,3,1,2,25,11.889,1
10,0,31,1,1446,3,9,8,2,1,2,30,121.235,1
8,0,38,0,4008,65,0,32,1,1,1,15,224.015,0
1,1,42,0,689,40,0,0,4,1,1,45,35.684,1
0,1,34,0,0,0,0,0,3,1,2,30,0.0,1
2,0,29,0,1005,18,32,8,4,1,2,45,105.575,0
25,0,34,3,15185,221,46,28,3,1,1,30,800.24,0
8,0,29,0,0,55,8,4,2,1,1,25,59.328,1
0,1,30,0,918,37,6,4,2,1,2,25,73.773,1
19,0,16,2,6518,139,81,39,2,2,1,25,664.065,0
3,0,34,0,2720,50,170,21,2,1,1,25,889.65,0
5,0,37,0,3065,71,7,28,3,1,1,30,153.44,0
21,0,35,0,1265,41,32,15,3,1,2,30,180.24,0
11,0,18,4,2913,48,36,21,3,1,1,30,262.44,0
0,0,7,0,10,36,29,8,2,1,2,30,135.973,1
27,0,38,3,15330,226,63,35,3,1,1,30,874.24,0
13,0,39,1,14483,180,8,44,3,1,1,30,618.52,0
6,0,27,0,1535,21,29,3,4,1,2,45,111.4,0
21,0,32,8,10480,89,7,38,5,1,1,55,169.035,0
3,0,33,0,438,2,0,3,3,1,2,30,17.6,1
3,0,38,0,3915,73,0,10,3,1,1,30,159.52,0
0,0,32,0,2133,48,0,27,1,1,1,15,119.955,0
14,0,35,1,2678,64,356,22,3,1,1,30,1533.68,0
5,0,33,1,2965,20,7,11,3,1,1,30,147.4,0
17,1,11,0,0,100,5,31,3,1,2,25,124.365,1
4,1,36,0,140,27,0,1,2,1,1,25,147.302,1
0,1,42,0,471,100,11,14,3,1,2,25,14.422,1
9,0,37,0,15485,182,150,30,2,1,1,25,1380.015,0
0,0,36,0,383,4,7,4,4,1,1,45,27.175,1
6,1,35,0,822,33,6,12,2,1,2,45,23.515,1
13,1,35,0,3590,51,30,31,3,1,2,30,265.64,1
3,0,14,2,2547,39,24,17,3,1,1,30,199.44,0
1,1,30,0,2521,12,0,3,3,1,1,45,180.358,1
13,0,22,0,1766,9,0,4,2,1,2,25,134.27,1
11,0,39,3,1353,21,19,4,5,1,1,55,49.11,0
0,0,31,0,0,64,8,5,2,1,2,30,126.124,1
3,1,29,0,586,71,30,0,3,1,2,30,100.897,1
16,0,13,1,9158,175,70,38,5,1,1,55,244.995,0
6,1,36,0,2123,49,10,18,3,1,2,30,126.88,0
16,0,28,0,890,25,7,5,2,1,2,25,72.675,0
7,0,38,0,628,9,16,7,3,1,2,30,89.48,1
0,0,37,0,1615,52,7,0,4,1,1,25,172.55,1
0,0,21,0,2860,52,0,19,3,1,1,30,116.48,0
10,0,16,3,3098,48,33,19,3,1,1,30,257.84,0
17,0,41,2,6933,112,22,14,3,1,1,30,369.8,0
3,0,22,0,1488,37,20,64,4,1,1,45,88.125,0
0,1,34,0,323,1,2,2,4,1,2,45,13.1,1
8,1,36,3,0,52,8,7,2,1,2,25,223.079,1
4,1,35,0,0,69,0,0,3,1,2,25,325.158,1
1,0,28,0,0,55,0,30,3,1,2,30,0.0,1
3,0,38,2,6615,92,218,30,3,1,1,30,1140.28,0
0,1,37,0,0,28,24,0,3,1,2,25,13.45,1
13,0,46,2,2958,74,24,41,2,1,1,25,244.44,0
3,0,38,1,193,5,5,4,3,1,1,30,27.92,1
24,1,37,0,1035,49,26,21,3,1,2,30,147.36,1
0,1,42,2,1230,14,15,15,3,1,1,30,0.0,1
8,0,42,2,4103,90,19,34,3,1,1,30,243.72,0
0,1,35,0,0,0,0,0,2,1,2,25,0.0,1
0,0,35,0,1223,37,0,15,3,1,2,30,50.4,0
1,0,35,0,0,10,9,0,3,1,1,30,107.928,1
4,1,35,0,758,70,0,0,3,1,2,30,96.604,1
8,0,36,1,3335,29,16,19,3,1,1,30,198.56,0
8,1,39,0,856,19,13,0,3,1,1,30,37.391,1
0,0,35,0,12758,152,0,42,3,1,1,30,516.4,0
20,0,31,0,0,20,34,0,3,1,2,30,0.0,1
14,0,31,7,9950,79,0,35,4,1,1,45,250.725,0
9,0,27,1,3720,68,24,28,3,1,1,30,247.52,0
0,1,41,0,0,20,5,0,4,1,1,45,91.549,1
1,1,42,0,799,18,0,0,4,1,2,45,216.834,1
0,0,36,0,0,0,0,0,3,1,2,30,0.0,1
3,0,35,0,2302,15,5,6,4,1,2,30,125.913,1
8,0,25,0,227,68,8,2,3,1,2,25,65.378,1
9,0,23,1,1520,36,33,26,2,1,1,25,218.52,0
10,0,42,0,612,33,2,16,4,1,1,25,35.573,1
20,1,34,0,830,49,20,20,2,1,2,25,129.555,1
28,0,40,4,15200,228,59,34,3,1,1,30,853.12,0
0,0,30,0,0,0,204,0,3,1,1,25,0.0,1
17,0,3,0,0,75,0,0,4,1,1,25,164.396,1
12,0,37,1,3490,64,183,23,2,1,1,25,983.43,0
0,0,35,0,930,38,34,5,2,1,2,30,205.984,1
6,0,34,1,3943,86,7,26,3,1,1,30,189.16,0
11,0,38,3,4623,98,30,45,3,1,1,30,308.84,0
9,0,43,2,7893,135,401,49,3,1,1,30,1925.12,0
0,0,29,0,2840,16,0,13,3,1,1,30,114.24,0
0,0,17,0,985,15,3,14,2,1,1,25,58.5,0
0,0,27,0,700,12,25,6,4,1,2,45,80.3,0
0,0,32,0,10980,140,0,40,3,1,1,30,444.8,0
4,0,36,0,1933,48,1,15,3,1,2,30,83.24,0
0,0,29,0,6153,59,86,29,2,1,1,25,666.54,0
0,0,32,0,6015,72,168,19,3,1,1,30,915.48,0
5,0,36,0,3893,60,0,33,1,1,1,15,217.415,0
9,0,13,0,8873,168,68,38,4,1,1,45,396.025,0
4,0,36,0,15295,182,175,32,2,1,1,25,1483.965,0
8,0,41,2,3145,34,15,17,4,1,1,45,116.975,0
11,1,28,0,2075,13,17,4,3,1,2,30,84.339,1
0,0,23,0,2920,55,1,21,3,1,1,30,123.0,0
13,0,32,6,10070,84,0,38,4,1,1,45,253.85,0
1,1,32,0,0,100,0,0,2,1,2,25,65.466,1
0,0,30,0,780,14,29,7,4,1,2,45,92.35,0
0,1,43,0,0,45,14,26,4,1,1,30,37.368,1
0,0,36,1,6310,86,211,28,3,1,1,30,1099.84,0
4,0,30,0,1523,43,38,72,4,1,1,45,134.15,0
3,0,36,0,7393,121,352,39,2,1,1,25,1922.13,0
24,0,29,4,16370,242,14,93,2,1,1,25,810.54,0
0,0,23,0,0,0,0,0,4,1,2,45,0.0,0
6,0,33,0,2875,36,11,17,2,1,2,25,180.495,1
13,0,41,2,9070,125,152,47,3,1,1,30,975.8,0
1,0,34,0,0,14,0,0,3,1,1,25,0.0,1
7,0,29,0,432,0,12,16,3,1,2,30,40.005,1
0,0,17,0,660,16,0,5,2,1,1,25,30.42,0
6,0,36,0,3470,76,25,26,2,1,1,25,272.07,0
0,0,37,1,0,0,0,0,5,1,1,55,0.0,0
5,1,34,0,617,49,8,1,2,1,2,25,1.426,1
14,0,3,0,607,72,21,0,3,1,1,25,0.0,1
4,0,39,0,3898,90,13,33,2,1,1,25,237.96,0
6,0,38,0,4180,70,0,14,3,1,1,30,170.0,0
15,1,40,3,0,28,28,0,2,1,2,30,107.003,1
30,0,34,0,1395,86,0,15,2,1,2,30,264.095,1
0,0,29,0,14920,166,128,22,2,1,1,25,1254.87,0
5,0,41,0,3266,47,0,0,3,1,1,25,24.865,1
5,0,31,2,1395,38,203,15,2,2,1,25,977.985,0
2,1,34,0,0,29,0,0,2,1,2,25,29.223,1
0,0,36,0,2055,33,278,16,3,1,1,30,1195.52,0
0,0,37,0,5900,76,165,11,3,1,1,30,899.04,0
16,1,31,0,460,40,0,12,2,1,2,25,22.5,1
12,0,40,5,7350,124,288,39,3,2,1,30,1450.96,0
32,1,35,0,1860,63,44,34,3,1,2,30,252.92,1
2,0,18,0,1695,26,28,14,2,1,1,25,203.445,0
5,0,32,1,3763,78,7,24,2,1,1,25,204.345,0
2,1,40,0,0,44,0,5,3,1,2,30,515.691,1
22,0,44,1,0,19,0,0,2,1,2,30,87.422,1
1,1,40,0,3738,15,0,1,4,1,2,30,88.75,1
7,1,38,1,1746,9,0,16,2,1,2,25,172.838,1
14,0,36,0,0,100,0,1,2,1,2,45,156.13,1
0,1,35,0,1070,52,6,0,2,1,2,25,156.889,1
0,0,35,0,4903,78,0,10,2,1,1,25,224.145,0
12,0,17,0,5793,131,64,27,1,2,1,15,677.82,0
0,0,38,0,1360,44,39,19,3,1,2,30,212.16,0
3,0,29,0,8550,105,122,35,3,1,1,30,834.2,0
0,0,23,0,2320,45,0,6,3,1,1,30,94.6,0
6,1,41,0,1841,79,0,6,4,1,2,25,79.76,1
9,0,42,2,11465,160,19,48,4,1,1,45,338.125,0
15,1,35,0,639,47,0,35,3,1,2,25,0.0,1
14,0,33,0,111,10,0,0,3,1,1,45,0.0,1
18,0,32,0,1185,39,28,14,3,1,2,30,160.96,0
8,0,38,0,3953,63,0,35,1,1,1,15,220.88,0
4,0,31,0,2780,47,167,22,2,1,1,25,878.715,0
0,1,17,0,3810,39,26,29,2,1,2,25,192.06,1
15,0,9,1,580,22,0,2,4,1,1,30,62.067,1
14,1,32,0,0,6,29,0,3,1,2,30,59.692,1
8,0,19,1,2405,37,36,14,2,1,1,25,271.89,0
19,1,8,0,748,100,0,0,4,1,1,25,10.517,1
0,0,30,0,3458,72,0,22,2,1,1,25,158.85,0
14,0,32,0,175,45,0,20,2,1,1,45,60.693,1
6,0,38,1,1973,31,7,8,4,1,1,45,67.6,0
11,0,45,0,577,40,1,1,3,2,1,30,189.269,1
9,0,41,2,2780,51,324,24,4,1,1,45,880.775,0
7,0,29,2,1375,39,198,13,3,2,1,30,848.56,0
4,0,31,0,15225,172,135,24,2,1,1,25,1300.365,0
0,0,37,0,520,14,38,10,3,1,2,30,173.36,0
2,0,18,0,1695,26,28,14,2,1,1,25,203.445,0
0,0,27,4,65,71,0,0,2,1,2,30,59.762,1
5,1,34,0,0,48,35,16,3,1,2,30,451.998,1
17,0,38,1,0,56,23,0,3,1,1,45,0.0,1
0,0,33,0,0,0,0,0,2,1,2,25,0.0,0
0,0,34,0,0,42,4,4,4,1,2,45,38.035,1
0,0,37,0,1440,40,41,22,3,1,2,30,223.2,0
7,0,35,1,3550,33,8,14,3,1,1,30,175.32,0
11,0,40,1,2855,46,301,23,3,1,1,30,1320.04,0
5,0,11,2,4450,43,220,12,3,1,1,30,1059.72,0
2,1,37,0,0,17,0,3,3,1,2,30,93.189,1
14,1,37,0,3295,47,16,18,3,1,2,30,197.68,1
2,0,17,0,1070,26,0,19,4,1,2,25,77.776,1
2,1,40,0,1263,27,0,6,2,1,2,25,465.567,1
0,0,34,0,0,0,0,0,2,1,2,25,0.0,0
4,0,29,0,2730,31,0,10,2,1,2,25,124.245,1
4,0,31,0,3470,70,17,25,2,1,1,25,235.8,0
22,0,42,3,1326,2,9,0,2,1,2,30,10.778,1
5,0,40,1,770,17,18,10,3,1,1,30,103.48,0
1,0,38,0,2203,57,0,30,1,1,1,15,124.3,0
4,0,6,0,624,30,30,0,3,1,2,25,296.171,1
21,1,32,0,1030,43,13,0,4,2,1,25,142.692,1
12,0,5,0,0,66,7,37,3,1,2,45,58.046,1
0,0,40,4,66,97,2,2,3,1,2,30,97.254,1
1,0,37,2,820,54,0,0,3,1,2,25,120.724,1
14,0,5,0,0,21,0,20,2,1,1,25,5.882,1
0,0,34,0,13408,160,0,40,3,1,1,30,542.72,0
11,1,30,0,1587,31,30,17,2,1,2,30,93.14,1
0,0,36,0,2190,11,455,5,3,1,1,30,1908.04,0
2,1,33,0,179,68,0,0,3,1,2,30,16.038,1
9,1,32,1,0,21,0,3,3,1,2,45,105.385,1
20,1,5,0,0,93,0,22,3,2,2,30,124.107,1
3,0,32,0,6670,91,0,18,4,1,1,45,169.025,0
0,0,31,0,5517,0,8,23,4,1,2,25,82.204,1
1,1,45,0,186,8,11,6,2,1,1,25,379.559,1
3,0,34,0,2280,37,275,14,3,1,1,30,1192.68,0
2,1,12,0,1000,50,12,2,2,1,2,30,11.514,1
0,1,25,0,0,33,6,0,4,2,2,25,89.793,1
0,1,3,0,0,100,19,0,4,1,2,45,21.641,1
2,0,37,0,595,8,0,4,2,1,2,25,27.135,0
1,1,40,0,4996,100,8,15,3,1,2,25,349.303,1
6,0,40,0,1159,27,12,0,3,1,1,30,0.0,1
4,1,33,0,2685,35,2,14,2,1,2,25,131.4,1
5,0,9,1,4635,43,217,10,3,1,1,30,1055.12,0
9,1,30,3,0,44,11,29,4,2,2,30,49.298,1
8,1,34,0,2563,48,48,44,3,1,2,30,296.44,1
11,1,3,0,509,40,0,14,2,1,1,25,0.0,1
0,1,45,0,0,100,2,0,2,1,2,45,209.954,1
0,1,36,0,781,69,0,12,4,1,2,30,151.043,1
9,0,29,2,1620,42,200,13,3,2,1,30,866.48,0
0,0,35,0,10970,147,0,42,3,1,1,30,444.68,0
0,1,34,2,37,33,16,35,3,1,1,30,215.312,1
5,0,38,0,13583,168,0,41,3,1,1,30,550.04,0
0,0,3,0,0,72,12,0,3,1,1,30,243.285,1
0,0,12,2,846,27,0,2,3,1,2,45,0.0,1
0,0,34,0,5485,69,154,24,3,1,1,30,838.16,0
8,1,11,2,1793,25,7,9,3,1,1,30,100.72,1
8,0,15,0,8333,161,52,25,4,1,1,45,342.35,0
0,0,36,0,1455,23,257,1,3,1,1,30,1087.12,0
4,0,39,0,13648,171,4,47,3,1,1,30,568.76,0
2,0,45,2,4081,13,1,4,3,1,2,45,40.177,1
9,0,37,0,2123,48,0,13,3,1,2,30,86.84,0
7,0,26,0,1713,6,3,3,4,1,1,25,0.0,1
0,0,39,1,33,4,5,1,5,1,1,55,8.055,0
7,0,29,2,1430,41,191,10,3,2,1,30,822.84,0
0,0,34,0,1608,22,0,4,3,1,1,30,65.2,0
1,0,34,0,2840,22,0,14,3,1,1,30,114.48,0
8,0,41,0,3086,32,5,0,3,1,2,25,477.889,1
2,1,33,0,0,22,51,0,2,1,2,25,86.328,1
3,0,37,0,4180,71,30,19,3,1,1,30,290.04,0
7,0,24,0,0,17,4,0,3,1,2,45,33.755,1
1,0,40,0,1623,29,8,10,3,1,1,30,98.08,0
22,1,39,5,10020,137,172,60,3,1,1,30,1094.28,0
11,0,26,0,0,46,10,0,2,1,2,30,52.049,1
7,0,13,0,8628,165,66,38,4,1,1,45,384.825,0
7,0,19,0,1885,26,7,12,2,1,1,25,117.495,0
4,0,26,0,1425,20,42,18,4,1,2,45,141.125,0
1,0,34,1,553,65,17,39,3,1,2,30,226.332,1
5,0,10,0,8448,157,55,33,4,1,1,45,352.625,0
14,0,40,2,8523,144,399,45,3,1,1,30,1942.68,0
9,0,36,0,15370,176,118,26,2,1,1,25,1230.57,0
1,1,43,1,123,13,9,0,3,1,1,45,55.896,1
20,0,32,2,14880,215,39,26,3,1,1,30,759.8,0
0,0,36,0,0,72,25,8,2,1,1,25,27.777,1
5,0,29,0,1245,22,60,9,4,1,2,45,181.675,0
7,0,41,0,813,12,23,9,3,1,2,30,125.0,0
6,1,31,0,35,65,0,10,4,1,2,45,178.396,1
7,0,38,0,13773,169,0,44,3,1,1,30,557.68,0
0,0,29,0,0,66,0,20,2,1,2,25,256.956,1
0,0,41,0,5106,4,50,15,3,1,2,30,78.709,1
6,0,14,0,8222,160,48,40,4,1,1,45,329.55,0
2,0,38,0,710,14,13,8,3,1,2,30,80.96,0
0,0,33,0,0,20,5,17,3,1,1,30,0.0,1
5,0,38,0,0,17,4,6,2,1,1,45,77.359,1
7,0,33,0,2122,69,6,44,2,1,2,30,0.0,1
6,0,45,0,0,55,0,0,4,1,1,45,164.223,1
0,1,37,0,503,9,13,7,4,1,2,45,45.3,1
24,0,36,4,15435,229,68,45,3,2,1,30,898.56,0
2,0,34,0,2313,56,0,29,1,1,1,15,130.295,0
0,0,25,0,820,29,177,6,2,2,1,25,834.705,0
0,0,38,0,231,33,102,0,3,1,1,45,166.668,1
0,1,37,2,392,17,6,21,2,1,2,25,147.899,1
5,1,38,0,0,56,14,1,2,1,2,25,21.5,1
25,1,40,0,1472,9,0,0,3,1,2,30,79.347,1
0,1,40,0,2858,22,12,0,4,1,2,30,18.423,1
0,0,30,0,11160,142,0,44,3,1,1,30,452.08,0
0,0,37,0,685,13,0,8,2,1,2,25,31.41,0
0,1,38,0,3019,25,9,0,3,1,1,30,0.0,1
7,0,38,1,4023,88,9,30,3,1,1,30,200.44,0
6,0,41,0,625,97,5,0,2,1,1,45,0.0,1
0,0,37,0,1466,63,0,10,3,1,2,30,0.0,1
5,0,40,1,6413,75,109,36,2,1,1,25,782.46,0
0,0,23,0,0,45,10,17,4,1,2,30,31.148,1
9,0,42,1,4450,73,15,21,3,1,1,30,240.92,0
1,0,42,0,318,0,0,11,3,1,1,30,150.483,1
2,1,39,0,0,65,5,1,3,1,2,30,81.038,1
15,0,29,2,2583,56,45,70,5,1,1,55,107.085,0
0,0,45,0,0,66,14,6,4,1,2,30,153.538,1
0,0,16,0,1390,20,21,12,2,1,1,25,157.95,0
0,1,39,0,4512,11,26,0,2,1,2,30,153.27,1
0,0,19,0,750,20,171,3,2,2,1,25,804.15,0
15,0,42,2,14138,178,12,48,3,1,1,30,620.64,0
6,0,26,0,991,41,1,0,2,1,2,25,308.038,1
11,0,35,3,7155,116,246,31,2,2,1,25,1434.195,0
16,0,38,2,5878,101,31,26,2,1,1,25,408.555,0
2,1,36,0,6123,26,0,11,2,1,1,45,35.905,1
6,1,45,0,0,13,0,27,4,1,2,45,39.252,1
10,0,30,1,313,7,25,8,3,1,1,30,0.0,1
0,0,21,0,1083,25,12,61,4,1,1,45,57.7,0
0,0,31,1,1173,68,8,0,4,1,2,30,143.889,1
6,1,42,0,1013,15,26,10,4,1,2,45,90.7,1
8,0,31,1,8855,111,129,37,3,1,1,30,874.64,0
10,1,35,0,1395,57,1,17,3,1,2,45,0.0,1
0,0,29,0,520,10,22,2,4,1,2,45,68.25,0
6,0,37,1,2895,59,207,27,2,1,1,25,1064.43,0
0,0,35,0,87,74,0,5,3,1,2,25,92.049,1
15,0,36,6,7870,132,299,50,3,2,1,30,1516.08,0
0,0,31,0,0,47,0,0,3,1,1,25,112.709,1
1,1,30,1,503,0,0,1,5,1,2,25,14.2,1
3,0,6,1,933,73,0,0,3,1,2,45,0.0,1
5,0,35,0,305,6,7,2,4,1,2,45,25.275,1
7,0,11,2,4695,46,222,12,3,1,1,30,1077.64,0
6,0,43,0,385,8,17,6,2,1,2,25,94.185,1
0,0,33,0,1360,38,31,18,3,1,2,30,179.92,0
6,1,28,1,252,0,38,11,3,1,2,25,185.752,1
19,1,37,0,1605,21,56,3,3,1,2,45,101.761,1
1,0,41,0,955,16,10,15,2,1,2,25,88.695,0
4,0,39,0,4390,85,6,28,3,1,1,30,203.0,0
0,0,34,0,0,0,0,0,2,1,2,25,0.0,0
3,1,45,0,0,2,5,0,3,1,2,45,105.021,1
7,1,38,0,782,36,28,24,4,1,2,30,171.622,1
7,0,40,1,2860,55,185,27,2,1,1,25,963.675,0
0,1,33,0,0,54,5,0,2,1,2,30,0.0,1
6,0,45,0,703,13,24,10,3,1,2,30,124.64,0
7,0,40,1,2475,44,283,17,3,1,1,30,1232.76,0
8,1,4,0,1816,62,8,0,4,1,2,25,431.986,1
5,0,35,1,305,6,7,2,5,1,1,55,15.165,0
5,0,37,0,7698,128,393,46,2,1,1,25,2120.67,0
3,1,35,2,1370,49,0,16,3,1,1,30,0.0,1
8,1,35,0,3336,11,19,8,4,1,1,45,139.468,1
2,0,37,0,190,1,9,3,2,1,2,25,49.095,1
0,1,40,0,729,63,0,18,3,1,2,30,17.489,1
1,0,28,2,6705,106,256,27,2,2,1,25,1458.495,0
18,1,37,0,3895,57,37,33,3,1,2,30,306.08,1
0,0,37,0,0,0,0,0,2,1,2,25,0.0,0
4,0,41,1,7588,129,394,47,3,1,1,30,1884.68,0
5,0,36,0,305,6,7,2,2,1,2,25,45.495,1
0,1,33,0,0,28,9,2,3,1,2,25,285.214,1
3,1,34,0,838,29,2,25,2,1,1,25,249.22,1
4,0,33,0,5918,89,0,11,2,1,1,25,270.315,0
0,0,34,0,7088,115,345,37,2,1,1,25,1876.635,0
0,1,35,0,0,66,5,36,4,1,2,25,23.025,1
2,1,35,0,852,27,2,0,3,1,2,30,190.428,1
5,0,32,0,11465,148,3,46,3,1,1,30,476.52,0
7,0,35,0,5108,87,1,24,2,1,1,25,238.275,1
12,0,34,1,0,61,4,7,4,1,2,30,111.765,1
7,0,42,0,1360,28,18,18,2,1,2,25,143.46,0
11,0,37,2,8870,118,142,43,3,1,1,30,927.52,0
0,0,35,0,530,6,2,3,3,1,2,30,29.44,0
0,1,32,0,0,13,13,0,2,1,1,30,92.236,1
7,0,42,1,4470,87,10,29,3,1,1,30,222.28,0
8,0,41,0,6098,103,18,17,3,1,1,30,320.04,0
0,1,27,1,1197,36,0,0,3,2,1,25,296.179,1
0,0,26,0,635,9,12,1,4,1,2,45,46.1,0
0,0,5,2,853,14,0,0,3,1,2,30,208.686,1
2,1,21,0,290,71,0,10,3,1,2,30,32.611,1
25,1,15,0,259,29,9,6,2,1,1,30,178.372,1
5,0,38,0,13528,166,0,44,3,1,1,30,547.76,0
19,0,43,0,397,66,0,0,3,2,1,30,138.974,1
7,0,24,1,1620,36,192,12,2,2,1,25,938.52,0
2,0,43,2,0,67,0,0,3,1,2,25,134.845,1
16,1,3,0,714,58,2,0,3,1,2,45,397.324,1
0,0,44,0,1687,26,1,0,4,1,2,25,278.276,1
0,0,7,0,4085,34,208,8,3,1,1,30,996.76,0
4,0,21,0,1875,34,39,19,2,1,1,25,261.405,0
13,1,44,0,45,69,0,0,3,1,2,45,79.578,1
15,0,35,0,0,40,1,0,3,1,1,30,48.784,1
1,1,24,0,1236,0,0,6,2,1,2,30,199.373,1
9,0,33,4,7090,114,267,30,3,2,1,30,1356.16,0
0,0,34,0,2028,49,0,29,1,1,1,15,114.235,0
3,1,33,3,887,58,3,6,2,1,1,30,0.0,1
1,0,29,0,0,22,48,1,3,1,2,30,31.522,1
11,0,38,1,3775,82,32,28,3,1,1,30,282.28,0
8,0,40,1,2698,64,9,35,2,1,1,25,164.79,0
14,0,42,2,6283,104,19,16,3,1,1,30,331.48,0
0,0,35,0,0,30,0,5,4,1,1,45,241.24,1
0,0,29,0,1888,44,337,16,2,1,1,25,1603.44,0
11,1,11,0,76,41,8,0,3,1,2,30,0.0,1
16,0,15,2,9533,181,94,55,5,1,1,55,286.71,0
3,0,38,0,2393,58,2,33,1,1,1,15,145.805,0
0,0,31,0,2295,39,157,16,2,1,1,25,811.53,0
8,0,40,1,2698,64,9,35,2,1,1,25,164.79,0
0,0,20,0,2710,39,102,44,3,1,1,25,74.461,1
0,0,37,0,2170,39,310,20,3,1,1,30,1328.36,0
5,0,38,0,305,6,7,2,3,1,2,30,40.44,0
2,0,17,0,0,23,9,0,2,1,2,30,219.809,1
11,0,37,3,7150,106,26,26,5,1,1,55,147.84,0
2,1,32,0,1209,22,5,5,4,1,1,25,0.0,1
0,0,42,0,13,5,8,3,3,1,2,30,32.72,0
10,0,38,0,4198,66,1,35,1,1,1,15,240.02,0
0,0,35,0,583,50,0,6,3,1,2,25,115.843,1
16,0,29,0,1005,31,17,9,3,1,2,30,109.44,0
6,0,36,1,3145,28,7,16,3,1,1,30,154.92,0
5,0,32,0,2700,51,165,19,2,1,1,25,866.295,0
0,0,36,0,2088,52,0,31,1,1,1,15,117.7,0
12,0,39,1,15545,185,155,32,2,1,1,25,1405.35,0
0,0,32,0,263,1,0,1,3,1,2,30,10.56,1
1,1,26,0,0,72,0,0,2,1,2,30,102.85,1
13,0,37,1,4323,64,7,32,1,1,1,15,279.785,0
8,0,38,0,0,3,0,14,2,1,2,30,161.539,1
28,1,33,0,5000,41,0,0,3,1,1,30,0.0,1
0,1,5,0,1123,10,0,3,2,1,2,25,50.985,1
0,0,43,0,0,16,0,0,3,1,2,45,102.104,1
17,0,16,1,6797,146,86,40,1,2,1,15,854.865,0
3,1,35,0,14,9,4,2,3,1,1,25,74.896,1
23,0,18,2,9947,188,88,42,5,1,1,55,284.025,0
16,0,39,1,15980,189,166,35,2,1,1,25,1474.605,0
15,1,44,1,0,60,0,4,4,1,2,25,37.133,1
16,0,29,0,1005,31,17,9,3,1,2,30,109.44,0
5,1,39,0,1143,33,7,5,2,1,2,30,77.504,1
16,0,40,0,2733,61,24,22,3,1,2,30,207.76,0
0,1,35,0,16,47,0,0,2,1,2,25,295.76,1
2,0,18,0,1695,26,28,14,2,1,1,25,203.445,0
15,1,35,4,0,19,10,5,2,1,2,45,236.28,1
0,0,30,0,1283,17,0,5,3,1,1,30,52.0,0
0,0,35,0,290,2,0,2,2,1,2,25,13.14,0
12,0,3,0,0,14,1,1,3,1,2,30,34.203,1
2,0,36,0,4210,77,0,23,3,1,1,30,171.48,0
7,1,37,0,2154,83,35,0,3,2,2,25,190.41,1
0,0,43,4,827,56,24,2,2,1,2,30,278.967,1
0,1,41,0,2640,75,35,20,4,1,2,25,0.0,1
0,0,34,0,0,0,6,0,5,1,1,55,9.0,0
3,0,35,0,1958,53,343,19,2,1,1,25,1633.995,0
31,0,15,0,298,15,2,0,2,1,2,45,199.106,1
9,0,29,1,660,2,64,0,4,1,2,25,0.0,1
0,0,34,0,1995,30,273,14,3,1,1,30,1173.0,0
20,0,41,0,3253,71,23,19,4,1,2,45,140.6,0
13,0,38,0,2838,64,29,32,3,1,2,30,232.08,0
0,0,35,0,0,0,0,0,2,1,2,25,0.0,1
3,0,35,0,1665,44,38,20,3,1,2,30,220.36,0
0,0,41,0,0,55,6,0,2,1,2,30,65.153,1
29,1,34,0,1665,58,24,17,3,1,2,30,164.92,1
2,0,35,0,2180,31,274,13,3,1,1,30,1184.44,0
0,0,34,0,0,31,0,4,2,1,2,45,335.725,1
0,0,35,0,0,0,0,0,2,1,2,25,0.0,1
0,0,36,1,338,4,4,2,5,1,1,55,11.13,0
9,0,33,1,15530,178,142,26,2,1,1,25,1345.86,0
5,0,38,0,305,6,7,2,5,1,1,55,15.165,0
11,1,4,0,229,81,0,0,4,1,1,25,187.832,1
9,1,39,1,0,68,3,4,2,1,1,25,146.276,1
0,1,12,0,0,74,0,40,2,1,1,30,81.009,1
3,0,33,1,6785,97,14,22,5,1,1,55,124.23,0
20,0,34,9,10730,97,15,55,4,1,1,45,308.175,0
13,1,24,0,770,55,0,0,2,1,2,25,423.821,1
2,1,37,0,990,44,0,0,2,1,2,30,302.819,1
0,0,33,0,2074,13,8,3,3,1,2,45,108.063,1
0,0,37,2,453,10,36,6,5,1,1,55,60.945,0
3,1,30,2,909,21,1,21,2,1,2,30,0.0,1
0,0,40,0,838,60,0,0,2,1,2,30,95.028,1
6,0,45,0,0,74,8,0,4,1,2,25,145.953,1
3,0,28,0,2243,19,0,5,3,1,1,30,0.0,1
0,0,25,0,803,11,0,0,3,1,1,25,306.302,1
25,0,38,3,15140,225,54,32,3,1,1,30,830.6,0
0,1,11,1,1263,15,3,9,3,1,1,30,63.12,1
1,1,37,0,2616,54,32,6,3,1,2,30,329.424,1
23,0,25,0,2324,35,1,1,4,1,2,25,17.601,1
13,1,35,0,1753,100,0,12,3,1,1,25,131.702,1
1,0,32,0,6500,80,178,25,3,1,1,30,975.2,0
8,0,43,1,7768,137,399,49,3,1,1,30,1912.2,0
5,0,38,0,2043,40,37,33,3,1,2,30,231.32,1
11,0,41,2,6338,107,46,18,3,1,1,30,441.8,0
2,0,42,0,2620,53,1,0,2,1,2,30,49.219,1
27,0,20,3,7407,158,100,44,2,2,1,25,790.425,0
11,0,45,0,81,57,0,20,2,2,2,45,273.06,1
3,0,35,0,2086,0,22,13,2,1,2,25,136.648,1
7,0,30,0,888,42,0,0,2,1,2,30,227.7,1
2,1,43,0,4703,38,21,36,3,1,1,30,286.982,1
5,0,33,1,6975,98,23,25,5,1,1,55,140.595,0
0,0,30,0,3805,55,0,9,2,1,1,25,173.7,0
0,1,33,0,6123,3,1,6,3,1,2,30,109.128,1
15,0,25,0,925,29,7,5,3,1,2,30,66.16,0
27,0,37,9,11145,104,9,42,5,2,1,55,182.235,0
6,0,35,0,3030,22,7,12,3,1,1,30,150.08,0
0,1,40,0,583,11,17,8,4,1,2,45,57.35,1
1,0,35,0,356,33,0,22,3,1,2,25,52.317,1
1,1,30,1,0,42,21,0,2,1,1,30,305.817,1
18,0,39,3,9420,127,151,45,3,1,1,30,985.88,0
14,1,37,0,3295,47,16,18,3,1,2,30,197.68,1
13,1,27,4,0,36,20,0,3,1,2,45,46.957,1
3,1,43,0,22,70,0,14,2,1,2,45,72.576,1
17,0,17,1,9237,177,80,42,5,1,1,55,261.21,0
0,0,30,0,0,0,0,0,3,1,2,30,0.0,1
0,0,27,0,3000,57,11,25,3,1,1,30,166.28,0
8,1,30,0,5558,88,11,18,2,1,1,25,303.57,1
11,0,33,2,1873,51,45,71,5,1,1,55,96.36,0
8,0,41,0,1925,54,53,26,3,1,2,30,291.16,0
0,0,39,0,0,18,0,5,4,1,1,25,4.065,1
11,0,34,1,7023,75,107,38,2,1,1,25,800.91,0
16,0,45,0,2543,66,23,20,4,1,2,45,122.725,0
9,0,40,1,2665,45,292,20,3,1,1,30,1276.4,0
18,0,39,3,9420,127,151,45,3,1,1,30,985.88,0
2,1,28,0,714,48,0,0,2,1,2,30,244.58,1
0,0,24,0,520,4,14,1,4,1,2,45,48.1,0
6,0,39,2,2088,37,39,12,4,1,1,45,150.625,0
18,0,31,0,650,41,9,15,2,1,2,25,71.595,1
14,1,44,0,2498,64,23,23,3,1,2,30,194.48,0
0,0,16,0,1200,19,12,9,2,1,1,25,108.855,0
2,0,36,0,13468,163,0,42,3,1,1,30,545.24,0
4,0,22,0,215,11,0,3,2,1,2,25,10.17,0
6,0,36,1,3145,28,7,16,3,1,1,30,154.92,0
2,0,38,3,899,49,6,8,5,1,1,30,2.789,1
4,1,38,2,707,24,2,14,2,1,2,25,0.0,1
21,1,33,0,0,74,0,20,2,1,2,30,0.0,1
15,0,17,1,8993,174,78,42,5,1,1,55,254.505,0
6,0,33,0,4370,65,0,16,2,1,1,25,199.575,0
7,0,28,0,920,32,20,12,2,1,1,25,132.84,0
22,0,29,2,16015,235,0,78,2,1,1,25,731.25,0
5,0,32,0,305,6,7,2,4,1,2,45,25.275,1
11,0,29,1,1305,34,29,17,2,1,1,25,190.755,0
6,0,36,0,2780,53,175,23,2,1,1,25,914.985,0
11,0,31,1,2053,53,48,75,5,1,1,55,103.59,0
11,1,41,0,543,66,0,0,2,1,1,30,89.381,1
0,0,31,0,2088,46,0,30,1,1,1,15,117.37,0
3,0,36,1,2655,43,299,31,3,1,1,30,1303.92,0
1,0,26,0,2820,56,0,25,3,1,1,30,115.04,0
0,1,39,0,1377,58,8,0,2,1,2,45,18.443,1
7,0,37,0,4400,77,0,21,3,1,1,30,179.08,0
28,0,35,3,15445,225,53,33,3,1,1,30,838.8,0
13,0,41,5,7270,128,286,36,3,2,1,30,1439.92,0
7,0,17,3,2447,40,13,21,3,1,1,30,151.48,0
0,0,31,0,3718,76,0,27,2,1,1,25,170.73,0
5,0,42,1,7508,133,392,44,3,1,1,30,1873.64,0
13,0,22,0,1530,32,18,14,2,1,1,25,151.29,0
2,1,41,0,485,51,0,4,3,1,2,25,0.0,1
0,1,29,0,0,52,18,11,4,1,2,30,28.609,1
5,0,33,0,920,10,7,7,2,1,2,25,73.35,0
27,1,31,0,1180,51,13,15,3,1,2,30,101.24,1
4,0,36,0,733,12,21,17,3,1,2,30,113.8,1
8,0,42,0,610,95,203,21,3,1,1,25,471.954,1
5,0,39,0,7213,123,370,30,3,1,1,30,1773.44,0
10,0,34,0,3695,80,22,24,3,1,1,30,239.0,0
0,0,36,0,0,0,0,0,2,1,2,25,0.0,0
0,0,24,0,520,4,14,1,4,1,2,45,48.1,0
21,1,28,0,955,41,8,16,2,1,2,25,80.82,1
7,0,43,0,0,24,25,7,3,1,2,30,11.567,1
19,0,46,0,2803,70,30,25,4,1,2,45,146.825,0
10,0,37,0,4083,60,0,31,1,1,1,15,227.865,0
0,1,38,0,0,29,1,28,3,1,2,30,198.819,1
0,0,37,0,0,26,2,18,3,1,2,25,141.277,1
2,1,45,0,5789,25,0,18,3,1,2,30,130.349,1
2,1,29,0,0,39,14,2,4,1,2,30,438.681,1
10,0,37,0,2643,59,9,15,3,1,2,30,144.08,0
0,0,32,0,2835,17,468,2,3,1,1,30,1986.08,0
4,0,45,0,0,45,0,20,3,1,1,30,104.075,1
1,0,35,0,5498,83,0,6,2,1,1,25,251.145,0
11,0,34,3,1620,48,208,14,3,2,1,30,898.72,0
5,0,11,1,4095,36,201,25,3,1,1,30,969.24,0
9,1,37,0,326,61,1,0,3,1,2,30,206.31,1
2,0,31,1,0,7,31,0,2,1,2,25,267.157,1
0,1,22,0,1946,39,0,0,2,1,2,25,0.0,1
2,1,3,2,365,61,0,5,3,1,1,55,8.665,1
18,0,30,0,535,35,0,11,2,1,2,25,25.65,1
5,0,3,1,1460,61,9,0,3,1,1,25,120.26,1
5,0,34,0,755,10,7,4,3,1,2,30,58.6,0
0,0,30,0,0,0,0,0,2,1,2,25,0.0,1
6,0,34,1,5963,91,7,8,3,1,1,30,270.16,0
1,0,45,3,0,9,0,0,2,1,2,30,38.514,1
7,0,30,0,2305,61,19,0,3,1,2,30,264.412,1
6,0,40,1,2508,63,0,32,2,1,1,25,115.695,0
23,0,32,0,840,41,0,13,2,1,2,25,39.645,1
3,1,39,0,1853,22,3,32,3,1,2,25,130.799,1
1,1,11,0,0,51,4,0,2,1,2,45,0.0,1
2,0,40,0,1485,47,0,22,2,1,1,30,102.472,1
0,0,35,0,6123,17,0,0,2,1,1,25,218.767,1
0,0,33,0,1605,41,33,18,3,1,2,30,197.84,0
5,1,36,1,188,0,0,0,2,1,2,30,11.072,1
0,1,25,0,0,42,3,0,2,1,1,30,186.964,1
9,0,44,1,2620,49,300,24,3,1,1,30,1306.76,0
1,1,33,0,0,44,25,0,3,1,1,45,200.735,1
0,0,39,0,650,10,3,13,2,1,2,25,43.2,0
13,0,43,1,6403,109,25,19,3,1,1,30,360.48,0
15,0,43,2,15870,190,167,36,2,1,1,25,1474.2,0
15,1,9,0,1158,32,10,17,3,1,2,25,8.9,1
0,1,42,0,0,13,10,2,2,1,2,45,0.0,1
10,0,36,0,5874,15,7,15,3,1,2,25,0.0,1
0,0,28,0,2215,37,153,15,2,1,1,25,789.84,0
9,0,40,1,2665,45,292,20,3,1,1,30,1276.4,0
1,1,23,0,2405,41,2,9,2,1,1,30,0.0,1
2,0,36,1,0,80,0,0,3,1,2,30,236.886,1
0,1,39,0,5182,56,5,0,2,1,2,30,182.092,1
0,0,34,0,513,2,11,5,4,1,2,45,40.375,1
2,1,3,0,1347,90,36,5,3,1,1,30,0.0,1
20,0,36,2,14835,219,47,30,3,1,1,30,790.16,0
19,1,32,0,794,5,5,3,2,1,2,30,53.536,1
0,0,27,0,1100,28,16,12,3,1,2,30,109.12,0
9,1,32,0,2826,28,6,6,3,1,2,45,0.0,1
0,1,12,1,445,21,5,0,2,1,2,30,0.0,1
0,0,30,0,1673,38,0,9,3,1,2,30,68.44,0
12,0,27,0,1237,14,0,21,2,1,1,25,338.78,1
3,1,43,0,2421,16,0,7,3,1,1,45,0.0,1
2,1,30,0,1322,7,0,0,4,1,2,25,98.79,1
20,0,32,7,10355,91,0,38,4,1,1,45,261.15,0
7,0,27,1,3530,67,15,25,3,1,1,30,203.88,0
1,1,43,3,1598,58,2,0,3,1,2,25,59.832,1
0,1,42,0,3161,15,10,0,2,1,2,25,0.0,1
9,1,45,1,0,53,0,5,3,1,2,45,218.693,1
11,0,39,2,3890,88,64,32,3,1,1,30,415.12,0
0,0,34,0,0,0,0,0,5,1,1,55,0.0,0
0,0,32,0,0,45,0,4,2,1,2,45,0.0,1
0,0,29,0,0,0,0,0,2,1,2,25,0.0,1
13,1,24,0,0,35,10,5,2,1,1,25,67.821,1
7,0,38,1,6313,70,90,39,2,1,1,25,692.235,0
14,0,40,3,7515,103,201,28,3,1,1,30,1108.72,0
4,0,36,0,4455,80,0,23,3,1,1,30,181.4,0
0,0,36,0,2088,52,0,31,1,1,1,15,117.7,0
14,1,41,0,3250,51,24,22,3,1,2,30,228.04,1
2,0,33,3,0,89,0,0,4,2,2,45,0.0,1
20,0,41,2,6303,112,44,31,2,1,1,25,486.675,0
0,0,30,0,6195,74,171,23,3,1,1,30,934.76,0
21,0,39,1,0,19,8,0,5,1,1,30,0.0,1
0,0,33,0,0,16,9,5,2,1,2,30,73.459,1
12,0,33,1,9035,119,134,39,3,1,1,30,902.16,0
0,1,26,0,0,59,0,0,3,1,1,25,151.647,1
0,0,33,0,0,59,5,1,3,1,2,30,467.63,1
6,0,24,0,0,60,0,0,3,1,2,30,106.375,1
0,0,21,0,1025,3,6,0,4,1,2,25,109.63,1
16,0,35,2,5943,96,22,21,2,1,1,25,370.755,1
24,1,40,0,0,31,10,3,4,1,2,45,0.0,1
7,0,39,0,266,59,0,9,2,1,2,25,87.818,1
11,1,29,0,0,100,12,47,2,1,2,25,20.957,1
0,1,43,1,4664,50,0,0,4,1,2,30,52.541,1
10,0,39,1,5513,98,27,23,2,1,1,25,373.995,1
0,0,39,0,5510,20,68,6,2,1,2,25,261.196,1
0,0,44,0,1195,0,0,0,4,1,2,25,164.92,1
3,1,39,0,2363,42,0,6,3,1,2,30,229.772,1
19,0,19,2,6507,146,83,41,2,2,1,25,672.885,0
8,0,16,3,2853,45,31,19,3,2,1,30,239.92,0
11,1,38,0,0,28,8,0,3,1,2,30,277.471,1
2,0,9,1,4390,40,215,10,3,1,1,30,1037.2,0
0,1,43,2,25,58,6,6,2,1,2,25,73.029,1
5,1,33,0,55,55,2,44,3,1,2,30,120.584,1
3,0,41,1,6455,90,194,30,3,1,1,30,1037.8,0
0,0,11,1,4165,36,218,12,3,1,1,30,1040.04,0
11,0,34,2,8935,113,133,38,3,1,1,30,893.92,0
11,0,39,0,1643,24,24,6,4,1,2,45,101.675,1
16,1,43,0,2573,56,49,34,4,1,2,45,188.225,1
8,0,44,0,0,23,3,19,4,2,2,25,360.193,1
14,0,15,0,9122,172,82,43,4,1,1,45,437.35,0
17,0,42,1,2938,74,377,31,3,1,1,30,1628.48,0
0,1,42,0,1636,68,21,18,2,1,2,25,200.809,1
1,1,45,1,0,25,19,37,4,1,2,25,206.791,1
6,0,9,3,4990,50,236,25,3,1,1,30,1145.6,0
12,0,37,0,2643,61,368,27,3,1,1,30,1580.16,0
5,0,39,0,563,8,9,4,3,1,2,30,58.84,0
11,0,11,0,8853,169,63,36,4,1,1,45,383.05,0
26,0,42,9,10695,103,16,48,5,2,1,55,185.97,0
0,0,26,0,0,0,0,0,4,1,2,45,0.0,0
1,0,32,2,6660,110,264,31,2,2,1,25,1492.65,0
2,0,36,0,323,3,9,5,3,1,2,30,49.04,1
7,0,33,1,11510,150,7,43,4,1,1,45,309.0,0
15,0,27,1,1530,38,26,15,2,1,1,25,187.56,0
8,0,35,0,4018,58,0,30,1,1,1,15,224.18,0
1,0,3,0,0,10,0,26,2,1,1,30,163.239,1
12,0,40,1,14078,175,7,46,3,1,1,30,598.12,0
0,0,32,0,1588,23,0,2,3,1,1,30,64.44,0
2,0,42,0,0,73,6,6,2,1,2,25,52.648,1
8,0,40,0,1138,21,2,8,2,1,2,30,0.0,1
2,0,39,0,808,15,20,9,4,1,2,45,70.575,1
9,1,41,0,662,57,9,6,3,1,2,30,49.102,1
5,0,38,1,4270,80,0,25,3,1,1,30,174.0,0
0,0,35,0,0,71,4,3,2,1,1,25,265.032,1
0,0,35,0,0,0,0,0,3,1,2,30,0.0,1
0,0,26,1,1125,36,218,13,2,2,1,25,1033.245,0
10,0,39,2,6995,93,202,31,3,1,1,30,1091.52,0
19,0,19,5,3867,62,46,21,3,1,1,30,341.16,0
30,1,37,4,16335,248,15,86,2,1,1,25,813.735,0
0,0,37,0,87,15,11,13,4,2,1,30,0.0,1
6,0,35,0,15425,179,145,28,2,1,1,25,1354.68,0
19,0,11,3,1812,19,0,0,2,1,2,55,6.741,1
10,1,41,0,0,55,6,3,2,1,2,30,59.804,1
10,0,27,1,2278,50,38,68,4,1,1,45,153.2,0
8,0,33,0,5398,86,0,18,2,1,1,25,246.78,1
1,0,37,0,0,46,15,0,3,1,2,45,24.213,1
1,0,41,0,5025,56,0,0,3,1,2,30,125.4,1
30,1,28,0,1672,18,59,0,2,1,2,25,86.036,1
10,0,15,0,8742,170,64,37,4,1,1,45,382.8,0
2,0,44,0,5083,20,1,0,3,1,2,30,444.301,1
9,0,10,0,6087,129,70,39,1,2,1,15,726.88,0
4,0,37,0,2798,63,3,31,1,1,1,15,173.855,0
7,1,3,0,0,18,24,0,3,1,2,25,128.325,1
17,0,28,0,1410,36,18,7,3,1,2,30,129.84,0
5,0,23,0,920,26,12,11,2,1,1,25,96.57,0
12,0,40,0,3480,78,18,15,3,1,1,30,214.32,0
0,1,36,0,0,0,0,0,2,1,2,25,0.0,1
7,0,14,4,3148,49,45,32,3,1,1,30,307.88,0
9,0,39,3,6,70,0,0,3,2,1,30,90.573,1
0,0,42,0,0,6,0,11,5,1,2,25,0.0,1
28,0,37,4,15265,223,50,29,3,2,1,30,819.52,0
7,0,36,2,6670,112,257,20,3,2,1,30,1299.28,0
16,1,14,1,439,17,0,2,2,1,2,25,86.461,1
9,0,21,0,1145,30,9,9,2,1,1,25,93.375,0
0,0,34,0,6080,74,147,20,3,1,1,30,834.16,0
7,0,38,2,11580,160,43,51,4,1,1,45,401.0,0
27,1,34,3,16255,246,11,85,2,1,1,25,792.045,0
14,0,46,2,2925,55,307,26,4,1,1,45,842.0,0
3,0,3,0,2495,25,0,2,3,1,1,30,89.579,1
12,0,37,1,2698,63,361,24,3,1,1,30,1554.44,0
9,0,38,1,3585,81,23,25,3,1,1,30,238.64,0
9,0,38,1,5593,94,29,26,2,1,1,25,386.415,1
15,0,43,1,2713,70,374,30,3,1,1,30,1607.32,0
10,0,27,0,700,78,0,20,3,1,2,45,205.352,1
5,0,18,1,1940,29,30,14,2,1,1,25,223.605,0
5,0,40,1,6680,94,197,31,3,1,1,30,1058.96,0
6,0,36,2,4318,92,23,43,3,1,1,30,268.4,0
1,0,28,0,304,0,2,3,3,1,2,30,182.424,1
0,0,32,0,0,0,0,0,4,1,1,45,0.0,0
1,0,30,0,3210,66,10,20,2,1,1,25,192.42,0
6,0,41,0,2540,47,296,23,3,1,1,30,1287.48,0
0,1,38,0,403,3,12,6,4,1,2,45,40.15,1
17,0,40,1,4693,73,17,40,1,1,1,15,355.63,0
5,0,40,0,357,31,9,6,3,1,2,30,15.521,1
7,0,40,2,3225,30,17,20,3,1,1,30,198.2,0
5,0,34,0,305,6,7,2,3,1,2,30,40.44,1
15,0,15,2,6688,145,99,55,1,2,1,15,920.315,0
0,1,39,0,2478,53,0,0,2,1,2,30,78.312,1
11,0,42,1,4278,68,11,39,1,1,1,15,299.53,0
0,0,30,0,7203,115,369,40,2,1,1,25,1989.81,0
10,0,36,2,3380,63,196,38,2,1,1,25,1036.935,0
12,0,14,3,3078,49,28,17,3,1,1,30,237.08,0
4,0,3,0,0,64,4,0,2,1,2,30,34.076,1
7,0,31,1,3485,71,23,29,3,1,1,30,234.24,0
8,0,20,3,2808,49,39,23,3,1,1,30,270.28,0
2,1,30,1,0,100,4,0,2,1,2,45,64.574,1
18,0,39,8,10130,93,2,41,5,1,1,55,156.345,0
8,0,40,0,0,78,0,10,2,1,1,25,194.608,1
10,0,42,0,906,100,3,13,2,1,1,30,109.481,1
1,0,5,0,187,4,0,3,2,1,2,30,0.0,1
4,0,26,0,1568,39,30,68,4,1,1,45,115.175,0
14,0,43,3,7103,83,125,43,2,1,1,25,885.87,0
13,0,36,1,9000,115,112,39,3,1,1,30,812.6,0
2,0,39,0,2068,52,0,2,3,1,2,30,0.0,1
17,0,39,4,7623,91,136,54,2,2,1,25,959.13,0
0,0,36,0,1478,24,0,3,3,1,1,30,60.08,0
18,0,43,0,584,64,0,1,3,1,1,30,393.886,1
9,1,36,0,1294,64,0,19,4,1,1,45,139.682,1
10,1,11,2,1982,26,16,12,3,1,1,30,144.32,1
9,0,44,2,3355,37,498,14,3,1,1,30,2127.68,0
1,0,41,0,80,2,10,4,2,1,2,25,48.69,1
6,0,26,1,1813,42,32,68,4,1,1,45,126.375,0
21,0,31,1,15475,228,0,65,2,1,1,25,706.635,0
15,0,23,1,15510,222,0,72,2,1,1,25,707.94,0
2,0,29,0,343,18,0,0,2,1,2,30,146.159,1
16,0,41,0,1245,71,5,0,4,1,2,30,0.0,1
31,1,33,0,2690,37,6,22,3,1,1,30,206.51,1
5,1,41,0,0,8,9,2,3,2,1,30,369.098,1
31,0,44,10,11000,109,23,50,5,1,1,55,201.135,0
6,0,25,0,0,48,0,11,2,1,2,45,0.0,1
16,0,39,1,4908,77,9,35,1,1,1,15,323.675,0
10,0,28,0,295,20,0,9,3,1,2,30,12.6,0
0,0,32,0,6075,86,0,22,4,1,1,45,154.025,0
5,0,30,0,37,6,33,0,4,1,1,30,63.191,1
0,0,33,0,178,53,0,0,3,1,1,45,99.144,1
10,1,43,0,1333,52,21,34,2,1,2,25,0.0,1
23,0,36,8,10680,96,7,42,5,1,1,55,172.14,0
16,0,33,6,10015,81,0,36,4,1,1,45,252.4,0
20,0,35,1,14720,213,15,26,2,1,1,25,739.485,0
2,0,40,0,1782,16,3,2,3,1,2,30,86.299,1
18,0,43,3,9375,131,159,49,3,1,1,30,1016.24,0
0,0,34,0,345,5,1,4,2,1,2,25,20.25,0
0,1,5,0,314,31,0,0,4,1,1,30,0.078,1
8,1,25,1,1338,62,0,4,4,1,1,30,52.561,1
0,1,32,0,479,26,5,6,2,1,2,25,49.988,1
6,1,38,4,369,20,14,0,3,1,2,30,18.303,1
23,0,35,3,14960,217,43,27,3,1,1,30,779.08,0
25,1,38,0,955,53,24,18,3,1,2,30,136.32,1
0,1,28,0,0,33,0,23,3,1,1,25,183.405,1
10,0,42,2,6718,81,116,38,2,1,1,25,827.955,0
9,0,43,3,6885,94,203,32,3,1,1,30,1091.16,0
15,0,40,2,2873,72,398,30,3,1,1,30,1709.8,0
14,0,44,0,246,2,23,1,3,2,1,30,83.644,1
3,0,28,0,5253,82,4,16,2,1,1,25,258.075,1
1,0,39,0,7,8,6,1,3,1,2,25,211.508,1
12,0,42,2,3855,84,42,32,3,1,1,30,325.56,0
0,0,32,0,2710,19,466,2,3,1,1,30,1973.16,0
17,0,40,2,2633,53,46,35,4,1,1,45,182.15,1
0,0,37,0,0,6,3,0,3,1,2,45,311.491,1
5,0,35,0,6658,72,103,35,2,1,1,25,766.35,0
2,0,37,0,0,43,36,0,3,1,2,30,449.021,1
25,0,42,3,15095,229,62,36,3,1,1,30,860.96,0
7,1,45,0,0,71,0,8,2,1,2,30,252.562,1
0,0,37,0,0,0,0,0,2,1,1,25,0.0,1
0,0,36,1,425,15,6,12,5,1,2,30,258.171,1
12,1,33,0,0,5,9,6,3,1,2,30,0.0,1
1,0,34,1,4013,86,16,41,2,1,1,25,256.455,0
3,1,32,0,694,12,9,0,2,1,2,25,19.196,1
12,0,34,2,6113,102,40,37,2,1,1,25,459.675,0
0,0,20,0,3225,55,0,22,3,1,1,30,131.2,0
4,0,36,1,6905,91,187,24,3,1,1,30,1027.84,0
4,0,43,0,710,20,21,9,3,1,2,30,113.2,0
7,0,41,0,1130,26,52,14,3,1,2,30,254.24,0
10,0,25,0,995,29,24,20,2,1,2,25,154.08,0
10,0,10,0,8932,165,65,39,4,1,1,45,389.925,0
20,0,31,0,895,44,11,15,2,1,2,25,91.755,1
6,0,37,1,2518,56,7,30,2,1,1,25,147.33,0
3,0,39,0,2475,53,176,22,2,1,1,25,905.76,0
7,1,36,1,3524,36,38,12,3,1,2,30,139.937,1
4,0,32,0,2654,0,28,37,3,1,1,30,267.276,1
6,0,38,2,610,68,21,0,5,1,2,45,0.0,1
20,0,45,2,3018,76,381,32,3,1,1,30,1647.76,0
7,0,30,1,3350,12,4,0,2,1,1,30,20.149,1
3,1,33,0,3030,48,0,1,2,1,2,25,401.355,1
16,1,42,0,3295,53,24,19,3,1,2,30,229.92,1
0,0,11,0,1390,14,13,11,2,1,1,25,121.68,0
4,0,17,0,1154,23,0,0,2,1,1,30,43.127,1
8,0,40,1,2698,64,9,35,2,1,1,25,164.79,0
19,0,27,3,2130,48,47,30,2,1,1,25,309.51,0
8,0,16,3,2852,45,31,19,3,1,1,30,239.88,0
8,0,24,2,2080,34,45,20,3,1,1,30,264.56,0
4,1,26,0,579,26,6,26,2,1,2,30,3.735,1
5,0,9,1,1677,20,9,10,3,1,1,30,103.88,1
0,0,40,0,0,0,1,0,2,1,2,25,4.5,1
7,0,27,0,0,7,0,34,4,1,1,25,172.021,1
9,0,12,0,0,13,0,13,3,1,2,30,38.423,1
6,0,39,1,7623,132,382,42,3,1,1,30,1838.2,0
2,0,19,1,1810,32,60,18,3,1,1,30,313.68,0
0,1,35,1,0,66,7,0,2,1,1,30,498.082,1
5,1,43,0,350,59,22,0,2,1,2,45,0.0,1
0,1,45,0,216,12,0,12,2,1,2,55,100.51,1
13,0,26,0,0,55,1,0,3,1,2,30,174.82,1
4,0,27,1,1315,36,193,11,2,2,1,25,929.295,0
1,1,35,0,0,10,23,6,4,1,1,25,92.446,1
3,0,33,0,3713,52,0,28,1,1,1,15,207.075,0
17,1,34,0,583,27,0,6,3,1,2,30,21.587,1
6,0,16,3,2608,42,29,19,3,1,1,30,222.0,0
0,0,35,0,2080,10,451,6,3,1,1,30,1887.6,0
3,0,44,0,0,11,8,32,3,1,1,45,0.0,1
7,0,35,0,2393,57,354,22,2,1,1,25,1703.25,0
0,0,34,0,3413,76,0,26,2,1,1,25,157.005,0
16,0,40,2,4080,88,39,30,3,1,1,30,322.72,0
6,1,11,2,1602,24,0,6,3,1,1,30,65.04,1
0,0,36,0,133,2,0,2,3,1,2,30,5.4,1
0,1,39,2,171,100,0,0,2,1,1,30,29.392,1
3,0,32,0,1483,53,13,0,3,1,2,30,286.95,1
14,0,40,2,5010,90,18,30,3,1,1,30,276.0,0
0,0,37,0,0,0,0,0,2,1,2,25,0.0,0
2,0,39,0,508,6,16,7,2,1,2,25,95.13,0
9,1,43,0,0,20,0,0,3,1,2,55,0.0,1
8,1,15,2,1748,29,15,13,3,1,1,30,131.08,1
9,0,40,0,0,52,13,0,4,1,1,30,59.461,1
10,0,38,1,8990,123,148,46,3,1,1,30,956.52,0
6,0,36,0,3470,76,25,26,2,1,1,25,272.07,0
11,0,38,1,3085,59,182,25,2,1,1,25,960.48,0
12,0,30,0,412,11,5,5,2,1,2,30,119.635,1
12,0,25,1,1470,35,21,13,2,1,1,25,162.225,0
11,1,43,0,2238,60,16,18,3,1,2,30,155.92,0
0,0,37,0,1263,20,0,8,4,1,1,45,32.075,0
12,0,41,2,14193,181,39,50,3,1,1,30,730.96,0
0,1,45,0,853,57,0,0,2,1,1,25,196.395,1
33,0,42,0,59,72,21,36,4,1,2,45,73.325,1
7,0,34,1,4560,79,7,21,3,1,1,30,213.56,0
22,1,36,0,2163,11,0,32,3,1,1,30,340.851,1
0,0,18,0,1450,23,26,14,2,1,1,25,183.285,0
9,1,35,0,2990,41,9,16,3,1,2,30,157.24,1
0,0,29,0,5935,70,164,18,3,1,1,30,896.2,0
0,0,35,0,5813,59,80,20,2,1,1,25,624.24,0
6,0,38,0,1310,24,34,23,3,1,2,30,189.36,0
17,0,27,0,570,39,0,11,2,1,2,25,27.405,1
8,0,32,0,0,13,39,2,2,1,2,30,276.049,1
0,0,37,0,47,7,6,7,2,1,2,30,76.001,1
7,0,43,1,0,28,0,5,2,1,2,30,56.975,1
4,1,33,0,1642,57,0,26,3,1,2,30,45.386,1
23,0,22,2,6878,155,103,49,2,2,1,25,779.985,0
5,0,38,0,305,6,7,2,4,1,2,45,25.275,1
2,1,33,0,2495,34,0,11,2,1,2,25,113.805,1
2,0,24,1,1135,28,182,6,2,2,1,25,871.335,0
0,0,42,0,634,15,3,15,2,2,2,25,122.42,1
7,1,38,0,0,74,6,28,3,1,1,30,0.0,1
8,0,32,3,0,13,20,4,2,1,1,25,313.037,1
14,1,32,0,0,72,3,12,3,1,2,30,32.472,1
5,0,28,0,1130,16,28,5,4,1,2,45,98.65,0
9,0,34,0,1185,60,12,4,3,1,2,25,44.5,1
2,1,37,0,151,18,0,0,3,1,2,45,33.53,1
9,1,37,0,0,72,0,1,3,1,2,30,237.185,1
0,1,37,0,0,22,0,0,2,1,2,25,0.0,1
4,0,27,1,1683,45,62,72,5,1,1,55,118.92,0
13,0,40,1,6413,102,23,17,3,1,1,30,352.6,0
12,0,16,1,9048,177,105,44,5,1,1,55,295.875,0
20,1,38,0,4005,58,24,18,3,1,2,30,258.52,1
16,1,41,0,2753,58,52,38,4,1,2,45,200.275,1
2,0,38,0,710,14,13,8,3,1,2,30,80.96,0
0,1,3,0,1228,9,0,1,2,1,1,25,55.665,1
0,0,20,0,1470,22,31,16,2,1,1,25,206.64,0
7,0,31,0,1310,24,39,10,4,1,2,45,130.85,0
0,1,44,0,0,100,7,4,2,1,1,25,173.665,1
5,0,34,2,3440,32,21,29,3,1,1,30,222.88,0
4,1,44,0,0,57,18,3,2,1,2,25,437.384,1
0,1,29,0,298,0,7,31,2,1,2,55,0.0,1
9,0,36,4,7080,121,269,32,3,2,1,30,1364.04,0
16,0,42,1,15970,196,168,37,2,1,1,25,1483.47,0
6,0,41,2,1359,56,21,0,3,1,2,45,142.961,1
9,0,43,0,1195,28,31,15,3,1,2,30,172.92,0
26,0,40,0,0,66,0,9,3,2,1,30,106.785,1
0,0,5,0,626,4,6,0,2,1,1,30,241.881,1
0,0,7,0,992,12,0,2,2,1,1,25,45.18,1
12,0,14,0,8818,165,41,36,4,1,1,45,327.075,0
4,0,36,0,2535,50,173,23,2,1,1,25,894.825,0
0,0,32,0,459,0,15,0,2,1,1,25,206.339,1
5,0,38,0,1065,14,7,9,2,1,2,25,80.055,0
9,1,3,2,785,24,0,0,3,1,1,30,0.0,1
2,0,9,0,0,60,1,16,2,2,2,30,20.492,1
0,0,39,0,3413,82,3,27,3,1,1,30,151.8,0
6,0,38,1,3285,28,492,11,3,1,1,30,2100.52,0
0,0,37,0,0,0,0,0,2,1,2,25,0.0,1
4,0,33,0,1973,25,0,7,3,1,1,30,79.92,0
2,0,33,0,2799,24,132,5,4,1,2,45,51.898,1
6,1,32,0,573,17,7,0,4,1,1,25,59.696,1
31,0,42,0,0,54,6,15,3,1,2,45,0.0,1
31,1,37,0,0,11,6,0,3,1,2,30,342.254,1
8,0,38,2,6833,81,140,41,2,1,1,25,941.13,0
26,0,25,3,6958,157,107,50,2,2,1,25,801.675,0
0,1,40,0,0,64,0,0,2,2,2,45,155.416,1
26,1,36,0,0,20,0,5,3,1,2,25,0.0,1
0,1,39,0,0,13,39,15,3,1,1,30,87.624,1
7,0,38,0,2985,56,0,1,3,1,2,30,145.094,1
6,0,35,0,2698,58,1,34,1,1,1,15,157.08,0
3,0,32,0,1968,46,341,17,2,1,1,25,1625.13,0
0,0,35,0,0,0,0,0,4,1,2,45,0.0,1
0,1,35,0,2732,38,6,46,3,1,1,25,0.0,1
8,0,34,0,2158,52,0,13,3,1,2,30,88.4,0
0,0,39,0,0,76,1,0,2,1,1,25,175.304,1
14,0,35,3,1880,52,215,19,3,2,1,30,937.28,0
0,0,25,3,95,27,3,0,4,1,2,25,66.221,1
18,0,22,2,6392,147,93,43,2,2,1,25,712.755,0
0,0,33,0,0,0,0,0,4,1,1,45,0.0,0
5,0,39,0,4245,73,9,20,2,1,1,25,234.81,0
1,0,40,2,0,77,6,0,3,1,1,30,44.729,1
1,0,45,0,1792,14,0,17,2,1,1,30,252.203,1
2,1,29,2,518,9,10,8,3,1,2,25,381.002,1
2,1,20,0,0,42,18,9,2,1,2,30,0.0,1
1,0,32,0,1485,36,27,15,3,1,2,30,168.84,0
0,0,6,0,3970,28,176,4,2,1,1,25,971.91,0
9,0,38,4,1243,20,32,19,5,1,1,55,66.945,0
10,0,36,2,11590,152,7,44,4,1,1,45,311.05,0
5,0,42,2,6500,92,194,27,3,1,1,30,1039.68,0
16,0,34,2,9420,121,143,44,3,1,1,30,953.64,0
1,0,15,1,1502,61,0,24,3,1,2,25,0.0,1
0,0,7,0,1182,13,0,5,2,1,1,25,53.775,1
11,0,38,0,2483,57,10,17,3,1,2,30,141.6,0
0,0,35,0,6195,80,179,24,3,1,1,30,967.0,0
17,0,32,0,245,36,0,17,2,1,2,25,12.645,1
2,0,25,0,3225,61,8,23,3,1,1,30,163.44,0
2,0,36,1,528,5,13,5,5,1,1,55,27.495,0
3,1,20,0,756,0,2,0,2,1,1,30,127.747,1
2,0,9,1,4390,40,215,10,3,1,1,30,1037.2,0
33,1,41,0,1520,63,38,25,3,1,2,30,215.32,1
1,0,36,0,1668,25,0,6,3,1,1,30,67.72,0
2,1,45,3,2229,100,52,5,4,1,2,30,118.537,1
3,0,30,0,1883,36,17,25,3,1,2,30,144.76,1
1,0,38,0,723,10,8,2,2,1,2,25,68.985,0
13,0,45,2,8073,143,406,51,3,1,1,30,1952.64,0
0,0,36,1,338,4,4,2,5,1,1,55,11.13,0
5,1,31,0,0,56,39,8,3,1,2,30,0.0,1
5,0,32,0,3938,56,0,29,1,1,1,15,219.67,0
1,0,33,1,6540,94,12,22,4,1,1,45,195.85,0
6,0,33,1,0,49,0,2,2,1,1,30,247.531,1
0,0,26,0,968,29,9,53,4,1,1,45,47.425,0
0,0,32,0,0,0,0,0,5,1,1,55,0.0,0
23,0,38,3,14950,224,45,29,3,1,1,30,786.96,0
1,0,38,2,0,61,0,3,3,1,2,30,91.457,1
0,1,5,0,2020,69,2,45,2,1,1,30,136.777,1
7,0,34,1,13818,165,7,40,3,1,1,30,587.32,0
20,1,25,0,1365,48,1,0,4,1,1,30,106.558,1
23,0,45,4,9680,137,166,51,3,1,1,30,1056.68,0
0,1,24,0,0,28,1,0,4,1,1,30,17.42,1
0,0,34,2,633,8,18,15,5,1,1,55,36.615,0
1,0,42,0,728,53,0,0,4,2,2,30,45.208,1
23,1,26,0,0,83,0,15,2,1,2,25,19.654,1
16,0,44,2,3345,69,197,31,2,1,1,25,1040.13,0
1,0,12,0,7917,154,41,38,4,1,1,45,304.275,0
5,0,35,0,2390,31,0,1,3,1,2,30,96.84,1
7,1,41,0,0,46,34,30,2,1,1,45,35.245,1
0,0,18,0,1505,25,19,11,2,1,1,25,154.35,0
0,0,10,2,0,15,11,11,2,1,1,30,0.0,1
2,0,42,0,1650,50,0,0,2,1,2,30,17.392,1
16,0,20,5,3218,54,43,23,3,2,1,30,302.88,0
0,0,38,0,128,5,32,6,3,1,2,30,133.32,0
0,0,34,0,1363,19,0,4,3,1,1,30,55.28,0
15,1,40,0,0,67,35,16,3,1,2,30,37.927,1
0,0,34,0,2285,46,159,18,2,1,1,25,820.395,0
0,1,35,0,0,22,36,14,4,1,2,30,36.034,1
0,1,10,0,4929,42,0,0,3,1,2,30,9.712,1
5,0,37,0,4008,66,26,37,1,1,1,15,367.07,0
1,0,16,1,1990,30,42,27,2,1,1,25,279.9,0
0,0,24,0,0,0,0,0,2,1,2,25,0.0,0
1,0,30,1,6605,89,3,17,5,1,1,55,104.91,0
0,0,25,0,6220,81,0,14,4,1,1,45,157.525,0
18,0,34,0,1403,34,1,2,4,1,1,25,416.359,1
0,1,32,0,0,40,0,6,2,1,2,45,229.412,1
3,1,29,1,728,50,6,12,3,1,1,30,0.0,1
7,1,31,0,2268,38,26,30,3,1,2,30,196.24,1
6,0,43,2,3095,33,491,9,4,1,1,45,1305.7,0
3,0,39,0,2151,22,8,6,2,1,1,30,92.824,1
1,1,15,0,0,73,5,0,3,1,2,45,170.766,1
0,0,35,0,5595,70,158,9,3,1,1,30,858.6,0
4,0,31,3,6785,108,260,28,2,2,1,25,1480.185,0
10,0,39,0,15190,178,136,17,2,1,1,25,1303.56,0
17,0,27,1,15710,229,0,76,2,1,1,25,717.255,0
5,0,39,0,1180,20,7,13,2,1,2,25,85.5,0
0,0,29,2,6480,102,253,26,2,2,1,25,1434.69,0
2,0,40,0,2878,24,1,4,4,1,2,30,0.0,1
10,0,31,0,0,12,4,0,3,1,2,25,99.831,1
14,0,39,1,15790,188,157,32,2,1,1,25,1425.51,0
1,0,33,3,580,23,19,0,3,2,2,30,0.807,1
15,1,41,0,2573,47,34,48,3,1,1,30,123.791,1
17,1,9,1,1717,73,19,9,3,1,2,30,417.818,1
16,1,43,0,2723,68,26,24,3,1,2,30,215.64,0
0,1,38,1,41,78,1,2,4,1,2,30,0.0,1
8,0,44,0,1095,22,30,14,3,1,2,30,164.68,0
5,0,37,0,0,47,6,6,3,1,2,30,180.014,1
1,0,4,0,0,24,20,7,2,1,1,30,0.0,1
6,0,35,0,15370,177,152,31,2,1,1,25,1383.615,0
1,0,36,0,5613,89,0,10,2,1,1,25,256.59,0
0,0,20,0,1183,31,13,62,4,1,1,45,62.85,0
31,0,37,5,16460,246,17,86,2,1,1,25,828.27,0
0,1,31,0,2161,66,10,8,3,1,2,30,171.308,1
2,0,36,0,13468,163,0,42,3,1,1,30,545.24,0
18,0,38,2,6123,104,33,26,2,1,1,25,428.715,0
20,0,30,3,15885,238,25,82,2,1,1,25,838.035,0
0,1,25,0,345,30,31,0,2,1,2,30,0.0,1
22,0,44,2,428,41,1,30,3,1,2,25,19.939,1
0,0,23,0,2920,55,1,21,3,1,1,30,123.0,0
0,1,39,1,3991,100,4,1,3,2,2,45,24.217,1
2,0,31,0,1585,42,28,16,3,1,2,30,177.08,0
0,0,31,0,2055,27,270,15,3,1,1,30,1163.28,0
0,1,37,0,629,22,0,2,4,1,1,25,54.232,1
24,0,40,4,10130,138,159,45,3,1,1,30,1046.72,0
5,0,27,0,2930,57,7,10,3,1,1,30,147.48,0
16,0,33,0,960,35,25,13,3,1,2,30,139.8,0
0,0,6,0,1238,100,0,1,2,1,1,25,513.223,1
0,1,41,0,209,70,0,9,4,1,2,25,181.869,1
4,0,36,0,1743,49,334,24,2,1,1,25,1583.64,0
0,0,35,0,0,0,0,0,2,1,2,25,0.0,1
0,0,40,0,0,53,23,0,3,1,2,55,408.959,1
17,0,39,1,2948,67,375,29,3,1,1,30,1620.6,0
0,0,33,0,1875,25,267,11,3,1,1,30,1144.0,0
3,0,35,0,1558,33,9,31,3,1,2,30,99.64,1
18,0,29,2,1590,41,31,17,2,1,1,25,212.895,0
0,0,34,0,0,0,0,0,5,1,1,55,0.0,0
0,1,31,0,0,11,1,0,2,1,1,30,445.427,1
3,1,36,0,248,23,6,0,2,1,1,30,433.929,1
0,1,32,0,560,14,75,32,2,1,1,25,103.361,1
5,0,33,0,4515,77,0,24,3,1,1,30,183.68,0
11,1,41,0,2268,50,42,32,4,1,2,45,162.95,1
15,0,3,0,1345,6,29,0,2,1,1,25,0.0,1
2,0,36,0,2870,66,4,11,2,1,1,25,150.12,0
0,0,33,0,510,5,0,7,2,1,2,25,23.175,0
3,0,41,0,2250,20,61,3,3,1,1,30,21.781,1
12,0,44,2,6303,103,24,18,3,1,1,30,352.24,0
9,1,34,0,2875,35,0,12,2,1,2,25,130.95,1
0,0,35,0,7203,121,377,41,2,1,1,25,2026.08,0
2,0,37,2,58,4,12,1,2,1,1,30,30.654,1
6,0,42,1,1928,35,15,12,4,1,1,45,86.575,0
8,0,39,0,2960,61,186,28,2,1,1,25,972.945,0
0,0,31,0,0,0,0,0,3,1,1,30,0.0,0
8,0,38,1,2163,32,16,11,4,1,1,45,94.875,0
0,1,33,2,632,16,8,24,2,2,2,30,130.973,1
10,0,42,0,4153,70,9,39,1,1,1,15,281.765,0
0,1,44,0,0,62,1,0,2,1,1,30,482.138,1
0,0,36,0,1898,51,0,28,1,1,1,15,107.195,0
8,0,38,3,3695,37,504,23,3,1,1,30,2165.28,0
17,0,24,0,0,0,0,0,3,1,1,25,0.0,1
28,1,35,0,1260,53,23,19,3,1,2,30,144.52,1
15,0,27,1,1530,38,26,15,2,1,1,25,187.56,0
8,1,11,2,1792,25,7,9,3,1,1,30,100.68,1
0,0,35,0,1478,25,25,8,4,1,1,45,100.075,0
0,0,30,0,0,54,0,1,3,1,2,25,165.983,1
0,0,36,0,2600,20,467,3,3,1,1,30,1972.8,0
13,0,32,0,1453,20,0,0,3,1,2,25,223.269,1
3,0,44,0,0,72,0,5,3,1,1,25,26.739,1
0,0,36,2,0,51,7,0,3,1,2,25,98.438,1
17,1,37,0,610,48,5,0,4,1,2,25,81.064,1
4,0,36,1,2900,25,5,16,3,1,1,30,137.0,0
13,0,41,3,7350,113,36,30,5,1,1,55,165.945,0
8,0,37,0,1970,50,45,22,3,1,2,30,260.8,0
7,1,45,1,687,15,0,22,2,1,2,25,913.739,1
16,0,25,4,3893,27,0,33,3,1,1,45,262.064,1
9,1,28,2,2383,5,0,10,3,1,2,30,89.277,1
5,0,33,0,4023,82,1,29,2,1,1,25,189.225,0
0,0,30,0,1795,23,263,10,3,1,1,30,1124.72,0
0,0,19,0,1570,28,32,17,2,1,1,25,215.91,0
5,0,36,0,111,66,0,0,3,1,2,25,41.243,1
6,0,37,1,2591,77,3,0,3,1,2,45,52.046,1
6,0,16,1,1920,30,25,12,2,1,1,25,200.25,0
0,0,27,0,2535,10,0,11,3,1,1,30,101.8,0
12,0,15,0,8933,171,73,40,4,1,1,45,410.1,0
0,0,39,0,318,5,7,4,2,1,2,25,46.035,0
0,0,26,0,0,52,16,0,4,1,2,25,7.707,1
0,0,37,0,248,8,32,6,3,1,2,30,138.24,1
1,0,35,1,2955,28,32,18,3,1,1,30,247.32,0
15,0,39,1,2758,66,366,26,3,1,1,30,1576.96,0
0,0,5,0,4025,31,203,6,3,1,1,30,974.24,0
0,0,29,2,0,61,11,4,3,1,2,30,52.896,1
2,1,38,0,0,72,0,17,4,1,2,25,451.374,1
5,0,18,0,0,53,0,12,2,1,2,30,33.279,1
11,0,10,0,0,25,0,4,3,1,1,30,987.255,1
7,0,35,0,826,76,47,7,3,1,2,30,95.389,1
0,1,34,0,79,64,0,6,2,1,2,45,257.747,1
5,0,24,0,1035,32,44,15,2,1,1,25,246.015,0
0,0,22,0,1203,30,18,64,4,1,1,45,75.825,0
1,0,30,0,0,50,35,0,3,1,1,45,0.0,1
9,0,30,3,1735,48,232,17,3,2,1,30,999.32,0
5,1,45,2,0,45,4,0,4,1,2,25,197.245,1
15,0,13,0,6313,139,75,38,1,2,1,15,767.36,0
2,0,30,0,15180,170,135,27,2,1,1,25,1298.25,0
11,0,3,0,0,42,5,0,2,1,2,30,127.812,1
6,0,34,1,6538,67,97,32,2,1,1,25,733.725,0
1,1,35,1,0,89,0,0,3,1,1,30,55.264,1
32,0,38,5,16380,250,15,83,2,2,1,25,815.85,0
0,0,36,0,2790,21,476,6,3,1,1,30,2016.44,0
8,0,31,2,3610,69,25,29,3,1,1,30,247.16,0
9,0,23,1,2180,40,46,21,3,1,1,30,272.8,0
0,1,36,0,0,23,23,0,3,1,2,30,33.55,1
6,0,36,2,4810,87,16,38,3,1,1,30,259.88,0
8,1,32,0,0,17,53,2,2,1,2,25,115.172,1
7,0,40,2,3155,30,488,10,3,1,1,30,2079.4,0
6,0,25,0,395,19,3,5,2,1,2,25,32.13,0
1,1,32,0,177,12,5,1,4,1,1,25,361.717,1
0,0,31,0,0,0,0,0,2,1,2,25,0.0,1
9,0,31,0,124,53,22,18,4,1,1,25,28.167,1
0,0,18,0,1095,16,7,6,2,1,1,25,81.495,0
0,1,41,1,2460,17,0,0,2,1,1,30,0.0,1
0,0,31,1,5950,99,239,31,2,2,1,25,1347.705,0
5,0,35,0,2148,54,352,22,2,1,1,25,1683.09,0
10,0,35,1,9000,116,146,44,3,1,1,30,948.64,0
8,0,40,3,6920,98,225,32,4,1,1,45,737.95,0
8,0,38,0,15080,177,132,32,2,1,1,25,1280.565,0
31,0,39,0,0,22,0,9,4,1,2,30,0.0,1
3,0,36,0,623,5,6,5,2,1,2,25,55.26,0
0,0,20,0,1308,29,15,62,4,1,1,45,70.925,0
5,1,44,2,39,61,1,2,3,1,1,30,82.91,1
0,0,35,0,1345,22,253,16,3,1,1,30,1066.68,0
8,0,35,1,15780,186,164,43,2,1,1,25,1456.47,0
18,0,24,0,1393,14,24,0,2,1,2,30,162.435,1
14,0,39,1,5080,82,30,17,3,1,1,30,326.48,0
31,1,37,2,1320,56,28,21,3,1,1,30,167.04,1
0,0,34,0,10450,137,0,45,3,1,1,30,423.48,0
5,0,35,0,1910,47,40,20,3,1,2,30,238.28,0
10,0,33,1,1791,40,1,0,3,1,2,45,0.0,1
7,0,23,0,1110,27,21,14,2,1,1,25,145.665,0
14,0,36,1,4423,70,7,33,2,1,1,25,233.685,0
5,0,38,2,643,10,11,4,5,1,1,55,26.295,0
11,0,16,0,8527,166,55,42,5,1,1,55,212.895,0
0,0,35,0,0,0,0,0,2,1,2,25,0.0,0
11,0,10,2,5804,37,0,12,4,1,2,25,0.0,1
2,0,32,1,1532,54,0,0,2,1,2,45,179.185,1
0,0,3,0,4130,30,200,4,3,1,1,30,966.4,0
0,0,43,1,1783,13,0,0,2,1,2,25,20.797,1
0,0,36,0,1333,38,0,4,3,1,2,30,54.84,0
6,0,29,0,5513,86,11,21,2,1,1,25,301.455,1
28,0,33,4,16135,241,5,82,2,1,1,25,759.42,0
0,0,33,0,1550,39,40,21,3,1,2,30,223.56,0
7,0,36,1,8405,110,119,43,3,1,1,30,816.6,0
0,1,33,0,0,24,9,21,2,1,1,25,172.554,1
0,0,42,0,1293,52,29,17,3,1,1,30,0.0,1
16,0,34,7,10130,87,0,40,4,1,1,45,255.425,0
5,1,45,0,1421,66,9,41,3,1,2,30,171.152,1
4,1,32,0,1589,2,20,2,4,1,1,45,39.168,1
0,0,32,0,2762,100,6,7,2,1,1,30,272.512,1
8,0,26,1,3935,72,16,23,3,1,1,30,224.28,0
6,0,32,0,6123,25,0,14,2,1,2,25,26.41,1
7,0,36,1,2618,62,7,31,2,1,1,25,152.1,0
0,0,36,0,1650,43,0,1,3,1,2,25,28.225,1
16,0,26,0,650,35,1,14,2,1,2,25,35.325,1
3,0,39,0,1848,33,11,11,3,1,1,30,119.24,0
10,0,44,3,903,20,26,10,5,1,1,55,52.845,0
6,1,37,0,275,21,2,4,2,1,1,45,0.0,1
0,0,22,0,210,15,0,11,2,1,1,25,10.125,0
0,0,24,0,300,19,161,9,2,2,1,25,738.855,0
2,0,38,0,0,20,5,3,3,1,2,25,181.458,1
7,1,35,0,2800,40,0,13,3,1,2,30,113.6,1
34,0,40,0,0,69,0,13,2,1,2,45,77.017,1
3,0,37,1,6500,86,186,26,3,1,1,30,1007.44,0
14,0,38,5,7330,125,283,37,3,2,1,30,1430.2,0
0,0,22,0,3045,53,0,18,3,1,1,30,123.92,0
26,0,38,9,10740,99,8,44,5,2,1,55,174.585,0
0,0,41,0,0,0,8,0,2,1,2,25,36.0,1
27,1,33,0,1555,57,37,32,3,1,2,30,212.48,1
0,0,41,1,302,23,1,7,2,1,1,25,174.682,1
0,0,39,0,2268,60,6,36,1,1,1,15,161.04,0
0,1,40,0,0,49,14,1,3,1,2,30,125.32,1
19,0,17,1,9427,178,89,45,5,1,1,55,277.575,0
4,0,12,3,1161,52,0,1,3,1,2,25,17.686,1
11,0,40,1,4485,76,3,16,3,1,1,30,194.44,0
11,0,43,0,2271,37,0,0,2,2,2,30,63.964,1
5,0,13,0,4255,24,0,3,3,1,2,25,38.447,1
19,0,31,0,0,63,0,4,3,1,2,25,218.94,1
13,0,38,1,3965,83,41,31,3,1,1,30,325.92,0
1,0,42,0,951,18,2,0,3,1,2,30,468.006,1
3,0,28,3,2132,8,16,0,2,1,1,30,0.0,1
9,1,27,0,3925,17,8,3,4,1,2,25,127.862,1
1,0,21,0,0,71,0,2,2,1,2,45,229.328,1
1,0,8,0,0,0,20,0,3,1,1,30,21.232,1
0,0,41,0,7,28,6,0,2,1,2,30,51.51,1
18,1,30,0,1357,39,0,0,4,1,2,30,113.476,1
2,0,36,0,1331,72,0,0,3,1,2,30,37.82,1
5,0,24,0,305,6,18,2,4,1,2,45,52.775,0
2,0,22,0,1650,30,36,18,2,1,1,25,237.6,0
3,0,41,4,3024,24,7,20,3,1,1,30,223.827,1
4,1,41,0,2556,17,0,43,2,1,2,45,103.058,1
12,0,42,2,3165,61,192,29,2,1,1,25,1009.17,0
1,0,25,0,0,39,63,13,2,1,1,25,81.485,1
11,0,20,3,2600,42,56,31,3,1,1,30,329.68,0
9,0,38,1,8218,138,392,43,3,1,1,30,1902.24,0
3,0,41,0,0,46,7,28,2,1,1,25,15.803,1
0,0,33,0,0,0,0,0,4,1,2,45,0.0,1
4,0,31,1,1270,40,201,15,2,2,1,25,963.45,0
1,1,21,0,0,24,0,23,4,1,2,30,76.727,1
14,1,28,0,230,0,7,0,2,1,1,30,157.551,1
0,0,14,0,1948,29,3,2,3,1,1,30,91.08,0
6,0,39,1,4110,78,0,27,3,1,1,30,167.52,0
0,1,31,3,0,7,1,0,2,1,2,30,0.0,1
20,0,36,2,14835,219,47,30,3,1,1,30,790.16,0
2,0,31,0,11205,144,0,41,3,1,1,30,453.96,0
5,0,32,4,7260,120,285,46,2,2,1,25,1614.6,0
12,0,40,0,2633,68,370,29,3,1,1,30,1588.04,0
16,0,44,2,15790,194,165,33,3,1,1,30,1299.36,0
0,0,32,0,0,0,0,0,2,1,2,25,0.0,0
3,0,28,1,885,13,26,5,4,1,1,45,87.45,0
0,1,35,0,1105,87,0,0,5,2,2,45,99.232,1
9,0,28,0,0,27,17,0,2,1,2,30,275.736,1
0,1,41,2,0,26,0,32,3,1,1,25,60.655,1
26,1,30,0,1260,47,15,18,2,1,2,25,126.315,1
0,1,41,0,222,0,4,3,4,1,1,25,124.915,1
18,0,41,2,2818,69,371,28,3,1,1,30,1599.48,0
0,0,34,0,0,0,0,0,2,1,2,25,0.0,1
8,1,31,0,2910,39,0,12,3,1,2,30,117.96,1
0,0,39,0,1222,24,2,2,3,1,1,45,112.839,1
10,0,37,1,13898,167,7,41,3,1,1,30,590.6,0
0,0,25,0,635,10,46,5,4,1,2,45,131.125,0
7,0,23,0,1165,29,14,11,2,1,1,25,116.73,0
13,1,36,0,2868,54,55,46,3,1,2,30,336.88,1
1,1,34,0,69,32,0,1,3,1,2,25,390.279,1
5,0,37,1,6690,87,195,29,3,1,1,30,1051.08,0
11,0,37,0,2970,53,150,21,2,1,1,25,811.035,0
19,0,33,1,352,0,4,11,3,1,2,25,0.0,1
0,0,32,3,325,42,71,5,2,1,2,25,75.21,1
9,0,27,0,455,22,8,7,2,1,1,25,57.465,0
3,0,39,0,1955,34,267,20,3,1,1,30,1147.56,0
0,0,14,0,1330,17,16,10,2,1,1,25,132.615,0
4,1,37,4,0,47,0,29,3,1,2,45,156.901,1
4,0,32,0,0,15,4,0,3,1,2,25,266.729,1
1,0,35,0,538,7,1,1,3,1,2,30,25.8,1
0,0,7,0,4085,34,208,8,3,1,1,30,996.76,0
25,0,36,10,11035,103,22,57,5,2,1,55,200.07,0
9,0,41,0,1619,16,7,36,2,1,1,30,62.791,1
18,0,20,1,6573,149,96,47,2,2,1,25,734.49,0
2,0,42,0,665,18,21,12,3,1,2,30,111.32,0
6,0,38,0,3598,56,0,20,1,1,1,15,200.97,0
7,0,29,0,475,21,13,9,2,1,2,25,80.82,0
6,0,38,1,2605,42,287,18,3,1,1,30,1253.88,0
0,0,39,0,318,5,7,4,2,1,2,25,46.035,0
12,1,11,4,2393,35,28,24,3,1,1,30,209.12,1
9,0,29,2,1620,42,200,13,3,2,1,30,866.48,0
14,0,39,1,15790,188,157,32,2,1,1,25,1425.51,0
5,0,38,0,438,8,7,4,3,1,2,30,45.84,1
15,1,37,0,2978,55,42,31,3,1,2,30,289.32,1
8,0,15,3,4775,48,232,16,3,1,1,30,1120.92,0
3,0,41,0,5613,95,8,11,3,1,1,30,260.32,0
2,0,27,0,3136,20,0,13,4,1,2,25,0.0,1
0,0,42,2,5582,41,0,1,3,1,2,30,80.712,1
5,0,26,0,923,54,0,0,3,1,1,25,0.0,1
3,1,38,0,860,18,0,3,3,1,1,30,38.551,1
0,0,35,0,14580,166,122,13,2,1,1,25,1212.57,0
28,1,34,0,1145,47,7,15,2,1,2,25,85.14,1
13,0,40,1,4675,77,12,19,3,1,1,30,238.08,0
11,0,41,0,1256,57,0,0,3,1,2,30,74.023,1
9,1,30,0,0,69,0,7,3,1,2,25,140.408,1
0,0,7,0,4330,37,210,8,3,1,1,30,1014.68,0
0,1,38,0,2249,0,27,0,2,1,1,25,29.433,1
13,0,41,0,1725,31,28,10,3,1,2,30,182.24,0
5,0,38,1,3778,85,7,30,3,1,1,30,182.52,0
8,0,36,0,3715,79,27,26,3,1,1,30,259.76,0
12,0,15,0,8932,171,73,40,4,1,1,45,410.075,0
8,0,27,3,1915,46,214,26,2,2,1,25,1051.245,0
0,1,14,0,1428,64,1,0,2,1,2,25,319.512,1
6,0,34,3,6965,116,271,33,2,2,1,25,1538.145,0
0,1,30,0,4855,50,1,25,3,1,2,25,46.345,1
13,0,35,1,15710,186,147,28,2,1,1,25,1376.82,0
15,0,14,1,9058,169,69,37,5,1,1,55,241.905,0
5,1,45,0,1313,60,2,6,3,1,1,45,83.563,1
12,1,3,0,0,100,8,0,3,1,1,25,183.481,1
0,1,32,0,6123,22,0,2,2,1,2,25,0.0,1
3,0,42,0,790,16,23,12,3,1,2,30,124.24,0
13,0,18,4,3157,51,38,21,3,1,1,30,280.32,0
21,0,19,2,6697,147,92,44,2,2,1,25,721.98,0
1,1,40,0,650,62,0,0,3,1,2,25,81.163,1
4,0,11,0,8568,162,61,36,4,1,1,45,370.75,0
9,0,41,2,6798,77,118,41,2,1,1,25,840.375,0
0,1,34,0,2338,45,0,2,2,1,2,25,152.135,1
4,0,34,0,15065,170,111,24,2,1,1,25,1185.075,0
1,1,39,0,172,69,9,0,2,1,2,45,17.562,1
12,0,37,0,640,49,9,3,3,1,2,25,254.202,1
0,1,30,0,689,0,7,10,3,1,1,25,16.952,1
1,0,35,0,1548,44,331,7,2,1,1,25,1561.14,0
1,1,38,0,124,100,0,0,3,1,2,30,48.857,1
6,0,34,0,7813,127,383,44,2,1,1,25,2080.8,0
3,0,36,0,1780,50,70,24,4,1,2,45,220.75,0
6,1,30,0,173,51,0,21,2,1,2,25,248.643,1
23,0,24,3,6697,153,100,45,2,2,1,25,758.25,0
5,0,39,0,15260,178,153,32,2,1,1,25,1383.21,0
7,0,37,1,2485,37,281,15,3,1,1,30,1224.88,0
0,0,15,0,1854,50,0,2,2,1,2,30,7.802,1
4,0,40,1,11160,154,12,46,4,1,1,45,312.85,0
0,1,33,1,0,13,1,10,2,1,2,25,90.549,1
1,0,32,2,6660,110,264,31,2,2,1,25,1492.65,0
7,1,36,0,2023,41,32,31,3,1,1,30,210.56,1
0,0,33,0,2650,22,25,16,3,1,1,30,206.88,0
0,0,31,0,3813,17,6,0,2,1,2,55,187.388,1
12,0,35,4,7690,113,42,39,5,1,1,55,180.045,0
0,1,35,0,904,24,14,3,3,1,2,30,259.162,1
0,0,33,0,1488,17,0,1,3,1,1,30,60.2,0
2,0,30,0,0,5,21,4,3,1,2,30,3.664,1
2,1,42,0,2964,6,0,0,2,1,2,30,26.654,1
11,0,39,0,1148,19,15,4,3,1,2,30,106.68,1
0,0,33,0,0,65,21,20,4,1,1,30,84.515,1
2,1,10,1,1082,14,0,9,3,1,1,30,43.84,1
0,0,33,0,2703,65,0,26,2,1,1,25,124.56,0
0,0,23,0,553,22,0,66,4,1,1,45,14.375,0
8,0,41,1,6673,79,116,41,2,1,1,25,825.84,0
17,1,37,0,368,29,0,7,4,1,2,30,22.345,1
0,0,34,0,378,20,0,3,3,1,1,25,185.695,1
29,0,33,0,632,55,0,0,2,1,2,30,235.949,1
3,0,24,0,3630,66,9,21,3,1,1,30,183.84,0
3,0,36,1,6528,75,133,39,2,1,1,25,895.635,0
18,0,29,0,1195,32,26,12,3,1,2,30,153.08,0
18,0,24,5,3418,61,53,27,4,2,1,45,219.475,0
2,0,37,0,13583,169,25,46,3,1,1,30,650.08,0
30,1,45,0,2287,30,0,0,3,1,2,30,174.589,1
10,0,39,1,4313,72,33,39,1,1,1,15,422.675,0
10,1,3,0,0,12,11,4,4,1,2,25,215.979,1
13,0,37,2,9115,121,144,43,3,1,1,30,945.44,0
0,0,38,0,1443,21,3,8,3,1,1,30,70.56,0
25,0,32,4,16190,244,32,84,2,2,1,25,883.53,0
8,0,25,0,585,20,12,8,2,1,2,25,81.225,0
10,0,28,2,2025,47,201,11,3,2,1,30,886.88,0
1,1,24,0,231,65,8,8,3,1,2,30,0.0,1
12,0,35,0,2543,54,7,18,3,1,2,30,131.88,0
7,0,28,0,1320,17,37,8,4,1,2,45,125.925,0
8,1,37,0,159,43,12,6,5,1,2,30,71.594,1
16,0,28,0,470,33,0,10,2,1,2,25,22.635,1
5,0,31,0,408,0,2,8,3,1,1,25,0.0,1
13,0,18,4,3157,51,38,21,3,1,1,30,280.32,0
0,1,10,0,0,63,0,7,2,1,2,45,53.934,1
12,0,31,3,1680,45,205,15,3,2,1,30,889.0,0
0,0,3,0,2309,56,0,5,3,2,2,30,325.803,1
3,0,13,1,1443,23,8,11,3,1,1,30,90.64,1
0,0,32,0,0,50,11,0,2,1,2,30,268.887,1
12,0,44,2,4775,93,17,31,3,1,1,30,262.72,0
0,0,36,0,0,0,0,0,2,1,2,25,0.0,0
9,0,41,0,1223,21,35,21,3,1,2,30,189.76,0
5,0,36,0,2263,60,384,26,3,1,1,30,1628.92,0
3,1,45,0,1285,3,9,4,2,1,1,25,201.975,1
6,0,32,3,0,53,0,0,3,1,2,25,273.692,1
4,0,31,0,14,100,13,1,2,1,2,30,131.581,1
6,0,37,0,843,13,8,2,3,1,2,30,66.24,1
6,0,37,0,1858,25,7,4,3,1,1,30,103.32,0
9,0,28,1,1873,45,37,70,5,1,1,55,84.27,0
0,0,21,0,0,0,3,0,4,1,2,45,7.5,0
4,0,34,0,2070,49,39,18,3,1,2,30,240.76,0
27,0,41,3,15320,233,65,37,3,1,1,30,882.12,0
0,0,36,0,0,72,26,0,4,1,2,45,225.44,1
3,1,3,1,0,19,2,4,4,1,2,30,0.0,1
10,0,39,2,11580,159,9,46,4,1,1,45,315.975,0
0,0,32,0,2725,17,2,15,3,1,1,30,117.68,0
5,0,41,0,623,11,14,6,3,1,2,30,81.36,0
21,0,23,2,6653,151,100,48,2,2,1,25,756.18,0
0,1,45,2,957,20,3,17,4,1,2,30,0.0,1
26,0,3,0,0,57,4,10,2,1,1,25,314.9,1
2,0,33,0,2360,33,277,17,3,1,1,30,1203.72,0
6,0,26,0,510,25,35,9,3,1,2,30,161.4,0
25,0,37,2,1765,73,2,0,3,1,1,25,46.063,1
34,1,27,1,888,48,5,29,3,1,1,25,0.0,1
0,0,35,0,7013,120,368,38,2,1,1,25,1976.985,0
0,1,32,0,0,42,0,2,2,1,2,30,0.0,1
0,0,40,0,433,11,39,8,3,1,2,30,173.76,0
7,0,31,1,7010,101,11,20,5,1,1,55,123.165,0
0,0,33,0,1908,44,0,26,1,1,1,15,107.36,0
0,0,20,0,0,0,6,0,4,1,2,45,15.0,0
13,0,30,0,880,33,21,12,2,1,2,25,135.585,0
14,0,45,2,14078,181,15,47,3,1,1,30,630.36,0
15,0,41,2,4618,78,40,41,1,1,1,15,478.28,0
0,1,32,0,1062,16,53,9,2,1,2,30,152.693,1
32,1,40,4,15635,232,70,37,3,1,1,30,914.68,0
8,1,3,0,4224,59,0,9,4,1,2,30,35.631,1
14,0,33,2,1528,62,0,0,4,1,2,45,142.741,1
11,0,36,4,7270,122,278,35,3,2,1,30,1407.68,0
12,0,33,0,781,71,0,20,4,1,2,25,94.357,1
3,0,35,0,6413,69,101,35,2,1,1,25,746.19,0
3,0,39,1,2690,22,465,10,3,1,1,30,1968.48,0
13,0,40,3,3265,55,313,35,4,1,1,45,865.5,0
0,0,34,0,955,33,13,20,3,1,2,30,91.52,0
18,1,31,0,2598,59,16,2,3,1,1,25,0.0,1
14,0,40,0,2543,60,15,19,3,1,2,30,164.12,0
12,0,11,1,8978,167,65,36,4,1,1,45,391.125,0
0,0,7,0,0,59,29,32,2,1,1,25,84.053,1
4,0,36,0,13658,164,2,45,3,1,1,30,560.88,0
2,0,26,1,3340,67,40,27,3,1,1,30,296.28,0
1,0,26,0,863,65,0,0,4,1,1,25,90.833,1
3,0,9,1,1488,19,0,7,3,1,1,30,60.28,1
3,0,32,0,1853,46,0,11,3,1,2,30,75.96,0
5,1,28,0,1181,34,2,3,3,1,2,30,0.0,1
19,0,38,3,9825,132,152,43,3,1,1,30,1006.28,0
2,1,28,0,296,63,0,0,4,1,1,30,21.403,1
22,0,23,3,6778,149,102,48,2,2,1,25,770.715,0
5,0,6,1,4695,40,214,11,3,1,1,30,1045.4,0
16,1,44,0,0,11,0,8,2,1,2,30,74.604,1
0,0,40,0,0,15,0,0,3,1,1,30,61.984,1
6,0,25,0,625,22,0,2,2,1,1,25,29.115,0
0,1,18,0,0,73,5,1,2,1,1,45,415.008,1
7,0,43,3,643,16,19,5,5,1,1,55,38.385,0
25,1,36,0,1135,55,27,22,2,1,2,25,175.05,1
15,0,40,0,0,48,0,0,3,1,1,30,57.417,1
13,1,33,0,0,30,3,0,2,1,1,45,222.873,1
11,0,36,1,4740,87,7,23,3,1,1,30,221.08,0
0,0,38,0,2162,14,0,9,3,1,2,25,191.362,1
5,0,37,0,1054,29,8,28,3,1,1,30,987.255,1
2,0,39,0,825,20,45,12,3,1,2,30,213.8,0
5,1,14,0,1908,20,0,0,3,1,1,45,0.0,1
0,0,31,0,5613,83,0,9,2,1,1,25,256.32,0
13,0,35,1,0,52,60,0,2,1,1,30,162.646,1
0,0,34,0,0,0,0,0,4,1,2,45,0.0,1
1,0,7,2,4685,44,229,23,3,1,1,30,1105.16,0
1,1,37,0,611,4,18,0,2,1,2,30,0.0,1
0,0,35,0,3183,49,0,33,1,1,1,15,177.76,0
8,0,40,0,1033,72,0,2,2,1,2,30,6.121,1
16,0,12,0,26,71,1,40,2,1,1,25,112.367,1
1,0,24,0,1508,36,25,66,4,1,1,45,101.1,0
0,0,43,0,0,51,1,0,3,1,1,25,119.591,1
5,0,37,0,305,6,7,2,3,1,2,30,40.44,0
3,0,34,0,6298,63,69,31,2,1,1,25,596.745,0
0,1,36,0,0,59,0,0,2,1,2,25,160.008,1
9,0,16,3,4695,52,230,13,3,1,1,30,1109.88,0
0,0,40,1,0,39,0,0,5,1,1,25,14.054,1
20,0,35,3,88,5,0,0,5,1,1,25,127.949,1
0,1,7,0,1183,13,0,5,2,1,2,25,53.82,1
3,1,42,0,3280,46,0,0,4,1,2,30,0.0,1
8,0,38,0,112,21,0,0,2,1,2,30,0.0,1
12,1,37,0,2570,60,66,37,4,1,2,45,230.75,1
0,1,37,2,0,73,0,2,3,1,1,30,286.821,1
13,0,39,4,7450,130,289,40,3,2,1,30,1459.2,0
11,0,15,0,6087,135,78,40,1,2,1,15,771.21,0
7,0,39,0,497,100,0,2,3,1,2,25,227.586,1
0,0,9,1,1446,15,19,17,3,1,1,30,253.293,1
1,0,31,0,4065,59,0,14,2,1,1,25,185.58,0
17,1,9,0,0,100,1,0,4,1,1,30,59.955,1
13,0,17,3,3043,45,7,17,3,1,1,30,151.52,0
5,0,32,1,3065,26,7,12,3,1,1,30,151.64,0
0,0,37,0,6908,117,363,28,2,1,1,25,1949.625,0
3,0,43,0,1900,100,1,5,3,1,1,30,274.514,1
6,0,9,0,5828,125,63,34,1,2,1,15,673.915,0
9,1,35,0,958,49,0,0,3,1,1,25,12.719,1
11,0,27,3,4130,77,36,40,3,1,1,30,312.28,0
2,0,35,0,11160,148,4,45,3,1,1,30,468.32,0
0,1,32,1,2906,49,7,2,2,2,1,45,572.778,1
8,0,35,1,8810,115,137,41,3,1,1,30,905.0,0
15,0,41,0,1565,15,45,4,3,1,2,30,108.172,1
0,0,36,0,405,8,6,6,2,1,2,25,45.585,0
1,0,34,0,2475,47,168,21,2,1,1,25,869.49,0
9,1,39,0,905,16,28,17,2,1,2,25,167.445,1
0,1,28,0,0,38,4,0,2,1,2,30,195.398,1
6,0,37,0,1853,50,338,9,2,1,1,25,1606.635,0
7,0,40,0,522,79,0,3,2,1,1,30,0.0,1
5,0,40,0,825,19,11,7,3,1,2,30,77.76,0
0,1,28,0,1160,50,29,0,4,1,2,25,350.609,1
8,0,43,2,1973,37,15,9,4,1,1,45,87.75,0
12,0,37,1,5413,93,8,26,2,1,1,25,283.77,1
5,0,35,0,1015,14,12,9,2,1,2,25,100.305,0
2,0,26,0,1323,36,28,68,4,1,1,45,103.975,0
10,0,16,3,1792,31,15,10,3,1,1,30,132.92,1
12,1,40,3,545,21,53,4,3,1,2,30,0.0,1
4,0,34,3,6775,115,262,30,2,2,1,25,1489.05,0
0,0,32,1,3135,26,14,27,3,1,1,30,182.44,0
0,0,37,0,2203,58,27,35,2,1,1,25,223.245,0
7,0,33,0,1890,48,35,18,3,1,2,30,217.52,0
6,0,6,0,3341,58,3,0,3,1,2,45,0.0,1
6,0,39,1,7568,130,389,45,3,1,1,30,1863.92,0
4,0,30,0,531,67,8,0,2,1,1,30,45.102,1
10,1,3,0,625,17,3,0,2,1,2,30,126.879,1
17,0,39,2,4485,93,40,28,3,1,1,30,343.12,0
6,0,34,3,6965,116,271,33,2,2,1,25,1538.145,0
2,0,33,0,3245,27,1,12,3,1,1,30,134.88,0
25,1,38,1,224,66,3,16,2,1,2,30,102.932,1
5,0,32,1,305,6,7,2,3,1,1,30,40.44,0
4,1,38,0,186,2,16,6,3,1,2,30,157.3,1
0,0,26,0,580,7,19,3,4,1,1,45,62.175,0
11,0,27,0,700,25,10,7,2,1,2,25,77.625,0
21,0,40,3,6183,107,38,28,3,1,1,30,403.6,0
0,0,32,0,2780,19,0,12,3,1,1,30,111.96,0
0,0,35,0,438,7,34,6,4,1,2,45,96.125,1
11,0,22,0,0,58,1,0,2,1,2,30,439.708,1
8,1,39,0,925,34,6,1,3,1,2,25,0.0,1
2,1,39,0,313,10,11,7,3,1,2,30,56.92,1
0,0,34,0,6493,110,352,41,2,1,1,25,1881.135,0
0,1,42,0,0,20,3,1,3,1,2,45,56.926,1
13,0,41,2,4790,83,44,23,3,1,1,30,370.92,0
4,0,38,0,2360,39,285,18,3,1,1,30,1235.96,0
23,0,33,0,955,47,16,17,2,1,2,25,117.09,1
0,0,33,0,0,0,0,0,3,1,2,30,0.0,1
6,1,12,0,0,12,17,1,2,1,1,30,169.444,1
5,0,39,0,1180,20,7,13,2,1,2,25,85.5,0
0,0,29,0,2761,2,1,0,2,1,1,25,90.823,1
8,0,45,0,529,7,5,17,3,1,1,45,244.975,1
0,0,33,0,5433,81,0,5,2,1,1,25,248.13,0
3,0,32,0,1326,1,7,8,2,1,2,45,131.143,1
0,1,32,0,959,0,19,0,2,1,2,25,156.387,1
1,0,40,1,4235,52,15,0,3,1,2,30,145.356,1
15,0,38,3,4375,92,53,43,3,1,1,30,390.68,0
9,0,40,0,4075,67,7,4,3,1,1,30,193.68,0
1,0,26,1,104,100,0,2,4,1,1,30,428.335,1
8,0,35,1,8810,115,137,41,3,1,1,30,905.0,0
0,1,27,0,0,15,10,8,2,1,2,30,0.0,1
7,1,33,0,2238,48,0,16,3,1,2,30,91.44,0
0,0,36,0,2333,55,0,31,1,1,1,15,131.34,0
13,0,20,1,6087,141,86,41,2,2,1,25,667.26,0
10,0,24,0,0,0,0,0,2,1,2,30,78.815,1
10,0,24,0,0,43,1,0,3,1,2,55,106.495,1
0,1,38,0,5417,14,20,9,2,1,2,25,171.616,1
0,0,40,0,752,63,0,0,3,1,2,25,45.274,1
0,0,31,0,0,63,3,8,2,1,1,25,0.0,1
10,0,23,0,620,23,0,3,2,1,2,25,28.935,0
0,1,34,0,0,0,0,0,3,1,2,30,0.0,1
3,0,36,0,2729,9,31,0,2,1,1,25,77.206,1
0,1,30,0,2035,45,0,43,3,1,2,30,220.576,1
32,0,43,4,15625,239,72,39,3,1,1,30,922.56,0
13,0,39,2,7023,81,115,39,2,1,1,25,837.18,0
0,0,43,0,0,79,9,0,3,2,1,25,191.664,1
14,0,12,0,6392,135,77,41,1,2,1,15,782.485,0
10,0,35,0,14078,169,0,45,3,1,1,30,569.88,0
6,0,36,0,2780,53,175,23,2,1,1,25,914.985,0
15,0,39,0,2948,65,16,17,3,1,2,30,184.52,0
0,0,43,0,0,71,11,5,3,1,1,25,29.604,1
7,0,43,0,438,14,15,5,3,1,2,30,78.08,1
1,0,32,0,3638,80,0,24,2,1,1,25,167.31,0
7,0,38,1,4023,88,9,30,3,1,1,30,200.44,0
3,0,34,2,6900,103,46,26,5,1,1,55,174.045,0
4,0,33,0,2600,45,164,18,2,1,1,25,857.025,0
4,1,32,0,2418,33,6,0,2,1,2,30,0.0,1
14,0,35,1,6223,103,27,22,2,1,1,25,406.17,0
4,0,39,0,918,15,28,19,3,1,2,30,149.32,0
0,0,41,0,2333,14,0,2,3,1,2,25,178.32,1
11,0,36,4,7270,122,278,35,3,2,1,30,1407.68,0
3,0,35,2,6840,118,275,36,2,2,1,25,1550.61,0
0,0,35,0,0,0,0,0,4,1,1,45,0.0,0
3,0,38,0,2393,58,2,33,1,1,1,15,145.805,0
0,1,3,0,0,67,0,0,3,1,2,25,72.761,1
0,0,30,0,2395,45,158,17,2,1,1,25,820.8,0
3,0,45,3,3243,30,3,0,2,1,2,25,164.965,1
14,0,38,0,5523,94,12,11,2,1,1,25,306.765,1
3,0,17,0,2100,31,29,12,2,1,1,25,226.395,0
2,0,36,1,11275,154,36,49,4,1,1,45,375.725,0
11,1,22,0,132,38,1,0,3,1,2,45,0.0,1
0,1,36,0,3130,32,40,0,2,1,2,25,0.0,1
0,0,35,0,7393,122,386,44,2,1,1,25,2075.175,0
19,0,38,0,843,49,7,5,3,2,1,30,0.0,1
22,0,26,1,1163,51,3,1,3,1,1,25,91.15,1
10,0,39,2,3805,38,491,8,3,1,1,30,2117.72,0
21,0,40,2,3468,77,374,26,3,1,1,30,1637.8,0
0,0,28,0,0,0,0,0,3,1,2,30,0.0,1
10,0,38,0,664,100,9,45,4,1,2,25,5.107,1
9,1,12,0,1563,58,11,14,2,1,2,30,247.549,1
0,1,31,0,0,70,0,0,4,1,2,30,73.753,1
0,0,12,0,1526,66,11,7,2,1,2,30,191.734,1
9,0,14,0,0,18,0,0,3,1,2,30,166.999,1
15,1,36,0,3700,52,17,16,3,1,2,30,218.08,1
13,0,45,2,6223,107,22,15,3,1,1,30,341.2,0
16,0,33,0,89,63,0,0,2,1,2,45,46.488,1
3,1,33,0,0,51,2,31,3,1,1,30,217.206,1
2,1,32,0,0,28,21,0,3,1,2,25,242.419,1
3,0,29,0,1554,35,2,17,5,1,2,30,46.485,1
1,0,41,0,0,17,18,0,3,1,1,30,162.884,1
0,0,22,0,2805,49,0,17,3,1,1,30,114.16,0
13,1,45,1,3403,0,7,25,3,1,1,30,21.817,1
5,0,36,0,0,59,47,5,2,1,2,30,0.0,1
21,0,19,2,6698,147,92,44,2,2,1,25,722.025,0
7,0,31,0,50,2,0,1,2,1,2,25,2.34,1
2,0,29,0,1963,32,19,28,3,1,2,30,155.8,1
0,0,38,2,0,100,9,4,4,1,1,30,0.0,1
0,0,34,0,0,0,0,0,3,1,2,30,0.0,1
19,0,19,2,6453,144,90,44,2,2,1,25,701.865,0
9,0,35,0,2990,41,9,16,3,1,2,30,157.24,1
11,0,36,2,6843,73,104,34,2,1,1,25,779.22,0
7,0,24,1,1955,36,43,20,3,1,1,30,251.64,0
0,0,33,0,2122,35,0,23,3,1,1,25,226.921,1
9,0,33,1,1544,60,8,4,2,1,2,30,46.082,1
0,1,36,0,0,34,0,2,2,1,2,25,122.657,1
0,1,30,0,3601,58,10,13,2,1,1,25,0.0,1
16,0,35,8,10245,93,26,44,5,2,1,55,194.07,0
11,0,43,1,2845,53,303,25,3,1,1,30,1327.92,0
0,0,35,0,7448,124,379,41,2,1,1,25,2046.24,0
5,0,29,0,4002,26,28,0,3,1,1,30,181.346,1
1,0,28,1,1982,16,15,2,3,1,2,30,334.928,1
0,0,35,0,0,0,2,0,2,1,2,25,9.0,1
34,0,3,0,2272,17,10,0,3,2,2,25,4.249,1
12,0,39,4,7405,102,214,43,3,1,1,30,1156.28,0
0,1,7,0,0,61,5,0,2,1,1,30,68.113,1
14,0,40,2,5898,100,36,28,2,1,1,25,431.91,1
17,0,30,1,1710,46,37,20,2,1,1,25,245.52,0
3,1,31,0,1361,22,12,6,2,1,1,30,57.046,1
2,0,34,0,1201,63,21,20,3,1,1,30,0.0,1
1,0,31,0,0,58,46,0,2,1,1,25,0.0,1
10,0,36,2,4070,86,46,41,3,1,1,30,350.24,0
3,0,37,0,10865,144,0,32,3,1,1,30,440.36,0
7,1,31,0,63,52,6,23,4,1,2,30,0.0,1
1,1,11,2,0,18,1,14,4,1,1,25,30.009,1
1,0,38,4,0,54,0,30,3,1,2,25,15.101,1
2,1,43,0,5672,9,4,0,2,1,1,30,197.56,1
0,1,9,0,0,21,19,27,3,1,2,45,987.255,1
7,0,40,0,2148,60,360,23,3,1,1,30,1528.32,0
10,0,22,2,2060,35,40,18,3,1,1,30,243.8,0
10,1,32,0,882,90,10,0,2,2,1,25,111.245,1
0,0,26,0,3100,63,12,26,3,1,1,30,174.52,0
1,1,23,0,215,55,6,0,3,1,2,30,97.373,1
18,0,21,2,9318,179,90,46,5,1,1,55,277.455,0
0,0,23,0,2730,54,0,18,3,1,1,30,111.36,0
1,0,40,0,213,4,10,6,3,1,2,30,48.68,1
0,0,20,0,0,0,4,0,4,1,2,45,10.0,0
10,0,40,1,6898,83,119,42,2,1,1,25,849.645,0
6,0,32,0,1210,18,38,9,4,1,2,45,125.7,0
0,0,36,0,595,9,15,9,2,1,2,25,94.68,0
9,0,38,1,4213,89,18,33,3,1,1,30,244.08,0
0,0,30,1,6600,107,259,29,2,2,1,25,1467.315,0
6,1,19,0,0,100,0,3,4,2,1,45,0.0,1
21,1,33,0,0,81,14,13,2,1,2,45,184.961,1
6,1,36,0,2178,51,3,15,3,1,2,30,101.16,0
5,0,37,0,2375,48,157,25,2,1,1,25,815.535,0
3,1,37,0,0,25,0,0,2,1,2,25,90.481,1
6,0,43,1,2360,45,293,19,4,1,1,45,792.625,0
4,0,26,0,641,58,0,0,2,1,2,30,174.947,1
12,1,40,0,2353,59,6,16,3,1,2,30,120.48,0
0,0,12,0,0,37,3,10,3,1,2,55,132.966,1
4,0,39,1,2475,45,317,22,4,1,1,45,855.5,0
0,0,40,0,960,75,0,0,2,1,2,30,32.47,1
1,0,17,3,1957,44,0,4,3,1,1,30,94.051,1
1,1,44,0,58,49,6,0,3,1,2,30,218.185,1
0,0,32,0,2535,16,0,12,3,1,1,30,102.04,0
0,0,45,0,2350,22,5,0,2,1,2,25,274.772,1
16,1,37,0,747,57,13,0,2,1,2,45,0.0,1
7,1,35,0,0,100,4,14,3,1,2,25,52.418,1
1,0,38,0,2148,55,0,33,1,1,1,15,121.165,0
15,0,37,2,9305,122,153,46,3,1,1,30,989.08,0
12,0,43,1,4198,72,9,36,1,1,1,15,284.35,0
17,0,21,2,6473,143,95,46,2,2,1,25,725.22,0
19,0,36,8,10245,92,0,39,5,2,1,55,155.055,0
4,0,36,0,2590,52,166,20,2,1,1,25,865.89,0
0,0,33,0,6135,77,174,22,3,1,1,30,944.48,0
14,0,29,6,10130,81,0,39,4,1,1,45,255.275,0
8,0,43,2,683,14,19,8,3,1,1,30,103.88,0
0,1,29,0,0,32,22,23,3,1,2,30,431.893,1
0,0,42,0,1843,54,0,23,2,1,2,25,113.373,1
5,0,32,0,1085,20,36,9,4,1,2,45,117.625,0
28,1,35,0,1260,53,23,19,3,1,2,30,144.52,1
13,0,43,0,1948,30,0,1,3,1,2,30,0.0,1
7,0,35,1,7733,131,381,41,3,1,1,30,1838.56,0
7,0,36,1,4665,75,19,30,2,1,1,25,298.8,0
8,0,39,2,7045,107,29,28,5,1,1,55,150.78,0
3,1,43,0,315,16,0,12,4,1,2,30,0.0,1
1,0,26,0,0,8,4,0,4,1,2,25,40.69,1
21,0,46,3,4340,98,54,36,3,1,1,30,393.52,0
9,1,36,0,2268,44,34,31,3,1,2,30,228.48,1
0,0,34,0,2650,21,0,11,3,1,1,30,106.84,0
8,0,30,0,395,25,11,6,3,1,2,30,60.8,0
0,0,38,1,0,71,0,0,3,1,2,30,331.418,1
14,0,37,0,2458,44,9,29,3,1,2,30,136.08,1
1,0,41,0,149,63,23,4,3,1,1,30,111.746,1
4,0,18,3,2628,41,34,21,3,1,1,30,242.76,0
11,0,39,2,2030,53,50,24,4,1,1,45,177.075,0
5,0,41,0,496,19,4,0,2,1,1,30,0.0,1
6,1,34,0,587,100,8,11,3,1,2,25,139.121,1
8,0,37,0,2263,59,350,21,3,1,1,30,1492.88,0
0,1,3,0,3320,78,0,0,3,1,2,30,86.094,1
1,0,37,0,0,37,5,0,2,1,2,30,98.44,1
5,0,34,1,2405,35,277,14,3,1,1,30,1205.6,0
4,1,28,0,854,40,0,10,4,1,1,30,120.639,1
1,1,45,0,0,30,0,29,2,1,2,25,286.229,1
5,1,38,1,751,61,0,0,3,1,2,55,185.135,1
8,0,39,1,7813,133,391,45,3,1,1,30,1881.84,0
2,0,30,0,2283,8,4,8,2,1,1,25,21.407,1
13,0,32,0,700,31,18,8,3,1,2,30,101.24,0
0,0,33,0,3433,59,7,13,3,1,1,45,167.888,1
18,0,46,2,4935,87,27,25,3,1,1,30,308.88,0
2,0,31,0,6333,67,91,31,2,1,1,25,697.5,0
8,0,38,0,4370,71,5,17,3,1,1,30,197.64,0
3,0,34,0,2772,47,0,0,2,1,2,30,159.119,1
33,1,35,0,2609,40,0,0,4,1,2,25,254.124,1
1,0,38,0,0,43,0,10,4,1,2,30,0.0,1
0,1,39,0,854,10,8,0,2,1,2,30,341.669,1
28,0,28,3,16380,238,0,81,2,1,1,25,747.81,0
9,0,27,0,0,47,0,0,2,1,2,30,0.0,1
0,0,28,0,2580,12,0,8,3,1,1,30,103.68,0
8,0,39,1,7813,133,391,45,3,1,1,30,1881.84,0
10,0,34,0,5703,93,28,25,2,1,1,25,386.82,1
0,0,36,0,1540,46,42,23,3,1,2,30,231.44,0
7,0,11,0,2211,18,0,0,2,1,2,55,235.68,1
7,0,27,0,0,99,3,2,2,1,1,25,0.0,1
0,1,34,0,0,18,8,2,4,1,2,30,0.0,1
2,0,39,1,518,12,15,7,5,1,1,55,30.45,0
17,0,38,8,10210,89,4,44,4,2,1,45,267.475,0
8,0,37,0,1970,50,45,22,3,1,2,30,260.8,0
20,0,36,0,650,47,17,16,3,1,2,30,95.88,1
11,0,11,0,2350,24,25,0,3,1,2,25,53.891,1
7,0,40,0,1015,20,20,10,3,1,2,30,121.4,0
4,1,45,0,90,62,0,2,3,1,2,25,0.0,1
12,1,41,0,1296,92,5,6,2,1,2,25,116.671,1
9,0,41,0,13953,177,11,49,3,1,1,30,609.2,0
8,1,34,0,0,100,3,0,2,1,2,30,27.453,1
13,0,36,4,7460,123,287,38,3,2,1,30,1451.32,0
2,0,36,0,9,22,7,4,3,1,2,25,6.152,1
11,0,40,0,15665,190,161,35,2,1,1,25,1437.975,0
4,0,32,0,3813,58,0,29,1,1,1,15,212.905,0
1,0,38,0,686,4,33,31,3,1,2,25,235.319,1
7,0,44,0,1180,26,15,14,3,1,2,30,108.24,0
0,0,43,0,1021,21,4,0,3,1,2,45,65.572,1
13,1,44,0,0,49,0,0,4,1,2,25,74.919,1
0,0,37,0,2741,100,3,7,2,1,2,30,230.706,1
0,0,31,0,545,3,0,0,4,1,1,30,221.921,1
10,0,34,0,5758,95,21,22,2,1,1,25,357.885,1
8,0,42,0,2923,12,15,21,3,1,1,30,199.858,1
5,0,25,1,3470,64,10,23,3,1,1,30,181.36,0
30,1,28,0,1651,12,15,0,2,1,2,45,20.708,1
10,0,14,2,1973,33,18,14,3,1,1,30,152.24,1
5,0,28,0,1130,16,28,5,4,1,2,45,98.65,0
0,1,23,0,0,16,6,0,3,1,2,25,22.431,1
18,0,38,2,9305,121,119,41,3,1,1,30,853.04,0
5,0,34,0,5838,93,0,8,2,1,1,25,266.895,0
8,0,36,0,0,36,43,0,3,1,1,30,235.262,1
2,0,10,1,2468,37,14,13,3,1,1,30,156.2,0
9,1,39,0,2945,45,17,20,3,1,2,30,187.6,1
34,1,36,0,1653,58,1,6,2,2,2,45,372.507,1
7,0,37,0,3908,82,7,26,2,1,1,25,211.05,0
6,1,38,0,0,74,0,0,3,1,1,45,34.091,1
0,0,19,0,2840,53,0,17,3,1,1,30,115.72,0
6,0,36,1,3145,28,7,16,3,1,1,30,154.92,0
11,0,36,1,13998,173,7,42,3,1,1,30,594.84,0
0,0,3,2,704,71,1,7,3,1,2,25,93.374,1
12,0,38,0,321,23,0,0,4,1,2,30,188.067,1
14,0,29,0,0,41,0,7,3,1,2,45,34.869,1
10,1,36,0,963,70,0,0,3,1,2,30,36.018,1
0,0,28,0,600,6,24,5,4,1,2,45,75.15,0
0,1,42,0,1349,2,5,4,3,1,2,25,65.016,1
18,0,36,2,1009,44,13,17,2,1,1,30,41.756,1
10,0,40,2,8810,121,145,42,3,1,1,30,937.24,0
14,1,40,0,2543,60,15,19,3,1,2,30,164.12,0
5,0,42,2,598,14,19,8,5,1,1,55,37.68,0
3,0,39,0,0,95,2,0,2,1,1,30,19.068,1
1,0,35,1,743,9,5,1,5,1,1,55,18.78,0
3,0,36,0,4065,65,0,15,2,1,1,25,185.85,0
0,0,3,0,4085,28,200,7,2,1,1,25,1085.085,0
10,0,41,0,4550,79,16,22,3,1,1,30,249.16,0
9,0,30,0,243,7,1,14,3,1,2,30,184.085,1
0,0,32,0,650,27,6,18,3,1,2,30,51.08,0
0,0,37,0,2385,16,458,8,3,1,1,30,1928.04,0
14,0,41,2,3408,75,17,35,2,1,1,25,233.235,0
14,0,20,1,8932,177,81,41,5,1,1,55,258.135,0
11,1,34,0,75,68,6,23,2,1,1,25,64.741,1
1,0,41,1,2790,27,484,7,3,1,1,30,2048.68,0
9,0,36,0,2268,44,34,31,3,1,2,30,228.48,1
3,0,39,1,11240,150,14,49,3,1,1,30,511.6,0
1,0,29,0,2782,30,13,6,3,1,1,30,0.0,1
26,0,31,0,0,26,4,6,3,1,1,25,173.23,1
11,0,44,1,6178,105,22,18,3,1,1,30,339.32,0
0,0,31,0,0,0,0,0,3,1,2,30,0.0,1
3,1,34,0,295,100,27,4,2,1,1,30,0.0,1
0,0,42,0,0,0,8,0,2,1,2,25,36.0,1
8,0,12,3,2898,41,23,15,3,1,1,30,209.56,0
12,0,33,2,3790,77,30,31,4,1,1,45,171.675,0
1,1,38,0,4622,51,0,0,2,1,2,45,342.48,1
16,0,30,7,10175,83,0,36,4,1,1,45,256.45,0
0,1,35,1,449,56,4,3,2,1,2,25,181.318,1
5,0,35,0,1100,18,7,9,2,1,2,25,81.81,0
0,1,32,0,0,40,9,25,3,1,1,25,39.582,1
2,1,33,0,1960,48,52,33,3,1,2,30,288.32,1
5,0,40,0,2013,50,11,19,3,1,2,30,126.52,0
0,1,10,0,0,77,3,1,2,1,1,25,987.255,1
0,0,36,0,5013,79,0,13,2,1,1,25,229.14,0
5,0,41,0,2573,66,13,38,1,1,1,15,216.645,0
19,0,37,2,6528,109,34,24,2,1,1,25,451.665,0
4,0,36,0,1933,48,1,15,3,1,2,30,83.24,0
4,0,33,0,2685,35,2,14,2,1,2,25,131.4,1
7,0,40,1,5623,91,7,17,3,1,1,30,256.56,0
14,0,44,3,11770,166,26,50,4,1,1,45,363.4,0
9,1,26,0,0,33,0,0,2,1,2,45,0.0,1
14,1,32,0,767,97,10,12,3,1,2,25,36.653,1
1,0,22,0,1443,88,2,20,2,1,2,30,44.456,1
10,0,37,2,4640,81,7,22,3,1,1,30,216.84,0
7,0,39,0,495,7,16,5,2,1,2,25,94.59,1
0,1,24,0,0,44,12,0,3,1,2,25,11.449,1
1,1,31,0,640,46,0,4,4,1,2,45,87.076,1
6,0,40,0,1028,16,15,4,3,1,2,30,101.76,0
1,0,37,1,6310,85,177,23,3,1,1,30,963.8,0
0,0,25,1,2773,43,22,0,3,1,1,25,17.571,1
0,0,36,3,0,100,9,10,3,1,2,25,183.199,1
8,0,39,1,7813,133,391,45,3,1,1,30,1881.84,0
10,0,43,0,0,35,0,33,2,1,2,30,153.233,1
0,0,37,0,561,46,0,41,2,1,2,30,248.243,1
0,0,19,0,2965,51,0,17,3,1,1,30,120.64,0
5,0,38,0,3423,78,7,15,3,1,1,30,168.04,0
9,1,26,0,0,62,9,28,3,1,1,25,102.715,1
5,1,11,1,1193,15,7,2,3,1,1,30,76.32,1
6,0,36,2,6625,84,182,23,3,1,1,30,996.36,0
0,0,40,0,485,10,16,10,2,1,2,25,94.275,0
5,0,43,1,2393,64,10,34,2,1,1,25,155.565,0
11,0,15,0,6087,135,78,40,1,2,1,15,771.21,0
16,0,21,1,6348,145,93,46,2,2,1,25,710.685,0
0,1,34,0,0,0,0,0,4,1,2,45,0.0,1
0,0,35,0,1170,18,14,24,2,1,2,25,116.46,0
15,0,31,1,1485,42,34,19,2,1,1,25,221.715,0
6,0,42,0,0,52,0,30,2,1,1,25,256.285,1
4,0,25,0,1453,33,0,64,4,1,1,45,37.15,0
3,0,35,0,1575,35,18,0,2,1,1,25,14.358,1
19,0,20,1,9418,185,91,47,5,1,1,55,280.545,0
33,0,35,5,16440,247,12,84,2,2,1,25,804.915,0
0,1,35,1,0,43,7,22,2,1,2,25,147.222,1
5,0,19,0,965,22,4,7,2,1,1,25,62.415,0
0,1,24,0,0,43,6,0,3,1,1,25,35.684,1
3,0,38,0,13173,159,0,29,3,1,1,30,533.28,0
2,0,38,1,2850,24,481,8,3,1,1,30,2038.96,0
5,0,44,0,1058,69,0,2,5,1,2,55,106.796,1
0,1,9,0,1816,0,30,0,2,1,1,25,10.108,1
1,1,24,0,173,20,0,0,4,1,2,25,79.91,1
0,0,35,0,1378,41,0,31,1,1,1,15,78.045,0
1,1,43,1,1220,44,0,0,4,1,1,25,391.538,1
7,1,36,0,0,10,0,2,3,1,1,45,213.769,1
0,0,36,1,0,0,0,0,5,1,1,55,0.0,0
0,0,34,0,1475,44,63,22,3,1,2,30,312.76,0
0,0,22,0,830,22,175,4,2,2,1,25,825.84,0
7,0,36,0,2078,43,25,28,3,1,2,30,184.84,1
13,0,29,4,2220,52,221,28,3,2,1,30,974.88,0
3,0,35,2,102,36,0,0,3,1,2,30,110.892,1
29,1,40,0,0,71,0,13,2,1,2,30,0.0,1
12,1,39,0,1622,3,3,0,2,1,2,30,241.701,1
3,0,28,0,0,30,7,0,2,1,1,45,108.289,1
7,0,26,0,1100,34,23,16,2,1,1,25,154.53,0
7,0,20,1,2000,32,35,16,3,1,1,30,221.28,0
4,0,26,0,1200,30,161,7,2,2,1,25,779.85,0
5,1,42,0,1140,41,0,0,2,1,1,30,0.0,1
1,0,36,0,3875,64,0,12,2,1,1,25,177.255,0
0,1,41,1,277,26,1,20,2,1,1,30,10.457,1
11,0,37,0,15675,183,159,33,2,1,1,25,1429.11,0
15,1,38,0,0,27,0,2,2,1,1,30,11.349,1
7,0,38,0,13773,169,0,44,3,1,1,30,557.68,0
30,0,33,4,16380,244,7,82,2,2,1,25,779.58,0
12,0,41,0,4378,74,12,40,1,1,1,15,310.86,0
0,0,12,0,351,20,134,7,3,1,1,25,68.974,1
0,1,31,0,3484,95,43,5,2,1,1,25,133.909,1
13,0,30,0,0,12,5,0,2,2,1,30,273.339,1
3,0,37,0,1115,19,14,6,2,1,2,25,114.03,0
0,0,30,0,0,52,204,1,3,1,1,25,192.049,1
14,0,34,2,2133,55,52,76,5,1,1,55,110.82,0
9,0,37,0,15485,182,150,30,2,1,1,25,1380.015,0
3,0,37,1,6740,101,22,26,5,1,1,55,135.615,0
12,0,27,0,1475,20,0,5,4,1,2,25,219.604,1
6,0,38,1,11060,149,0,49,4,1,1,45,280.225,0
5,0,40,1,2800,23,469,9,3,1,1,30,1988.92,0
6,0,32,2,0,5,0,4,3,1,1,45,75.575,1
10,0,47,0,883,21,29,12,3,1,2,30,152.16,0
11,0,28,0,815,31,42,11,3,1,2,30,201.84,0
5,0,33,0,8750,112,132,39,3,1,1,30,882.48,0
1,0,34,0,2840,22,0,14,3,1,1,30,114.48,0
8,0,36,1,2585,43,282,16,3,1,1,30,1233.12,0
1,0,30,0,239,9,0,2,4,1,2,25,87.314,1
0,0,34,0,5553,86,0,8,2,1,1,25,253.755,0
20,0,43,3,6123,110,41,27,3,1,1,30,413.32,0
1,0,28,0,1190,38,197,14,2,2,1,25,941.76,0
4,1,31,2,903,47,8,20,2,1,2,30,90.555,1
2,0,38,0,2150,33,0,13,3,1,1,30,37.716,1
20,0,40,0,0,13,25,6,2,1,1,45,106.947,1
0,0,32,0,278,60,6,0,3,1,2,30,272.24,1
7,0,42,2,2053,33,17,12,4,1,1,45,94.65,0
12,0,42,1,2453,66,367,25,3,1,1,30,1568.76,0
8,0,33,0,4198,60,0,34,1,1,1,15,234.19,0
5,1,36,0,427,12,0,15,3,1,1,30,6.671,1
14,1,12,3,2502,36,15,9,3,1,1,30,161.52,1
14,0,37,2,3053,70,380,39,3,1,1,30,1644.92,0
7,0,38,0,1123,14,25,9,4,1,2,45,90.925,1
9,1,7,2,0,54,0,32,3,1,2,30,352.307,1
21,0,37,9,10550,99,33,46,5,1,1,55,209.235,0
13,0,36,1,2578,58,355,21,3,1,1,30,1525.44,0
0,1,36,0,293,0,4,13,4,1,1,25,86.792,1
9,0,32,2,3530,73,23,26,4,1,1,45,147.575,0
12,0,38,1,11655,154,7,45,3,1,1,30,500.36,0
0,0,24,0,1263,33,23,66,4,1,1,45,89.9,0
0,1,31,0,363,19,0,0,4,1,2,25,134.886,1
0,0,32,0,1460,100,25,0,3,1,1,25,12.938,1
2,0,36,0,4210,77,0,23,3,1,1,30,171.48,0
0,0,31,0,7123,119,367,37,2,1,1,25,1977.39,0
1,0,45,0,1930,0,36,14,4,1,1,30,0.0,1
10,0,16,3,3042,46,40,22,3,1,1,30,283.52,0
3,0,23,0,1235,34,183,7,2,2,1,25,880.605,0
0,1,23,0,3855,36,3,0,3,1,1,25,99.788,1
8,0,35,2,7090,103,21,24,5,1,1,55,139.395,0
17,1,35,0,0,47,3,4,3,2,2,30,15.121,1
9,0,33,0,3775,76,24,27,2,1,1,25,281.295,0
7,0,42,0,485,14,18,7,2,1,2,25,103.455,1
1,0,36,0,2051,40,0,4,3,1,2,45,75.589,1
3,0,27,0,1163,34,12,70,4,1,1,45,59.925,0
0,1,3,0,0,35,1,0,3,1,1,30,188.188,1
6,1,34,0,2208,41,29,29,3,1,2,30,205.96,1
2,0,32,1,2091,12,2,0,3,1,2,25,23.321,1
19,0,35,0,730,43,19,19,2,1,2,25,120.285,1
7,0,38,0,3175,72,11,13,3,1,1,30,173.88,0
5,0,37,1,11220,151,9,47,3,1,1,30,490.84,0
28,0,41,9,10920,107,19,49,5,2,1,55,193.905,0
15,0,27,0,1300,35,31,22,3,1,2,30,177.4,0
0,1,34,0,30,46,2,34,2,2,1,25,278.156,1
1,0,42,0,558,61,0,0,3,1,1,30,100.585,1
4,0,33,0,3290,68,14,21,2,1,1,25,214.11,0
3,1,39,1,60,3,5,2,2,1,1,25,25.335,1
22,1,32,0,0,66,0,0,3,1,1,30,59.26,1
14,0,34,7,9940,86,0,37,4,1,1,45,250.65,0
0,0,40,0,582,52,0,2,4,1,2,25,32.109,1
13,0,34,0,2758,60,358,25,2,1,1,25,1737.81,0
13,1,33,0,3215,45,7,14,3,1,2,30,158.4,1
12,1,3,0,0,100,4,3,2,1,2,25,236.756,1
1,0,23,1,3520,65,22,36,3,1,1,30,231.4,0
1,1,28,0,370,0,0,0,4,1,1,30,184.873,1
8,1,36,0,1591,100,2,34,3,1,2,30,52.134,1
1,0,30,1,1010,36,194,10,2,2,1,25,920.07,0
0,0,39,0,107,100,8,0,4,1,1,25,224.753,1
0,1,10,0,1363,21,4,10,2,1,1,25,80.28,1
13,0,3,0,0,16,0,27,2,1,2,30,0.0,1
0,0,35,0,0,0,0,0,2,1,2,25,0.0,0
7,0,35,0,2665,39,284,19,3,1,1,30,1244.16,0
6,0,44,0,0,100,56,1,2,1,1,30,0.0,1
2,0,35,0,13353,157,0,38,3,1,1,30,540.4,0
7,0,23,0,1873,39,29,69,4,1,1,45,120.3,0
2,0,38,0,2115,36,283,18,3,1,1,30,1218.04,0
0,0,36,0,0,52,25,2,3,1,1,25,281.375,1
7,0,32,0,15485,176,142,29,2,1,1,25,1343.745,0
13,0,43,2,6978,85,123,43,2,1,1,25,871.335,0
15,0,41,3,11830,163,23,51,4,1,1,45,357.325,0
13,0,17,0,8638,167,59,27,5,1,1,55,220.575,0
0,0,22,0,0,0,9,0,4,1,2,45,22.5,0
3,0,41,1,1668,31,8,7,4,1,1,45,62.475,0
1,1,8,0,0,48,1,0,4,1,2,30,178.668,1
25,0,19,4,7298,157,113,59,2,2,1,25,843.975,0
1,0,34,0,630,12,3,4,2,1,2,25,42.39,0
18,0,42,0,4320,0,6,6,3,1,2,25,60.345,1
6,1,38,0,2685,41,10,15,3,1,2,30,149.04,1
1,1,3,1,1901,50,4,0,2,1,2,30,25.573,1
8,0,43,1,5918,101,15,13,3,1,1,30,300.76,0
2,1,29,0,1323,53,4,19,3,1,2,25,132.222,1
5,0,19,3,2547,45,32,18,3,1,1,30,231.68,0
5,0,37,1,11275,153,2,44,4,1,1,45,290.7,0
0,0,37,2,4643,8,2,1,3,1,2,45,80.895,1
6,0,20,0,1804,4,15,0,3,1,2,30,293.551,1
16,1,24,0,0,13,14,0,3,1,2,25,23.18,1
9,0,25,2,2000,38,43,17,3,1,1,30,253.52,0
9,0,35,0,2153,38,2,27,3,1,2,30,95.64,1
12,0,40,2,4820,89,9,27,3,1,1,30,232.36,0
7,0,7,0,0,18,7,14,2,1,2,30,0.0,1
5,0,5,1,4435,36,207,6,3,1,1,30,1006.84,0
2,0,31,0,825,16,29,4,4,1,2,45,93.525,0
8,1,12,3,1908,31,39,13,3,1,1,30,233.56,1
8,0,41,1,2780,59,183,24,2,1,1,25,951.255,0
2,0,35,0,1316,18,0,4,2,1,1,25,38.582,1
5,0,39,0,1048,19,48,10,4,1,2,45,146.675,1
20,0,39,3,9610,128,160,48,3,1,1,30,1029.52,0
14,0,40,0,2543,60,15,19,3,1,2,30,164.12,0
5,1,42,0,0,70,15,0,4,1,2,30,201.181,1
1,1,45,0,340,19,11,1,2,1,2,30,116.267,1
6,1,34,0,2153,39,36,32,3,1,2,30,231.68,1
3,0,40,1,4290,79,5,27,3,1,1,30,194.76,0
1,0,37,0,7318,126,375,40,2,1,1,25,2022.48,0
11,1,5,0,0,44,5,2,2,1,2,25,196.146,1
3,1,42,2,582,21,1,4,2,1,1,30,0.0,1
9,0,41,3,3515,39,522,14,4,1,1,45,1393.85,0
32,1,36,4,16560,252,18,87,2,2,1,25,837.54,0
16,0,41,3,7083,84,120,41,2,1,1,25,862.515,0
9,1,28,2,0,100,5,20,2,1,2,30,84.463,1
16,0,11,0,0,100,0,14,3,1,1,30,30.04,1
14,0,40,1,14268,176,16,49,3,1,1,30,641.76,0
0,1,31,0,556,69,0,11,3,1,2,30,0.0,1
10,1,43,0,1961,0,0,5,3,1,2,30,74.861,1
0,1,3,0,947,56,20,2,2,1,2,55,109.62,1
20,0,36,0,0,50,16,7,4,2,1,30,0.0,1
6,0,38,0,4125,68,3,17,2,1,1,25,202.185,0
8,0,20,0,1225,26,11,12,2,1,1,25,105.795,0
0,1,28,0,296,42,21,3,5,1,1,30,120.984,1
30,0,40,4,15445,231,61,34,3,1,1,30,871.04,0
0,1,32,0,0,71,0,0,3,1,1,55,80.231,1
3,0,14,2,2547,39,24,17,3,1,1,30,199.44,0
0,0,27,0,824,29,0,6,2,1,2,30,0.0,1
8,0,39,2,6805,92,193,28,3,1,1,30,1047.88,0
0,0,34,0,323,1,2,2,4,1,2,45,13.1,1
7,0,39,0,4073,68,5,38,1,1,1,15,255.255,0
14,0,23,1,1450,36,16,11,2,1,1,25,138.87,0
0,1,42,0,2406,72,10,1,4,1,2,30,135.554,1
0,0,37,0,0,0,9,0,2,1,2,25,40.5,0
1,0,43,0,1975,52,0,48,2,1,1,45,0.0,1
7,0,45,0,816,100,0,3,2,1,2,30,467.104,1
5,0,34,1,3140,23,475,4,3,1,1,30,2026.52,0
0,0,3,1,113,66,0,38,3,1,2,25,21.297,1
11,0,31,0,655,29,18,11,2,1,2,25,111.78,0
3,0,25,0,0,18,10,6,3,1,2,25,7.018,1
0,0,36,0,13278,162,0,39,3,1,1,30,537.6,0
21,0,35,7,10320,87,0,38,4,2,1,45,260.175,0
2,0,31,0,2107,48,0,15,4,1,2,45,388.731,1
10,0,40,2,4083,91,14,32,3,1,1,30,222.96,0
1,1,34,0,5615,31,0,0,2,1,2,30,42.581,1
1,1,45,1,1499,44,2,33,2,1,2,30,243.19,1
3,1,35,0,0,21,0,21,3,1,1,30,275.662,1
0,1,41,2,0,63,3,0,2,1,2,25,184.888,1
0,0,42,0,0,21,19,36,2,1,2,30,198.567,1
0,0,31,0,405,2,0,5,2,1,2,25,18.315,0
3,0,37,0,7508,127,384,43,2,1,1,25,2071.575,0
1,1,25,0,330,33,0,3,2,1,2,45,3.843,1
24,0,39,3,14735,220,36,34,3,1,1,30,742.2,0
8,0,25,0,980,29,17,13,2,1,1,25,121.905,0
9,0,35,1,2748,64,373,37,2,1,1,25,1805.04,0
6,0,42,0,5873,99,15,16,3,1,1,30,298.88,0
0,0,32,0,2345,15,0,9,3,1,1,30,94.4,0
2,0,38,1,2905,26,474,5,3,1,1,30,2013.24,0
9,0,16,0,8808,173,77,43,4,1,1,45,417.025,0
0,0,20,0,2740,47,0,16,3,1,1,30,111.48,0
6,0,28,0,555,14,63,0,2,1,2,25,117.196,1
0,0,8,0,777,8,0,7,3,1,1,30,31.4,1
6,0,9,0,1842,22,0,0,2,1,1,45,104.828,1
6,0,37,1,1725,47,43,22,3,1,1,30,242.88,0
0,0,6,0,472,2,0,5,2,1,1,25,21.33,1
11,0,15,4,2978,43,27,16,3,1,1,30,228.84,0
6,1,11,2,1548,22,5,9,3,1,1,30,82.8,1
1,1,42,0,1726,50,0,0,3,1,1,30,0.0,1
1,0,39,0,2970,29,487,11,3,1,1,30,2067.96,0
11,1,36,0,2513,47,36,31,3,1,2,30,246.4,1
1,1,37,3,0,28,0,0,2,1,1,30,6.019,1
0,0,28,0,1343,35,33,70,4,1,1,45,116.95,0
0,0,39,0,585,16,17,11,2,1,2,25,103.545,0
5,0,45,0,578,15,22,10,3,1,2,30,111.72,0
2,1,37,0,289,15,0,0,2,1,1,25,0.0,1
7,0,26,0,3415,61,7,21,3,1,1,30,167.04,0
2,1,28,0,676,100,0,7,4,1,2,45,71.508,1
18,0,40,4,9535,133,183,49,3,1,1,30,1118.72,0
0,0,36,0,0,0,0,0,3,1,2,30,0.0,1
0,0,43,0,1749,61,11,8,4,1,2,45,51.294,1
12,0,3,2,2893,8,26,0,3,1,1,30,94.442,1
3,0,32,0,4110,61,0,11,2,1,1,25,187.695,0
9,0,34,1,1978,71,5,0,2,1,2,30,28.439,1
9,0,35,1,2905,51,171,20,2,1,1,25,902.52,0
0,0,33,0,3410,29,1,0,2,1,2,45,151.449,1
4,1,45,0,98,4,9,5,2,1,1,30,232.506,1
22,0,41,3,14835,225,55,31,3,1,1,30,822.4,0
12,0,34,0,15790,182,149,31,2,1,1,25,1389.24,0
0,0,37,0,5208,84,0,12,2,1,1,25,238.14,0
0,0,31,0,3233,68,0,21,2,1,1,25,148.545,0
13,1,33,1,1235,59,0,0,4,1,1,25,23.456,1
5,0,36,0,305,6,7,2,3,1,2,30,40.44,1
20,0,15,1,6618,145,82,40,2,2,1,25,673.335,0
0,0,29,0,0,0,0,0,2,1,2,25,0.0,1
0,0,30,0,5353,79,0,4,2,1,1,25,244.44,0
3,0,39,0,0,49,0,7,2,1,2,45,150.756,1
7,0,35,0,2058,46,0,12,3,1,2,30,84.16,0
0,0,36,1,6480,97,15,21,5,1,1,55,121.155,0
0,0,30,0,3950,67,0,17,3,1,1,30,160.68,0
14,0,29,0,815,30,8,6,3,1,2,30,65.8,0
0,0,45,0,1085,49,0,12,3,1,2,25,166.159,1
13,0,36,0,2463,58,7,15,3,1,2,30,128.84,0
1,0,32,0,176,63,0,7,2,1,2,30,86.016,1
0,1,15,1,852,48,10,5,3,1,1,30,166.269,1
1,0,36,0,0,7,4,0,3,1,2,30,0.0,1
31,1,44,0,2475,55,0,12,2,1,2,25,0.0,1
0,0,15,0,680,9,0,12,2,1,1,25,31.005,0
6,0,32,2,6910,95,10,19,5,1,1,55,120.075,0
10,0,26,1,1340,38,51,17,2,1,1,25,291.51,0
1,0,19,0,1290,21,10,16,2,1,1,25,103.995,0
5,0,38,1,1217,86,45,0,2,1,1,25,65.516,1
0,1,45,1,4349,34,0,0,2,1,1,45,169.826,1
1,1,37,0,2226,32,8,21,3,1,1,30,128.778,1
5,0,36,2,2268,35,21,21,4,1,1,45,110.075,0
10,0,34,1,11770,154,10,48,3,1,1,30,516.96,0
9,0,12,0,5908,127,67,35,1,2,1,15,700.425,0
1,1,33,0,2013,12,0,0,3,2,2,30,0.0,1
6,0,37,0,1780,49,36,19,3,1,2,30,217.16,0
13,0,33,2,9160,117,136,39,3,1,1,30,915.08,0
0,0,26,1,6400,100,249,25,2,2,1,25,1413.0,0
6,0,34,3,6965,116,271,33,2,2,1,25,1538.145,0
8,0,38,1,6690,86,161,24,3,1,1,30,915.04,0
14,0,40,2,3145,62,187,27,2,1,1,25,985.815,0
1,1,43,0,398,7,17,8,3,1,2,30,84.2,1
7,0,26,0,141,20,1,0,2,1,2,30,48.638,1
0,0,12,1,1182,19,1,6,3,1,1,30,52.04,1
0,0,45,0,294,31,2,7,2,1,2,25,299.357,1
4,0,37,0,2245,33,253,14,3,1,1,30,1103.12,0
0,0,3,0,3825,24,193,2,2,1,1,25,1041.705,0
0,0,36,0,650,11,8,6,2,1,2,25,65.745,0
8,0,28,0,0,38,13,0,4,1,2,30,0.0,1
7,1,9,3,2088,29,21,22,3,1,1,30,168.68,1
9,0,40,1,11645,162,22,52,4,1,1,45,350.175,0
7,0,37,0,13658,163,0,40,3,1,1,30,552.84,0
11,1,40,4,7225,126,286,39,3,2,1,30,1438.04,0
0,0,34,0,428,6,14,15,3,1,2,30,73.36,1
18,0,31,1,14835,213,39,29,2,1,1,25,852.66,0
2,0,32,0,13513,159,0,38,3,1,1,30,546.88,0
6,1,32,0,0,45,19,0,2,1,1,25,207.956,1
2,0,22,0,1315,30,185,10,2,2,1,25,893.025,0
1,0,32,1,398,64,0,5,2,2,2,25,37.782,1
11,0,40,0,1890,31,15,13,2,1,2,25,153.945,0
13,0,37,0,0,95,23,2,2,1,1,30,35.858,1
2,0,38,1,6095,81,168,28,3,1,1,30,919.04,0
9,0,38,2,7210,97,194,26,3,1,1,30,1068.28,0
31,1,31,0,728,43,14,0,3,1,1,25,504.256,1
1,0,39,0,305,9,0,10,3,1,2,30,12.56,0
3,0,44,0,232,0,0,0,3,1,2,45,117.439,1
0,0,34,0,1047,23,0,0,3,1,2,30,227.077,1
9,0,29,2,1620,42,200,13,3,2,1,30,866.48,0
1,0,13,0,5017,100,3,3,4,1,2,30,0.0,1
8,0,37,1,6718,75,108,37,2,1,1,25,791.685,0
5,0,7,0,916,25,6,11,3,1,1,30,117.722,1
0,1,4,2,0,100,11,0,3,1,1,45,97.838,1
7,1,7,0,0,61,4,5,2,1,2,30,164.702,1
0,1,43,0,582,87,0,0,3,1,1,30,58.466,1
2,1,33,1,0,4,0,11,3,1,2,25,103.984,1
18,0,16,1,9642,182,81,40,5,1,1,55,268.86,0
14,1,39,0,109,31,0,0,2,1,2,30,124.899,1
0,1,42,1,2231,45,121,0,2,1,1,30,171.725,1
14,0,35,1,4080,82,31,29,3,1,1,30,290.48,0
0,0,35,0,513,1,0,3,4,1,2,45,12.85,1
5,0,31,0,1710,40,30,16,3,1,2,30,190.0,0
10,0,24,0,1110,26,0,9,2,1,1,25,51.12,0
27,0,31,3,16320,241,7,80,2,1,1,25,776.745,0
7,0,33,0,1130,22,36,6,4,1,2,45,118.8,0
13,1,37,0,0,14,43,24,3,1,1,25,150.816,1
9,0,40,2,3400,33,490,10,3,1,1,30,2097.32,0
1,0,36,0,1668,25,0,6,3,1,1,30,67.72,0
8,0,36,0,2970,54,184,26,2,1,1,25,964.08,0
6,0,26,0,1758,40,39,71,4,1,1,45,142.45,0
11,0,19,0,1851,3,3,0,2,1,1,30,195.858,1
10,0,26,0,4344,63,2,0,2,1,2,25,324.075,1
20,0,44,4,9420,133,159,46,3,1,1,30,1018.12,0
2,1,45,1,0,32,0,14,3,1,2,30,241.048,1
0,0,24,0,2714,64,0,15,3,1,2,25,180.713,1
4,1,34,0,2800,41,34,18,3,1,2,30,249.64,1
5,0,35,0,2148,54,352,22,2,1,1,25,1683.09,0
8,0,41,1,2153,39,18,13,4,1,1,45,99.8,0
9,0,39,1,3103,69,10,33,2,1,1,25,187.74,0
0,0,3,0,0,0,0,0,2,1,1,25,0.0,1
2,0,14,0,0,51,0,0,3,1,1,30,12.444,1
8,0,26,2,2168,49,51,83,4,1,1,45,182.925,0
1,0,6,1,1308,11,0,2,3,1,1,30,52.76,1
10,0,41,1,15565,184,160,34,2,1,1,25,1428.705,0
0,1,42,3,3533,0,17,0,2,1,1,25,75.226,1
6,0,27,0,0,59,7,16,2,1,2,25,0.0,1
9,0,45,0,1015,26,28,11,3,1,2,30,153.64,0
7,0,45,0,352,50,15,3,3,1,2,30,58.6,1
11,0,38,1,3085,59,182,25,2,1,1,25,960.48,0
11,1,13,3,1853,28,12,11,3,1,1,30,123.24,1
0,0,31,0,6115,78,169,20,3,1,1,30,923.72,0
4,0,35,0,2078,44,59,33,3,1,2,30,320.88,1
1,1,36,0,196,70,6,4,3,2,2,25,105.777,1
8,1,36,0,2585,36,0,18,3,1,2,30,104.84,1
19,1,34,0,989,28,17,3,3,1,1,30,0.0,1
7,0,30,0,748,67,0,4,4,1,2,30,246.974,1
24,0,33,8,10740,93,0,43,4,1,1,45,270.825,0
8,1,35,1,5628,98,51,26,2,1,1,25,487.17,1
8,0,36,3,7205,109,53,28,5,1,1,55,189.21,0
4,0,38,1,3095,27,483,8,3,1,1,30,2056.88,0
7,0,35,0,2338,55,361,25,2,1,1,25,1732.185,0
16,0,43,0,982,4,0,2,4,1,1,30,354.527,1
0,0,37,0,2535,22,1,13,3,1,1,30,106.28,0
1,0,35,0,2590,53,200,25,2,1,1,25,1018.935,0
6,1,32,2,1315,42,201,12,3,2,1,30,858.28,1
13,0,37,2,5933,104,58,28,3,1,1,30,473.48,0
8,0,38,1,6163,98,9,12,3,1,1,30,286.44,0
10,0,34,5,7565,126,292,48,2,2,1,25,1660.095,0
19,0,33,0,355,37,0,2,2,1,2,25,17.64,1
6,0,32,0,3515,72,17,22,2,1,1,25,237.915,0
0,0,35,1,0,68,1,0,3,1,2,25,0.0,1
0,1,36,1,0,59,20,10,4,1,2,30,65.389,1
34,0,26,0,0,0,62,0,3,1,1,30,37.344,1
0,0,27,0,715,26,172,1,2,2,1,25,807.345,0
15,0,40,1,4865,78,21,22,3,1,1,30,281.72,0
0,0,35,0,815,11,0,9,2,1,2,25,37.17,0
4,0,38,0,5673,92,5,12,2,1,1,25,281.925,0
0,0,30,0,1828,42,0,25,1,1,1,15,102.85,0
6,1,30,1,1495,44,204,16,2,2,1,25,987.255,1
1,1,45,0,50,15,6,4,3,1,2,30,58.69,1
6,0,41,0,6123,81,12,0,4,1,1,30,28.979,1
0,0,34,0,2595,19,0,14,3,1,1,30,104.56,0
10,0,35,1,9055,118,139,41,3,1,1,30,922.92,0
15,0,41,3,4110,44,498,10,4,1,1,45,1348.85,0
8,1,26,0,253,95,3,5,3,1,1,45,66.679,1
10,0,34,0,0,40,16,8,3,1,2,30,0.0,1
0,0,29,3,0,44,4,0,2,1,2,45,222.648,1
17,1,39,2,3355,50,21,20,3,1,1,30,220.2,1
8,0,39,0,1833,49,0,19,3,1,2,30,75.28,0
0,0,33,0,0,0,0,0,2,1,2,25,0.0,1
3,1,41,0,0,37,13,0,4,1,2,30,0.0,1
0,0,36,0,4886,63,15,0,3,1,2,25,66.324,1
0,0,37,0,1148,54,0,13,3,1,2,25,134.367,1
9,0,35,0,6223,95,6,13,2,1,1,25,311.31,0
13,0,38,3,9230,127,176,47,3,1,1,30,1078.28,0
5,0,37,0,14885,172,129,15,2,1,1,25,1258.065,0
0,1,42,0,1467,28,0,5,3,1,2,25,81.448,1
1,0,8,0,0,22,0,1,2,1,2,25,165.248,1
0,0,16,0,1635,23,23,12,2,1,1,25,178.11,0
0,0,11,1,686,65,0,1,3,1,2,25,125.174,1
16,0,40,4,5420,99,30,42,3,1,1,30,340.76,0
7,0,33,3,7370,121,272,31,2,2,1,25,1561.095,0
10,1,38,0,2010,9,0,3,4,1,2,25,184.364,1
2,1,3,1,551,72,27,8,2,1,2,30,59.056,1
6,1,37,0,1338,18,17,4,4,1,2,45,76.4,1
9,0,39,0,0,9,3,2,4,1,1,30,417.813,1
15,0,40,1,4503,72,8,37,1,1,1,15,295.625,0
14,0,36,0,0,56,0,19,2,1,2,25,9.686,1
9,1,41,0,2050,52,55,26,4,1,2,45,190.05,0
0,0,35,0,0,41,2,13,3,1,1,30,133.813,1
0,1,42,0,1495,63,58,4,2,1,2,30,124.809,1
17,0,46,3,5080,99,24,33,4,1,1,45,189.475,0
16,0,40,2,4080,88,39,30,3,1,1,30,322.72,0
17,0,40,3,5275,87,33,34,3,1,1,30,346.48,0
0,0,37,0,0,0,0,0,2,1,2,25,0.0,0
0,1,40,3,0,3,2,25,3,1,2,25,0.0,1
12,0,38,0,4388,67,10,38,1,1,1,15,300.025,0
6,0,37,0,5803,89,0,8,2,1,1,25,265.14,0
0,1,26,0,1306,0,7,0,3,1,1,25,13.874,1
8,1,30,0,2321,27,0,0,2,1,2,25,0.0,1
5,0,30,2,6885,114,261,29,2,2,1,25,1489.455,0
16,0,31,0,4340,13,7,37,4,1,1,25,0.0,1
0,1,40,0,101,42,9,3,4,1,2,30,14.718,1
17,1,37,1,171,69,0,0,3,1,2,25,359.115,1
5,1,5,0,1533,15,7,3,3,1,1,30,89.92,1
36,0,34,5,17090,255,15,82,2,2,1,25,848.025,0
10,0,35,2,7280,104,30,27,5,1,1,55,155.76,0
0,0,31,0,1300,35,26,16,3,1,2,30,157.4,0
5,0,37,1,3500,32,484,6,3,1,1,30,2077.28,0
7,1,34,1,0,55,0,0,2,1,2,30,210.767,1
8,0,37,1,6718,75,108,37,2,1,1,25,791.685,0
24,1,32,3,15670,233,0,82,2,1,1,25,715.635,0
1,0,38,0,1103,91,0,0,2,1,1,30,285.915,1
5,0,38,0,504,94,15,42,2,1,2,30,136.987,1
7,0,15,0,5488,125,57,25,1,2,1,15,622.215,0
2,0,37,0,1065,15,9,14,2,1,2,25,89.1,0
4,1,30,0,2008,34,19,25,3,1,2,30,157.68,1
0,0,31,0,0,0,0,0,4,1,2,45,0.0,1
5,0,36,0,3893,60,0,33,1,1,1,15,217.415,0
4,0,32,0,994,58,6,20,2,1,2,30,136.372,1
15,0,45,2,4675,83,20,20,3,1,1,30,270.32,0
16,0,30,0,1120,37,49,13,3,1,2,30,242.28,0
7,0,38,0,13773,169,0,44,3,1,1,30,557.68,0
0,1,28,0,114,0,2,22,4,1,2,25,106.609,1
2,0,38,0,0,48,10,9,2,1,2,45,60.062,1
3,0,39,1,2508,64,34,37,2,1,1,25,268.74,0
8,0,41,2,11545,156,21,51,4,1,1,45,345.025,0
0,0,37,1,1434,100,5,12,3,1,1,45,47.395,1
1,0,35,0,79,47,0,6,2,1,1,45,0.0,1
3,0,35,0,6413,69,101,35,2,1,1,25,746.19,0
6,0,41,0,1933,54,9,16,3,1,2,30,115.48,0
0,0,27,1,6660,104,256,30,2,2,1,25,1456.38,0
24,0,38,9,10550,98,0,41,5,1,1,55,159.72,0
6,0,25,0,395,19,3,5,2,1,2,25,32.13,0
11,0,41,3,6865,95,198,30,3,1,1,30,1070.4,0
14,0,46,3,3660,43,505,16,4,1,1,45,1355.075,0
0,0,33,1,0,75,16,0,2,1,1,25,147.283,1
0,0,36,0,1068,15,0,3,3,1,1,30,43.32,0
15,0,40,1,4503,72,8,37,1,1,1,15,295.625,0
0,0,34,0,4150,74,0,21,3,1,1,30,168.96,0
8,1,44,0,1159,49,79,30,3,1,2,55,15.473,1
15,0,15,1,0,0,0,0,4,2,2,25,314.792,1
9,0,15,0,5897,134,69,37,1,2,1,15,711.205,0
11,0,29,0,3064,45,0,13,3,1,1,30,0.0,1
0,0,39,0,0,41,5,5,3,1,2,25,142.411,1
13,0,40,1,4313,71,0,34,1,1,1,15,241.12,0
0,0,12,0,1310,18,11,8,2,1,1,25,109.26,0
10,0,36,0,2338,54,327,20,2,1,1,25,1579.14,0
2,0,37,0,0,72,0,11,2,1,2,30,43.954,1
0,0,38,0,750,16,4,14,2,1,2,25,52.47,0
34,1,40,6,16045,241,82,49,3,2,1,30,979.44,0
0,0,43,0,925,63,0,2,4,1,2,30,110.479,1
0,1,29,0,95,51,10,4,2,1,2,30,0.0,1
0,0,32,0,0,0,0,0,4,1,2,45,0.0,1
4,0,30,1,3225,67,16,24,3,1,1,30,195.68,0
23,1,33,0,955,47,16,17,2,1,2,25,117.09,1
9,0,39,0,1780,30,28,28,2,1,2,25,207.45,0
9,1,26,0,840,56,6,0,4,1,2,30,237.142,1
6,0,34,0,5323,91,10,19,2,1,1,25,288.63,1
8,1,39,0,0,64,0,0,3,1,2,30,80.192,1
0,0,42,0,0,17,0,6,4,1,2,30,85.35,1
13,1,34,0,2493,48,31,29,3,1,2,30,225.64,1
7,0,41,2,823,18,22,9,5,1,1,55,45.615,0
5,0,38,0,1638,44,0,2,3,1,2,30,67.28,0
0,1,37,0,352,48,0,11,4,1,2,30,159.148,1
0,1,31,0,0,50,33,0,4,1,2,30,245.933,1
7,0,38,0,1993,51,6,17,3,1,1,30,105.76,0
7,0,37,0,15295,181,141,27,2,1,1,25,1330.92,0
18,0,34,7,10375,90,0,40,4,1,1,45,261.625,0
0,0,36,0,611,51,8,3,2,1,1,30,153.523,1
5,0,41,0,305,6,7,2,3,1,2,30,40.44,0
0,0,35,0,0,0,0,0,2,1,2,25,0.0,1
16,0,30,0,3022,51,8,1,3,1,1,30,61.273,1
28,0,35,0,1260,53,23,19,3,1,2,30,144.52,1
27,0,38,3,15385,228,56,32,3,1,1,30,848.52,0
11,0,28,6,9870,77,0,34,4,2,1,45,248.675,0
10,0,38,3,2573,41,28,23,4,1,1,45,135.35,0
0,1,28,0,1703,28,12,23,3,1,2,30,117.24,1
4,0,32,0,1978,44,0,11,3,1,2,30,80.88,0
22,1,45,0,0,60,0,0,3,1,2,25,37.113,1
1,1,30,0,0,32,0,23,3,1,2,30,105.915,1
0,0,13,0,1210,12,10,7,2,1,1,25,99.99,0
11,0,42,2,3405,38,22,22,4,1,1,45,141.075,0
32,1,45,1,0,66,9,18,2,1,2,25,0.0,1
2,0,33,0,7428,125,374,39,2,1,1,25,2022.885,0
4,0,33,0,2307,9,0,0,2,1,2,30,170.334,1
13,1,38,0,79,58,7,0,3,1,2,45,0.0,1
0,1,35,0,780,49,8,3,3,1,1,30,0.0,1
1,1,30,3,692,20,0,5,4,1,2,45,4.295,1
5,0,30,2,0,37,0,7,3,1,2,30,152.024,1
0,1,3,0,713,25,21,15,4,1,2,30,0.0,1
0,1,27,0,0,72,0,1,3,1,2,30,1.546,1
13,0,43,0,2230,60,60,28,4,1,2,45,207.25,0
0,1,32,1,0,54,9,6,4,1,2,30,0.0,1
0,0,21,0,1390,26,29,13,2,1,1,25,194.22,0
0,0,37,0,6123,66,1,0,3,1,1,30,0.0,1
2,1,30,0,2505,27,0,9,2,1,2,25,113.94,1
0,1,44,0,0,54,30,4,3,1,1,30,169.266,1
11,0,32,0,61,5,0,0,2,1,2,30,278.917,1
0,0,32,1,1384,27,13,4,4,1,2,30,55.917,1
10,0,37,0,1519,12,131,16,2,1,1,45,0.0,1
8,0,36,1,11870,159,12,45,3,1,1,30,529.16,0
4,0,29,2,6965,110,263,32,2,2,1,25,1501.875,0
10,0,40,2,4575,86,7,27,3,1,1,30,214.44,0
9,0,27,0,510,24,1,4,2,1,2,25,28.53,0
2,1,15,0,433,33,9,38,3,1,1,25,220.615,1
6,1,24,0,0,15,0,4,2,2,2,45,466.669,1
0,0,32,0,450,4,0,2,2,1,2,25,20.43,0
0,0,31,0,6290,90,0,17,4,1,1,45,159.5,0
9,0,39,1,0,27,1,0,3,1,1,55,204.65,1
0,0,3,0,917,68,3,0,2,1,2,30,0.0,1
2,1,34,0,618,23,0,0,2,1,2,25,0.0,1
8,0,37,1,4920,88,3,23,3,1,1,30,212.32,0
7,0,9,0,8673,161,58,34,4,1,1,45,365.85,0
0,0,31,0,0,0,0,0,2,1,2,25,0.0,1
8,0,34,3,7210,119,273,33,2,2,1,25,1558.305,0
19,0,42,3,6203,106,43,30,3,1,1,30,424.36,0
2,1,41,0,70,10,0,1,3,1,1,25,107.964,1
3,0,14,2,2548,39,24,17,3,1,1,30,199.48,0
18,0,43,2,4260,96,50,35,3,1,1,30,374.24,0
11,0,36,1,5628,97,17,21,2,1,1,25,334.125,1
5,0,28,0,305,6,7,2,4,1,2,45,25.275,0
6,0,13,3,2673,37,20,14,3,1,1,30,188.4,0
3,0,45,3,749,0,0,0,3,1,1,30,0.0,1
7,0,40,0,1015,20,20,10,3,1,2,30,121.4,0
1,0,24,0,1277,100,29,4,4,1,1,25,0.0,1
8,0,4,0,0,18,0,0,2,1,2,30,14.908,1
6,0,33,2,6850,110,239,29,2,2,1,25,1388.7,0
0,1,28,0,2422,30,0,7,3,1,2,30,382.272,1
1,1,27,0,130,47,4,0,2,1,1,30,0.0,1
3,0,31,0,483,15,0,27,3,1,2,25,163.357,1
5,1,38,0,933,13,16,6,4,1,2,45,63.65,1
14,0,26,3,1289,13,0,0,4,1,1,30,58.43,1
5,0,34,1,1893,29,7,4,4,1,1,45,65.55,0
22,0,45,0,96,3,14,2,3,1,2,45,88.302,1
5,0,12,1,1668,27,11,12,3,1,1,30,111.8,1
0,1,30,0,0,0,0,0,2,1,2,25,0.0,1
1,0,37,0,0,14,0,0,2,1,2,30,60.471,1
0,0,45,0,6123,11,39,0,2,1,1,25,18.365,1
5,1,41,0,1020,0,11,9,2,1,1,30,212.376,1
0,0,40,1,5383,30,2,19,4,1,2,30,120.787,1
0,0,32,0,1245,32,0,14,3,1,2,30,51.08,0
0,1,37,0,390,30,20,7,2,1,2,45,155.103,1
0,1,45,0,732,47,8,0,2,1,2,30,0.0,1
7,1,34,0,632,16,0,16,3,1,2,30,105.916,1
8,0,38,2,2960,49,306,33,3,1,1,30,1344.36,0
1,1,41,1,0,50,2,2,3,1,1,45,16.994,1
0,1,5,0,0,23,1,0,3,1,2,30,0.0,1
1,1,9,1,1243,16,0,7,3,1,1,30,50.36,1
2,0,30,0,1937,28,0,13,4,1,2,30,0.0,1
1,0,29,0,1263,39,31,67,4,1,1,45,110.05,0
13,0,39,2,5225,94,10,25,3,1,1,30,252.76,0
11,0,40,2,3590,34,499,13,3,1,1,30,2140.96,0
5,0,38,2,6785,103,22,23,5,1,1,55,136.32,0
2,0,36,0,818,8,18,7,4,1,2,45,65.65,1
14,0,35,0,2532,35,0,0,3,1,1,30,0.0,1
0,1,40,0,2450,20,15,0,3,1,2,30,256.438,1
1,0,41,0,0,89,38,24,2,1,2,30,109.223,1
3,1,33,1,0,85,18,0,3,1,2,30,233.137,1
9,1,38,0,2339,16,0,0,4,1,2,25,0.0,1
0,0,36,0,438,6,0,1,4,1,2,45,11.1,1
12,0,26,0,1105,30,11,5,2,1,2,25,100.575,0
0,0,33,0,0,0,0,0,3,1,2,30,0.0,1
8,0,42,2,4595,85,12,29,3,1,1,30,235.2,0
22,0,23,2,9498,187,95,48,5,1,1,55,287.775,0
0,0,33,0,653,8,0,4,3,1,1,30,26.44,0
12,0,37,1,3050,44,14,18,3,1,1,30,179.76,1
1,0,33,3,6775,116,296,35,2,2,1,25,1642.095,0
10,1,35,0,2673,49,35,29,3,1,2,30,248.88,1
1,0,36,0,1005,18,27,21,2,1,2,25,167.535,0
9,0,39,2,0,37,136,32,3,1,2,30,214.6,1
9,1,36,4,7025,119,276,35,3,2,1,30,1389.76,0
12,1,35,0,0,12,1,7,3,1,2,25,329.623,1
0,0,27,2,0,63,0,18,2,1,1,25,197.13,1
0,0,42,1,220,15,13,0,2,1,1,30,255.138,1
17,0,33,0,1085,33,27,13,3,1,2,30,152.72,0
14,0,24,0,1005,25,9,8,2,1,2,25,86.85,0
0,0,41,4,0,31,0,0,2,1,1,45,217.741,1
23,1,34,0,1070,53,48,21,3,1,2,30,236.92,1
5,1,32,0,5453,89,14,20,2,1,1,25,312.39,1
0,1,17,0,0,70,0,0,3,1,2,30,318.711,1
3,1,27,0,746,17,4,9,4,1,1,45,144.074,1
0,0,35,0,958,14,0,6,3,1,1,30,38.88,0
25,0,39,0,0,0,74,0,3,1,2,25,0.0,1
8,0,28,0,575,27,14,10,2,1,2,25,90.09,0
8,1,39,0,1601,5,0,0,4,1,2,30,121.753,1
1,0,30,0,6413,63,93,34,2,1,1,25,709.92,0
0,0,37,0,258,2,2,2,2,1,2,25,20.7,0
5,0,35,1,1793,23,7,3,4,1,1,45,62.9,0
1,1,42,0,0,100,0,0,3,1,2,30,82.527,1
17,0,34,1,6043,102,23,22,2,1,1,25,380.025,0
1,0,34,0,2840,22,0,14,3,1,1,30,114.48,0
2,1,33,0,4803,81,0,22,2,1,1,25,219.78,1
7,0,41,1,11420,158,19,51,4,1,1,45,336.95,0
0,0,35,0,6603,111,356,26,2,1,1,25,1904.13,0
0,1,36,0,1837,12,0,0,3,2,1,30,0.0,1
5,1,25,1,1800,47,0,0,2,1,2,45,0.0,1
0,0,30,0,1180,30,20,13,3,1,2,30,128.4,0
7,0,14,0,8743,171,98,42,5,1,1,55,280.71,0
2,0,34,0,1773,37,18,26,3,1,2,30,144.4,1
3,0,42,0,0,100,3,0,2,1,2,30,96.566,1
1,1,32,1,0,20,15,0,4,1,2,45,217.928,1
9,1,42,0,2193,58,16,21,3,1,2,30,154.04,0
0,1,27,0,0,51,69,2,2,1,2,25,115.06,1
5,0,23,0,920,26,12,11,2,1,1,25,96.57,0
1,1,29,0,378,57,0,0,3,1,1,25,0.0,1
10,0,34,1,4243,62,7,31,2,1,1,25,225.225,0
9,0,45,0,1016,69,6,0,2,2,1,30,51.86,1
20,1,45,0,0,100,14,5,3,2,1,30,120.407,1
0,0,34,0,985,15,16,0,2,1,2,30,47.455,1
6,0,35,4,7080,122,303,37,3,2,1,30,1500.08,0
0,0,34,0,931,100,0,31,2,1,2,25,23.089,1
1,0,33,0,3885,57,0,10,2,1,1,25,177.39,0
0,1,24,0,1730,25,10,0,4,1,1,25,150.934,1
16,0,38,1,3163,71,367,24,3,1,1,30,1597.36,0
0,0,7,0,4085,34,208,8,3,1,1,30,996.76,0
2,0,32,3,1407,36,6,0,3,1,2,25,58.334,1
7,0,33,0,3126,25,0,5,3,1,1,30,0.0,1
6,1,39,1,0,42,0,22,2,1,1,25,50.974,1
3,0,39,1,2840,28,8,15,3,1,1,30,146.72,0
9,0,34,2,7495,108,22,22,5,1,1,55,147.045,0
0,0,35,0,1940,27,246,12,3,1,1,30,1062.68,0
3,0,34,0,1550,38,6,16,3,1,2,30,87.52,0
13,0,40,1,4675,77,12,19,3,1,1,30,238.08,0
3,1,23,0,0,90,6,19,2,1,1,30,67.53,1
14,0,38,0,2573,50,41,33,4,1,2,45,168.075,1
7,0,35,0,3185,58,176,21,2,1,1,25,937.935,0
4,0,31,0,0,29,3,7,2,1,2,30,269.071,1
3,1,37,0,122,20,5,5,2,1,1,30,0.247,1
7,0,30,0,5433,90,9,18,2,1,1,25,289.035,1
10,0,39,2,11525,157,16,49,4,2,1,45,332.05,0
33,1,42,0,16,99,69,0,3,2,1,25,43.357,1
0,0,32,0,2311,42,6,10,4,1,2,45,39.745,1
0,0,36,1,93,1,2,2,5,1,1,55,4.41,0
8,0,39,0,3650,84,36,31,2,1,1,25,330.03,0
0,0,24,0,2515,50,0,23,3,1,1,30,102.6,0
1,1,37,0,719,69,7,19,4,1,2,25,133.271,1
0,1,8,1,1298,19,25,9,3,1,1,30,152.68,1
24,0,21,3,6758,150,97,46,2,2,1,25,747.36,0
8,0,30,2,1190,19,33,7,4,1,1,45,112.725,0
12,1,32,0,5738,96,16,20,2,1,1,25,334.53,1
12,0,28,1,0,52,36,0,3,1,1,30,9.034,1
0,1,45,0,1053,53,10,8,3,1,2,30,69.725,1
0,1,35,0,55,62,1,0,4,2,2,25,297.586,1
0,1,29,0,339,57,45,11,2,1,2,25,6.767,1
1,1,33,0,0,10,13,0,3,1,1,25,254.27,1
0,1,36,0,4376,72,4,10,3,1,2,30,69.531,1
19,0,41,3,1839,5,0,3,3,1,2,30,329.433,1
6,1,31,0,5333,84,8,17,2,1,1,25,279.765,1
0,0,29,0,2475,41,160,20,2,1,1,25,833.22,0
13,1,25,0,1232,71,2,9,3,1,2,25,0.0,1
0,0,41,0,2088,58,3,32,2,1,1,25,110.07,0
0,0,31,0,5880,81,0,5,4,1,1,45,149.025,0
0,0,40,0,570,14,1,10,2,1,2,25,30.78,0
10,1,36,0,0,50,0,2,4,1,2,30,48.135,1
10,0,45,0,1440,30,22,19,3,1,2,30,146.8,0
0,0,34,0,1438,43,327,22,2,1,1,25,1538.145,0
15,0,32,0,238,63,17,7,3,1,2,30,316.15,1
13,0,39,1,2513,63,364,26,3,1,1,30,1559.04,0
0,1,35,0,1344,16,21,0,2,1,2,30,62.771,1
7,0,20,1,2000,32,35,16,3,1,1,30,221.28,0
0,1,24,0,554,59,0,0,2,1,2,30,0.0,1
12,0,40,2,4820,89,9,27,3,1,1,30,232.36,0
11,0,45,2,2665,51,300,21,4,1,1,45,817.9,0
0,0,37,0,0,67,28,6,2,1,2,30,0.0,1
0,0,36,0,2278,53,4,34,1,1,1,15,150.205,0
11,0,38,2,14373,179,21,59,3,1,1,30,666.08,0
0,1,44,0,2098,21,4,13,2,2,2,25,33.644,1
0,1,41,2,474,16,31,16,3,1,2,25,0.0,1
11,1,31,0,3865,38,0,18,3,2,2,30,0.0,1
5,0,37,1,7753,130,386,43,3,1,1,30,1859.32,0
7,0,37,0,6323,100,8,10,2,1,1,25,325.035,0
10,1,34,0,0,52,0,0,2,1,2,30,284.398,1
15,0,37,2,9360,124,146,43,3,1,1,30,963.36,0
6,0,36,0,1577,53,0,0,2,1,1,30,357.332,1
0,0,36,0,1488,42,0,16,1,1,1,15,84.15,0
5,0,45,0,4452,55,14,16,3,1,2,45,154.295,1
8,0,43,0,2564,88,0,2,2,1,1,30,25.993,1
14,0,25,2,1825,42,40,28,2,1,1,25,264.015,0
7,1,4,0,0,75,0,3,2,1,2,55,154.272,1
5,0,36,0,1000,12,7,8,2,1,2,25,77.04,0
0,0,32,0,0,0,0,0,2,1,2,25,0.0,0
10,0,33,1,2498,56,351,20,3,1,1,30,1506.16,0
2,0,36,0,3718,82,2,28,2,1,1,25,180.0,0
3,0,36,0,6385,80,154,22,3,1,1,30,874.6,0
3,0,29,1,3305,63,18,27,3,1,1,30,206.72,0
6,0,36,0,2780,53,175,23,2,1,1,25,914.985,0
0,0,31,0,2660,14,0,9,3,1,1,30,106.96,0
7,0,33,0,3267,67,12,10,2,1,1,30,87.952,1
0,0,26,0,605,25,168,11,2,2,1,25,784.35,0
2,0,34,0,1237,21,1,3,3,1,2,30,987.255,1
2,0,40,0,180,8,11,5,2,1,2,25,57.96,1
0,0,26,2,0,46,5,0,3,1,2,25,229.849,1
0,1,31,0,1069,28,1,22,2,1,2,30,0.0,1
0,1,27,0,1263,29,0,0,4,1,2,30,44.228,1
1,1,35,0,228,20,0,29,3,1,1,45,135.035,1
6,0,39,0,1963,44,35,30,3,1,2,30,220.28,1
2,0,36,0,2180,43,154,8,2,1,1,25,793.035,0
9,1,36,2,153,100,28,25,2,1,1,25,766.964,1
3,0,41,0,7463,131,392,47,2,1,1,25,2105.73,0
12,0,37,0,3105,46,7,15,3,1,2,30,154.04,1
0,0,33,0,7143,118,372,39,2,1,1,25,2000.745,0
0,0,34,0,568,4,4,2,4,1,2,45,24.3,1
0,0,36,0,628,7,9,4,4,1,2,45,38.375,1
15,0,18,0,0,55,2,7,2,1,2,30,109.999,1
0,0,37,0,875,14,0,11,2,1,2,25,40.005,1
31,1,33,0,0,41,16,16,2,1,2,30,365.276,1
12,0,40,1,2298,57,13,19,3,1,1,30,146.2,0
29,1,32,0,229,53,2,3,4,1,2,30,7.264,1
0,0,36,0,0,0,0,0,2,1,2,25,0.0,0
0,0,33,0,0,35,11,1,3,1,2,30,302.774,1
0,0,26,0,173,25,2,20,2,1,1,45,33.608,1
8,0,39,0,1420,25,21,8,3,1,2,30,141.8,0
0,0,36,0,3465,55,0,10,2,1,1,25,158.4,0
0,0,34,0,0,0,0,0,2,1,2,25,0.0,1
16,0,40,3,14678,185,28,61,3,1,1,30,706.52,0
1,0,9,1,1297,18,0,4,3,1,1,30,52.6,1
0,0,35,0,3355,54,0,15,2,1,1,25,153.405,0
4,1,3,0,1298,56,0,1,3,2,1,30,0.0,1
14,0,40,2,3890,87,30,27,3,1,1,30,279.08,0
2,0,13,1,4345,44,223,14,3,1,1,30,1067.56,0
3,0,31,0,15100,174,133,24,2,1,1,25,1285.83,0
12,0,29,0,405,21,7,2,3,1,2,30,45.04,0
4,0,36,1,2955,27,0,13,3,1,1,30,119.28,0
0,1,32,0,0,52,7,0,2,1,1,25,153.715,1
11,0,38,1,3085,59,182,25,2,1,1,25,960.48,0
0,0,6,0,1787,57,0,5,4,1,2,25,201.109,1
8,0,34,0,2273,52,348,19,3,1,1,30,1485.0,0
14,0,36,2,9520,126,145,41,3,1,1,30,965.84,0
14,0,28,1,15060,221,0,78,2,1,1,25,687.645,0
0,0,34,0,0,0,0,0,3,1,2,30,0.0,1
0,0,40,0,2168,54,5,35,1,1,1,15,149.71,0
0,1,31,1,0,100,4,0,2,1,2,30,37.946,1
6,0,36,0,0,62,39,0,2,1,2,25,130.717,1
7,0,11,2,4695,46,222,12,3,1,1,30,1077.64,0
0,0,39,0,1371,18,9,7,2,1,2,30,0.0,1
0,0,32,0,2535,16,0,12,3,1,1,30,102.04,0
1,1,28,0,1161,63,28,9,2,2,1,25,0.0,1
1,0,14,2,2357,38,15,14,3,1,1,30,155.8,0
2,0,42,0,0,50,7,0,3,1,2,25,327.951,1
0,0,38,0,465,11,11,8,2,1,1,25,70.92,0
9,0,41,0,15440,186,158,34,2,1,1,25,1414.17,0
0,0,33,0,0,7,0,8,3,1,2,30,19.671,1
1,0,36,0,1668,25,0,6,3,1,1,30,67.72,0
12,0,42,3,3460,36,495,12,4,1,1,45,1324.9,0
12,0,38,1,4443,69,7,35,1,1,1,15,286.66,0
10,0,38,0,4560,72,14,20,3,1,1,30,241.28,0
0,1,38,2,0,95,23,0,2,1,2,45,71.995,1
0,1,44,0,1038,40,0,1,3,1,2,25,90.356,1
0,0,24,0,3963,0,0,0,2,1,2,25,107.364,1
0,0,33,1,0,49,0,28,3,1,2,25,351.205,1
8,0,10,2,5100,51,223,10,3,1,1,30,1098.04,0
4,0,38,0,0,28,0,9,2,1,2,25,135.127,1
8,0,35,2,7090,103,21,24,5,1,1,55,139.395,0
4,1,39,0,0,43,4,6,2,1,2,30,0.0,1
0,0,38,0,267,61,5,5,2,1,1,30,73.192,1
1,0,38,0,2795,26,8,18,3,1,1,30,144.84,0
6,0,33,0,2930,38,4,14,2,1,2,25,151.56,1
1,0,27,0,1443,41,34,71,4,1,1,45,122.1,0
0,0,36,0,4020,76,0,20,3,1,1,30,163.84,0
6,0,38,1,3340,30,485,8,3,1,1,30,2074.8,0
5,0,36,1,2545,18,7,6,3,1,1,30,130.52,0
3,0,34,0,2665,48,177,24,2,1,1,25,918.585,0
8,0,40,0,4220,79,7,12,3,1,1,30,199.96,0
2,0,9,0,0,100,0,16,2,1,2,30,94.128,1
14,0,38,2,4798,76,22,50,1,1,1,15,389.07,0
1,0,44,0,630,52,0,2,2,2,1,25,7.046,1
0,0,3,0,4005,32,198,4,3,1,1,30,953.48,0
0,0,41,0,0,15,7,24,2,1,2,30,223.75,1
2,0,4,0,1367,42,31,0,2,1,1,30,78.117,1
4,0,42,0,0,35,0,3,3,1,1,30,69.741,1
2,0,37,0,1725,53,0,23,3,1,2,45,47.512,1
22,0,34,0,550,42,0,19,3,1,2,30,23.68,1
2,0,36,1,2688,62,16,46,1,1,1,15,239.25,0
12,0,40,1,14078,175,7,46,3,1,1,30,598.12,0
0,0,32,0,6060,100,243,16,2,2,1,25,1370.7,0
0,0,35,0,6440,83,181,24,3,1,1,30,984.92,0
4,0,36,0,1933,48,1,15,3,1,2,30,83.24,0
19,0,37,0,0,38,5,0,4,1,1,30,359.376,1
18,0,24,1,15770,226,0,77,2,1,1,25,719.82,0
5,0,36,0,873,10,11,4,4,1,2,45,49.575,1
5,0,31,0,1371,36,5,0,2,1,2,45,31.53,1
6,0,38,3,6920,120,279,37,2,2,1,25,1572.3,0
4,0,37,2,6865,99,24,26,5,1,1,55,140.46,0
0,0,31,0,13468,157,0,41,3,1,1,30,545.0,0
0,0,36,0,4070,33,14,4,3,1,2,25,66.003,1
2,0,3,2,3700,45,9,4,2,1,1,30,66.01,1
0,0,33,0,11100,145,0,43,3,1,1,30,449.8,0
12,0,38,0,2383,49,32,30,4,1,2,45,140.8,1
19,1,29,3,1169,21,0,2,4,2,1,45,0.0,1
3,0,31,0,3893,54,0,32,1,1,1,15,217.085,0
9,0,35,1,3595,74,21,23,3,1,1,30,230.76,0
20,0,19,2,9298,180,85,44,5,1,1,55,269.67,0
5,0,43,0,260,10,15,6,2,1,2,25,79.65,1
19,0,34,0,857,69,0,0,3,1,2,30,0.0,1
0,0,16,0,1580,21,30,15,2,1,1,25,207.045,0
3,0,39,2,1205,38,2,0,2,1,1,45,307.233,1
0,0,38,0,115,6,32,4,2,1,2,25,149.445,1
13,1,36,1,5818,98,26,24,2,1,1,25,383.22,1
0,0,31,0,1324,62,102,0,2,1,2,30,34.218,1
0,0,7,0,3485,24,187,21,3,1,1,30,888.36,0
9,0,32,1,1828,49,45,74,5,1,1,55,95.655,0
16,1,28,1,1457,35,2,2,4,1,2,30,175.467,1
0,1,43,0,3508,60,0,21,2,1,1,30,97.637,1
0,0,17,0,1505,26,53,16,2,1,1,25,307.395,0
20,0,37,8,10030,88,0,44,5,1,1,55,151.77,0
9,0,31,0,3035,37,7,12,3,1,2,30,150.88,1
11,0,41,0,2418,62,19,22,3,1,2,30,175.2,0
16,0,16,0,6278,135,53,38,1,2,1,15,644.215,0
0,0,30,0,13208,153,0,36,3,1,1,30,534.44,0
0,0,32,1,6595,97,39,24,5,1,1,55,158.88,0
0,0,41,0,0,26,46,15,4,1,2,30,88.811,1
13,0,40,1,5773,102,34,28,2,1,1,25,417.375,0
9,0,45,0,743,100,4,5,4,1,2,30,0.0,1
0,0,36,0,0,28,21,0,3,1,2,45,182.511,1
0,0,37,0,0,0,0,0,2,1,2,25,0.0,1
9,1,37,0,1160,69,0,43,3,1,2,30,99.9,1
0,0,18,0,1003,23,8,60,4,1,1,45,45.65,0
5,0,11,2,4505,45,213,9,3,1,1,30,1034.0,0
4,0,41,0,890,22,24,13,3,1,2,30,132.48,0
8,1,9,1,0,68,0,1,2,1,2,30,98.489,1
0,0,23,0,3110,56,10,24,3,1,1,30,166.64,0
2,0,36,0,998,9,3,25,3,1,1,45,0.0,1
0,0,28,0,2455,14,0,8,3,1,1,30,98.76,0
12,0,40,1,0,51,0,0,3,1,2,30,107.333,1
2,0,27,0,348,11,1,2,3,1,2,30,138.676,1
13,1,6,0,38,72,6,0,3,1,2,25,226.38,1
11,1,9,0,5180,71,0,7,3,1,2,45,73.276,1
27,0,43,4,15140,231,62,33,3,1,1,30,862.84,0
3,1,34,0,0,52,29,1,4,1,2,45,153.761,1
14,0,22,5,3238,53,48,25,3,2,1,30,323.64,0
0,0,18,0,2920,49,0,20,3,1,1,30,118.76,0
5,0,23,0,0,76,0,3,2,1,1,30,29.017,1
5,0,29,1,6830,93,7,18,5,1,1,55,114.345,0
0,0,16,0,1390,20,21,12,2,1,1,25,157.95,0
19,0,31,2,1065,34,22,11,3,1,1,30,131.96,0
15,0,39,1,2758,66,366,26,3,1,1,30,1576.96,0
32,0,45,5,15445,237,69,35,3,2,1,30,903.28,0
8,0,41,2,2813,70,41,39,2,1,1,25,314.235,0
20,0,36,0,0,2,39,0,2,1,2,25,0.0,1
16,0,39,4,12370,170,39,64,4,1,1,45,411.0,0
3,0,32,2,6850,111,273,34,2,2,1,25,1541.745,0
26,0,33,2,15780,234,7,67,2,1,1,25,752.13,0
5,0,33,0,13773,163,0,43,3,1,1,30,557.44,0
16,1,30,0,292,50,0,0,2,1,1,45,91.479,1
4,0,35,0,2394,98,11,5,3,1,1,45,0.0,1
16,0,43,2,2838,68,376,30,3,1,1,30,1620.24,0
18,1,31,0,0,100,10,22,3,1,2,30,2.546,1
1,1,32,0,0,35,10,0,2,1,1,25,52.299,1
11,0,14,0,5973,129,46,36,1,2,1,15,588.61,0
0,0,36,0,3473,79,0,28,2,1,1,25,159.84,0
17,0,45,3,12030,170,33,55,4,1,1,45,387.5,0
18,0,42,2,4563,75,13,39,1,1,1,15,326.59,0
5,0,39,0,580,10,7,2,2,1,2,25,58.05,0
0,1,6,0,1068,7,0,1,2,1,1,25,48.375,1
13,0,41,1,3955,90,43,33,3,1,1,30,333.8,0
15,0,41,2,5818,104,34,25,3,1,1,30,372.88,0
30,0,33,4,16380,244,7,82,2,2,1,25,779.58,0
14,0,18,0,9113,179,84,45,4,1,1,45,442.3,0
11,0,37,0,3660,76,0,24,2,1,1,25,168.12,0
10,0,36,0,15890,187,151,28,2,1,1,25,1402.965,0
3,0,8,1,4795,45,216,8,3,1,1,30,1057.6,0
15,0,28,2,1645,44,58,19,2,1,1,25,337.005,0
34,0,43,0,0,100,3,1,3,1,1,30,0.0,1
0,1,31,0,0,89,3,0,2,1,1,45,135.679,1
32,0,33,4,16570,245,16,85,2,2,1,25,828.675,0
10,0,25,0,1225,32,19,13,2,1,1,25,142.065,0
0,0,36,0,847,66,28,0,2,1,2,45,0.0,1
0,0,39,0,73,2,5,4,2,1,1,25,25.875,0
8,1,23,0,0,18,9,19,3,1,1,25,0.0,1
5,0,28,0,1273,35,16,55,4,1,1,45,72.7,0
0,0,16,4,298,68,0,17,2,1,1,30,190.652,1
8,0,38,0,6108,96,16,15,3,1,1,30,312.16,0
4,0,18,0,337,51,0,5,4,1,2,30,250.205,1
20,1,30,1,470,67,154,0,3,1,2,30,230.353,1
0,0,39,0,0,0,0,0,2,1,2,25,0.0,0
2,1,45,0,516,55,8,9,2,1,2,30,255.383,1
0,0,35,0,7203,121,377,41,2,1,1,25,2026.08,0
3,1,40,0,734,58,10,0,4,1,2,30,0.0,1
11,1,38,0,5407,97,0,6,3,2,2,30,0.0,1
3,1,13,1,1038,53,15,0,2,2,1,25,210.984,1
9,0,28,1,1873,45,37,70,5,1,1,55,84.27,0
6,0,18,2,2295,36,49,29,2,1,1,25,325.395,0
9,1,37,0,0,58,1,0,2,1,2,25,31.967,1
9,0,28,1,1873,45,37,70,5,1,1,55,84.27,0
11,1,33,0,1485,0,8,2,3,1,1,25,0.0,1
0,0,29,1,1090,32,196,13,2,2,1,25,932.49,0
6,1,35,0,502,0,12,10,3,1,2,30,200.42,1
3,0,29,0,2134,12,0,33,3,1,2,30,449.651,1
16,0,33,1,6123,98,25,25,2,1,1,25,392.445,1
11,0,39,2,6833,80,106,36,2,1,1,25,788.085,0
11,1,30,0,542,73,0,5,2,1,2,25,0.0,1
7,0,39,0,900,14,7,6,2,1,2,25,72.63,0
4,0,9,1,4580,41,224,13,3,1,1,30,1080.84,0
3,0,29,0,0,71,0,0,3,1,2,25,88.789,1
5,0,40,0,1665,50,46,21,4,1,2,45,157.875,0
20,0,28,1,15655,226,0,74,2,1,1,25,714.645,0
7,0,12,2,2773,43,21,15,3,1,1,30,196.64,0
1,0,35,0,0,68,0,5,3,1,2,25,47.303,1
12,1,3,0,2777,23,31,0,2,1,2,25,125.861,1
2,0,36,1,0,25,7,26,2,1,2,25,151.482,1
13,0,45,3,7065,102,208,34,4,1,1,45,699.175,0
8,0,37,0,14178,174,1,42,3,1,1,30,578.08,0
0,1,13,0,1452,66,0,0,2,1,2,25,97.32,1
0,0,20,0,0,57,0,17,3,1,1,25,283.454,1
1,0,34,0,2475,47,168,21,2,1,1,25,869.49,0
0,1,35,0,3885,36,0,0,2,1,2,30,132.839,1
0,0,24,0,895,24,154,5,2,2,1,25,734.355,0
7,0,35,0,0,60,6,3,3,1,2,25,27.345,1
0,0,4,0,4390,34,207,9,3,1,1,30,1004.96,0
13,0,44,2,14158,177,17,50,3,1,1,30,641.4,0
19,0,14,1,6697,141,84,43,1,2,1,15,838.09,0
0,0,32,0,1975,31,268,12,3,1,1,30,1152.24,0
3,1,29,0,2605,33,0,10,2,1,2,25,118.71,1
2,0,43,0,2518,65,6,0,2,1,2,30,230.468,1
5,1,24,0,2803,27,4,3,3,1,2,25,258.538,1
0,0,9,0,1697,59,0,0,3,2,2,45,337.14,1
6,0,28,0,0,37,4,10,2,1,2,25,0.0,1
2,0,34,1,6365,106,250,18,2,2,1,25,1416.195,0
26,0,37,8,10625,93,7,40,4,1,1,45,285.45,0
0,0,10,0,1256,31,26,1,2,1,1,30,35.566,1
11,0,11,4,5295,56,243,27,3,2,1,30,1186.04,0
3,0,34,0,3015,25,473,4,3,1,1,30,2013.6,0
15,0,36,1,4000,86,29,26,3,1,1,30,279.44,0
0,0,36,0,5182,54,1,2,4,1,2,30,407.492,1
3,1,39,1,2534,18,3,29,3,2,1,45,162.686,1
0,0,23,0,950,27,181,7,2,2,1,25,858.465,0
29,0,38,5,15740,235,75,47,3,1,1,30,939.0,0
0,0,35,1,148,4,29,4,5,1,1,55,45.78,0
13,0,45,0,0,0,2,7,2,1,1,30,145.082,1
7,0,40,2,3210,32,481,7,3,1,1,30,2053.68,0
4,0,28,2,1430,42,225,15,3,2,1,30,958.88,0
4,0,12,0,0,62,8,34,2,1,2,30,167.436,1
10,0,25,0,1225,32,19,13,2,1,1,25,142.065,0
16,0,31,2,1610,40,36,19,2,1,1,25,236.25,0
8,1,41,0,331,69,0,12,3,1,2,30,0.0,1
18,1,41,0,0,46,10,1,3,1,2,30,153.49,1
5,0,35,1,4335,75,0,20,3,1,1,30,176.4,0
6,0,37,1,6528,74,99,34,2,1,1,25,742.59,0
23,0,36,1,580,2,0,14,2,1,1,30,397.497,1
0,1,26,0,2384,44,25,43,3,2,2,25,0.0,1
1,0,35,0,2213,50,0,28,1,1,1,15,124.465,0
11,0,36,4,7270,122,278,35,3,2,1,30,1407.68,0
0,0,37,0,1650,28,260,18,3,1,1,30,1107.12,0
9,0,40,1,2665,45,292,20,3,1,1,30,1276.4,0
5,0,35,1,3843,80,7,25,3,1,1,30,184.92,0
22,0,18,2,7102,152,93,42,2,2,1,25,744.93,0
2,0,36,0,3718,82,2,28,2,1,1,25,180.0,0
0,1,39,0,0,69,0,0,4,1,2,25,116.927,1
0,0,33,0,1248,13,0,3,3,1,1,30,50.44,0
3,0,28,0,3947,59,0,0,3,2,1,30,30.883,1
7,0,34,0,0,3,0,1,3,1,2,30,17.638,1
4,0,43,0,2510,100,0,0,4,1,2,25,20.996,1
1,1,40,0,0,0,0,11,2,1,2,25,197.672,1
0,0,27,0,6400,89,0,16,4,1,1,45,162.225,0
3,0,37,1,6500,86,186,26,3,1,1,30,1007.44,0
0,0,34,0,4005,62,0,13,2,1,1,25,183.015,0
2,0,36,0,4210,77,0,23,3,1,1,30,171.48,0
23,0,36,8,10625,94,10,45,5,1,1,55,175.785,0
2,0,44,0,0,100,0,2,4,2,1,30,104.527,1
7,0,27,0,100,15,0,3,2,1,2,25,5.175,0
16,1,37,0,3336,39,0,0,3,1,1,25,329.31,1
17,1,40,0,0,1,21,28,3,1,2,25,61.434,1
6,0,40,1,3100,32,15,20,3,1,1,30,185.28,0
0,0,36,0,1969,0,17,29,3,1,2,30,0.0,1
3,0,37,0,2278,52,0,29,1,1,1,15,128.15,0
4,1,31,0,2091,56,0,0,3,1,2,25,5.264,1
2,0,5,0,1408,17,0,3,3,1,1,30,57.0,1
0,0,45,0,0,100,2,0,3,1,2,25,374.549,1
11,0,41,1,2533,62,369,28,3,1,1,30,1579.8,0
0,0,16,0,857,34,42,3,2,1,2,30,51.867,1
34,0,41,0,708,54,4,0,2,1,2,30,0.0,1
10,0,38,2,7270,111,32,29,5,1,1,55,158.715,0
13,0,44,3,4900,91,19,31,3,1,1,30,275.64,0
1,1,45,0,769,19,0,9,3,1,1,30,8.053,1
10,0,36,0,988,0,8,9,2,1,2,30,176.378,1
1,0,33,1,6595,96,5,19,5,1,1,55,107.865,0
5,0,37,0,2765,44,286,16,3,1,1,30,1256.36,0
9,0,38,0,2048,55,341,26,3,1,1,30,1448.12,0
0,0,37,0,223,2,0,6,4,1,2,45,5.625,1
1,1,37,0,350,56,9,0,4,1,2,30,183.445,1
28,0,30,4,16200,236,7,77,2,2,1,25,771.12,0
27,0,36,4,16075,244,8,81,2,1,1,25,770.355,0
0,1,3,1,1298,49,21,1,4,1,1,45,0.0,1
7,0,34,0,15305,174,139,25,2,1,1,25,1322.055,0
3,1,34,0,631,68,0,6,3,1,2,25,131.683,1
7,0,44,0,0,56,0,7,4,1,1,30,50.489,1
2,0,36,0,1743,47,0,12,3,1,2,30,71.6,0
25,0,39,4,15255,231,86,36,3,1,1,30,963.44,0
5,1,41,0,1968,71,1,0,3,1,2,25,35.757,1
13,0,15,0,6333,138,80,40,1,2,1,15,795.905,0
13,0,19,1,9013,173,83,44,5,1,1,55,262.29,0
13,0,35,0,4503,66,0,36,1,1,1,15,251.295,0
0,0,36,1,109,23,8,18,4,1,2,25,118.742,1
4,0,35,0,11405,151,6,45,3,1,1,30,486.24,0
0,1,42,0,1904,55,31,0,2,1,1,30,82.685,1
15,0,41,2,3375,56,300,20,4,1,1,45,835.775,0
0,0,16,0,0,53,0,0,3,1,2,30,210.64,1
5,0,20,1,1810,31,26,13,3,1,1,30,177.64,0
4,0,33,0,1848,32,0,25,3,1,2,30,75.2,1
18,0,40,0,3143,70,36,34,3,1,2,30,272.52,0
29,0,29,3,16300,242,7,78,2,1,1,25,775.89,0
0,1,25,0,1438,56,0,0,3,1,2,25,143.436,1
2,0,39,0,1988,53,0,35,2,1,1,25,91.845,0
0,0,39,0,318,5,7,4,2,1,2,25,46.035,0
0,0,41,0,943,51,0,1,2,1,2,30,94.864,1
27,0,27,0,4360,17,11,0,3,1,2,30,61.381,1
18,0,39,3,16390,198,178,47,2,1,1,25,1547.46,0
1,0,5,0,0,66,9,41,4,1,2,30,229.821,1
2,0,33,1,646,68,14,2,2,1,2,30,209.677,1
15,1,42,0,2653,52,51,37,4,1,2,45,195.125,1
0,0,26,0,1170,41,35,7,3,1,2,25,59.862,1
0,0,33,0,4030,69,0,18,3,1,1,30,163.96,0
0,1,32,1,642,100,0,2,4,1,1,30,60.921,1
0,0,31,0,338,5,0,1,4,1,1,45,8.575,0
13,0,27,0,945,28,12,7,3,1,2,30,86.92,0
0,1,42,0,431,68,4,2,3,1,2,30,330.262,1
1,0,34,0,1954,25,0,4,2,1,2,25,203.144,1
0,0,17,0,0,59,28,6,2,1,1,25,156.528,1
0,0,24,0,520,4,14,1,4,1,2,45,48.1,0
12,1,41,0,69,10,1,21,3,1,2,25,231.683,1
7,0,42,1,3978,92,17,34,3,1,1,30,230.8,0
7,0,37,1,11465,154,11,47,4,1,1,45,317.975,0
16,1,3,0,766,12,6,11,2,1,2,25,10.208,1
1,0,42,0,0,74,0,0,2,1,2,25,191.497,1
9,0,29,2,1988,51,69,74,5,1,1,55,134.085,0
4,1,31,0,2050,53,0,6,3,1,2,30,0.0,1
0,1,13,0,0,64,0,0,2,1,2,45,65.504,1
4,1,44,0,214,8,0,0,3,1,2,25,161.477,1
2,1,10,0,380,55,0,19,2,1,2,25,0.0,1
0,0,34,0,0,0,0,0,5,1,1,55,0.0,0
7,0,33,0,6638,73,98,33,2,1,1,25,742.995,0
5,1,20,0,0,53,1,0,2,1,2,30,31.611,1
7,1,40,0,167,15,0,0,3,1,2,30,57.369,1
24,1,36,0,2447,59,0,9,2,1,2,25,26.498,1
0,0,33,0,1170,37,22,15,3,1,2,30,136.28,0
17,0,19,0,6098,137,71,29,2,2,1,25,600.075,0
9,0,41,1,4695,91,13,30,3,1,1,30,243.44,0
5,0,36,0,4310,68,0,15,2,1,1,25,197.01,0
5,0,34,0,2757,44,0,2,3,1,2,45,331.899,1
22,0,32,2,15950,240,4,83,2,1,1,25,746.55,0
0,0,37,0,275,4,0,1,2,1,2,25,12.555,0
0,0,32,0,875,8,0,10,2,1,2,25,39.735,0
2,0,31,0,1933,42,0,14,3,1,2,30,79.0,0
21,1,23,0,2715,95,2,0,3,1,1,30,22.809,1
1,0,41,0,352,65,21,6,3,2,2,30,0.0,1
18,0,31,0,650,41,9,15,2,1,2,25,71.595,1
0,1,41,0,0,100,8,35,2,1,1,25,131.665,1
0,0,35,0,0,62,16,0,3,1,2,25,51.518,1
9,1,39,0,0,1,7,2,2,2,1,30,95.936,1
4,1,43,0,0,41,0,0,3,1,1,30,98.367,1
2,0,31,0,703,35,13,0,2,1,1,30,209.396,1
6,1,35,0,333,61,15,4,2,1,2,25,48.824,1
25,0,34,8,10660,97,7,40,5,1,1,55,171.855,0
10,0,42,2,6985,100,204,33,3,1,1,30,1099.4,0
0,0,34,0,455,2,0,5,2,1,2,25,20.565,0
0,0,39,0,345,51,23,5,3,1,2,30,50.339,1
19,0,40,3,7733,92,123,39,2,1,1,25,905.625,0
5,1,37,0,305,6,7,2,3,1,2,30,40.44,1
4,0,18,0,1885,27,37,17,2,1,1,25,252.54,0
0,0,32,0,221,89,21,0,3,1,1,25,307.286,1
0,1,35,0,1021,48,0,0,4,1,2,30,0.0,1
12,0,16,5,3453,55,52,34,3,1,1,30,348.32,0
4,0,35,0,15180,176,143,28,2,1,1,25,1334.52,0
14,1,32,0,1488,66,64,0,3,1,2,25,27.905,1
34,0,33,6,16980,254,28,97,2,2,1,25,901.53,0
12,0,45,1,0,3,9,41,2,1,1,25,987.255,1
17,0,37,4,9715,131,165,58,3,2,1,30,1053.84,0
5,0,42,0,393,12,15,8,3,1,2,30,76.2,1
36,0,41,5,16155,242,69,34,3,2,1,30,931.88,0
0,1,26,0,334,73,0,22,3,1,2,25,5.603,1
17,0,44,3,4160,90,49,34,3,1,1,30,366.0,0
0,0,28,0,0,0,0,0,3,1,1,30,0.0,0
0,0,31,0,1668,19,0,5,3,1,1,30,67.48,0
27,0,31,3,16265,239,9,83,2,1,1,25,783.18,0
3,1,30,0,641,15,0,19,5,1,2,30,60.669,1
0,1,30,1,0,25,1,4,4,1,2,25,176.305,1
9,0,37,0,2383,50,66,35,4,1,2,45,225.825,1
5,0,38,0,6593,77,112,40,2,1,1,25,804.15,0
0,1,36,0,696,100,2,0,3,1,2,25,222.145,1
1,1,22,0,349,60,4,0,2,1,1,25,4.478,1
5,0,39,0,1863,44,11,41,2,1,1,30,58.36,1
1,0,36,0,2980,22,485,9,3,1,1,30,2060.08,0
16,1,42,5,7530,132,293,41,3,2,1,30,1478.48,0
11,0,27,0,700,25,10,7,2,1,2,25,77.625,0
10,0,25,0,1225,32,19,13,2,1,1,25,142.065,0
0,1,28,0,1813,45,3,0,2,1,1,30,106.332,1
22,0,33,0,0,25,0,23,3,1,2,30,0.0,1
11,0,39,0,2158,56,345,11,3,1,1,30,1468.56,0
9,0,38,0,0,42,7,15,5,1,2,30,192.896,1
0,0,41,0,788,55,0,10,3,1,2,25,0.0,1
0,0,34,0,0,0,0,0,5,1,1,55,0.0,0
0,0,40,0,7203,127,385,42,3,1,1,30,1833.2,0
0,0,18,0,0,65,0,14,2,1,2,45,39.706,1
0,1,38,0,0,28,2,0,2,1,2,45,229.662,1
22,0,36,2,15080,222,49,30,3,1,1,30,808.08,0
0,0,25,0,2980,58,6,23,3,1,1,30,145.52,0
13,0,40,1,4675,77,12,19,3,1,1,30,238.08,0
0,0,36,1,338,4,4,2,5,1,1,55,11.13,0
0,0,34,0,0,100,44,5,3,1,1,45,102.306,1
3,0,38,0,743,12,7,3,4,1,2,45,36.375,1
0,0,12,0,1132,48,0,0,2,1,2,25,179.168,1
0,0,36,0,405,8,6,6,2,1,2,25,45.585,0
1,1,43,0,276,14,27,0,3,1,1,30,94.337,1
0,0,28,1,6580,108,254,27,2,2,1,25,1443.96,0
10,0,44,2,2745,47,302,24,4,1,1,45,824.8,0
11,1,27,0,112,63,7,15,3,1,2,45,0.0,1
0,1,35,0,0,25,0,4,4,1,2,25,0.0,1
13,0,18,0,6268,143,89,45,1,2,1,15,842.105,0
0,1,28,0,0,30,4,1,3,1,2,30,987.255,1
1,0,23,0,2628,39,1,0,2,1,2,25,52.583,1
1,0,33,0,15120,173,138,26,2,1,1,25,1309.185,0
15,0,38,0,146,84,66,7,4,1,2,45,353.989,1
0,1,45,0,1813,22,0,5,3,1,2,30,190.901,1
9,0,11,0,1009,67,22,0,2,1,2,45,244.472,1
3,0,34,0,3030,23,9,17,3,1,1,30,158.12,0
0,0,37,0,875,14,0,11,2,1,2,25,40.005,0
22,0,35,8,10840,98,2,40,4,1,1,45,278.45,0
0,1,36,0,475,76,2,4,4,1,1,30,71.832,1
11,0,15,0,697,86,0,27,2,1,2,25,0.0,1
0,1,31,0,0,0,0,0,2,1,2,25,0.0,1
0,0,27,0,1304,26,0,0,4,1,2,30,15.726,1
9,0,11,2,4885,47,231,15,3,1,1,30,1121.28,0
0,1,35,3,2120,100,0,0,2,1,2,25,219.57,1
5,1,18,0,0,50,10,0,4,1,2,30,252.715,1
2,0,21,0,860,23,7,9,2,1,1,25,71.235,0
18,1,22,0,47,0,5,5,4,1,2,45,0.0,1
0,0,30,0,3633,50,0,27,1,1,1,15,202.565,0
0,0,31,0,628,1,1,3,4,1,2,45,18.225,1
0,1,32,0,0,0,0,0,3,1,2,30,0.0,1
8,0,17,0,8708,167,76,42,4,1,1,45,411.875,0
6,1,38,0,783,39,56,8,4,1,2,25,103.453,1
0,0,39,0,861,61,0,0,4,1,2,30,987.255,1
0,0,25,0,858,28,5,68,4,1,1,45,34.65,0
16,1,29,0,684,25,19,0,3,1,2,45,24.63,1
14,0,17,4,3562,56,39,19,3,2,1,30,300.72,0
0,0,36,0,6798,116,359,43,2,1,1,25,1926.63,0
15,0,40,1,4503,72,8,37,1,1,1,15,295.625,0
12,0,39,2,2683,42,15,8,4,1,1,45,105.625,0
7,0,36,0,11350,148,0,43,3,1,1,30,459.92,0
25,0,31,3,16075,238,0,80,2,2,1,25,734.085,0
12,1,34,0,3115,39,7,13,3,1,2,30,154.16,1
0,0,34,0,2730,18,471,4,3,1,1,30,1993.92,0
11,1,38,0,3170,49,20,21,3,1,2,30,208.76,1
7,0,40,1,3550,78,35,30,3,1,1,30,285.12,0
0,0,37,0,1906,51,0,2,2,1,1,30,5.004,1
0,1,36,0,0,27,4,17,3,1,2,30,124.9,1
21,0,41,2,5213,83,16,37,1,1,1,15,379.28,0
0,1,26,0,0,0,0,0,4,1,2,25,31.737,1
0,0,31,0,2420,10,0,8,3,1,1,30,97.2,0
6,0,35,0,2665,47,143,19,2,1,1,25,765.54,0
11,0,33,0,588,44,14,0,3,1,2,30,180.514,1
7,1,36,0,0,37,20,0,2,1,2,45,142.47,1
0,0,37,1,2905,27,508,10,3,1,1,30,2149.28,0
6,0,41,1,3275,35,494,13,3,1,1,30,2108.4,0
0,0,43,0,273,9,15,8,2,1,2,25,80.19,0
5,0,27,0,1015,10,7,2,4,1,2,45,43.125,0
5,0,34,0,2033,48,320,18,2,1,1,25,1533.645,0
16,0,29,0,1005,31,17,9,3,1,2,30,109.44,0
1,0,33,0,2393,52,0,32,1,1,1,15,134.475,0
11,0,36,0,2858,65,360,22,2,1,1,25,1751.535,0
4,0,42,0,2315,43,293,22,3,1,1,30,1266.32,0
4,1,36,0,539,0,12,0,3,1,2,25,227.48,1
7,1,23,3,0,81,8,10,2,1,2,55,46.783,1
1,0,32,0,7508,121,376,42,2,1,1,25,2035.305,0
0,1,37,0,749,31,0,0,2,1,2,30,102.69,1
2,0,41,0,628,13,17,5,4,1,2,45,58.525,1
3,0,23,0,730,25,3,8,2,1,1,25,47.475,0
21,1,40,8,10390,97,9,46,5,2,1,55,170.805,0
31,1,32,4,16785,249,8,80,2,1,1,25,802.53,0
0,1,24,0,765,7,16,1,4,1,2,45,59.3,1
2,1,37,0,0,29,2,0,3,1,1,30,0.0,1
0,0,27,0,940,16,53,7,4,1,2,45,156.4,0
7,0,35,0,0,67,1,0,3,1,1,25,64.432,1
13,0,7,0,1347,64,19,3,2,1,2,45,144.036,1
17,0,36,3,6418,108,47,39,2,1,1,25,505.17,0
9,0,39,1,3285,27,458,6,3,1,1,30,1964.48,0
6,0,38,0,0,72,0,0,3,1,1,30,129.379,1
0,1,20,0,1098,69,2,0,3,1,2,25,61.085,1
5,0,36,1,3963,85,7,28,3,1,1,30,189.92,0
6,1,40,0,0,12,9,0,3,1,2,45,53.451,1
5,0,35,0,2148,54,352,22,2,1,1,25,1683.09,0
0,0,35,0,1973,46,0,27,1,1,1,15,111.045,0
14,0,39,1,8820,117,130,30,3,1,1,30,877.48,0
6,0,29,0,1748,47,41,73,4,1,1,45,147.375,0
0,0,37,0,0,0,0,0,2,1,2,25,0.0,0
5,0,20,1,1400,22,14,2,2,1,1,25,126.99,0
19,0,31,7,10435,87,0,41,4,1,1,45,263.05,0
3,0,38,1,688,10,14,6,4,1,1,45,52.45,1
13,0,39,1,2568,65,357,23,3,1,1,30,1533.32,0
2,0,35,0,428,39,16,0,4,1,2,25,0.0,1
0,1,34,0,0,0,0,0,3,1,2,30,0.0,1
15,1,41,0,3375,49,26,22,3,1,2,30,240.96,1
7,0,39,1,13888,175,32,48,3,1,1,30,690.52,0
0,1,30,0,0,0,0,0,4,1,2,45,0.0,1
0,0,28,0,3153,66,0,20,2,1,1,25,144.855,0
7,0,3,0,0,32,6,5,2,1,2,25,77.306,1
0,0,43,1,867,46,0,0,2,1,2,30,69.653,1
1,0,35,0,1475,43,29,17,3,1,2,30,176.72,0
4,1,10,0,346,47,0,6,4,1,2,25,61.145,1
2,1,7,0,0,18,0,0,4,1,2,45,238.896,1
0,1,40,1,16,0,0,0,2,1,2,30,298.107,1
2,0,32,0,476,64,9,8,4,1,1,25,111.154,1
9,1,7,1,18,64,0,0,3,1,2,30,0.0,1
3,1,32,0,92,44,26,0,3,1,2,30,270.511,1
12,0,34,5,9530,77,0,25,4,1,1,45,240.175,0
10,0,44,3,3480,35,500,14,4,1,1,45,1337.875,0
0,0,32,0,0,0,0,0,2,1,2,25,0.0,1
7,0,33,0,338,48,13,0,3,1,2,25,208.255,1
8,1,11,2,1792,25,7,9,3,1,1,30,100.68,1
14,0,44,2,4755,79,22,23,3,1,1,30,281.36,0
3,0,35,0,3656,69,0,0,3,1,2,30,26.329,1
2,1,7,2,1783,23,14,20,3,1,1,30,128.24,1
26,1,35,1,1015,50,21,19,3,1,1,30,126.6,1
28,0,40,4,15255,230,52,31,3,1,1,30,827.4,0
5,0,28,0,1130,16,28,5,4,1,2,45,98.65,0
8,1,38,1,6112,16,0,17,2,1,2,25,66.542,1
19,0,17,0,0,13,0,0,2,1,2,25,121.342,1
7,0,36,0,4083,61,3,36,1,1,1,15,244.42,0
0,0,37,0,512,27,34,3,2,1,1,25,81.558,1
0,0,14,0,0,12,3,0,3,1,2,25,342.088,1
0,0,36,0,0,8,5,10,3,1,2,25,190.187,1
21,0,18,1,6583,141,60,40,1,2,1,15,699.82,0
13,0,41,1,3265,67,193,30,2,1,1,25,1018.44,0
2,0,45,1,5425,70,13,0,2,1,2,25,261.097,1
18,0,39,3,9420,127,151,45,3,1,1,30,985.88,0
0,0,24,0,1073,32,14,63,4,1,1,45,62.625,0
23,0,41,0,1529,61,25,0,3,1,1,30,43.221,1
5,0,27,1,3340,66,6,22,3,1,1,30,160.24,0
0,0,36,0,133,2,0,2,3,1,2,30,5.4,1
0,0,45,0,66,25,33,4,4,1,1,25,96.134,1
9,0,39,0,3793,61,0,37,1,1,1,15,211.97,0
2,1,3,2,0,67,29,8,3,1,2,25,51.733,1
15,1,37,0,1815,0,2,5,2,1,1,25,60.532,1
0,0,4,0,3905,26,197,3,3,1,1,30,945.24,0
10,1,36,0,0,57,0,29,2,1,2,30,273.238,1
19,0,25,1,15690,230,0,74,2,1,1,25,716.4,0
16,0,17,1,6392,141,85,42,2,2,1,25,676.485,0
5,1,31,3,0,54,24,15,3,1,2,25,0.0,1
19,0,43,4,9500,129,161,49,3,1,1,30,1029.16,0
13,0,40,1,4258,69,6,37,1,1,1,15,270.985,0
8,0,17,4,2968,51,63,23,3,2,1,30,372.76,0
4,0,40,0,4145,67,8,19,2,1,1,25,225.54,0
12,0,37,0,2575,48,4,2,4,1,2,25,44.216,1
0,0,34,0,2813,66,0,11,2,1,1,25,129.555,0
0,0,23,0,1148,27,0,62,4,1,1,45,29.375,0
5,0,38,2,643,10,11,4,5,1,1,55,26.295,0
6,0,40,1,2453,61,7,35,2,1,1,25,144.63,0
0,0,30,0,3333,74,0,22,2,1,1,25,153.315,0
0,0,28,0,0,45,19,0,2,1,2,30,128.246,1
10,0,11,0,6008,133,68,36,1,2,1,15,711.755,0
25,1,30,0,3319,100,14,0,3,1,1,30,401.485,1
3,0,37,3,6660,116,272,32,2,2,1,25,1528.92,0
0,0,35,0,6195,80,179,24,3,1,1,30,967.0,0
7,0,40,1,2420,42,290,20,3,1,1,30,1258.48,0
0,0,34,0,14470,165,118,28,2,1,1,25,1189.575,0
8,0,38,0,0,22,0,1,4,1,2,25,15.029,1
2,0,29,0,6705,95,4,18,4,1,1,45,180.0,0
0,0,7,0,3895,33,199,5,3,1,1,30,953.12,0
30,1,35,0,1450,54,32,22,3,1,2,30,188.16,1
0,0,30,0,1121,34,5,0,2,1,1,30,266.687,1
3,0,29,0,1274,7,19,0,3,1,2,45,61.422,1
14,0,38,0,1142,12,0,10,2,1,2,30,9.715,1
0,0,33,0,0,0,0,0,3,1,2,30,0.0,1
1,0,43,0,0,24,1,0,3,1,2,30,72.636,1
10,0,42,2,1075,23,25,12,3,1,1,30,143.92,0
4,0,36,0,4400,78,4,26,3,1,1,30,195.12,0
0,0,29,0,0,0,0,0,4,1,1,45,0.0,0
5,0,25,0,305,6,17,2,4,1,2,45,50.275,0
23,0,33,2,15140,219,46,31,3,1,1,30,798.36,0
2,1,34,3,0,8,2,10,2,1,2,25,34.718,1
0,0,35,0,15,68,0,1,3,1,2,25,148.559,1
5,0,40,0,1295,26,39,17,3,1,2,30,208.84,0
0,0,33,0,6353,66,96,33,2,1,1,25,720.855,0
3,0,41,0,2651,22,16,0,2,1,1,30,58.439,1
21,0,36,8,10435,93,1,42,5,1,1,55,159.42,0
8,0,33,0,15405,180,140,26,2,1,1,25,1331.325,0
10,0,37,0,2453,60,359,24,3,1,1,30,1536.52,0
3,0,3,0,0,40,0,20,2,1,1,30,246.662,1
0,0,37,1,1016,5,22,6,2,1,1,30,129.285,1
20,0,38,2,6313,105,42,29,2,1,1,25,477.81,0
1,0,37,1,6255,83,184,26,3,1,1,30,989.52,0
5,0,33,0,305,6,7,2,2,1,2,25,45.495,1
4,0,36,0,1228,17,30,19,4,1,2,45,106.125,1
7,1,27,3,1291,46,23,0,5,1,2,25,114.244,1
30,0,40,4,15445,231,61,34,3,2,1,30,871.04,0
6,0,23,1,3450,65,7,21,3,1,1,30,168.6,0
7,0,37,2,3220,25,479,5,3,1,1,30,2045.8,0
0,0,29,0,0,0,0,0,2,1,2,25,0.0,0
9,1,32,1,285,70,28,32,2,1,1,30,22.955,1
7,0,13,0,8627,165,66,38,4,1,1,45,384.8,0
13,0,17,3,2053,35,22,15,3,1,1,30,171.52,1
6,0,3,0,0,17,0,5,2,1,2,30,111.229,1
1,0,33,2,1416,46,0,0,2,1,2,30,15.002,1
4,0,38,1,1728,28,5,8,4,1,1,45,56.4,0
19,0,45,2,16050,198,172,38,2,1,1,25,1505.16,0
9,0,37,1,6043,93,7,9,3,1,1,30,273.44,0
0,0,41,3,1238,4,0,0,2,1,2,30,178.011,1
0,1,25,0,1010,30,186,9,2,2,1,25,883.8,1
12,0,33,0,2573,44,33,32,3,1,2,30,236.68,1
10,0,41,0,311,22,35,0,2,1,2,25,141.581,1
13,0,7,2,0,21,7,13,3,1,2,30,318.834,1
1,0,32,2,6660,110,264,31,2,2,1,25,1492.65,0
6,0,7,0,9,10,0,3,4,1,2,25,136.914,1
16,1,28,2,0,67,2,0,4,1,2,55,0.0,1
3,0,18,0,920,20,4,10,1,1,1,15,73.7,0
15,0,30,0,271,99,4,0,2,1,2,25,27.815,1
1,0,34,0,1873,45,0,13,3,1,2,30,76.72,0
3,0,36,0,513,63,1,21,3,2,2,25,155.103,1
6,0,38,1,1973,31,7,8,4,1,1,45,67.6,0
11,0,40,1,6223,101,14,14,3,1,1,30,308.96,0
25,0,38,3,15140,225,54,32,3,1,1,30,830.6,0
0,0,4,0,1003,5,0,4,2,1,1,25,45.36,1
8,0,38,0,112,43,29,3,4,1,1,30,111.986,1
10,0,39,1,3370,77,14,30,3,1,1,30,193.88,0
20,0,42,3,9600,135,162,50,3,1,1,30,1037.4,0
0,0,35,0,2715,24,4,17,3,1,1,30,125.56,0
3,1,31,1,786,6,0,45,2,1,1,25,20.958,1
0,0,36,0,1865,32,269,13,3,1,1,30,1151.88,0
5,0,26,1,1720,41,194,9,2,2,1,25,952.245,0
8,0,35,1,8810,115,137,41,3,1,1,30,905.0,0
7,1,33,0,0,36,10,20,2,1,2,30,331.068,1
15,1,35,0,574,31,8,0,4,1,1,45,18.901,1
28,0,38,9,10930,100,17,47,5,1,1,55,190.95,0
8,1,38,0,0,63,5,0,3,1,1,30,0.0,1
23,0,44,0,607,7,0,4,3,1,2,30,144.484,1
19,0,22,2,9237,183,88,43,5,1,1,55,273.3,0
0,1,29,0,0,0,7,6,3,1,2,25,0.0,1
0,0,31,0,490,6,0,5,2,1,2,25,22.32,0
0,1,44,0,0,47,0,0,2,1,1,25,290.384,1
0,0,34,0,2240,12,0,4,3,1,1,30,90.08,0
0,0,34,0,0,0,0,0,2,1,2,25,0.0,1
6,1,3,0,0,63,6,14,4,1,2,25,134.658,1
20,1,13,2,0,72,0,1,4,1,2,45,16.223,1
1,0,36,0,10755,143,0,47,3,1,1,30,435.92,0
3,0,38,1,7623,133,416,47,3,1,1,30,1974.24,0
5,0,38,0,1845,52,49,25,3,1,2,30,271.88,0
0,1,42,0,5214,33,0,0,3,1,1,45,123.915,1
7,0,34,0,4290,69,0,13,2,1,1,25,196.155,0
1,1,40,0,513,58,0,0,2,1,2,30,31.59,1
12,0,40,3,11885,166,50,53,4,1,1,45,426.275,0
0,0,34,2,294,40,3,0,4,1,2,30,134.96,1
5,0,34,1,3075,57,189,36,2,1,1,25,991.44,0
13,0,19,5,3273,57,70,25,4,1,1,45,258.25,0
0,0,7,0,0,0,0,0,2,1,1,25,0.0,1
1,1,21,0,807,50,18,0,2,1,2,30,120.807,1
10,0,12,0,8753,163,62,35,4,1,1,45,377.9,0
9,1,36,2,0,48,4,0,3,1,1,30,72.769,1
4,1,37,0,1855,0,0,0,3,1,2,25,0.0,1
2,0,42,0,498,13,18,9,2,1,2,25,103.995,0
22,0,29,0,875,45,6,13,2,1,2,25,68.4,1
2,0,34,0,11045,142,0,41,3,1,1,30,447.48,0
10,0,34,1,3005,57,172,21,2,1,1,25,911.79,0
15,0,40,2,9295,129,155,48,3,1,1,30,996.96,0
1,0,37,0,3805,72,0,25,3,1,1,30,155.08,0
25,0,31,3,16075,238,0,80,2,1,1,25,734.085,0
0,0,31,0,7248,117,369,37,2,1,1,25,1991.925,0
0,0,34,0,695,6,0,6,2,1,2,25,31.545,0
1,0,33,0,2725,16,0,10,3,1,1,30,109.64,0
8,0,40,2,7928,139,423,49,3,1,1,30,2014.68,0
0,0,32,0,5533,87,0,6,2,1,1,25,252.9,0
0,0,32,0,0,50,4,5,2,1,2,25,133.375,1
4,0,35,0,15180,176,143,28,2,1,1,25,1334.52,0
23,1,45,0,498,100,18,0,2,1,2,45,279.84,1
12,0,36,1,15610,180,146,27,2,1,1,25,1367.55,0
0,0,41,0,749,100,0,10,3,1,2,25,77.254,1
0,0,35,0,760,9,2,12,2,1,2,25,43.605,0
8,1,35,0,94,20,6,0,4,1,2,25,111.559,1
23,0,44,3,6383,114,48,32,3,1,1,30,451.88,0
0,1,38,0,1140,51,0,5,2,1,2,25,0.0,1
20,0,25,2,15815,228,0,74,2,1,1,25,721.935,0
4,0,37,0,600,10,21,15,2,1,2,25,121.95,1
0,0,38,0,520,13,4,5,3,1,2,30,37.32,0
8,1,26,0,0,0,5,10,3,1,2,45,0.0,1
2,0,38,0,710,14,13,8,3,1,2,30,80.96,0
5,0,35,0,13593,161,0,39,3,1,1,30,550.16,0
14,0,33,0,3258,35,1,0,3,1,2,45,0.0,1
3,0,20,0,740,18,1,6,2,1,1,25,38.61,0
1,0,36,0,1280,19,1,9,2,1,2,25,62.955,0
4,1,40,0,445,56,19,0,3,1,2,30,116.794,1
3,0,37,0,7508,127,384,43,2,1,1,25,2071.575,0
2,0,39,0,1213,69,1,9,3,1,2,25,253.033,1
5,1,38,0,305,6,7,2,3,1,2,30,40.44,1
3,0,40,0,13548,165,3,46,3,1,1,30,560.52,0
0,0,3,0,1076,29,2,0,2,1,2,30,123.951,1
0,1,37,0,0,100,19,8,3,1,2,25,239.265,1
9,0,36,0,2268,44,34,31,3,1,2,30,228.48,1
14,0,40,2,3835,85,37,30,3,2,1,30,304.8,0
4,0,36,3,938,14,25,17,5,1,1,55,51.78,0
0,1,38,0,0,28,4,2,2,1,1,25,22.103,1
1,0,14,0,1615,24,18,10,2,1,1,25,154.755,0
0,1,34,0,799,48,18,5,4,1,1,45,217.864,1
5,1,44,0,0,50,21,0,2,1,2,25,234.001,1
0,0,32,0,1935,6,0,2,3,1,1,30,77.64,0
0,1,29,2,1218,54,26,3,4,1,1,30,0.0,1
0,1,32,0,0,54,7,7,2,1,2,25,106.45,1
0,0,31,0,0,0,0,0,5,1,1,55,0.0,0
15,0,23,5,3157,57,46,22,4,1,1,45,195.35,0
0,0,39,0,0,0,1,0,3,1,2,30,4.0,1
11,0,34,0,57,8,52,24,2,1,1,30,94.215,1
2,1,39,0,0,24,0,3,3,1,2,25,0.0,1
4,0,35,0,8210,105,116,26,3,1,1,30,796.6,0
3,1,3,0,83,15,0,0,4,1,2,30,71.31,1
15,0,42,3,9115,127,152,44,3,1,1,30,977.68,0
11,0,24,0,1630,37,20,11,2,1,1,25,165.015,0
0,0,36,0,0,0,0,0,5,1,1,55,0.0,0
3,1,38,2,1591,18,3,13,4,1,2,25,0.0,1
21,0,33,3,15850,234,3,82,2,1,1,25,737.28,0
10,1,40,0,2348,46,44,35,3,1,2,30,271.76,1
1,1,40,2,2216,79,22,20,3,1,2,30,0.0,1
0,1,40,1,1919,53,25,1,2,1,2,45,79.011,1
20,0,31,0,840,42,18,18,2,1,2,25,120.69,1
0,1,37,0,5154,46,10,0,4,1,1,25,106.315,1
10,0,38,0,4198,66,1,35,1,1,1,15,240.02,0
0,0,24,0,1263,33,23,66,4,1,1,45,89.9,0
4,0,35,0,15180,176,143,28,2,1,1,25,1334.52,0
0,1,29,0,0,62,16,0,4,1,2,25,502.537,1
1,0,15,1,723,59,0,0,2,1,2,25,282.195,1
5,0,30,1,1648,41,40,72,4,1,1,45,142.225,0
23,0,41,9,10435,99,9,43,5,2,1,55,171.51,0
9,0,24,0,520,17,0,2,2,1,2,25,24.165,0
21,0,38,1,14540,215,33,17,3,1,1,30,722.2,0
2,1,41,0,0,53,2,0,4,1,1,25,30.61,1
8,0,45,0,188,14,11,4,3,1,2,25,204.144,1
5,1,45,0,430,54,4,18,2,1,1,30,233.346,1
20,0,33,2,1790,48,41,21,2,1,1,25,267.21,0
0,0,33,0,6185,87,0,7,4,1,1,45,156.8,0
0,0,33,2,6255,105,246,33,2,2,1,25,1393.2,0
15,0,30,1,14575,209,32,24,2,1,1,25,809.28,0
7,1,41,3,0,100,0,3,4,1,2,30,6.244,1
0,1,45,0,1090,9,0,47,2,1,2,25,290.007,1
6,0,39,2,6560,89,191,28,3,1,1,30,1029.96,0
0,0,35,0,570,8,0,9,2,1,2,25,26.01,0
0,1,35,0,0,67,0,28,3,1,1,30,0.0,1
22,1,29,0,138,10,0,0,2,1,1,25,107.628,1
2,0,32,0,15000,168,132,23,2,1,1,25,1276.56,0
2,0,41,0,133,8,8,3,3,1,2,30,37.64,1
0,0,36,0,7318,127,409,45,3,1,1,30,1933.8,0
7,0,41,0,122,39,0,24,3,1,2,30,170.348,1
1,1,29,0,1415,0,64,0,3,1,1,25,58.185,1
1,1,40,0,708,9,19,8,4,1,2,45,65.425,1
0,0,6,0,3375,23,183,8,3,1,1,30,867.92,0
17,0,35,2,9340,125,141,41,3,1,1,30,942.6,0
11,0,28,0,2137,29,0,0,4,1,1,30,268.776,1
0,0,38,0,1011,40,21,1,3,1,2,30,262.733,1
12,0,46,0,1275,30,35,16,3,1,2,30,192.2,0
14,0,14,1,6213,133,74,37,2,2,1,25,618.57,0
11,0,42,1,3040,63,190,29,2,1,1,25,994.635,0
0,0,32,2,6470,109,255,28,2,2,1,25,1443.555,0
25,0,38,3,15140,225,54,32,3,1,1,30,830.6,0
0,0,36,0,2790,21,476,6,3,1,1,30,2016.44,0
26,1,20,0,0,74,0,19,4,1,1,25,73.866,1
3,1,20,0,0,95,8,11,2,1,1,30,0.0,1
0,1,45,0,1154,61,0,0,4,1,2,45,145.602,1
0,0,32,1,2802,31,0,0,3,1,2,25,167.142,1
7,0,26,0,0,42,15,6,3,1,1,25,47.599,1
0,0,39,0,3228,100,0,8,4,1,2,25,0.0,1
8,0,39,2,6805,92,193,28,3,1,1,30,1047.88,0
5,1,37,0,2765,37,12,18,2,1,2,25,180.09,1
13,1,34,1,1723,61,0,0,3,1,2,30,126.06,1
1,0,25,0,1255,33,188,9,2,2,1,25,903.96,0
17,1,13,1,491,74,29,0,2,1,2,25,282.716,1
24,0,27,2,15995,236,0,76,2,1,1,25,730.395,0
5,0,14,2,2793,42,26,17,3,1,1,30,217.4,0
0,0,43,3,3616,65,0,0,2,1,2,30,7.975,1
3,1,45,3,0,40,2,0,2,1,1,25,104.956,1
12,1,36,0,525,18,0,0,4,1,1,30,192.518,1
9,1,36,0,457,42,0,6,2,1,1,25,74.061,1
13,0,32,0,208,5,0,0,3,1,2,25,26.43,1
9,0,42,0,115,50,9,0,4,1,1,25,151.46,1
0,1,41,0,0,60,10,3,5,1,2,25,211.51,1
9,0,38,1,2840,56,180,25,2,1,1,25,940.32,0
11,0,16,1,6203,141,110,44,2,2,1,25,780.48,0
2,0,36,0,1702,65,0,0,4,1,1,30,241.133,1
0,0,30,0,2530,11,461,7,3,1,1,30,1945.64,0
15,1,9,0,148,100,0,0,2,1,2,30,179.932,1
18,0,38,0,3173,60,62,48,4,1,2,45,235.825,1
17,0,27,1,1720,39,35,18,2,1,1,25,236.655,0
0,0,36,0,405,8,6,6,2,1,2,25,45.585,0
6,0,34,0,13693,167,0,40,3,1,1,30,554.4,0
20,0,40,2,16500,199,165,32,2,1,1,25,1493.955,0
2,0,35,0,3603,76,0,24,2,1,1,25,165.555,0
13,1,39,3,0,77,0,0,3,2,1,30,7.882,1
0,1,33,1,297,53,21,0,3,1,2,30,179.689,1
2,0,45,0,3746,63,11,0,3,1,2,25,296.977,1
1,1,29,0,1103,18,9,14,3,1,2,25,0.194,1
12,0,35,1,6943,79,105,35,2,1,1,25,788.49,0
0,1,35,0,0,54,7,16,4,2,1,25,87.044,1
3,0,35,0,1665,44,38,20,3,1,2,30,220.36,0
20,0,46,2,4763,82,23,43,1,1,1,15,392.975,0
6,1,39,0,0,36,17,0,5,1,2,30,40.399,1
10,0,12,0,3724,66,0,0,3,1,2,30,445.661,1
33,1,39,0,0,19,35,0,2,1,1,30,0.0,1
0,0,35,0,1065,34,17,5,3,1,2,30,111.96,0
16,0,17,1,6392,141,85,42,2,2,1,25,676.485,0
5,0,37,0,305,6,7,2,2,1,2,25,45.495,1
24,0,32,0,1360,52,17,15,2,1,2,25,140.04,1
14,0,45,2,2066,43,0,1,3,1,1,25,109.888,1
3,0,32,2,6905,113,266,31,2,2,1,25,1512.81,0
0,0,36,0,215,7,0,3,2,1,2,25,9.99,0
0,1,26,0,1392,60,2,2,4,1,1,25,30.139,1
26,1,35,0,1070,52,14,16,3,1,2,30,100.88,1
14,1,43,0,527,1,0,4,3,1,2,55,0.0,1
1,0,5,0,4310,38,205,6,3,1,1,30,993.92,0
8,0,31,0,0,100,11,4,2,1,1,30,20.424,1
9,1,15,3,1873,27,17,13,3,1,1,30,144.0,1
9,0,39,0,2550,39,260,16,3,1,1,30,1143.56,0
1,1,42,0,0,63,40,14,3,1,2,25,94.788,1
9,0,34,0,4118,64,0,31,1,1,1,15,230.01,0
2,0,25,0,3225,61,8,23,3,1,1,30,163.44,0
2,1,30,0,0,99,14,0,3,1,2,25,0.0,1
0,1,32,0,0,8,9,2,2,1,1,25,51.474,1
2,1,37,0,17,23,8,10,3,1,2,30,245.551,1
0,0,37,0,1683,47,0,33,1,1,1,15,95.15,0
0,1,18,0,193,34,3,0,2,1,2,30,52.832,1
0,0,20,0,1010,24,178,8,2,2,1,25,847.53,0
5,0,30,1,2885,18,7,10,3,1,1,30,144.12,0
5,0,37,0,787,56,0,0,2,1,2,25,99.44,1
10,0,38,0,3721,60,5,0,2,1,2,45,50.299,1
8,0,39,2,6805,92,193,28,3,1,1,30,1047.88,0
0,0,37,0,2096,61,15,18,2,1,1,45,189.721,1
0,0,36,0,165,3,0,11,2,1,2,25,7.56,0
0,1,24,0,0,27,3,0,2,1,2,25,43.95,1
1,1,5,0,687,35,0,17,2,1,1,25,0.0,1
10,0,37,1,0,23,4,0,4,1,2,25,56.255,1
9,0,44,2,2778,66,19,39,2,1,1,25,213.48,0
14,0,34,1,0,27,161,0,3,1,2,30,233.632,1
2,0,10,2,4505,46,247,14,3,1,1,30,1170.04,0
34,1,31,3,0,31,57,24,4,1,1,25,152.013,1
7,0,39,2,4138,94,41,34,3,1,1,30,333.28,0
28,1,32,0,3206,57,0,9,2,1,2,30,4.228,1
12,0,40,1,14078,175,7,46,3,1,1,30,598.12,0
2,0,44,0,318,11,15,5,3,1,2,30,73.16,0
0,0,30,0,2760,20,0,10,3,1,1,30,111.2,0
13,0,37,2,9115,121,144,43,3,1,1,30,945.44,0
15,1,40,2,680,56,31,15,3,1,1,30,20.28,1
0,1,37,0,0,61,12,16,4,1,2,30,0.0,1
8,0,34,1,6975,97,7,20,4,1,1,45,194.3,0
7,0,20,0,1013,22,0,0,4,1,1,30,29.041,1
17,0,17,1,9238,177,80,42,5,1,1,55,261.225,0
6,0,32,0,6718,69,100,36,2,1,1,25,755.415,0
4,0,41,1,4210,83,3,24,3,1,1,30,183.72,0
0,0,28,0,0,28,6,0,4,1,2,25,84.446,1
2,1,33,2,328,55,19,2,4,1,1,30,89.831,1
18,0,17,1,6638,144,87,42,2,2,1,25,696.69,0
0,1,24,0,0,71,2,18,4,1,2,25,5.239,1
3,0,41,1,0,71,11,1,2,1,2,30,0.0,1
2,0,35,0,0,13,0,0,2,1,2,25,95.027,1
10,0,40,1,13833,172,5,46,3,1,1,30,580.2,0
0,0,29,0,1363,13,0,3,3,1,1,30,55.04,0
7,0,10,1,4580,40,190,8,3,1,1,30,944.8,0
10,0,35,1,4820,83,1,26,3,1,1,30,200.12,0
0,0,39,0,1339,69,2,18,2,1,1,30,33.877,1
4,1,43,0,1250,18,0,6,2,1,2,25,469.912,1
2,1,34,1,0,12,4,0,3,1,1,25,0.0,1
3,1,37,0,0,13,11,9,2,1,2,25,10.863,1
2,0,28,0,2685,29,0,13,2,1,2,25,122.13,1
6,1,3,1,2775,50,1,11,3,1,1,30,82.793,1
30,0,32,3,16265,238,7,78,2,1,1,25,774.135,0
2,0,37,1,3833,88,34,32,3,1,1,30,292.84,0
4,0,32,0,2501,5,6,0,3,1,2,30,29.29,1
7,0,12,3,4810,52,254,16,3,1,1,30,1210.48,0
23,1,33,0,955,47,16,17,2,1,2,25,117.09,1
11,1,12,0,0,71,0,23,3,1,2,45,368.896,1
18,0,34,7,10320,88,3,43,4,1,1,45,267.7,0
6,0,7,1,4615,44,212,8,3,1,1,30,1034.36,0
10,0,13,0,1392,76,9,15,2,1,2,30,171.122,1
9,1,38,0,4176,87,0,1,2,1,1,30,0.0,1
0,0,31,0,6670,92,16,23,4,1,1,45,209.05,0
1,0,32,0,5658,85,0,6,2,1,1,25,258.435,0
6,1,36,0,2865,43,13,19,2,1,2,25,189.36,1
8,0,34,3,7155,117,280,36,2,2,1,25,1587.24,0
0,0,38,0,0,0,3,0,3,1,2,30,12.0,1
4,0,33,0,1144,22,6,15,2,1,2,25,0.0,1
0,1,37,3,133,54,5,4,4,1,1,25,49.219,1
10,0,37,0,2695,37,7,3,3,1,2,30,137.28,1
9,0,37,0,15485,182,150,30,2,1,1,25,1380.015,0
2,0,45,1,144,16,0,4,2,1,2,45,172.221,1
10,0,39,1,8003,134,400,48,3,1,1,30,1925.48,0
0,0,32,0,1975,24,0,14,2,1,2,25,89.955,1
14,0,32,3,35,2,0,2,4,1,2,25,7.218,1
9,0,38,0,1038,18,28,19,3,1,2,30,154.24,1
23,0,26,2,16075,232,0,79,2,1,1,25,733.815,0
0,0,34,0,1553,20,2,7,3,1,1,30,70.92,0
0,0,19,0,1263,27,15,65,4,1,1,45,69.75,0
0,0,30,3,2912,15,0,0,2,1,2,30,0.0,1
0,1,38,1,169,7,34,1,3,1,1,30,2.531,1
31,0,29,0,0,23,14,1,3,1,2,25,82.069,1
11,0,32,2,1800,50,211,18,3,2,1,30,918.0,0
4,1,28,0,2088,26,0,0,3,1,2,30,0.0,1
2,1,36,0,2933,45,40,26,4,1,2,30,987.255,1
19,1,44,0,0,56,0,0,3,1,2,25,99.316,1
3,0,23,0,335,16,0,3,2,1,2,25,15.795,0
5,0,35,0,355,49,0,0,3,1,2,45,221.329,1
0,0,15,0,1275,14,0,8,2,1,1,25,58.005,0
0,0,35,1,6560,93,17,24,4,1,1,45,208.825,0
11,1,5,0,139,12,9,0,3,1,2,25,529.164,1
5,0,41,0,623,11,14,6,3,1,2,30,81.36,0
1,0,36,0,5613,89,0,10,2,1,1,25,256.59,0
0,1,36,0,1454,12,43,21,4,1,2,30,37.758,1
13,1,31,0,0,100,3,0,3,1,2,30,44.071,1
0,1,34,0,0,52,0,3,2,1,2,25,215.252,1
15,0,35,7,9725,82,0,42,4,1,1,45,245.175,0
9,1,23,0,64,61,3,4,2,1,1,30,429.454,1
3,0,29,0,2409,38,0,2,4,1,2,25,148.285,1
3,0,33,1,6785,97,14,22,5,1,1,55,124.23,0
7,1,28,3,0,6,0,18,2,1,2,30,31.632,1
5,0,8,2,4515,38,211,7,3,1,1,30,1026.12,0
4,0,36,0,0,83,0,13,3,1,1,30,315.735,1
7,1,43,0,0,48,19,12,3,1,1,25,0.0,1
0,0,34,0,1208,95,17,0,2,1,2,25,149.25,1
10,0,37,1,6908,76,117,40,2,1,1,25,840.78,0
3,0,36,0,5858,92,2,10,2,1,1,25,276.75,0
13,0,37,3,0,3,4,17,2,1,1,30,288.362,1
0,0,34,0,3603,77,4,29,2,1,1,25,183.6,0
0,1,14,0,2462,71,3,0,3,1,2,30,79.675,1
0,0,41,0,93,1,10,6,2,1,2,25,49.23,0
0,0,27,0,1536,29,22,0,5,1,1,30,99.546,1
1,1,43,3,0,26,10,0,2,1,1,25,82.496,1
0,0,44,0,1403,100,0,2,3,1,2,30,245.192,1
5,0,15,0,2000,26,27,15,2,1,1,25,212.67,0
3,0,37,1,6500,86,186,26,3,1,1,30,1007.44,0
0,0,33,0,3538,74,0,23,2,1,1,25,162.54,0
15,0,38,0,2643,60,334,22,2,1,1,25,1624.635,0
5,0,35,0,6490,93,7,9,5,1,1,55,109.245,0
6,0,27,0,1000,28,22,15,2,1,1,25,145.26,0
0,0,34,0,1363,19,0,4,3,1,1,30,55.28,0
2,0,20,0,2338,14,0,4,4,1,1,30,0.0,1
8,0,13,0,6028,132,73,38,1,2,1,15,740.3,0
5,1,14,2,1487,25,8,8,3,1,1,30,92.48,1
1,0,21,0,3145,59,0,19,3,1,1,30,128.16,0
6,0,33,0,11385,152,1,43,3,1,1,30,465.48,0
0,0,35,0,570,8,0,9,2,1,2,25,26.01,0
16,0,18,2,6508,147,117,46,2,2,1,25,825.975,0
4,1,27,1,1315,36,193,11,2,2,1,25,929.295,1
1,1,3,0,876,100,15,0,2,1,1,30,0.0,1
3,0,40,0,137,100,16,16,4,1,2,25,0.0,1
1,0,25,0,1200,31,195,12,2,2,1,25,932.895,0
13,0,32,1,1675,39,15,0,3,1,2,30,351.938,1
18,0,33,2,14655,211,36,25,3,1,1,30,738.64,0
0,0,42,0,1922,13,6,2,3,1,2,25,0.0,1
21,1,33,0,2514,58,10,5,2,1,1,45,0.0,1
8,0,36,0,3660,77,34,29,2,1,1,25,321.165,0
18,0,43,0,348,10,5,0,2,1,2,25,302.71,1
3,1,35,3,0,93,3,25,4,1,2,25,151.941,1
3,1,33,1,0,65,0,0,4,1,1,45,80.214,1
0,0,41,2,1831,57,1,0,3,1,2,30,217.469,1
2,0,30,0,0,59,9,0,4,1,1,30,280.414,1
1,1,30,0,1672,56,0,6,3,1,2,45,281.57,1
6,0,42,0,0,49,7,16,4,1,2,25,150.372,1
23,0,28,3,15895,230,0,75,2,1,1,25,725.625,0
17,0,46,2,14338,185,22,52,3,1,1,30,668.92,0
11,1,35,0,3180,42,18,19,3,1,2,30,200.88,1
5,0,37,0,1370,40,24,7,3,1,2,30,152.4,0
5,0,29,1,1020,32,179,2,3,2,1,30,758.08,0
5,0,14,1,1740,22,20,10,2,1,1,25,169.29,0
3,0,41,1,3094,23,29,1,3,1,2,25,18.721,1
4,0,35,0,5738,87,0,7,3,1,1,30,233.0,0
11,0,15,0,6088,135,78,40,1,2,1,15,771.265,0
12,1,29,0,0,39,3,26,2,1,2,30,0.0,1
3,0,29,0,5946,44,19,24,3,1,2,30,25.226,1
3,1,36,0,447,95,19,2,2,1,2,30,117.543,1
0,0,25,0,1903,20,165,8,2,2,1,25,829.035,0
27,1,43,0,0,100,7,0,2,1,2,45,140.418,1
13,1,34,0,430,68,0,6,3,1,1,30,0.0,1
0,0,32,1,0,25,0,15,2,1,1,30,383.572,1
16,0,39,3,9230,126,142,42,3,1,1,30,942.24,0
9,1,3,0,103,53,0,0,3,1,2,25,22.665,1
14,0,45,3,4820,95,17,28,4,1,1,45,165.375,0
11,0,37,1,4495,69,7,14,3,1,1,30,210.56,0
0,0,35,0,3500,66,0,23,3,1,1,30,142.64,0
3,0,37,0,7508,127,384,43,2,1,1,25,2071.575,0
3,0,36,0,4065,65,0,15,2,1,1,25,185.85,0
6,0,35,2,6845,100,19,24,5,1,1,55,132.675,0
0,0,15,0,4761,0,0,21,3,1,2,25,382.076,1
1,1,27,0,788,35,6,0,3,1,2,30,344.188,1
24,0,35,9,10560,91,7,39,5,1,1,55,170.265,0
1,1,26,1,0,41,9,0,3,1,1,25,0.0,1
0,0,34,1,4548,18,13,14,3,1,2,25,23.597,1
14,0,15,1,9178,174,75,40,5,1,1,55,252.78,0
0,0,31,1,3175,17,0,1,3,2,1,30,83.93,1
13,0,27,1,1340,37,17,12,2,1,1,25,138.465,0
1,0,11,2,2368,31,13,12,3,1,1,30,147.96,0
8,0,42,0,4325,75,13,21,3,1,1,30,228.0,0
8,1,34,0,5513,92,19,22,2,1,1,25,337.725,1
0,0,33,0,0,73,16,2,3,1,2,25,104.516,1
12,1,26,0,395,64,13,1,4,1,1,30,77.861,1
0,0,36,0,0,10,23,1,3,1,1,25,71.992,1
1,0,9,1,2547,33,16,16,3,1,1,30,167.2,0
0,0,33,0,0,0,0,0,2,1,2,25,0.0,1
7,0,38,1,4515,83,2,25,3,1,1,30,191.92,0
0,1,37,0,0,46,0,0,3,1,2,25,227.272,1
13,0,21,0,2650,100,0,9,4,1,2,25,84.779,1
1,1,33,0,0,23,0,0,3,1,1,25,114.472,1
3,1,24,0,1470,73,7,1,2,1,1,45,68.291,1
3,0,37,0,3020,30,11,19,3,1,1,30,166.0,0
5,0,31,2,0,61,0,2,3,1,1,30,103.129,1
4,0,39,2,3210,33,515,12,4,1,1,45,1368.575,0
6,0,40,0,1091,33,39,7,2,1,2,30,360.253,1
8,0,35,2,7090,103,21,24,5,1,1,55,139.395,0
5,1,9,1,1733,22,7,7,3,1,1,30,98.2,1
8,0,36,0,1855,44,13,18,3,1,2,30,127.96,0
0,1,10,0,0,84,0,10,3,1,2,25,17.242,1
2,0,15,2,2142,34,6,19,3,1,1,30,111.04,0
0,0,33,0,0,0,0,0,2,1,2,25,0.0,0
2,0,32,0,865,0,20,0,2,1,1,25,128.987,1
14,0,38,0,2680,61,53,22,4,1,2,45,201.025,0
10,0,41,0,2408,64,367,28,3,1,1,30,1566.88,0
4,1,35,0,0,50,0,11,4,1,2,25,105.046,1
6,0,36,0,935,18,10,6,3,1,2,30,78.12,0
0,1,43,0,0,77,55,0,2,1,2,45,268.833,1
0,0,33,0,0,0,0,0,5,1,1,55,0.0,0
2,0,31,0,1783,30,16,24,3,1,2,30,136.52,1
0,0,29,0,3413,70,0,25,2,1,1,25,156.735,0
27,0,42,10,10820,101,18,48,5,1,1,55,190.815,0
0,0,37,0,1543,27,4,9,3,1,1,30,78.8,0
9,0,10,2,2197,30,8,7,3,1,1,30,121.08,1
12,0,38,2,4970,81,26,32,3,1,1,30,306.04,0
1,0,39,0,1304,59,11,8,2,1,1,25,92.968,1
9,0,33,0,2373,58,349,20,2,1,1,25,1679.895,0
2,0,37,0,3660,60,0,17,2,1,1,25,167.4,0
1,1,5,0,2139,52,0,7,2,1,2,25,274.929,1
6,0,32,1,8630,107,126,36,3,1,1,30,853.48,0
7,0,37,0,15240,179,148,30,2,1,1,25,1359.855,0
1,0,31,0,11080,146,0,41,3,1,1,30,449.04,0
0,0,35,0,1189,39,6,6,2,1,2,25,275.129,1
10,0,33,6,9420,76,0,40,4,1,1,45,237.4,0
7,0,46,0,623,17,22,7,3,1,2,30,113.6,0
11,0,35,0,3235,44,11,16,3,1,2,30,175.16,1
15,0,38,1,16195,193,158,30,2,1,1,25,1448.46,0
0,0,41,0,830,18,8,15,2,1,2,25,74.16,0
7,0,28,1,1628,42,35,70,4,1,1,45,129.25,0
15,0,39,1,5998,106,37,29,2,1,1,25,441.18,0
10,0,40,3,7090,109,29,25,5,1,1,55,151.485,0
25,0,36,3,0,100,0,13,4,1,2,30,137.171,1
14,0,42,2,11950,168,29,54,4,1,1,45,375.45,0
7,0,41,0,0,66,0,0,2,1,1,30,83.167,1
4,0,27,0,241,26,0,5,2,1,2,25,17.409,1
0,0,25,0,0,0,0,0,2,1,2,25,0.0,0
26,0,40,2,14845,221,40,19,3,1,1,30,762.64,0
3,0,35,0,1665,44,38,20,3,1,2,30,220.36,0
12,0,25,0,1731,54,0,1,2,1,2,25,114.108,1
4,1,36,0,2489,19,0,7,2,1,1,30,92.893,1
15,0,44,2,0,48,0,15,2,1,2,25,102.338,1
10,0,37,0,2453,60,359,24,3,1,1,30,1536.52,0
2,0,33,0,2088,51,347,20,2,1,1,25,1657.755,0
17,0,25,0,0,36,26,9,4,1,2,30,12.698,1
2,0,38,0,2555,49,178,25,2,1,1,25,918.18,0
4,0,33,0,2685,35,2,14,2,1,2,25,131.4,1
6,1,21,2,115,17,0,2,3,1,2,25,194.404,1
9,0,35,0,2990,41,9,16,3,1,2,30,157.24,1
1,0,30,0,2357,0,0,2,3,1,1,30,0.0,1
2,1,45,1,105,75,32,6,2,1,1,25,254.18,1
0,1,32,0,684,37,20,25,2,1,2,30,146.2,1
9,0,37,0,8515,111,123,28,3,1,1,30,837.04,0
0,1,41,0,943,100,1,0,3,1,2,45,17.04,1
0,1,45,0,777,57,0,13,2,1,1,45,116.43,1
2,0,38,0,2170,38,276,15,3,1,1,30,1192.32,0
2,0,34,1,6380,92,0,24,5,1,1,55,97.08,0
0,0,28,0,0,74,19,3,3,1,2,30,34.112,1
0,0,38,0,3493,78,5,30,2,1,1,25,183.195,0
17,1,31,0,0,65,10,0,2,1,1,30,0.0,1
18,0,6,3,118,26,19,12,2,1,2,25,0.0,1
11,0,40,1,6223,101,14,14,3,1,1,30,308.96,0
0,1,39,0,712,68,13,4,2,1,2,30,135.219,1
5,0,43,0,1135,24,15,17,2,1,2,25,119.655,0
0,0,42,0,199,20,5,2,3,1,1,30,278.303,1
0,0,35,0,380,7,0,6,2,1,2,25,17.415,0
1,1,43,3,0,12,0,0,3,2,2,30,0.0,1
8,0,8,0,1762,54,0,3,3,1,1,30,31.112,1
8,0,40,2,498,11,12,6,3,1,1,30,68.36,1
5,0,24,1,3350,59,7,20,3,1,1,30,164.36,0
2,0,36,3,6740,112,274,35,2,2,1,25,1541.34,0
10,0,39,0,3070,43,19,20,3,1,2,30,200.52,1
6,0,16,3,2662,44,22,16,3,1,1,30,196.24,0
11,0,23,0,745,21,7,3,2,1,2,25,65.97,0
1,1,39,0,0,46,25,4,3,1,2,30,0.0,1
11,1,28,0,0,0,12,48,2,1,2,30,151.691,1
13,0,25,0,0,66,3,3,3,1,2,30,0.0,1
0,0,16,0,0,0,0,0,2,1,1,25,0.0,0
7,1,35,0,2265,54,59,35,3,1,2,30,328.76,1
9,0,38,2,3205,31,12,18,3,1,1,30,177.44,0
0,0,30,0,369,14,0,0,2,1,2,25,102.428,1
0,1,27,1,0,0,2,1,2,1,1,45,110.351,1
7,1,38,0,1051,11,3,0,2,1,2,45,0.0,1
0,1,42,1,889,26,0,7,2,2,1,30,0.0,1
16,0,46,2,6483,111,29,20,3,1,1,30,379.76,0
9,0,18,0,8627,171,74,39,5,1,1,55,242.97,0
5,0,38,0,438,8,7,4,3,1,2,30,45.84,1
0,0,45,0,0,28,0,5,3,1,2,25,186.9,1
25,1,29,2,794,14,0,0,2,1,2,45,0.0,1
0,0,33,0,0,53,10,0,3,1,2,45,120.01,1
0,0,36,1,0,19,2,3,4,1,2,25,157.071,1
7,1,33,0,953,35,20,0,3,1,1,45,71.516,1
24,1,38,9,10495,96,6,44,5,2,1,55,167.865,0
25,0,35,3,16030,242,8,84,2,1,1,25,768.24,0
6,0,34,0,1790,42,34,17,3,1,2,30,209.28,0
0,0,35,0,370,3,0,15,2,1,1,25,46.696,1
0,0,13,0,1695,20,20,13,2,1,1,25,167.175,0
0,1,38,0,4339,22,0,3,3,1,1,25,64.584,1
13,0,35,0,1094,73,1,2,4,1,1,25,150.183,1
2,0,38,1,2920,24,10,18,3,1,1,30,157.76,0
0,0,35,0,1521,71,45,0,3,2,1,25,37.642,1
0,1,37,0,0,73,0,21,2,1,1,25,209.258,1
6,1,45,0,670,50,8,4,3,1,2,25,0.0,1
4,0,25,0,205,18,0,2,2,1,2,25,10.035,0
11,1,36,0,0,38,3,21,2,1,2,45,0.0,1
7,0,37,3,7100,96,207,41,3,1,1,30,1115.84,0
1,0,34,1,336,25,16,0,2,1,1,30,256.579,1
13,0,38,0,2209,14,1,0,3,1,2,25,0.0,1
7,1,7,1,1713,23,7,5,3,1,1,30,97.44,1
6,0,25,0,395,19,3,5,2,1,2,25,32.13,0
8,0,41,2,1240,23,12,15,2,1,1,25,110.835,0
6,1,37,0,0,24,47,15,2,1,1,25,46.755,1
3,1,44,0,178,99,30,6,2,1,1,30,87.076,1
6,0,9,0,8548,163,56,34,4,1,1,45,357.775,0
31,1,34,0,981,0,26,4,3,1,1,45,0.0,1
0,0,8,0,0,55,5,14,2,1,1,25,152.579,1
2,1,38,0,338,13,7,7,2,1,2,25,1.969,1
3,0,33,1,643,4,3,3,5,1,1,55,14.205,0
22,0,31,0,1677,62,11,0,3,1,1,30,6.204,1
0,1,30,0,0,0,0,0,4,1,2,45,0.0,1
7,0,33,3,7385,107,35,37,5,1,1,55,164.88,0
7,0,11,2,4695,46,222,12,3,1,1,30,1077.64,0
7,0,38,2,2993,68,23,48,2,1,1,25,241.245,0
6,0,39,0,4128,3,0,0,2,1,2,45,182.881,1
8,1,31,1,2990,19,0,0,2,1,1,30,40.419,1
0,0,35,0,3008,71,0,28,2,1,1,25,138.555,0
13,1,22,0,1997,60,13,5,3,1,1,45,0.0,1
1,1,25,0,2994,98,15,6,4,1,2,30,0.0,1
18,0,29,0,613,38,0,0,2,1,2,30,1.16,1
0,1,9,0,2306,1,0,0,3,1,2,30,186.449,1
0,1,43,3,1200,54,0,27,3,1,2,45,205.74,1
9,0,38,0,2238,54,8,17,3,1,2,30,123.68,0
10,0,37,1,6963,78,110,37,2,1,1,25,811.845,0
10,0,37,0,2160,51,54,25,3,1,2,30,304.44,0
6,0,16,0,867,63,0,9,3,1,2,30,95.986,1
9,0,34,0,2283,50,7,13,3,1,2,30,121.32,0
2,0,25,0,3225,61,8,23,3,1,1,30,163.44,0
1,0,38,0,764,87,159,13,2,1,2,30,133.261,1
0,0,33,0,0,39,8,12,4,1,2,25,987.255,1
7,0,44,0,305,12,15,3,3,1,2,30,72.68,1
1,0,35,0,1033,12,10,2,4,1,2,45,51.125,1
0,0,31,0,6725,94,9,20,4,1,1,45,192.975,0
0,1,30,0,0,54,4,33,2,1,1,30,137.679,1
1,0,40,2,418,6,14,6,5,1,1,55,27.36,0
6,1,39,1,0,56,11,30,3,2,2,30,79.291,1
1,0,40,0,0,54,1,12,3,1,1,25,187.589,1
18,0,38,2,6123,104,33,26,2,1,1,25,428.715,0
18,0,40,2,4270,89,48,33,3,1,1,30,366.36,0
3,1,36,0,703,69,0,34,2,1,2,55,56.11,1
0,0,30,0,0,73,7,5,3,1,2,25,128.022,1
3,0,27,0,550,50,0,0,3,1,2,25,0.0,1
0,0,35,0,681,77,2,0,3,1,2,30,217.105,1
6,0,37,0,0,56,29,13,4,1,1,25,130.726,1
4,1,28,0,3756,39,2,30,2,1,2,45,39.023,1
2,0,37,0,0,53,0,0,2,1,2,25,0.0,1
17,0,39,2,3795,70,190,25,2,1,1,25,1028.925,0
9,0,14,2,4875,54,233,17,3,1,1,30,1129.16,0
12,0,38,2,8710,116,126,45,3,1,1,30,857.04,0
0,0,35,0,6195,80,179,24,3,1,1,30,967.0,0
16,1,7,1,0,18,0,0,4,1,1,45,152.941,1
14,0,26,0,825,23,7,4,3,1,2,30,61.92,0
1,1,3,1,347,57,6,0,3,1,2,45,460.689,1
9,1,38,2,0,46,0,0,2,1,1,25,192.586,1
1,1,43,3,139,64,1,6,2,1,2,30,0.0,1
10,0,43,1,2878,72,20,40,2,1,1,25,222.75,0
10,0,29,2,3590,70,20,27,3,1,1,30,226.4,0
3,0,36,0,1858,26,9,9,3,1,1,30,111.36,0
0,0,32,2,4182,16,1,6,3,1,2,25,250.266,1
5,0,21,1,3270,57,7,19,3,1,1,30,161.08,0
0,0,34,0,0,0,2,0,3,1,2,30,8.0,1
18,0,41,3,5530,100,17,27,4,1,1,45,183.25,0
5,0,22,0,805,20,0,7,1,1,1,15,45.375,0
7,0,38,1,4023,88,9,30,3,1,1,30,200.44,0
2,0,32,0,3985,63,0,11,2,1,1,25,182.16,0
0,1,26,1,0,53,0,0,3,1,2,30,122.305,1
0,1,35,0,2420,17,0,38,3,1,2,30,47.535,1
10,0,29,0,0,71,16,20,3,1,2,25,0.0,1
0,0,28,0,6300,83,0,15,4,1,1,45,159.575,0
0,0,19,0,0,100,0,4,2,1,2,25,0.0,1
0,0,38,0,0,0,4,0,2,1,2,25,18.0,1
17,0,44,2,2758,72,374,27,3,1,1,30,1609.2,0
10,0,38,1,2568,66,391,28,3,1,1,30,1669.36,0
2,0,40,0,5693,91,10,14,2,1,1,25,305.28,0
4,0,35,0,1818,42,0,11,3,1,2,30,74.4,0
1,0,35,0,1553,19,0,2,3,1,1,30,62.88,0
6,0,37,2,3260,34,39,20,4,1,1,45,179.85,0
0,1,37,2,793,10,17,0,3,1,1,25,112.481,1
8,0,36,1,3025,56,177,23,2,1,1,25,935.145,0
0,0,34,0,0,11,0,15,2,1,2,55,93.52,1
6,1,40,3,576,17,10,29,2,1,2,30,79.41,1
10,1,31,0,0,61,1,0,2,1,1,25,124.063,1
9,0,15,3,3257,50,32,17,3,1,1,30,260.28,0
0,0,37,0,8,4,4,5,3,1,2,30,16.48,1
0,0,24,0,663,23,2,51,4,1,1,45,22.15,0
18,1,27,0,695,37,1,11,2,1,2,25,37.44,1
18,0,32,0,765,47,41,19,3,1,2,30,196.48,1
13,0,38,1,4020,85,34,28,3,1,1,30,300.2,0
3,1,9,0,2277,60,0,9,2,1,2,25,306.478,1
9,0,28,0,1730,26,49,20,4,1,2,45,166.4,0
0,1,30,0,0,87,30,0,3,2,1,25,32.715,1
6,0,35,2,6900,102,12,21,5,1,1,55,123.03,0
4,1,26,0,0,47,16,4,3,1,2,30,464.59,1
16,0,34,7,10130,87,0,40,4,1,1,45,255.425,0
9,0,39,0,6423,71,94,24,2,1,1,25,715.23,0
24,0,37,0,350,50,0,18,2,1,2,30,34.869,1
0,1,32,0,913,32,7,5,3,2,1,30,97.267,1
6,0,35,0,3355,70,0,22,2,1,1,25,154.125,0
6,0,32,0,1970,44,37,21,3,1,2,30,228.56,0
25,1,33,0,1200,50,18,17,3,1,2,30,122.0,1
11,0,42,1,3730,86,40,32,3,1,1,30,312.64,0
9,0,31,3,7270,116,270,34,2,2,1,25,1547.37,0
0,0,40,0,0,71,15,10,3,1,2,25,42.901,1
0,0,29,0,10900,138,0,39,3,1,1,30,441.52,0
10,0,40,0,2150,58,56,27,3,1,2,30,312.32,0
0,0,37,0,0,0,0,0,2,1,2,25,0.0,1
19,0,39,0,0,19,0,0,3,1,2,45,104.814,1
2,0,39,0,428,60,1,5,3,1,2,25,218.44,1
0,0,42,0,232,35,9,9,3,1,2,45,102.864,1
9,0,10,0,0,2,3,0,3,1,2,30,30.595,1
9,0,43,1,13773,175,8,45,3,1,1,30,589.92,0
5,0,14,2,2737,40,33,20,3,1,1,30,243.08,0
7,0,44,0,803,19,25,11,3,1,2,30,132.88,0
15,0,27,1,1530,38,26,15,2,1,1,25,187.56,0
11,1,39,0,2448,52,45,36,3,1,2,30,280.0,1
10,0,40,2,4630,88,0,24,3,1,1,30,188.72,0
2,0,7,0,8368,155,51,32,4,1,1,45,340.575,0
8,0,25,1,1540,40,190,9,3,2,1,30,823.2,0
9,0,29,0,1944,2,9,18,3,1,2,25,87.695,1
7,1,38,4,7045,118,281,37,2,2,1,25,1586.835,0
6,0,8,0,0,22,0,0,2,1,2,30,280.013,1
13,0,33,2,2927,38,0,2,2,1,2,30,65.206,1
1,0,36,0,2300,36,280,16,3,1,1,30,1213.44,0
0,1,42,0,1970,34,8,8,3,1,1,45,130.357,1
12,1,32,0,0,51,9,3,2,1,1,25,91.119,1
13,0,39,0,4560,71,7,15,2,1,1,25,239.895,0
1,1,36,0,3347,24,0,0,4,1,2,30,162.168,1
8,0,38,0,4370,71,5,17,3,1,1,30,197.64,0
0,0,24,0,710,5,23,4,4,1,2,45,75.375,0
5,0,38,0,3909,4,4,32,3,1,1,30,132.189,1
6,0,32,1,2825,49,167,19,2,1,1,25,880.83,0
11,0,40,1,6223,101,14,14,3,1,1,30,308.96,0
0,1,38,0,1302,25,2,3,2,1,2,45,45.232,1
0,0,9,1,4145,37,213,10,3,1,1,30,1019.28,0
0,1,35,1,157,24,0,0,3,1,2,45,0.79,1
13,1,33,0,0,71,12,0,2,1,2,45,481.485,1
0,0,30,0,570,2,0,8,2,1,2,25,25.74,0
5,0,22,0,305,6,13,2,4,1,2,45,40.275,0
4,1,33,2,1664,15,0,4,4,1,2,45,156.754,1
0,1,45,0,0,56,0,0,3,1,2,25,438.654,1
15,1,36,0,1191,58,0,17,4,1,1,45,172.015,1
0,0,7,0,4275,35,217,11,3,1,1,30,1040.4,0
0,0,36,0,0,0,0,0,3,1,1,30,0.0,1
12,0,29,0,1704,23,0,0,3,1,2,25,78.088,1
4,1,32,0,2570,29,0,10,2,1,2,25,116.955,1
0,1,23,0,183,97,9,1,3,1,2,45,336.988,1
12,0,35,0,0,56,4,0,2,1,1,30,262.139,1
20,0,17,3,6993,151,106,57,2,2,1,25,798.48,0
16,0,36,3,9240,119,140,40,3,1,1,30,934.36,0
2,0,23,0,1388,31,19,63,4,1,1,45,82.975,0
0,0,12,0,0,3,7,28,3,1,2,25,148.14,1
17,1,3,0,0,10,2,14,2,1,1,30,236.471,1
5,0,39,0,1180,20,7,13,2,1,2,25,85.5,0
26,0,38,9,10740,99,8,44,5,1,1,55,174.585,0
8,1,35,0,0,41,1,0,2,1,1,30,47.137,1
0,0,29,0,2355,8,0,7,3,1,1,30,94.52,0
0,1,33,0,1538,0,11,0,2,1,2,45,13.147,1
8,0,8,0,229,96,21,0,3,1,2,30,178.754,1
0,1,36,0,0,57,0,4,2,1,2,30,83.767,1
8,1,35,0,58,46,0,12,4,1,2,25,150.606,1
19,0,40,3,5103,82,29,52,1,1,1,15,444.675,0
0,0,40,0,504,57,0,0,2,1,2,30,89.889,1
5,0,40,0,415,10,7,2,3,1,2,30,45.0,0
3,0,43,0,0,15,0,0,3,1,1,30,291.617,1
0,0,34,0,0,51,40,0,2,1,2,30,142.684,1
30,0,33,4,16380,244,7,82,2,2,1,25,779.58,0
13,1,21,0,0,100,23,6,3,1,2,25,143.495,1
0,0,34,0,3223,75,0,23,2,1,1,25,148.41,0
5,0,34,1,11285,146,0,42,4,1,1,45,285.775,0
7,0,27,1,3530,67,15,25,3,1,1,30,203.88,0
4,1,9,0,0,100,0,0,2,1,2,30,83.876,1
17,0,28,0,650,17,0,0,2,1,2,30,403.705,1
12,0,39,1,4705,83,7,23,3,1,1,30,219.52,0
8,0,3,0,2339,21,16,0,3,1,1,45,40.615,1
15,0,44,3,7023,87,123,40,3,1,1,30,776.4,0
9,0,38,1,4760,86,7,25,3,1,1,30,221.84,0
19,0,39,3,3358,76,387,41,3,1,1,30,1685.36,0
0,0,12,0,1435,16,13,8,2,1,1,25,123.795,0
7,1,39,1,0,57,7,0,2,1,1,25,306.676,1
11,0,37,5,7385,128,310,39,3,2,1,30,1540.52,0
0,0,38,0,0,0,0,0,2,1,2,25,0.0,0
0,0,32,0,2415,44,163,19,2,1,1,25,844.155,0
14,1,16,0,1943,26,0,7,2,1,2,30,0.0,1
1,0,10,1,3985,35,197,12,3,1,1,30,948.8,0
14,1,41,0,2658,66,47,23,4,1,2,45,185.6,0
0,1,31,0,342,75,0,0,3,1,2,25,68.192,1
3,1,38,0,0,69,0,0,4,1,2,45,167.03,1
3,0,45,0,50,49,10,19,3,1,2,45,33.768,1
1,0,30,0,905,12,31,7,4,1,2,45,100.425,0
6,0,36,1,7633,125,380,40,3,1,1,30,1830.32,0
11,0,34,1,3820,78,24,24,3,1,1,30,251.92,0
0,0,25,0,1010,30,186,9,2,2,1,25,883.8,0
1,0,34,0,7328,119,373,38,2,1,1,25,2013.615,0
10,0,39,1,3070,50,293,18,3,1,1,30,1296.8,0
9,0,40,1,6033,100,5,11,3,1,1,30,265.32,0
21,1,33,3,3067,41,4,0,2,1,2,25,290.105,1
2,0,27,1,1125,35,184,8,2,2,1,25,880.2,0
6,0,30,1,7090,97,13,23,4,1,1,45,212.175,0
4,0,42,1,2473,60,12,37,2,1,1,25,167.985,0
0,0,39,0,128,4,0,1,2,1,2,25,5.94,0
13,0,22,4,3113,55,46,25,3,1,1,30,310.72,0
0,0,8,0,3680,29,190,10,3,1,1,30,908.36,0
16,1,37,2,1646,31,7,11,2,1,1,30,50.823,1
0,1,34,0,2125,100,0,2,4,1,2,25,0.0,1
9,0,36,1,4493,70,15,48,1,1,1,15,333.465,0
9,0,37,0,4775,76,23,15,2,1,1,25,321.795,0
6,0,38,1,1973,31,7,8,4,1,1,45,67.6,0
7,0,3,0,0,47,0,0,2,1,2,30,4.328,1
1,1,42,0,2078,13,0,0,4,1,2,45,0.0,1
28,0,43,10,10740,105,16,45,5,2,1,55,186.675,0
26,0,30,3,16480,243,1,78,2,1,1,25,757.035,0
1,0,38,3,0,57,0,0,5,1,1,45,108.319,1
0,0,39,0,1363,25,1,5,4,1,1,45,37.2,0
9,0,38,0,1533,23,37,21,4,1,2,45,131.4,1
23,0,38,3,14895,222,52,32,3,1,1,30,812.68,0
12,0,44,1,14033,179,15,50,3,1,1,30,628.48,0
5,0,25,0,1973,44,31,66,4,1,1,45,127.925,0
0,0,33,0,2085,25,0,9,2,1,2,25,94.95,1
12,0,19,1,6168,137,88,44,1,2,1,15,830.775,0
16,0,41,3,4195,94,71,34,3,1,1,30,455.56,0
4,0,34,0,1963,38,27,29,3,1,2,30,188.04,1
11,0,42,2,2758,67,14,37,2,1,1,25,190.125,0
6,0,31,1,398,64,14,0,2,1,1,30,155.469,1
5,0,42,2,3175,29,493,12,3,1,1,30,2100.16,0
10,0,21,4,2852,51,39,20,3,1,1,30,272.12,0
14,0,43,2,5000,97,20,32,3,1,1,30,283.88,0
3,0,38,0,2393,58,2,33,1,1,1,15,145.805,0
7,0,36,0,4138,63,0,33,1,1,1,15,231.055,0
8,0,36,1,3320,31,480,6,3,1,1,30,2054.04,0
4,0,37,0,2980,21,451,4,3,1,1,30,1924.04,0
4,1,36,1,0,22,0,16,2,1,1,25,258.999,1
4,0,38,0,2360,39,285,18,3,1,1,30,1235.96,0
5,0,35,0,3778,54,0,29,1,1,1,15,210.76,0
9,0,39,2,8890,117,147,45,3,1,1,30,948.28,0
0,1,28,0,0,0,0,0,4,1,1,45,0.0,1
5,0,31,0,2193,50,344,18,2,1,1,25,1648.935,0
0,0,10,0,1130,10,6,6,2,1,1,25,78.3,0
13,1,25,0,390,31,0,9,2,1,2,25,18.945,1
0,0,31,0,615,4,0,5,2,1,2,25,27.855,0
14,0,39,0,292,41,1,0,4,1,1,25,27.078,1
12,0,15,0,8932,171,73,40,4,1,1,45,410.075,0
2,0,31,2,7080,101,28,35,4,1,1,45,249.525,0
0,0,40,4,1540,2,13,0,3,1,2,30,161.152,1
16,1,38,3,2653,52,0,0,3,1,1,25,215.009,1
19,0,42,3,4140,91,44,32,3,1,1,30,345.24,0
0,0,26,0,825,10,21,3,4,1,2,45,73.375,1
25,0,43,0,2042,17,0,0,2,1,2,25,71.222,1
3,0,38,0,1214,24,31,8,4,1,1,25,17.091,1
0,1,30,1,1174,57,5,4,4,1,2,25,107.034,1
9,1,24,0,982,68,0,0,4,1,2,45,107.362,1
15,0,29,0,590,38,4,13,2,1,2,25,46.26,1
10,0,34,0,3395,46,10,14,3,1,2,30,177.64,1
2,0,35,0,11160,148,4,45,3,1,1,30,468.32,0
18,0,38,2,6123,104,33,26,2,1,1,25,428.715,0
7,1,8,1,345,38,3,12,3,1,2,25,87.042,1
7,0,40,0,1015,20,20,10,3,1,2,30,121.4,0
8,1,40,2,993,16,21,8,4,1,1,45,77.725,1
0,0,7,2,0,8,4,0,3,1,1,25,0.0,1
1,0,24,0,1453,34,32,69,4,1,1,45,117.175,0
13,0,34,0,0,11,4,0,3,1,1,45,218.034,1
0,1,37,1,0,51,8,18,2,1,1,45,172.087,1
10,0,40,0,1943,50,7,4,3,1,2,30,107.72,0
0,0,31,1,343,5,12,36,2,1,2,45,287.992,1
9,0,40,2,3400,33,490,10,3,1,1,30,2097.32,0
21,0,17,3,9838,187,101,57,5,1,1,55,301.875,0
13,1,42,2,0,52,0,5,3,1,2,30,0.0,1
11,0,35,1,11690,158,8,45,4,1,1,45,316.2,0
13,0,32,1,5863,94,18,20,2,1,1,25,349.065,1
12,0,40,0,534,65,9,24,3,1,1,30,0.0,1
5,0,36,0,1668,34,13,16,3,1,2,30,120.08,1
0,0,39,3,0,11,29,26,3,1,2,30,37.164,1
0,0,31,0,1825,5,0,12,3,1,1,30,73.2,0
7,0,28,1,1683,44,28,67,5,1,1,55,67.905,0
0,0,24,0,1120,14,35,16,4,1,2,45,115.85,0
3,0,35,0,0,19,3,5,2,1,2,45,54.56,1
0,0,32,0,2100,29,270,12,3,1,1,30,1165.16,0
5,0,20,1,1755,29,33,16,2,1,1,25,228.78,0
12,0,39,2,11770,160,18,49,4,1,1,45,343.25,0
3,0,40,2,0,21,10,0,4,1,2,30,240.081,1
0,1,35,0,2192,18,8,7,2,1,2,30,203.534,1
22,1,40,9,10515,95,11,46,5,1,1,55,175.65,0
0,0,35,0,6385,81,188,27,3,1,1,30,1010.64,0
17,0,18,6,3758,61,59,36,3,2,1,30,388.76,0
0,1,38,2,772,66,26,5,2,1,2,30,0.0,1
18,1,39,0,0,24,3,0,4,1,1,30,0.0,1
5,0,37,1,305,6,7,2,5,1,1,55,15.165,0
0,0,5,0,0,10,1,0,3,1,2,30,136.101,1
0,1,36,1,1010,71,0,23,2,1,2,25,0.0,1
10,0,37,0,375,25,0,3,3,1,2,30,132.305,1
7,0,45,0,0,73,0,8,3,1,2,30,37.049,1
0,0,34,0,0,0,0,0,2,1,2,25,0.0,1
0,0,40,0,2135,35,288,20,3,1,1,30,1238.8,0
9,0,40,2,2033,34,12,10,4,1,1,45,81.675,0
29,0,31,5,16675,248,21,95,2,1,1,25,856.035,0
3,0,35,0,291,47,40,0,2,1,2,30,45.074,1
15,0,18,4,3347,52,47,24,3,1,1,30,323.96,0
9,0,28,1,0,65,6,2,3,1,1,30,116.284,1
4,0,25,0,3415,62,17,26,3,1,1,30,207.08,0
3,0,38,2,398,7,9,4,5,1,1,55,19.575,0
6,0,31,1,1568,45,38,69,5,1,1,55,81.195,0
4,0,12,1,4570,48,226,15,3,1,1,30,1088.72,0
24,0,35,0,660,43,7,4,3,1,2,30,56.12,1
0,0,23,0,0,0,0,0,4,1,2,45,0.0,0
15,0,39,0,4388,66,7,33,1,1,1,15,283.47,0
33,1,39,0,186,0,0,9,3,1,2,30,52.556,1
0,1,14,0,0,88,185,25,4,1,2,25,389.577,1
2,0,38,0,7103,122,366,45,3,1,1,30,1753.0,0
13,0,39,2,4733,99,17,30,3,1,1,30,261.28,0
2,0,36,0,1260,39,20,22,3,1,2,30,131.96,0
10,0,36,1,6143,99,7,10,3,1,1,30,277.68,0
13,0,28,3,2473,55,58,85,5,1,1,55,124.92,0
7,0,28,2,580,26,9,0,2,1,2,25,0.0,1
0,0,30,0,0,21,2,35,3,1,2,30,139.746,1
13,1,36,1,5818,98,26,24,2,1,1,25,383.22,1
13,0,27,0,890,26,19,10,2,1,2,25,126.72,0
3,1,5,0,0,16,0,0,3,1,2,30,141.509,1
5,1,31,0,2561,22,0,3,4,1,2,45,122.4,1
20,0,29,0,1605,41,38,24,3,1,2,30,217.84,0
7,0,37,1,2378,36,8,6,4,1,1,45,80.35,0
13,0,38,2,12175,165,19,47,4,1,1,45,356.0,0
1,1,40,0,0,24,2,6,2,1,2,30,0.0,1
9,0,41,1,4203,96,20,35,3,1,1,30,251.96,0
3,0,45,0,324,9,0,5,2,1,2,25,54.698,1
2,0,40,0,1055,22,11,16,2,1,2,25,97.965,0
6,0,43,0,1260,22,17,17,2,1,2,25,134.19,0
2,0,37,0,2571,50,8,1,2,1,1,25,257.146,1
0,0,32,0,3353,73,0,24,2,1,1,25,154.17,0
0,0,36,2,874,44,2,0,3,1,2,25,223.105,1
8,0,38,0,4370,71,5,17,3,1,1,30,197.64,0
14,0,37,2,3900,80,28,25,3,1,1,30,271.2,0
4,1,41,0,7,16,0,2,2,1,2,45,126.952,1
1,0,41,2,165,64,0,0,2,1,2,45,0.0,1
6,0,31,0,1165,30,6,25,2,1,2,45,93.657,1
0,0,15,0,229,53,33,19,4,1,2,55,132.609,1
0,0,28,0,0,0,0,0,2,1,2,25,0.0,1
4,0,43,0,0,78,3,5,3,1,2,30,208.843,1
1,0,6,0,1014,69,2,0,2,1,2,30,67.673,1
0,0,40,0,0,63,48,3,3,1,2,30,145.964,1
5,0,38,0,438,8,7,4,3,1,2,30,45.84,1
13,1,3,3,848,43,0,0,2,1,1,45,209.295,1
12,0,31,0,780,27,20,11,3,1,2,30,112.28,0
6,0,34,1,6805,86,185,27,3,1,1,30,1015.64,0
3,0,41,0,433,10,5,3,3,1,2,30,37.72,0
8,0,44,3,706,11,0,8,3,1,1,45,87.71,1
11,0,29,0,323,32,4,4,3,1,1,45,0.0,1
2,0,35,0,14990,175,134,25,2,1,1,25,1285.425,0
5,0,42,0,738,17,46,10,3,1,2,30,214.2,0
13,1,35,0,5703,92,0,20,2,1,1,25,260.775,1
3,0,30,0,2148,48,344,21,2,1,1,25,1646.82,0
18,0,36,2,14645,218,38,27,3,1,1,30,746.52,0
4,0,38,1,1783,30,0,5,4,1,1,45,45.325,0
9,0,20,1,2190,33,44,19,3,1,1,30,264.92,0
2,1,40,0,0,26,33,13,3,1,2,25,0.0,1
2,0,35,0,4095,71,0,19,3,1,1,30,166.64,0
2,1,35,0,168,50,9,0,4,1,2,25,8.419,1
13,1,27,0,0,45,4,0,4,1,2,25,24.675,1
22,1,30,0,1715,42,25,9,3,1,2,30,170.28,1
25,0,27,3,16120,234,7,76,2,1,1,25,767.43,0
11,1,11,0,0,100,2,14,3,1,1,30,131.645,1
2,0,38,0,5318,85,0,15,2,1,1,25,243.135,0
2,0,32,0,4255,73,0,19,3,1,1,30,173.12,0
22,0,39,2,15015,227,58,35,3,1,1,30,841.68,0
5,0,40,0,2065,35,271,5,3,1,1,30,1168.0,0
0,0,10,0,420,63,0,12,3,1,2,25,128.597,1
9,1,38,0,2238,54,8,17,3,1,2,30,123.68,0
15,0,17,1,9047,176,71,39,5,1,1,55,244.845,0
6,0,37,2,1048,15,12,2,5,1,1,55,33.945,0
0,0,27,0,6525,87,0,16,4,1,1,45,165.3,0
0,0,24,0,1263,33,23,66,4,1,1,45,89.9,0
0,1,37,0,1478,15,0,0,2,1,2,25,101.817,1
9,0,28,1,1505,36,168,9,2,2,1,25,825.345,0
8,0,34,1,4415,67,7,13,3,1,1,30,207.28,0
0,0,26,0,0,0,0,0,2,1,2,25,0.0,0
16,0,39,0,1532,57,0,0,2,1,2,30,180.798,1
21,0,20,3,6813,153,124,48,2,2,1,25,871.47,0
1,1,41,0,606,76,0,10,3,1,2,30,193.748,1
5,0,35,0,305,6,7,2,2,1,2,25,45.495,1
11,1,41,0,0,80,19,0,2,1,2,25,675.872,1
3,0,35,0,4123,87,3,26,2,1,1,25,202.95,0
5,0,38,1,2638,61,7,33,2,1,1,25,152.955,0
6,1,8,2,1613,17,7,4,3,1,1,30,93.2,1
5,0,38,1,1373,21,7,2,4,1,1,45,52.35,0
0,0,36,0,3118,72,0,13,2,1,1,25,143.55,0
0,0,38,0,1760,29,264,3,3,1,1,30,1127.56,0
3,1,44,0,2803,16,0,0,3,1,1,25,77.655,1
28,0,33,4,16190,243,0,79,2,2,1,25,739.485,0
15,0,42,3,4880,92,14,29,4,1,1,45,159.3,0
0,0,3,0,405,60,3,6,2,1,1,25,198.954,1
18,0,26,0,1024,61,4,0,2,1,2,30,0.299,1
0,0,39,1,2695,62,7,2,2,1,1,30,167.813,1
17,0,21,1,9193,181,88,46,5,1,1,55,272.61,0
9,0,33,0,3085,53,174,24,2,1,1,25,924.21,0
0,0,39,0,0,74,0,7,4,1,2,25,169.077,1
5,0,35,0,305,6,7,2,2,1,2,25,45.495,0
1,1,31,0,745,14,0,23,2,1,2,25,43.523,1
8,0,16,3,2852,45,31,19,3,1,1,30,239.88,0
6,1,28,1,1983,64,23,3,3,1,2,30,240.972,1
6,0,38,0,5918,95,7,12,3,1,1,30,268.52,0
12,0,40,3,3298,74,30,50,2,1,1,25,286.74,0
5,0,33,1,6545,82,178,22,3,1,1,30,977.08,0
0,0,21,0,1055,26,178,5,2,2,1,25,849.645,0
7,1,42,0,1597,64,0,37,2,1,2,30,383.651,1
7,0,13,0,8627,165,66,38,4,1,1,45,384.8,0
3,0,16,0,0,67,0,1,4,1,1,25,442.41,1
21,0,40,3,14915,221,57,34,3,1,1,30,833.44,0
0,0,42,0,1258,39,4,6,2,1,2,25,225.643,1
1,0,4,0,1487,13,0,6,2,1,1,25,67.5,1
0,0,43,0,1084,66,0,2,3,1,2,25,415.09,1
1,1,33,0,149,55,10,0,3,1,1,30,248.957,1
18,0,37,1,6008,98,7,22,2,1,1,25,306.27,1
7,0,38,0,2048,53,0,14,3,1,2,30,84.04,0
16,1,40,0,3475,55,27,23,3,1,2,30,249.2,1
6,1,34,0,0,61,0,0,4,1,2,25,15.712,1
5,0,42,0,462,16,7,1,4,1,2,25,70.949,1
12,0,35,3,9410,125,158,56,3,1,1,30,1013.4,0
14,0,38,2,7428,86,116,37,2,1,1,25,860.13,0
2,0,7,0,1337,52,0,2,3,1,2,45,49.464,1
7,0,37,2,8108,137,405,58,3,1,1,30,1949.8,0
14,1,38,0,2573,50,41,33,4,1,2,45,168.075,1
8,0,10,1,1678,19,7,5,3,1,1,30,95.88,1
5,0,13,0,8437,164,57,35,4,1,1,45,357.525,0
0,0,36,0,760,8,0,7,2,1,2,25,34.56,0
5,0,38,0,933,13,16,6,4,1,2,45,63.65,1
12,0,26,2,745,9,0,0,3,1,1,25,124.307,1
0,1,36,0,749,24,0,0,3,1,1,45,62.516,1
5,0,41,0,4065,71,6,16,3,1,1,30,189.44,0
30,1,39,0,0,64,20,1,2,1,2,25,135.97,1
0,0,24,2,0,11,0,24,3,1,2,25,74.592,1
0,0,28,0,0,68,0,0,3,1,1,30,183.736,1
0,0,35,0,2675,15,444,2,3,1,1,30,1883.6,0
18,0,10,2,0,60,11,28,2,1,2,45,0.0,1
8,0,34,0,8695,109,105,37,3,1,1,30,772.16,0
10,0,13,3,2703,84,0,1,2,1,2,30,129.641,1
1,0,33,1,1143,100,200,3,2,2,2,30,5.143,1
1,0,26,0,196,61,14,0,3,1,1,30,105.669,1
1,1,32,0,2819,56,26,0,2,1,1,45,31.756,1
5,0,23,1,1360,32,185,7,2,2,1,25,895.14,0
0,1,37,2,1136,29,0,36,3,1,2,45,14.371,1
7,0,39,0,1370,21,16,16,2,1,2,25,134.595,0
4,0,39,0,1745,46,48,24,3,1,2,30,263.64,0
0,0,39,0,7283,123,387,45,2,1,1,25,2074.77,0
0,0,34,0,0,0,0,0,5,1,1,55,0.0,0
9,0,45,0,4440,100,0,2,3,1,2,25,62.801,1
20,0,29,2,15770,232,0,78,2,1,1,25,720.09,0
6,0,37,1,3585,82,57,30,3,1,1,30,374.68,0
11,1,38,0,2428,55,17,20,3,1,2,30,167.32,0
8,0,39,0,11170,150,7,34,4,1,1,45,300.5,0
5,1,39,0,0,64,1,18,3,1,1,45,127.906,1
30,0,38,1,11340,109,29,59,5,1,1,55,215.235,0
0,0,28,0,1360,32,23,17,3,1,2,30,147.68,0
0,0,30,0,2475,13,0,10,3,1,1,30,99.52,0
0,0,38,0,0,0,0,0,2,1,2,25,0.0,0
4,1,33,1,185,18,13,0,4,1,2,25,10.145,1
2,0,41,0,5245,100,0,23,2,1,2,30,0.0,1
3,1,31,1,213,11,0,0,4,1,2,30,306.746,1
0,0,23,0,0,71,51,0,3,1,2,25,41.647,1
5,1,42,0,17,27,11,0,2,1,1,25,94.841,1
7,1,27,0,0,17,0,1,2,1,2,30,0.0,1
0,1,35,0,1663,87,10,12,3,1,2,25,129.743,1
0,0,35,0,2070,42,150,23,2,1,1,25,770.04,0
0,1,43,2,372,17,0,0,3,1,2,30,135.212,1
10,0,44,3,6805,98,201,29,4,1,1,45,675.075,0
0,1,38,1,2446,87,25,12,2,1,1,25,322.719,1
12,0,44,2,4283,98,24,36,3,1,1,30,271.24,0
9,1,38,0,155,100,5,19,2,1,2,45,161.957,1
6,0,33,0,0,44,43,1,2,2,2,25,71.559,1
5,0,34,1,2438,54,7,29,1,1,1,15,175.56,0
6,0,35,2,11760,158,25,60,3,1,1,30,576.72,0
4,0,36,0,3280,75,16,23,2,1,1,25,222.975,0
4,0,38,0,900,15,22,11,3,1,2,30,124.6,0
5,0,38,0,955,17,15,8,3,1,2,30,98.88,0
6,0,38,0,2550,40,294,21,3,1,1,30,1279.6,0
16,1,28,1,988,57,0,11,2,1,2,45,34.734,1
10,0,21,1,1270,28,11,9,2,1,1,25,107.91,0
0,0,19,0,520,4,6,2,4,1,2,45,28.1,0
0,0,33,0,1987,3,12,0,3,1,2,30,159.263,1
21,0,19,2,6697,147,92,44,2,2,1,25,721.98,0
2,0,7,0,91,100,10,0,3,1,2,25,196.486,1
5,0,23,0,920,26,12,11,2,1,1,25,96.57,0
2,0,37,1,4325,83,27,27,3,1,1,30,284.32,0
0,1,33,0,0,0,0,0,2,1,2,25,0.0,1
0,0,42,0,0,32,0,13,4,1,2,25,242.472,1
0,0,35,0,10560,138,0,30,3,1,1,30,427.92,0
0,0,16,0,1390,20,21,12,2,1,1,25,157.95,0
7,0,28,3,0,63,26,11,3,1,2,25,119.358,1
1,0,37,1,0,19,5,0,2,1,2,55,207.856,1
3,0,9,1,1487,19,0,7,3,1,1,30,60.24,1
0,0,32,0,2008,50,0,27,1,1,1,15,113.19,0
7,0,38,1,4515,83,2,25,3,1,1,30,191.92,0
7,0,35,2,7013,79,122,50,2,1,1,25,868.14,0
6,0,38,0,0,29,0,0,2,1,2,30,112.422,1
0,1,43,0,358,32,0,20,3,1,2,45,95.99,1
9,0,38,1,2895,58,173,22,2,1,1,25,911.385,0
0,0,17,0,2660,45,0,15,3,1,1,30,108.2,0
0,0,34,0,923,11,23,17,4,1,2,45,80.85,1
3,0,24,1,1863,43,44,81,4,1,1,45,157.65,0
2,0,35,0,0,10,22,0,3,1,2,30,45.106,1
3,0,36,0,1510,8,8,14,3,1,1,30,87.997,1
3,0,34,1,1290,14,59,8,2,1,2,45,482.431,1
0,0,38,0,2394,44,8,11,4,1,2,25,0.0,1
9,0,20,4,2933,47,41,23,3,1,1,30,283.2,0
29,0,40,0,3420,64,0,21,3,1,1,45,67.237,1
5,0,37,0,818,7,7,2,4,1,2,45,38.125,1
0,0,25,0,0,0,0,0,4,1,2,45,0.0,0
12,0,26,2,2260,42,50,22,3,1,1,30,292.08,0
0,0,32,0,0,0,0,0,2,1,2,25,0.0,1
34,1,44,0,0,4,0,0,4,1,1,30,58.842,1
0,0,38,0,110,4,0,1,2,1,2,25,5.13,0
18,1,35,0,2538,5,2,8,2,2,1,45,247.823,1
0,0,31,0,4210,71,0,22,3,1,1,30,171.24,0
19,0,36,0,0,59,27,7,4,1,1,45,14.049,1
1,0,30,0,1665,38,30,19,3,1,2,30,188.12,0
0,0,38,0,0,70,21,27,2,1,2,45,14.224,1
17,0,32,0,1436,56,4,18,3,1,1,25,7.832,1
12,0,39,2,11770,160,18,49,4,1,1,45,343.25,0
2,1,36,3,2788,5,0,14,4,1,2,30,1.551,1
6,1,3,0,2009,49,0,0,4,1,1,45,0.0,1
4,1,42,0,2445,26,0,29,3,1,1,30,335.964,1
2,1,37,0,0,55,204,14,3,1,2,45,45.957,1
1,1,37,2,273,67,2,0,2,1,2,30,342.302,1
3,0,39,0,990,19,0,10,2,1,2,25,45.405,0
0,0,33,0,1360,38,31,18,3,1,2,30,179.92,0
0,0,45,0,1233,0,7,0,3,1,1,55,41.87,1
18,0,26,2,15590,224,0,73,2,1,1,25,711.63,0
16,1,37,0,3485,48,25,21,3,1,2,30,241.32,1
0,1,33,0,0,21,0,6,3,1,1,45,445.575,1
11,0,31,0,5818,92,18,23,2,1,1,25,346.95,1
5,0,45,1,2285,100,16,3,3,1,2,25,0.0,1
12,1,35,4,7675,127,279,33,3,2,1,30,1428.08,0
11,0,40,0,1015,17,15,2,3,1,2,30,101.28,1
0,1,37,0,0,27,0,23,2,1,2,45,987.255,1
11,0,38,1,3775,82,32,28,3,1,1,30,282.28,0
0,0,25,0,2625,51,0,8,3,1,1,30,107.04,0
0,0,44,0,763,71,0,6,3,1,2,25,390.189,1
2,0,36,0,13468,163,0,42,3,1,1,30,545.24,0
1,0,34,0,2475,47,168,21,2,1,1,25,869.49,0
11,1,32,0,0,71,0,4,3,1,2,30,219.486,1
0,0,33,0,1018,3,23,0,3,1,2,25,9.604,1
9,0,43,2,4515,89,10,26,3,1,1,30,224.16,0
8,0,42,1,13853,171,10,48,3,1,1,30,600.96,0
8,0,39,1,4485,77,37,21,3,1,1,30,330.48,0
0,1,8,0,1717,100,20,29,3,1,1,45,17.531,1
16,0,42,2,4735,80,17,21,3,1,1,30,260.6,0
4,1,42,0,1766,55,1,26,2,1,1,25,28.742,1
1,1,29,0,0,24,9,20,3,1,2,25,0.0,1
0,1,33,0,0,36,33,4,3,1,2,45,227.798,1
10,0,45,0,0,17,0,3,3,1,1,30,110.111,1
9,0,27,0,1758,39,7,66,4,1,1,45,62.425,0
0,0,26,0,825,10,21,3,4,1,2,45,73.375,0
3,1,9,1,1487,19,0,7,3,1,1,30,60.24,1
1,1,27,3,461,36,7,7,3,1,2,30,52.029,1
14,1,7,0,0,6,2,8,3,1,2,25,0.0,1
2,0,27,0,10,17,7,8,3,1,2,25,110.729,1
0,1,30,0,0,0,0,0,5,1,1,55,0.0,1
0,1,37,0,0,44,0,0,4,1,2,25,73.732,1
0,0,8,1,2288,29,9,11,3,1,1,30,128.68,0
9,0,45,0,64,50,23,14,2,1,2,25,15.516,1
2,0,32,0,591,92,32,0,3,1,2,30,161.506,1
23,0,29,0,1000,43,8,13,2,1,2,25,82.935,1
24,1,39,0,0,56,0,41,2,1,1,30,222.107,1
20,0,29,2,15770,232,0,78,2,1,1,25,720.09,0
8,0,32,0,2188,42,24,27,3,1,2,30,185.2,1
2,0,39,0,681,7,0,0,3,2,1,30,124.87,1
7,1,27,0,643,0,3,0,3,1,1,30,3.493,1
5,0,33,1,7030,100,16,22,5,1,1,55,130.95,0
1,0,37,0,7263,124,382,43,2,1,1,25,2051.415,0
10,1,29,0,54,49,0,5,4,1,2,55,0.0,1
0,0,32,0,1303,16,0,2,3,1,1,30,52.76,0
0,0,23,0,0,0,10,0,4,1,2,45,25.0,0
0,0,32,0,0,68,3,1,2,1,1,25,338.375,1
8,0,29,0,0,60,3,2,2,1,1,45,81.137,1
0,0,24,0,0,0,5,0,4,1,2,45,12.5,0
2,0,40,0,3673,86,10,32,2,1,1,25,214.155,0
0,0,38,0,0,0,0,0,2,1,2,25,0.0,1
12,0,42,2,2725,48,297,22,4,1,1,45,811.825,0
15,0,36,1,6008,99,35,27,2,1,1,25,432.315,1
8,0,45,0,0,68,0,22,3,1,1,25,287.117,1
3,0,20,0,1220,9,6,24,2,1,2,25,208.868,1
5,0,35,2,955,27,0,0,2,1,1,25,0.0,1
13,0,38,1,6908,75,83,35,2,1,1,25,687.735,0
13,1,33,1,738,0,0,1,2,1,2,30,210.109,1
17,0,42,2,2603,63,20,21,4,1,1,45,116.65,0
3,0,10,2,1603,25,32,11,3,1,1,30,193.12,1
11,0,29,0,1840,27,36,5,4,1,2,45,136.675,0
1,0,36,0,319,36,2,2,2,1,2,30,74.733,1
0,1,3,0,472,18,0,11,3,1,2,25,359.664,1
12,0,39,1,15600,187,148,29,2,1,1,25,1376.415,0
0,1,37,0,0,66,25,0,3,1,2,30,0.0,1
18,1,43,3,479,29,0,21,3,1,2,25,0.0,1
7,0,33,0,0,53,39,4,2,1,2,30,105.792,1
0,1,39,0,0,65,0,0,3,1,2,25,41.296,1
30,0,38,0,1440,61,34,24,3,1,2,30,196.04,1
2,1,41,2,962,55,0,0,2,1,2,30,37.724,1
5,0,37,0,1120,17,7,11,2,1,2,25,82.665,0
0,1,41,2,0,100,0,0,3,1,2,30,407.261,1
2,0,43,0,0,12,2,0,4,1,2,30,37.051,1
5,0,35,3,6560,111,253,35,2,2,1,25,1438.695,0
2,0,33,0,3095,21,475,7,3,1,1,30,2024.64,0
13,0,14,0,9337,176,74,38,4,1,1,45,422.825,0
5,1,26,0,909,63,1,12,4,1,2,25,0.0,1
7,0,26,0,314,41,5,0,3,1,1,25,146.442,1
2,1,44,0,5803,24,0,7,3,1,1,30,394.896,1
2,0,26,0,1378,38,21,65,4,1,1,45,87.9,0
3,0,33,0,800,4,0,12,2,1,2,30,0.0,1
9,0,37,1,11655,155,20,50,4,1,1,45,345.25,0
0,0,38,0,7383,129,388,46,2,1,1,25,2084.04,0
10,0,38,1,4615,74,7,17,3,1,1,30,215.56,0
0,0,40,1,293,8,12,6,5,1,1,55,22.515,0
7,0,25,1,1693,37,26,65,5,1,1,55,64.95,0
3,0,36,2,3390,31,497,21,3,1,1,30,2124.84,0
11,0,41,0,0,26,0,9,3,1,1,30,0.0,1
10,0,42,0,2318,56,18,21,3,1,2,30,166.96,0
7,0,37,1,11465,154,11,47,4,1,1,45,317.975,0
0,0,39,1,3990,63,6,2,3,1,2,25,0.0,1
1,1,37,0,0,100,0,0,4,1,1,30,0.0,1
0,0,23,0,2920,55,1,21,3,1,1,30,123.0,0
4,0,41,2,6580,88,196,30,3,1,1,30,1050.72,0
15,0,4,0,434,30,6,26,2,1,1,30,0.0,1
14,1,42,0,0,21,0,3,3,1,1,30,0.0,1
8,0,39,4,6965,122,279,34,3,2,1,30,1399.48,0
8,1,33,0,0,22,1,0,4,1,2,45,78.617,1
7,1,40,0,0,48,1,8,3,1,1,25,66.221,1
3,0,42,0,2348,62,10,37,1,1,1,15,187.55,0
2,0,34,0,3833,57,0,31,2,1,1,25,175.05,0
11,0,38,1,3775,82,32,28,3,1,1,30,282.28,0
3,0,37,3,0,18,2,0,2,1,2,30,61.152,1
0,0,26,0,377,10,45,20,3,1,1,30,137.679,1
0,0,29,0,0,0,0,0,3,1,2,30,0.0,1
11,1,36,0,2458,45,43,34,3,1,2,30,272.12,1
5,1,42,0,2148,6,0,0,2,1,2,25,112.175,1
15,1,44,0,2623,62,25,23,3,1,2,30,207.4,0
8,0,36,0,2533,58,22,30,3,1,2,30,191.64,0
0,1,45,0,805,100,6,3,3,1,2,30,68.461,1
11,0,32,1,9115,115,136,42,3,1,1,30,913.2,0
18,1,23,0,880,41,4,21,4,1,2,25,0.0,1
6,0,44,0,2497,43,0,0,3,1,1,30,276.496,1
7,0,42,2,362,24,0,0,3,1,2,25,0.0,1
6,0,37,1,6473,72,106,37,2,1,1,25,771.525,0
5,0,40,0,2098,54,7,20,2,1,1,25,128.34,0
5,0,39,0,553,14,39,8,3,1,2,30,178.68,1
3,0,25,2,1610,40,207,24,2,2,1,25,1005.75,0
0,0,30,0,0,0,0,0,4,1,1,45,0.0,0
14,1,38,0,2573,50,41,33,4,1,2,45,168.075,1
2,1,45,0,1298,80,0,7,3,1,2,25,181.83,1
12,0,39,2,11770,160,18,49,4,1,1,45,343.25,0
0,0,41,3,642,6,0,5,4,1,2,30,58.69,1
5,0,32,3,47,0,7,11,3,1,2,30,0.0,1
0,0,11,0,0,100,0,14,2,1,1,45,144.777,1
2,0,26,0,1015,11,30,6,4,1,2,45,100.65,0
21,1,30,0,775,39,5,12,2,1,2,25,59.13,1
5,0,33,1,7553,123,376,39,2,1,1,25,2037.42,0
11,0,37,2,8925,120,135,40,3,1,1,30,901.8,0
7,0,43,0,933,19,24,7,4,1,2,45,83.8,1
3,0,25,0,0,22,21,2,3,1,2,45,0.0,1
0,1,33,0,621,0,146,10,4,1,1,45,359.934,1
25,1,31,3,16075,238,0,80,2,1,1,25,734.085,0
1,0,41,0,186,43,0,7,3,1,1,30,87.442,1
0,0,41,0,405,14,14,7,3,1,2,30,72.76,0
0,0,36,0,628,7,9,4,4,1,2,45,38.375,1
6,0,34,0,4435,81,0,21,3,1,1,30,180.64,0
0,0,3,0,0,23,1,0,3,1,2,45,219.386,1
5,0,36,1,1913,28,7,6,4,1,1,45,66.025,0
0,0,36,0,1279,45,31,3,2,1,2,25,13.185,1
0,0,38,1,880,20,2,3,4,1,2,30,86.901,1
2,1,33,0,0,55,2,16,2,1,1,25,12.065,1
19,1,43,0,3555,57,31,24,3,1,2,30,268.48,1
9,0,30,1,3710,75,26,30,3,1,1,30,255.4,0
0,0,34,0,318,4,0,3,2,1,2,25,14.49,0
10,0,34,0,1390,26,43,11,4,1,2,45,142.9,0
14,0,38,0,15675,182,125,28,2,1,1,25,1276.065,0
2,0,40,1,1748,27,10,10,4,1,1,45,69.375,0
0,1,38,0,0,11,5,3,2,1,2,25,157.817,1
0,0,23,2,0,38,0,0,2,2,2,25,58.546,1
3,1,35,0,0,0,0,0,3,1,2,25,101.385,1
2,0,9,0,542,64,0,5,2,1,2,25,21.352,1
4,0,19,0,840,24,2,7,2,1,1,25,47.88,0
0,0,27,0,420,5,3,5,4,1,2,45,18.125,0
16,0,44,2,4035,92,47,34,3,1,1,30,353.08,0
0,0,37,0,613,9,21,17,2,1,2,25,122.49,0
19,0,37,2,14430,214,29,32,3,1,1,30,701.76,0
3,1,44,1,2169,57,0,2,4,1,1,30,413.546,1
6,0,11,2,2852,39,23,18,3,1,1,30,207.64,0
8,1,39,0,1951,23,0,13,3,2,2,30,44.575,1
10,0,19,3,3033,53,42,24,3,1,1,30,291.44,0
2,0,41,0,3796,60,24,2,3,1,1,25,162.736,1
7,1,44,0,0,96,0,3,2,1,2,30,0.0,1
0,0,18,0,0,0,0,0,4,1,2,45,0.0,0
1,0,32,0,1903,35,22,27,3,1,2,30,165.52,1
1,1,23,0,1814,59,0,36,2,1,1,30,34.134,1
0,0,40,0,193,7,11,7,2,1,2,25,58.5,0
0,0,36,0,0,0,0,0,2,1,2,25,0.0,1
17,0,45,2,4503,78,16,38,1,1,1,15,339.955,0
3,0,35,0,3950,59,0,11,2,1,1,25,180.405,0
21,1,36,8,10435,93,1,42,5,2,1,55,159.42,0
0,0,31,1,402,20,7,8,2,1,1,25,18.599,1
0,0,35,0,570,8,0,9,2,1,2,25,26.01,0
15,1,27,0,0,100,37,0,3,1,2,25,240.532,1
19,0,32,1,14755,217,37,26,3,1,1,30,746.88,0
7,0,15,2,4650,50,230,16,3,1,1,30,1108.0,0
0,1,28,0,3536,58,11,10,2,1,2,25,0.0,1
0,0,35,0,0,0,0,0,2,1,2,25,0.0,1
8,0,25,0,1035,31,10,10,2,1,1,25,92.97,0
0,0,39,0,641,100,0,1,3,1,2,25,0.0,1
6,0,27,1,1560,39,195,11,2,2,1,25,949.455,0
0,0,29,0,6943,111,362,35,2,1,1,25,1946.43,0
19,0,36,1,0,27,4,0,3,1,1,45,194.387,1
5,0,32,0,3390,74,15,22,2,1,1,25,223.38,0
10,0,44,0,698,18,22,10,3,1,2,30,116.64,1
0,1,3,0,0,27,15,0,2,1,2,30,91.188,1
4,1,25,0,0,29,30,13,2,1,1,45,0.0,1
1,0,37,0,5728,95,32,14,3,1,1,30,360.92,0
3,0,35,0,6413,69,101,35,2,1,1,25,746.19,0
0,0,29,0,712,38,0,34,4,1,1,30,167.138,1
4,0,35,0,11350,149,13,48,3,1,1,30,511.96,0
0,0,32,0,640,11,0,0,2,1,2,30,34.492,1
2,0,33,0,6420,84,176,22,3,1,1,30,964.16,0
0,0,29,1,0,66,0,0,2,1,2,30,213.158,1
1,0,32,0,4130,75,0,19,3,1,1,30,168.2,0
5,0,3,0,0,43,11,0,2,1,2,25,0.0,1
0,0,33,0,204,21,22,1,3,1,2,25,56.708,1
0,0,10,0,0,100,8,4,2,1,2,30,28.152,1
0,0,3,0,826,21,0,1,2,1,2,45,98.321,1
14,0,41,0,0,18,6,0,2,1,2,25,219.987,1
0,0,34,0,0,50,0,0,2,1,2,30,214.238,1
15,0,12,0,9237,171,72,41,4,1,1,45,415.2,0
0,0,34,0,3658,79,0,26,2,1,1,25,168.165,0
11,1,36,1,5573,95,24,24,2,1,1,25,363.06,1
31,0,31,0,0,30,1,0,3,1,2,45,106.502,1
0,0,29,0,1405,34,23,14,3,1,2,30,149.56,0
12,1,3,3,0,91,16,10,3,1,2,30,142.005,1
0,1,42,1,0,15,10,0,4,1,2,30,323.9,1
26,1,37,3,15545,230,55,30,3,1,1,30,851.0,0
8,0,40,3,703,13,16,6,5,1,1,55,34.74,0
0,1,11,0,2452,32,4,23,4,1,2,30,158.633,1
5,0,26,0,1070,13,23,3,4,1,2,45,84.575,0
3,1,37,0,0,63,7,4,3,1,1,45,31.791,1
0,1,37,0,2137,43,9,1,2,1,1,25,274.001,1
2,0,35,1,7803,131,398,56,2,1,1,25,2148.03,0
24,0,39,3,6833,115,41,26,3,1,1,30,441.92,0
9,0,37,1,11710,157,13,47,4,1,1,45,329.175,0
21,1,38,0,0,52,21,0,2,1,2,30,292.937,1
8,0,39,0,2583,58,7,31,1,1,1,15,183.755,0
1,1,28,0,0,100,36,0,2,1,1,30,60.344,1
0,1,36,0,1090,46,1,0,4,1,1,25,261.522,1
0,1,36,0,0,58,0,0,3,1,2,30,123.356,1
1,0,10,1,0,64,8,16,3,1,2,45,153.771,1
17,0,18,2,9353,183,112,46,5,1,1,55,311.04,0
23,0,32,0,453,44,21,12,3,1,1,30,192.665,1
4,0,31,0,255,100,0,3,3,1,1,25,0.0,1
2,0,42,0,875,20,8,12,2,1,2,25,76.275,0
3,0,10,2,2593,35,16,13,3,1,1,30,169.12,0
15,0,27,0,0,12,9,1,3,1,2,30,232.075,1
3,1,17,0,0,72,34,0,3,1,1,30,0.0,1
18,0,45,3,7283,91,130,45,2,1,1,25,916.83,0
17,1,42,0,2186,82,0,18,2,1,2,30,188.951,1
7,0,27,1,3530,67,15,25,3,1,1,30,203.88,0
10,0,36,3,3745,38,28,31,3,1,1,30,263.32,0
0,0,41,1,913,11,0,9,2,1,2,25,0.0,1
2,0,17,0,1580,20,0,10,2,1,1,25,72.0,0
8,0,33,1,6763,71,100,33,2,1,1,25,757.53,0
10,0,32,2,1953,47,47,74,5,1,1,55,100.5,0
3,1,34,0,981,61,6,0,3,1,2,45,188.894,1
0,1,37,4,0,12,8,12,3,1,1,30,0.0,1
0,0,35,0,0,0,0,0,2,1,2,25,0.0,0
8,0,40,0,13478,165,7,31,3,1,1,30,573.72,0
0,0,31,0,2790,15,468,5,3,1,1,30,1984.2,0
20,1,39,0,3283,61,49,33,4,1,2,45,206.1,1
31,1,39,4,15850,236,62,32,3,1,1,30,891.44,0
35,0,46,5,15705,241,76,40,3,1,1,30,941.84,0
11,0,40,0,2990,47,17,17,3,1,2,30,189.48,1
4,0,38,0,4503,17,3,1,3,1,1,25,158.899,1
0,1,38,0,4728,12,0,4,4,1,1,30,1.27,1
5,0,36,1,6213,99,21,25,2,1,1,25,378.54,0
25,0,44,0,2562,67,3,14,2,1,1,45,22.631,1
10,0,43,1,4370,77,13,18,3,1,1,30,229.88,0
1,1,41,0,2333,2,7,0,2,1,2,25,210.916,1
7,0,26,2,1440,34,189,8,3,2,1,30,814.96,0
30,0,44,4,15400,235,69,38,3,1,1,30,901.4,0
8,0,20,0,0,0,0,45,3,1,2,30,114.807,1
13,0,39,2,7023,81,115,39,2,1,1,25,837.18,0
16,1,42,0,3122,52,0,0,4,1,1,25,146.529,1
4,0,38,0,2360,39,285,18,3,1,1,30,1235.96,0
16,1,43,0,0,12,28,17,3,1,2,25,191.245,1
2,0,41,0,865,87,0,5,2,1,2,30,81.398,1
5,0,35,0,1479,10,0,23,3,1,2,45,34.412,1
7,0,44,0,970,24,28,14,3,1,2,30,151.76,0
3,1,33,2,860,26,0,5,3,1,2,25,153.163,1
10,0,33,3,1700,44,210,17,3,2,1,30,909.76,0
5,0,38,0,305,6,7,2,2,1,2,25,45.495,1
16,0,44,2,4583,74,18,41,1,1,1,15,355.135,0
4,1,36,0,2622,39,41,1,3,1,2,25,106.18,1
19,0,36,8,10190,90,0,42,4,1,1,45,257.0,0
7,0,33,0,0,75,1,0,4,1,2,25,436.246,1
3,0,28,0,940,15,19,2,4,1,2,45,71.375,0
3,0,37,0,1528,43,0,17,3,1,2,30,62.84,0
0,0,28,0,569,36,0,16,3,1,2,25,388.071,1
10,1,31,0,0,100,6,8,2,1,1,25,74.86,1
2,0,35,2,0,29,12,31,3,1,2,30,108.108,1
33,0,42,5,15505,234,66,36,3,2,1,30,893.56,0
0,0,37,0,0,31,71,1,2,1,1,30,349.233,1
0,1,44,2,296,14,0,2,2,1,2,25,152.701,1
3,0,36,0,5803,90,9,13,2,1,1,25,305.685,0
5,0,22,1,1613,35,22,64,4,1,1,45,96.2,0
3,1,40,2,765,19,0,15,3,1,2,30,197.682,1
7,1,36,2,1366,41,4,6,2,1,2,45,23.682,1
0,1,35,0,0,71,3,11,2,1,1,30,0.0,1
20,0,7,0,0,52,0,0,2,1,2,25,87.138,1
9,1,34,0,0,100,5,6,4,1,2,30,93.257,1
22,0,38,7,10140,89,7,29,5,1,1,55,163.935,0
6,0,38,0,1585,25,8,11,2,1,2,25,108.45,0
5,1,24,0,0,3,32,21,4,1,1,30,0.0,1
9,0,35,0,429,63,0,0,2,1,2,30,45.099,1
19,0,30,2,15365,227,0,80,2,1,1,25,701.64,0
5,0,36,0,4255,66,7,18,2,1,1,25,225.945,0
4,0,8,1,1892,24,1,5,3,1,1,30,80.64,1
0,0,27,0,2034,21,3,0,3,1,2,30,86.09,1
22,0,29,2,15960,233,2,81,2,1,1,25,737.685,0
19,0,41,2,5385,88,37,19,3,1,1,30,366.92,0
1,1,44,0,2044,83,0,14,2,1,1,30,203.19,1
30,0,34,5,16495,250,39,86,2,2,1,25,929.025,0
0,0,31,0,6480,91,7,20,4,1,1,45,181.775,0
10,0,13,3,4755,49,227,14,3,1,1,30,1100.16,0
13,0,23,0,0,60,13,4,2,1,2,30,188.351,1
7,1,34,0,1656,35,0,0,3,1,1,25,224.058,1
0,0,33,2,0,54,1,24,2,2,1,30,0.0,1
8,0,34,0,5513,92,19,22,2,1,1,25,337.725,1
4,0,40,0,55,100,0,1,4,1,2,25,145.166,1
9,0,40,2,3400,33,490,10,3,1,1,30,2097.32,0
5,0,34,0,305,6,7,2,4,1,2,45,25.275,1
0,0,36,0,0,0,25,0,2,1,2,25,112.5,1
1,0,41,0,2119,46,7,0,3,1,2,30,10.031,1
11,1,32,0,0,100,3,0,3,1,2,25,345.947,1
13,0,43,3,11850,162,28,53,4,1,1,45,370.3,0
0,0,19,0,0,0,0,0,2,1,2,25,0.0,0
6,0,39,0,439,71,2,0,3,1,2,25,16.095,1
20,1,39,0,861,49,0,11,3,2,1,30,47.537,1
5,0,37,1,6745,89,188,26,3,1,1,30,1025.36,0
7,0,35,1,6725,90,183,24,3,1,1,30,1004.6,0
19,1,10,0,0,60,7,24,3,1,1,45,0.0,1
0,0,25,0,3035,60,0,20,3,1,1,30,123.8,0
0,0,39,0,0,0,0,0,2,1,2,25,0.0,1
2,1,27,1,1070,33,191,11,2,2,1,25,909.135,0
14,0,35,1,14125,208,22,30,2,1,1,25,743.985,0
18,0,42,2,6078,108,41,30,2,1,1,25,462.87,0
6,1,31,0,1017,64,0,0,2,1,1,30,0.0,1
14,1,17,1,6148,138,83,42,1,2,1,15,802.23,0
0,0,25,0,461,44,9,3,2,1,2,25,159.697,1
9,0,38,1,4705,84,11,28,3,1,1,30,235.56,0
0,0,31,0,0,0,0,0,2,1,2,25,0.0,0
7,0,43,1,4735,30,0,17,4,1,1,25,94.194,1
0,0,7,0,1182,13,0,5,2,1,1,25,53.775,1
0,0,34,0,3413,76,0,26,2,1,1,25,157.005,0
14,1,39,0,2688,56,73,37,4,1,2,45,251.1,1
10,0,45,0,565,16,22,8,3,1,2,30,111.24,1
6,0,36,0,3470,76,25,26,2,1,1,25,272.07,0
0,0,21,0,1395,75,0,6,4,1,1,25,157.875,1
0,1,34,0,0,0,0,0,2,1,2,25,0.0,1
21,0,40,0,843,45,1,3,3,2,2,30,186.023,1
0,1,36,0,902,0,0,24,2,1,2,30,0.0,1
8,0,43,2,6760,96,201,32,3,1,1,30,1078.24,0
5,0,34,2,1865,89,12,0,2,1,2,25,195.29,1
5,0,39,0,5513,90,0,14,3,1,1,30,224.12,0
0,0,38,3,0,62,2,15,3,1,2,30,101.233,1
1,0,42,0,156,32,0,0,2,1,2,30,217.22,1
17,0,32,0,0,0,58,35,3,1,1,45,117.642,1
0,0,38,0,2495,17,462,7,3,1,1,30,1948.48,0
0,0,30,0,5770,80,0,20,4,1,1,45,146.25,0
4,0,34,0,1963,38,27,29,3,1,2,30,188.04,1
30,0,41,5,15560,237,93,38,3,1,1,30,1003.88,0
0,0,39,0,0,0,3,0,2,1,2,25,13.5,1
13,0,27,1,1285,35,24,15,2,1,1,25,167.4,0
15,0,5,0,444,45,0,16,2,1,2,45,185.834,1
14,1,39,0,2428,54,7,15,3,1,2,30,127.28,0
2,0,8,0,4275,34,183,6,3,1,1,30,904.36,0
4,0,38,0,3770,61,0,2,2,1,1,25,172.395,0
0,0,37,0,1174,47,2,5,2,1,2,25,397.265,1
6,0,39,0,2113,56,12,20,3,1,2,30,134.76,0
3,0,34,0,3410,73,20,24,2,1,1,25,246.735,0
0,0,15,0,1515,18,17,9,2,1,1,25,145.485,0
6,0,40,0,2735,57,183,27,2,1,1,25,949.14,0
6,0,24,0,280,13,0,1,2,1,2,25,13.185,0
3,0,40,0,1656,57,0,0,2,1,2,30,425.932,1
34,0,44,0,0,0,8,1,3,1,1,45,419.712,1
0,0,36,0,859,34,15,0,3,1,2,25,55.52,1
7,0,42,0,13728,173,8,48,3,1,1,30,588.04,0
11,0,40,0,3903,62,7,22,1,1,1,15,256.575,0
0,0,21,0,0,57,5,0,4,1,2,30,461.255,1
0,0,33,0,795,12,0,7,2,1,2,25,36.315,0
0,0,33,0,1765,36,143,21,2,1,1,25,724.545,0
8,1,41,0,0,0,3,9,2,1,2,30,231.546,1
8,0,33,0,3285,45,23,29,2,1,2,25,253.35,1
7,0,12,0,0,23,0,0,2,1,2,25,274.767,1
2,0,29,0,3180,65,16,27,3,1,1,30,193.8,0
10,0,37,0,0,10,5,0,2,1,2,30,206.081,1
0,0,45,0,1743,26,0,0,2,1,2,25,0.0,1
5,0,41,0,623,11,14,6,3,1,2,30,81.36,0
12,0,39,3,8413,143,412,60,3,1,1,30,1990.24,0
5,0,6,0,1236,49,5,3,4,1,2,25,11.672,1
3,0,41,1,378,8,12,6,3,1,1,30,63.44,0
1,0,31,0,0,56,12,5,3,1,2,25,181.25,1
0,0,37,0,875,14,0,11,2,1,2,25,40.005,0
21,1,33,0,710,44,14,17,2,1,1,25,96.93,1
0,0,35,0,2760,65,0,26,2,1,1,25,127.125,0
6,0,30,0,8810,109,129,40,3,1,1,30,872.76,0
0,1,35,0,295,4,14,13,2,1,2,25,76.455,1
14,1,37,0,3295,47,16,18,3,1,2,30,197.68,1
8,0,38,0,2085,56,77,26,4,1,2,45,246.025,0
0,0,31,0,6240,76,171,20,3,1,1,30,936.64,0
11,0,39,0,6108,95,7,10,2,1,1,25,310.635,0
14,0,39,1,15790,188,157,32,2,1,1,25,1425.51,0
0,0,21,0,825,4,13,2,4,1,2,45,53.225,0
5,0,42,0,888,17,24,10,4,1,2,45,82.625,1
6,1,33,0,2249,11,6,5,3,1,1,45,54.967,1
4,0,14,2,4390,46,223,11,3,1,1,30,1069.44,0
8,0,31,0,490,69,16,0,3,1,1,25,29.236,1
1,0,37,0,0,8,0,7,3,1,1,55,0.0,1
7,0,42,2,1853,38,2,20,2,1,1,30,0.0,1
0,0,34,0,1363,19,0,4,3,1,1,30,55.28,0
0,0,30,0,6365,85,0,16,4,1,1,45,161.25,0
15,0,21,4,3338,59,49,26,3,1,1,30,331.88,0
11,1,33,0,0,19,0,0,2,1,2,25,95.579,1
5,0,26,2,448,100,0,3,2,1,2,25,263.116,1
19,1,44,0,2833,60,56,39,4,1,2,45,212.325,1
8,0,44,1,2653,68,17,39,2,1,1,25,198.945,0
11,0,44,2,2233,41,22,14,4,1,1,45,111.85,0
0,0,29,0,1280,36,21,14,3,1,2,30,136.64,0
7,1,41,0,618,16,18,9,3,1,2,30,97.36,1
7,0,21,2,2115,38,67,20,3,1,1,30,354.12,0
7,0,35,0,2745,38,7,16,3,1,1,30,139.32,1
4,0,38,0,11340,156,15,50,3,1,1,30,519.84,0
8,0,36,0,6603,69,76,33,2,1,1,25,642.24,0
0,1,30,0,0,59,1,0,4,1,2,30,59.599,1
0,0,44,0,0,3,0,3,4,2,2,45,0.0,1
1,1,29,0,0,20,0,16,4,1,1,30,70.904,1
1,1,42,0,0,46,4,28,3,1,2,30,222.859,1
0,0,36,0,3610,67,0,8,3,1,1,30,147.08,0
14,1,42,0,2528,54,49,37,4,1,2,45,187.05,1
0,0,37,0,0,0,0,0,2,1,2,25,0.0,1
6,0,38,0,5918,95,7,12,3,1,1,30,268.52,0
5,0,34,1,3085,25,7,14,3,1,1,30,152.4,0
26,0,35,4,16155,240,10,84,2,1,1,25,782.775,0
0,1,43,0,1791,66,0,13,3,1,2,45,0.0,1
4,0,36,0,401,68,5,0,4,1,2,30,134.449,1
7,0,41,0,0,61,4,0,3,1,2,30,194.413,1
8,1,35,0,0,47,55,0,3,1,2,45,0.0,1
25,0,37,2,15025,219,22,28,3,1,1,30,697.76,0
16,0,22,0,0,11,0,0,3,1,1,45,490.217,1
11,1,39,0,883,59,19,33,3,1,1,25,0.0,1
4,0,34,3,6720,113,269,33,2,2,1,25,1517.985,0
